<?xml version="1.0" encoding="UTF-8"?>
<kml xmlns="http://www.opengis.net/kml/2.2">
  <Document>
    <name>DFCCIL PKY-SNL</name>
    <description/>
    <Style id="icon-1899-A52714-labelson">
      <IconStyle>
        <color>ff1427a5</color>
        <scale>1</scale>
        <Icon>
          <href>https://www.gstatic.com/mapspro/images/stock/503-wht-blank_maps.png</href>
        </Icon>
        <hotSpot x="32" xunits="pixels" y="64" yunits="insetPixels"/>
      </IconStyle>
    </Style>
    <Folder>
      <name>KM </name>
      <Placemark>
        <name>1076</name>
        <description><![CDATA[Latitude: 29° 59' 32.64379172448"N<br>Longitude: 77° 28' 55.5934499166"E]]></description>
        <styleUrl>#icon-1899-A52714-labelson</styleUrl>
        <ExtendedData>
          <Data name="Latitude">
            <value><![CDATA[29° 59' 32.64379172448"N]]></value>
          </Data>
          <Data name="Longitude">
            <value><![CDATA[77° 28' 55.5934499166"E]]></value>
          </Data>
        </ExtendedData>
        <Point>
          <coordinates>
            77.4821092916435,29.9924010532568,0
          </coordinates>
        </Point>
      </Placemark>
      <Placemark>
        <name>1077</name>
        <description><![CDATA[Latitude: 29° 59' 49.3975779828"N<br>Longitude: 77° 28' 23.65179558564"E]]></description>
        <styleUrl>#icon-1899-A52714-labelson</styleUrl>
        <ExtendedData>
          <Data name="Latitude">
            <value><![CDATA[29° 59' 49.3975779828"N]]></value>
          </Data>
          <Data name="Longitude">
            <value><![CDATA[77° 28' 23.65179558564"E]]></value>
          </Data>
        </ExtendedData>
        <Point>
          <coordinates>
            77.4732366098849,29.997054882773,0
          </coordinates>
        </Point>
      </Placemark>
      <Placemark>
        <name>1078</name>
        <description><![CDATA[Latitude: 30° 0' 6.79164630768"N<br>Longitude: 77° 27' 52.15900503168"E]]></description>
        <styleUrl>#icon-1899-A52714-labelson</styleUrl>
        <ExtendedData>
          <Data name="Latitude">
            <value><![CDATA[30° 0' 6.79164630768"N]]></value>
          </Data>
          <Data name="Longitude">
            <value><![CDATA[77° 27' 52.15900503168"E]]></value>
          </Data>
        </ExtendedData>
        <Point>
          <coordinates>
            77.4644886125088,30.0018865684188,0
          </coordinates>
        </Point>
      </Placemark>
      <Placemark>
        <name>1079</name>
        <description><![CDATA[Latitude: 30° 0' 23.933862405"N<br>Longitude: 77° 27' 20.48095862208"E]]></description>
        <styleUrl>#icon-1899-A52714-labelson</styleUrl>
        <ExtendedData>
          <Data name="Latitude">
            <value><![CDATA[30° 0' 23.933862405"N]]></value>
          </Data>
          <Data name="Longitude">
            <value><![CDATA[77° 27' 20.48095862208"E]]></value>
          </Data>
        </ExtendedData>
        <Point>
          <coordinates>
            77.4556891551728,30.0066482951125,0
          </coordinates>
        </Point>
      </Placemark>
      <Placemark>
        <name>1080</name>
        <description><![CDATA[Latitude: 30° 0' 41.06949556176"N<br>Longitude: 77° 26' 48.79647111408"E]]></description>
        <styleUrl>#icon-1899-A52714-labelson</styleUrl>
        <ExtendedData>
          <Data name="Latitude">
            <value><![CDATA[30° 0' 41.06949556176"N]]></value>
          </Data>
          <Data name="Longitude">
            <value><![CDATA[77° 26' 48.79647111408"E]]></value>
          </Data>
        </ExtendedData>
        <Point>
          <coordinates>
            77.4468879086428,30.0114081932116,0
          </coordinates>
        </Point>
      </Placemark>
      <Placemark>
        <name>1081</name>
        <description><![CDATA[Latitude: 30° 0' 58.20316193556"N<br>Longitude: 77° 26' 17.10885389424"E]]></description>
        <styleUrl>#icon-1899-A52714-labelson</styleUrl>
        <ExtendedData>
          <Data name="Latitude">
            <value><![CDATA[30° 0' 58.20316193556"N]]></value>
          </Data>
          <Data name="Longitude">
            <value><![CDATA[77° 26' 17.10885389424"E]]></value>
          </Data>
        </ExtendedData>
        <Point>
          <coordinates>
            77.4380857927484,30.0161675449821,0
          </coordinates>
        </Point>
      </Placemark>
      <Placemark>
        <name>1082</name>
        <description><![CDATA[Latitude: 30° 1' 15.45837590604"N<br>Longitude: 77° 25' 45.50839254336"E]]></description>
        <styleUrl>#icon-1899-A52714-labelson</styleUrl>
        <ExtendedData>
          <Data name="Latitude">
            <value><![CDATA[30° 1' 15.45837590604"N]]></value>
          </Data>
          <Data name="Longitude">
            <value><![CDATA[77° 25' 45.50839254336"E]]></value>
          </Data>
        </ExtendedData>
        <Point>
          <coordinates>
            77.4293078868176,30.0209606599739,0
          </coordinates>
        </Point>
      </Placemark>
      <Placemark>
        <name>1083</name>
        <description><![CDATA[Latitude: 30° 1' 32.50071241176"N<br>Longitude: 77° 25' 13.76344897788"E]]></description>
        <styleUrl>#icon-1899-A52714-labelson</styleUrl>
        <ExtendedData>
          <Data name="Latitude">
            <value><![CDATA[30° 1' 32.50071241176"N]]></value>
          </Data>
          <Data name="Longitude">
            <value><![CDATA[77° 25' 13.76344897788"E]]></value>
          </Data>
        </ExtendedData>
        <Point>
          <coordinates>
            77.4204898469383,30.0256946423366,0
          </coordinates>
        </Point>
      </Placemark>
      <Placemark>
        <name>1084</name>
        <description><![CDATA[Latitude: 30° 1' 49.77138598284"N<br>Longitude: 77° 24' 42.17192605944"E]]></description>
        <styleUrl>#icon-1899-A52714-labelson</styleUrl>
        <ExtendedData>
          <Data name="Latitude">
            <value><![CDATA[30° 1' 49.77138598284"N]]></value>
          </Data>
          <Data name="Longitude">
            <value><![CDATA[77° 24' 42.17192605944"E]]></value>
          </Data>
        </ExtendedData>
        <Point>
          <coordinates>
            77.4117144239054,30.0304920516619,0
          </coordinates>
        </Point>
      </Placemark>
      <Placemark>
        <name>1085</name>
        <description><![CDATA[Latitude: 30° 2' 6.89432342604"N<br>Longitude: 77° 24' 10.47223401516"E]]></description>
        <styleUrl>#icon-1899-A52714-labelson</styleUrl>
        <ExtendedData>
          <Data name="Latitude">
            <value><![CDATA[30° 2' 6.89432342604"N]]></value>
          </Data>
          <Data name="Longitude">
            <value><![CDATA[77° 24' 10.47223401516"E]]></value>
          </Data>
        </ExtendedData>
        <Point>
          <coordinates>
            77.4029089538931,30.0352484231739,0
          </coordinates>
        </Point>
      </Placemark>
      <Placemark>
        <name>1086</name>
        <description><![CDATA[Latitude: 30° 2' 23.9155464138"N<br>Longitude: 77° 23' 38.6968535214"E]]></description>
        <styleUrl>#icon-1899-A52714-labelson</styleUrl>
        <ExtendedData>
          <Data name="Latitude">
            <value><![CDATA[30° 2' 23.9155464138"N]]></value>
          </Data>
          <Data name="Longitude">
            <value><![CDATA[77° 23' 38.6968535214"E]]></value>
          </Data>
        </ExtendedData>
        <Point>
          <coordinates>
            77.3940824593115,30.0399765406705,0
          </coordinates>
        </Point>
      </Placemark>
      <Placemark>
        <name>1087</name>
        <description><![CDATA[Latitude: 30° 2' 41.1237357846"N<br>Longitude: 77° 23' 7.0529754858"E]]></description>
        <styleUrl>#icon-1899-A52714-labelson</styleUrl>
        <ExtendedData>
          <Data name="Latitude">
            <value><![CDATA[30° 2' 41.1237357846"N]]></value>
          </Data>
          <Data name="Longitude">
            <value><![CDATA[77° 23' 7.0529754858"E]]></value>
          </Data>
        </ExtendedData>
        <Point>
          <coordinates>
            77.3852924931905,30.0447565932735,0
          </coordinates>
        </Point>
      </Placemark>
      <Placemark>
        <name>1088</name>
        <description><![CDATA[Latitude: 30° 2' 58.2358729326"N<br>Longitude: 77° 22' 35.33793449412"E]]></description>
        <styleUrl>#icon-1899-A52714-labelson</styleUrl>
        <ExtendedData>
          <Data name="Latitude">
            <value><![CDATA[30° 2' 58.2358729326"N]]></value>
          </Data>
          <Data name="Longitude">
            <value><![CDATA[77° 22' 35.33793449412"E]]></value>
          </Data>
        </ExtendedData>
        <Point>
          <coordinates>
            77.3764827595817,30.0495099647035,0
          </coordinates>
        </Point>
      </Placemark>
      <Placemark>
        <name>1089</name>
        <description><![CDATA[Latitude: 30° 3' 15.69963265128"N<br>Longitude: 77° 22' 3.88931310012"E]]></description>
        <styleUrl>#icon-1899-A52714-labelson</styleUrl>
        <ExtendedData>
          <Data name="Latitude">
            <value><![CDATA[30° 3' 15.69963265128"N]]></value>
          </Data>
          <Data name="Longitude">
            <value><![CDATA[77° 22' 3.88931310012"E]]></value>
          </Data>
        </ExtendedData>
        <Point>
          <coordinates>
            77.3677470314167,30.0543610090698,0
          </coordinates>
        </Point>
      </Placemark>
      <Placemark>
        <name>1090</name>
        <description><![CDATA[Latitude: 30° 3' 39.06989870724"N<br>Longitude: 77° 21' 38.21352381936"E]]></description>
        <styleUrl>#icon-1899-A52714-labelson</styleUrl>
        <ExtendedData>
          <Data name="Latitude">
            <value><![CDATA[30° 3' 39.06989870724"N]]></value>
          </Data>
          <Data name="Longitude">
            <value><![CDATA[77° 21' 38.21352381936"E]]></value>
          </Data>
        </ExtendedData>
        <Point>
          <coordinates>
            77.3606148677276,30.0608527496409,0
          </coordinates>
        </Point>
      </Placemark>
      <Placemark>
        <name>1091</name>
        <description><![CDATA[Latitude: 30° 4' 5.536532802"N<br>Longitude: 77° 21' 16.70850319932"E]]></description>
        <styleUrl>#icon-1899-A52714-labelson</styleUrl>
        <ExtendedData>
          <Data name="Latitude">
            <value><![CDATA[30° 4' 5.536532802"N]]></value>
          </Data>
          <Data name="Longitude">
            <value><![CDATA[77° 21' 16.70850319932"E]]></value>
          </Data>
        </ExtendedData>
        <Point>
          <coordinates>
            77.3546412508887,30.068204592445,0
          </coordinates>
        </Point>
      </Placemark>
      <Placemark>
        <name>1092</name>
        <description><![CDATA[Latitude: 30° 4' 29.77431992256"N<br>Longitude: 77° 20' 51.9419599296"E]]></description>
        <styleUrl>#icon-1899-A52714-labelson</styleUrl>
        <ExtendedData>
          <Data name="Latitude">
            <value><![CDATA[30° 4' 29.77431992256"N]]></value>
          </Data>
          <Data name="Longitude">
            <value><![CDATA[77° 20' 51.9419599296"E]]></value>
          </Data>
        </ExtendedData>
        <Point>
          <coordinates>
            77.347761655536,30.0749373110896,0
          </coordinates>
        </Point>
      </Placemark>
      <Placemark>
        <name>1093</name>
        <description><![CDATA[Latitude: 30° 4' 54.0109126884"N<br>Longitude: 77° 20' 27.1701473856"E]]></description>
        <styleUrl>#icon-1899-A52714-labelson</styleUrl>
        <ExtendedData>
          <Data name="Latitude">
            <value><![CDATA[30° 4' 54.0109126884"N]]></value>
          </Data>
          <Data name="Longitude">
            <value><![CDATA[77° 20' 27.1701473856"E]]></value>
          </Data>
        </ExtendedData>
        <Point>
          <coordinates>
            77.340880596496,30.081669697969,0
          </coordinates>
        </Point>
      </Placemark>
      <Placemark>
        <name>1094</name>
        <description><![CDATA[Latitude: 30° 5' 19.2116340132"N<br>Longitude: 77° 20' 3.63009920784"E]]></description>
        <styleUrl>#icon-1899-A52714-labelson</styleUrl>
        <ExtendedData>
          <Data name="Latitude">
            <value><![CDATA[30° 5' 19.2116340132"N]]></value>
          </Data>
          <Data name="Longitude">
            <value><![CDATA[77° 20' 3.63009920784"E]]></value>
          </Data>
        </ExtendedData>
        <Point>
          <coordinates>
            77.3343416942244,30.088669898337,0
          </coordinates>
        </Point>
      </Placemark>
      <Placemark>
        <name>1095</name>
        <description><![CDATA[Latitude: 30° 5' 43.27640815344"N<br>Longitude: 77° 19' 38.66911693752"E]]></description>
        <styleUrl>#icon-1899-A52714-labelson</styleUrl>
        <ExtendedData>
          <Data name="Latitude">
            <value><![CDATA[30° 5' 43.27640815344"N]]></value>
          </Data>
          <Data name="Longitude">
            <value><![CDATA[77° 19' 38.66911693752"E]]></value>
          </Data>
        </ExtendedData>
        <Point>
          <coordinates>
            77.3274080880382,30.0953545578204,0
          </coordinates>
        </Point>
      </Placemark>
      <Placemark>
        <name>1096</name>
        <description><![CDATA[Latitude: 30° 6' 1.21805724672"N<br>Longitude: 77° 19' 7.59918230328"E]]></description>
        <styleUrl>#icon-1899-A52714-labelson</styleUrl>
        <ExtendedData>
          <Data name="Latitude">
            <value><![CDATA[30° 6' 1.21805724672"N]]></value>
          </Data>
          <Data name="Longitude">
            <value><![CDATA[77° 19' 7.59918230328"E]]></value>
          </Data>
        </ExtendedData>
        <Point>
          <coordinates>
            77.3187775506398,30.1003383492352,0
          </coordinates>
        </Point>
      </Placemark>
      <Placemark>
        <name>1097</name>
        <description><![CDATA[Latitude: 30° 6' 18.24491065752"N<br>Longitude: 77° 18' 35.80429093776"E]]></description>
        <styleUrl>#icon-1899-A52714-labelson</styleUrl>
        <ExtendedData>
          <Data name="Latitude">
            <value><![CDATA[30° 6' 18.24491065752"N]]></value>
          </Data>
          <Data name="Longitude">
            <value><![CDATA[77° 18' 35.80429093776"E]]></value>
          </Data>
        </ExtendedData>
        <Point>
          <coordinates>
            77.3099456363716,30.1050680307382,0
          </coordinates>
        </Point>
      </Placemark>
      <Placemark>
        <name>1098</name>
        <description><![CDATA[Latitude: 30° 6' 35.26976854836"N<br>Longitude: 77° 18' 4.00627154556"E]]></description>
        <styleUrl>#icon-1899-A52714-labelson</styleUrl>
        <ExtendedData>
          <Data name="Latitude">
            <value><![CDATA[30° 6' 35.26976854836"N]]></value>
          </Data>
          <Data name="Longitude">
            <value><![CDATA[77° 18' 4.00627154556"E]]></value>
          </Data>
        </ExtendedData>
        <Point>
          <coordinates>
            77.3011128532071,30.1097971579301,0
          </coordinates>
        </Point>
      </Placemark>
      <Placemark>
        <name>1099</name>
        <description><![CDATA[Latitude: 30° 6' 50.34898064124"N<br>Longitude: 77° 17' 31.00365416508"E]]></description>
        <styleUrl>#icon-1899-A52714-labelson</styleUrl>
        <ExtendedData>
          <Data name="Latitude">
            <value><![CDATA[30° 6' 50.34898064124"N]]></value>
          </Data>
          <Data name="Longitude">
            <value><![CDATA[77° 17' 31.00365416508"E]]></value>
          </Data>
        </ExtendedData>
        <Point>
          <coordinates>
            77.2919454594903,30.1139858279559,0
          </coordinates>
        </Point>
      </Placemark>
      <Placemark>
        <name>1100</name>
        <description><![CDATA[Latitude: 30° 7' 8.3027457066"N<br>Longitude: 77° 16' 59.99635755516"E]]></description>
        <styleUrl>#icon-1899-A52714-labelson</styleUrl>
        <ExtendedData>
          <Data name="Latitude">
            <value><![CDATA[30° 7' 8.3027457066"N]]></value>
          </Data>
          <Data name="Longitude">
            <value><![CDATA[77° 16' 59.99635755516"E]]></value>
          </Data>
        </ExtendedData>
        <Point>
          <coordinates>
            77.2833323215431,30.1189729849185,0
          </coordinates>
        </Point>
      </Placemark>
      <Placemark>
        <name>1101</name>
        <description><![CDATA[Latitude: 30° 7' 23.4358973454"N<br>Longitude: 77° 16' 27.1771158954"E]]></description>
        <styleUrl>#icon-1899-A52714-labelson</styleUrl>
        <ExtendedData>
          <Data name="Latitude">
            <value><![CDATA[30° 7' 23.4358973454"N]]></value>
          </Data>
          <Data name="Longitude">
            <value><![CDATA[77° 16' 27.1771158954"E]]></value>
          </Data>
        </ExtendedData>
        <Point>
          <coordinates>
            77.2742158655265,30.1231766381515,0
          </coordinates>
        </Point>
      </Placemark>
      <Placemark>
        <name>1102</name>
        <description><![CDATA[Latitude: 30° 7' 36.65284519116"N<br>Longitude: 77° 15' 53.0624587122"E]]></description>
        <styleUrl>#icon-1899-A52714-labelson</styleUrl>
        <ExtendedData>
          <Data name="Latitude">
            <value><![CDATA[30° 7' 36.65284519116"N]]></value>
          </Data>
          <Data name="Longitude">
            <value><![CDATA[77° 15' 53.0624587122"E]]></value>
          </Data>
        </ExtendedData>
        <Point>
          <coordinates>
            77.2647395718645,30.1268480125531,0
          </coordinates>
        </Point>
      </Placemark>
      <Placemark>
        <name>1103</name>
        <description><![CDATA[Latitude: 30° 7' 49.6641310536"N<br>Longitude: 77° 15' 18.84034503576"E]]></description>
        <styleUrl>#icon-1899-A52714-labelson</styleUrl>
        <ExtendedData>
          <Data name="Latitude">
            <value><![CDATA[30° 7' 49.6641310536"N]]></value>
          </Data>
          <Data name="Longitude">
            <value><![CDATA[77° 15' 18.84034503576"E]]></value>
          </Data>
        </ExtendedData>
        <Point>
          <coordinates>
            77.2552334291766,30.130462258626,0
          </coordinates>
        </Point>
      </Placemark>
      <Placemark>
        <name>1104</name>
        <description><![CDATA[Latitude: 30° 8' 2.55339957516"N<br>Longitude: 77° 14' 44.55878538156"E]]></description>
        <styleUrl>#icon-1899-A52714-labelson</styleUrl>
        <ExtendedData>
          <Data name="Latitude">
            <value><![CDATA[30° 8' 2.55339957516"N]]></value>
          </Data>
          <Data name="Longitude">
            <value><![CDATA[77° 14' 44.55878538156"E]]></value>
          </Data>
        </ExtendedData>
        <Point>
          <coordinates>
            77.2457107737171,30.1340426109931,0
          </coordinates>
        </Point>
      </Placemark>
      <Placemark>
        <name>1105</name>
        <description><![CDATA[Latitude: 30° 8' 15.42758835516"N<br>Longitude: 77° 14' 10.26541780872"E]]></description>
        <styleUrl>#icon-1899-A52714-labelson</styleUrl>
        <ExtendedData>
          <Data name="Latitude">
            <value><![CDATA[30° 8' 15.42758835516"N]]></value>
          </Data>
          <Data name="Longitude">
            <value><![CDATA[77° 14' 10.26541780872"E]]></value>
          </Data>
        </ExtendedData>
        <Point>
          <coordinates>
            77.2361848382802,30.1376187745431,0
          </coordinates>
        </Point>
      </Placemark>
      <Placemark>
        <name>1106</name>
        <description><![CDATA[Latitude: 30° 8' 28.42355876604"N<br>Longitude: 77° 13' 36.03129389292"E]]></description>
        <styleUrl>#icon-1899-A52714-labelson</styleUrl>
        <ExtendedData>
          <Data name="Latitude">
            <value><![CDATA[30° 8' 28.42355876604"N]]></value>
          </Data>
          <Data name="Longitude">
            <value><![CDATA[77° 13' 36.03129389292"E]]></value>
          </Data>
        </ExtendedData>
        <Point>
          <coordinates>
            77.2266753594147,30.1412287663239,0
          </coordinates>
        </Point>
      </Placemark>
      <Placemark>
        <name>1107</name>
        <description><![CDATA[Latitude: 30° 8' 41.4171689946"N<br>Longitude: 77° 13' 1.79454442836"E]]></description>
        <styleUrl>#icon-1899-A52714-labelson</styleUrl>
        <ExtendedData>
          <Data name="Latitude">
            <value><![CDATA[30° 8' 41.4171689946"N]]></value>
          </Data>
          <Data name="Longitude">
            <value><![CDATA[77° 13' 1.79454442836"E]]></value>
          </Data>
        </ExtendedData>
        <Point>
          <coordinates>
            77.2171651512301,30.1448381024985,0
          </coordinates>
        </Point>
      </Placemark>
      <Placemark>
        <name>1108</name>
        <description><![CDATA[Latitude: 30° 8' 54.39081828912"N<br>Longitude: 77° 12' 27.54635135292"E]]></description>
        <styleUrl>#icon-1899-A52714-labelson</styleUrl>
        <ExtendedData>
          <Data name="Latitude">
            <value><![CDATA[30° 8' 54.39081828912"N]]></value>
          </Data>
          <Data name="Longitude">
            <value><![CDATA[77° 12' 27.54635135292"E]]></value>
          </Data>
        </ExtendedData>
        <Point>
          <coordinates>
            77.2076517642647,30.1484418939692,0
          </coordinates>
        </Point>
      </Placemark>
      <Placemark>
        <name>1109</name>
        <description><![CDATA[Latitude: 30° 9' 7.4299883742"N<br>Longitude: 77° 11' 53.3298338628"E]]></description>
        <styleUrl>#icon-1899-A52714-labelson</styleUrl>
        <ExtendedData>
          <Data name="Latitude">
            <value><![CDATA[30° 9' 7.4299883742"N]]></value>
          </Data>
          <Data name="Longitude">
            <value><![CDATA[77° 11' 53.3298338628"E]]></value>
          </Data>
        </ExtendedData>
        <Point>
          <coordinates>
            77.198147176073,30.1520638856595,0
          </coordinates>
        </Point>
      </Placemark>
      <Placemark>
        <name>1110</name>
        <description><![CDATA[Latitude: 30° 9' 20.45301179292"N<br>Longitude: 77° 11' 19.10374701828"E]]></description>
        <styleUrl>#icon-1899-A52714-labelson</styleUrl>
        <ExtendedData>
          <Data name="Latitude">
            <value><![CDATA[30° 9' 20.45301179292"N]]></value>
          </Data>
          <Data name="Longitude">
            <value><![CDATA[77° 11' 19.10374701828"E]]></value>
          </Data>
        </ExtendedData>
        <Point>
          <coordinates>
            77.1886399297273,30.1556813921647,0
          </coordinates>
        </Point>
      </Placemark>
      <Placemark>
        <name>1111</name>
        <description><![CDATA[Latitude: 30° 9' 33.46439702796"N<br>Longitude: 77° 10' 44.87022659892"E]]></description>
        <styleUrl>#icon-1899-A52714-labelson</styleUrl>
        <ExtendedData>
          <Data name="Latitude">
            <value><![CDATA[30° 9' 33.46439702796"N]]></value>
          </Data>
          <Data name="Longitude">
            <value><![CDATA[77° 10' 44.87022659892"E]]></value>
          </Data>
        </ExtendedData>
        <Point>
          <coordinates>
            77.1791306184997,30.1592956658411,0
          </coordinates>
        </Point>
      </Placemark>
      <Placemark>
        <name>1112</name>
        <description><![CDATA[Latitude: 30° 9' 46.37649475692"N<br>Longitude: 77° 10' 10.58551509684"E]]></description>
        <styleUrl>#icon-1899-A52714-labelson</styleUrl>
        <ExtendedData>
          <Data name="Latitude">
            <value><![CDATA[30° 9' 46.37649475692"N]]></value>
          </Data>
          <Data name="Longitude">
            <value><![CDATA[77° 10' 10.58551509684"E]]></value>
          </Data>
        </ExtendedData>
        <Point>
          <coordinates>
            77.1696070875269,30.1628823596547,0
          </coordinates>
        </Point>
      </Placemark>
      <Placemark>
        <name>1113</name>
        <description><![CDATA[Latitude: 30° 9' 59.35397673024"N<br>Longitude: 77° 9' 36.33202860048"E]]></description>
        <styleUrl>#icon-1899-A52714-labelson</styleUrl>
        <ExtendedData>
          <Data name="Latitude">
            <value><![CDATA[30° 9' 59.35397673024"N]]></value>
          </Data>
          <Data name="Longitude">
            <value><![CDATA[77° 9' 36.33202860048"E]]></value>
          </Data>
        </ExtendedData>
        <Point>
          <coordinates>
            77.1600922301668,30.1664872157584,0
          </coordinates>
        </Point>
      </Placemark>
      <Placemark>
        <name>1114</name>
        <description><![CDATA[Latitude: 30° 10' 12.48537695988"N<br>Longitude: 77° 9' 2.15511855552"E]]></description>
        <styleUrl>#icon-1899-A52714-labelson</styleUrl>
        <ExtendedData>
          <Data name="Latitude">
            <value><![CDATA[30° 10' 12.48537695988"N]]></value>
          </Data>
          <Data name="Longitude">
            <value><![CDATA[77° 9' 2.15511855552"E]]></value>
          </Data>
        </ExtendedData>
        <Point>
          <coordinates>
            77.1505986440432,30.1701348269333,0
          </coordinates>
        </Point>
      </Placemark>
      <Placemark>
        <name>1115</name>
        <description><![CDATA[Latitude: 30° 10' 25.50356792796"N<br>Longitude: 77° 8' 27.91932344304"E]]></description>
        <styleUrl>#icon-1899-A52714-labelson</styleUrl>
        <ExtendedData>
          <Data name="Latitude">
            <value><![CDATA[30° 10' 25.50356792796"N]]></value>
          </Data>
          <Data name="Longitude">
            <value><![CDATA[77° 8' 27.91932344304"E]]></value>
          </Data>
        </ExtendedData>
        <Point>
          <coordinates>
            77.1410887009564,30.1737509910911,0
          </coordinates>
        </Point>
      </Placemark>
      <Placemark>
        <name>1116</name>
        <description><![CDATA[Latitude: 30° 10' 38.48898807552"N<br>Longitude: 77° 7' 53.66549965224"E]]></description>
        <styleUrl>#icon-1899-A52714-labelson</styleUrl>
        <ExtendedData>
          <Data name="Latitude">
            <value><![CDATA[30° 10' 38.48898807552"N]]></value>
          </Data>
          <Data name="Longitude">
            <value><![CDATA[77° 7' 53.66549965224"E]]></value>
          </Data>
        </ExtendedData>
        <Point>
          <coordinates>
            77.1315737499034,30.1773580522432,0
          </coordinates>
        </Point>
      </Placemark>
      <Placemark>
        <name>1117</name>
        <description><![CDATA[Latitude: 30° 10' 51.16733119704"N<br>Longitude: 77° 7' 19.2612601056"E]]></description>
        <styleUrl>#icon-1899-A52714-labelson</styleUrl>
        <ExtendedData>
          <Data name="Latitude">
            <value><![CDATA[30° 10' 51.16733119704"N]]></value>
          </Data>
          <Data name="Longitude">
            <value><![CDATA[77° 7' 19.2612601056"E]]></value>
          </Data>
        </ExtendedData>
        <Point>
          <coordinates>
            77.122017016696,30.1808798142214,0
          </coordinates>
        </Point>
      </Placemark>
      <Placemark>
        <name>1118</name>
        <description><![CDATA[Latitude: 30° 11' 4.40098834344"N<br>Longitude: 77° 6' 45.134244738"E]]></description>
        <styleUrl>#icon-1899-A52714-labelson</styleUrl>
        <ExtendedData>
          <Data name="Latitude">
            <value><![CDATA[30° 11' 4.40098834344"N]]></value>
          </Data>
          <Data name="Longitude">
            <value><![CDATA[77° 6' 45.134244738"E]]></value>
          </Data>
        </ExtendedData>
        <Point>
          <coordinates>
            77.112537290205,30.1845558300954,0
          </coordinates>
        </Point>
      </Placemark>
      <Placemark>
        <name>1119</name>
        <description><![CDATA[Latitude: 30° 11' 17.4050512494"N<br>Longitude: 77° 6' 10.88549126748"E]]></description>
        <styleUrl>#icon-1899-A52714-labelson</styleUrl>
        <ExtendedData>
          <Data name="Latitude">
            <value><![CDATA[30° 11' 17.4050512494"N]]></value>
          </Data>
          <Data name="Longitude">
            <value><![CDATA[77° 6' 10.88549126748"E]]></value>
          </Data>
        </ExtendedData>
        <Point>
          <coordinates>
            77.1030237475743,30.1881680697915,0
          </coordinates>
        </Point>
      </Placemark>
      <Placemark>
        <name>1120</name>
        <description><![CDATA[Latitude: 30° 11' 30.40673954748"N<br>Longitude: 77° 5' 36.63411265968"E]]></description>
        <styleUrl>#icon-1899-A52714-labelson</styleUrl>
        <ExtendedData>
          <Data name="Latitude">
            <value><![CDATA[30° 11' 30.40673954748"N]]></value>
          </Data>
          <Data name="Longitude">
            <value><![CDATA[77° 5' 36.63411265968"E]]></value>
          </Data>
        </ExtendedData>
        <Point>
          <coordinates>
            77.0935094757388,30.1917796498743,0
          </coordinates>
        </Point>
      </Placemark>
      <Placemark>
        <name>1121</name>
        <description><![CDATA[Latitude: 30° 11' 43.40605225812"N<br>Longitude: 77° 5' 2.38010191548"E]]></description>
        <styleUrl>#icon-1899-A52714-labelson</styleUrl>
        <ExtendedData>
          <Data name="Latitude">
            <value><![CDATA[30° 11' 43.40605225812"N]]></value>
          </Data>
          <Data name="Longitude">
            <value><![CDATA[77° 5' 2.38010191548"E]]></value>
          </Data>
        </ExtendedData>
        <Point>
          <coordinates>
            77.0839944727543,30.1953905700717,0
          </coordinates>
        </Point>
      </Placemark>
      <Placemark>
        <name>1122</name>
        <description><![CDATA[Latitude: 30° 11' 56.36275114452"N<br>Longitude: 77° 4' 28.10343517212"E]]></description>
        <styleUrl>#icon-1899-A52714-labelson</styleUrl>
        <ExtendedData>
          <Data name="Latitude">
            <value><![CDATA[30° 11' 56.36275114452"N]]></value>
          </Data>
          <Data name="Longitude">
            <value><![CDATA[77° 4' 28.10343517212"E]]></value>
          </Data>
        </ExtendedData>
        <Point>
          <coordinates>
            77.0744731764367,30.1989896530957,0
          </coordinates>
        </Point>
      </Placemark>
      <Placemark>
        <name>1123</name>
        <description><![CDATA[Latitude: 30° 12' 9.35730762696"N<br>Longitude: 77° 3' 53.84417575644"E]]></description>
        <styleUrl>#icon-1899-A52714-labelson</styleUrl>
        <ExtendedData>
          <Data name="Latitude">
            <value><![CDATA[30° 12' 9.35730762696"N]]></value>
          </Data>
          <Data name="Longitude">
            <value><![CDATA[77° 3' 53.84417575644"E]]></value>
          </Data>
        </ExtendedData>
        <Point>
          <coordinates>
            77.0649567154879,30.2025992521186,0
          </coordinates>
        </Point>
      </Placemark>
      <Placemark>
        <name>1124</name>
        <description><![CDATA[Latitude: 30° 12' 22.34948522796"N<br>Longitude: 77° 3' 19.58228563428"E]]></description>
        <styleUrl>#icon-1899-A52714-labelson</styleUrl>
        <ExtendedData>
          <Data name="Latitude">
            <value><![CDATA[30° 12' 22.34948522796"N]]></value>
          </Data>
          <Data name="Longitude">
            <value><![CDATA[77° 3' 19.58228563428"E]]></value>
          </Data>
        </ExtendedData>
        <Point>
          <coordinates>
            77.0554395237873,30.2062081903411,0
          </coordinates>
        </Point>
      </Placemark>
      <Placemark>
        <name>1125</name>
        <description><![CDATA[Latitude: 30° 12' 35.30765836836"N<br>Longitude: 77° 2' 45.3022508148"E]]></description>
        <styleUrl>#icon-1899-A52714-labelson</styleUrl>
        <ExtendedData>
          <Data name="Latitude">
            <value><![CDATA[30° 12' 35.30765836836"N]]></value>
          </Data>
          <Data name="Longitude">
            <value><![CDATA[77° 2' 45.3022508148"E]]></value>
          </Data>
        </ExtendedData>
        <Point>
          <coordinates>
            77.045917291893,30.2098076828801,0
          </coordinates>
        </Point>
      </Placemark>
      <Placemark>
        <name>1126</name>
        <description><![CDATA[Latitude: 30° 12' 48.05769497796"N<br>Longitude: 77° 2' 10.92111046944"E]]></description>
        <styleUrl>#icon-1899-A52714-labelson</styleUrl>
        <ExtendedData>
          <Data name="Latitude">
            <value><![CDATA[30° 12' 48.05769497796"N]]></value>
          </Data>
          <Data name="Longitude">
            <value><![CDATA[77° 2' 10.92111046944"E]]></value>
          </Data>
        </ExtendedData>
        <Point>
          <coordinates>
            77.0363669751304,30.2133493597161,0
          </coordinates>
        </Point>
      </Placemark>
      <Placemark>
        <name>1127</name>
        <description><![CDATA[Latitude: 30° 13' 1.34143471416"N<br>Longitude: 77° 1' 36.80852709792"E]]></description>
        <styleUrl>#icon-1899-A52714-labelson</styleUrl>
        <ExtendedData>
          <Data name="Latitude">
            <value><![CDATA[30° 13' 1.34143471416"N]]></value>
          </Data>
          <Data name="Longitude">
            <value><![CDATA[77° 1' 36.80852709792"E]]></value>
          </Data>
        </ExtendedData>
        <Point>
          <coordinates>
            77.0268912575272,30.2170392874206,0
          </coordinates>
        </Point>
      </Placemark>
      <Placemark>
        <name>1128</name>
        <description><![CDATA[Latitude: 30° 13' 14.31947577972"N<br>Longitude: 77° 1' 2.53381665612"E]]></description>
        <styleUrl>#icon-1899-A52714-labelson</styleUrl>
        <ExtendedData>
          <Data name="Latitude">
            <value><![CDATA[30° 13' 14.31947577972"N]]></value>
          </Data>
          <Data name="Longitude">
            <value><![CDATA[77° 1' 2.53381665612"E]]></value>
          </Data>
        </ExtendedData>
        <Point>
          <coordinates>
            77.0173705046267,30.2206442988277,0
          </coordinates>
        </Point>
      </Placemark>
      <Placemark>
        <name>1129</name>
        <description><![CDATA[Latitude: 30° 13' 27.2951288058"N<br>Longitude: 77° 0' 28.25648225136"E]]></description>
        <styleUrl>#icon-1899-A52714-labelson</styleUrl>
        <ExtendedData>
          <Data name="Latitude">
            <value><![CDATA[30° 13' 27.2951288058"N]]></value>
          </Data>
          <Data name="Longitude">
            <value><![CDATA[77° 0' 28.25648225136"E]]></value>
          </Data>
        </ExtendedData>
        <Point>
          <coordinates>
            77.0078490228476,30.2242486468905,0
          </coordinates>
        </Point>
      </Placemark>
      <Placemark>
        <name>1130</name>
        <description><![CDATA[Latitude: 30° 13' 41.57744289636"N<br>Longitude: 76° 59' 54.7251377694"E]]></description>
        <styleUrl>#icon-1899-A52714-labelson</styleUrl>
        <ExtendedData>
          <Data name="Latitude">
            <value><![CDATA[30° 13' 41.57744289636"N]]></value>
          </Data>
          <Data name="Longitude">
            <value><![CDATA[76° 59' 54.7251377694"E]]></value>
          </Data>
        </ExtendedData>
        <Point>
          <coordinates>
            76.9985347604915,30.2282159563601,0
          </coordinates>
        </Point>
      </Placemark>
      <Placemark>
        <name>1131</name>
        <description><![CDATA[Latitude: 30° 13' 58.81266722604"N<br>Longitude: 76° 59' 23.03142915444"E]]></description>
        <styleUrl>#icon-1899-A52714-labelson</styleUrl>
        <ExtendedData>
          <Data name="Latitude">
            <value><![CDATA[30° 13' 58.81266722604"N]]></value>
          </Data>
          <Data name="Longitude">
            <value><![CDATA[76° 59' 23.03142915444"E]]></value>
          </Data>
        </ExtendedData>
        <Point>
          <coordinates>
            76.9897309525429,30.2330035186739,0
          </coordinates>
        </Point>
      </Placemark>
      <Placemark>
        <name>1132</name>
        <description><![CDATA[Latitude: 30° 14' 16.0459184688"N<br>Longitude: 76° 58' 51.33459239004"E]]></description>
        <styleUrl>#icon-1899-A52714-labelson</styleUrl>
        <ExtendedData>
          <Data name="Latitude">
            <value><![CDATA[30° 14' 16.0459184688"N]]></value>
          </Data>
          <Data name="Longitude">
            <value><![CDATA[76° 58' 51.33459239004"E]]></value>
          </Data>
        </ExtendedData>
        <Point>
          <coordinates>
            76.9809262756639,30.237790532908,0
          </coordinates>
        </Point>
      </Placemark>
      <Placemark>
        <name>1133</name>
        <description><![CDATA[Latitude: 30° 14' 32.85554773488"N<br>Longitude: 76° 58' 19.34370942204"E]]></description>
        <styleUrl>#icon-1899-A52714-labelson</styleUrl>
        <ExtendedData>
          <Data name="Latitude">
            <value><![CDATA[30° 14' 32.85554773488"N]]></value>
          </Data>
          <Data name="Longitude">
            <value><![CDATA[76° 58' 19.34370942204"E]]></value>
          </Data>
        </ExtendedData>
        <Point>
          <coordinates>
            76.9720399192839,30.2424598743708,0
          </coordinates>
        </Point>
      </Placemark>
      <Placemark>
        <name>1134</name>
        <description><![CDATA[Latitude: 30° 14' 52.45375131708"N<br>Longitude: 76° 57' 49.62934440432"E]]></description>
        <styleUrl>#icon-1899-A52714-labelson</styleUrl>
        <ExtendedData>
          <Data name="Latitude">
            <value><![CDATA[30° 14' 52.45375131708"N]]></value>
          </Data>
          <Data name="Longitude">
            <value><![CDATA[76° 57' 49.62934440432"E]]></value>
          </Data>
        </ExtendedData>
        <Point>
          <coordinates>
            76.9637859290012,30.2479038198103,0
          </coordinates>
        </Point>
      </Placemark>
      <Placemark>
        <name>1135</name>
        <description><![CDATA[Latitude: 30° 15' 7.77921647184"N<br>Longitude: 76° 57' 16.69002439356"E]]></description>
        <styleUrl>#icon-1899-A52714-labelson</styleUrl>
        <ExtendedData>
          <Data name="Latitude">
            <value><![CDATA[30° 15' 7.77921647184"N]]></value>
          </Data>
          <Data name="Longitude">
            <value><![CDATA[76° 57' 16.69002439356"E]]></value>
          </Data>
        </ExtendedData>
        <Point>
          <coordinates>
            76.9546361178871,30.2521608934644,0
          </coordinates>
        </Point>
      </Placemark>
      <Placemark>
        <name>1136</name>
        <description><![CDATA[Latitude: 30° 15' 26.57078191044"N<br>Longitude: 76° 56' 46.18364963748"E]]></description>
        <styleUrl>#icon-1899-A52714-labelson</styleUrl>
        <ExtendedData>
          <Data name="Latitude">
            <value><![CDATA[30° 15' 26.57078191044"N]]></value>
          </Data>
          <Data name="Longitude">
            <value><![CDATA[76° 56' 46.18364963748"E]]></value>
          </Data>
        </ExtendedData>
        <Point>
          <coordinates>
            76.9461621248993,30.2573807727529,0
          </coordinates>
        </Point>
      </Placemark>
      <Placemark>
        <name>1137</name>
        <description><![CDATA[Latitude: 30° 15' 45.39115956024"N<br>Longitude: 76° 56' 15.69981550668"E]]></description>
        <styleUrl>#icon-1899-A52714-labelson</styleUrl>
        <ExtendedData>
          <Data name="Latitude">
            <value><![CDATA[30° 15' 45.39115956024"N]]></value>
          </Data>
          <Data name="Longitude">
            <value><![CDATA[76° 56' 15.69981550668"E]]></value>
          </Data>
        </ExtendedData>
        <Point>
          <coordinates>
            76.9376943931963,30.2626086554334,0
          </coordinates>
        </Point>
      </Placemark>
      <Placemark>
        <name>1138</name>
        <description><![CDATA[Latitude: 30° 16' 4.16679378456"N<br>Longitude: 76° 55' 45.18142271724"E]]></description>
        <styleUrl>#icon-1899-A52714-labelson</styleUrl>
        <ExtendedData>
          <Data name="Latitude">
            <value><![CDATA[30° 16' 4.16679378456"N]]></value>
          </Data>
          <Data name="Longitude">
            <value><![CDATA[76° 55' 45.18142271724"E]]></value>
          </Data>
        </ExtendedData>
        <Point>
          <coordinates>
            76.9292170618659,30.2678241093846,0
          </coordinates>
        </Point>
      </Placemark>
      <Placemark>
        <name>1139</name>
        <description><![CDATA[Latitude: 30° 16' 23.05184229912"N<br>Longitude: 76° 55' 14.74682495664"E]]></description>
        <styleUrl>#icon-1899-A52714-labelson</styleUrl>
        <ExtendedData>
          <Data name="Latitude">
            <value><![CDATA[30° 16' 23.05184229912"N]]></value>
          </Data>
          <Data name="Longitude">
            <value><![CDATA[76° 55' 14.74682495664"E]]></value>
          </Data>
        </ExtendedData>
        <Point>
          <coordinates>
            76.9207630069324,30.2730699561942,0
          </coordinates>
        </Point>
      </Placemark>
      <Placemark>
        <name>1140</name>
        <description><![CDATA[Latitude: 30° 16' 41.79944476164"N<br>Longitude: 76° 54' 44.19746468604"E]]></description>
        <styleUrl>#icon-1899-A52714-labelson</styleUrl>
        <ExtendedData>
          <Data name="Latitude">
            <value><![CDATA[30° 16' 41.79944476164"N]]></value>
          </Data>
          <Data name="Longitude">
            <value><![CDATA[76° 54' 44.19746468604"E]]></value>
          </Data>
        </ExtendedData>
        <Point>
          <coordinates>
            76.9122770735239,30.2782776235449,0
          </coordinates>
        </Point>
      </Placemark>
      <Placemark>
        <name>1141</name>
        <description><![CDATA[Latitude: 30° 17' 0.54519018324"N<br>Longitude: 76° 54' 13.64481899676"E]]></description>
        <styleUrl>#icon-1899-A52714-labelson</styleUrl>
        <ExtendedData>
          <Data name="Latitude">
            <value><![CDATA[30° 17' 0.54519018324"N]]></value>
          </Data>
          <Data name="Longitude">
            <value><![CDATA[76° 54' 13.64481899676"E]]></value>
          </Data>
        </ExtendedData>
        <Point>
          <coordinates>
            76.9037902274991,30.2834847750509,0
          </coordinates>
        </Point>
      </Placemark>
      <Placemark>
        <name>1142</name>
        <description><![CDATA[Latitude: 30° 17' 19.28907731508"N<br>Longitude: 76° 53' 43.08888743844"E]]></description>
        <styleUrl>#icon-1899-A52714-labelson</styleUrl>
        <ExtendedData>
          <Data name="Latitude">
            <value><![CDATA[30° 17' 19.28907731508"N]]></value>
          </Data>
          <Data name="Longitude">
            <value><![CDATA[76° 53' 43.08888743844"E]]></value>
          </Data>
        </ExtendedData>
        <Point>
          <coordinates>
            76.8953024687329,30.2886914103653,0
          </coordinates>
        </Point>
      </Placemark>
      <Placemark>
        <name>1143</name>
        <description><![CDATA[Latitude: 30° 17' 37.68343706688"N<br>Longitude: 76° 53' 12.26069593152"E]]></description>
        <styleUrl>#icon-1899-A52714-labelson</styleUrl>
        <ExtendedData>
          <Data name="Latitude">
            <value><![CDATA[30° 17' 37.68343706688"N]]></value>
          </Data>
          <Data name="Longitude">
            <value><![CDATA[76° 53' 12.26069593152"E]]></value>
          </Data>
        </ExtendedData>
        <Point>
          <coordinates>
            76.8867390822032,30.2938009547408,0
          </coordinates>
        </Point>
      </Placemark>
      <Placemark>
        <name>1144</name>
        <description><![CDATA[Latitude: 30° 17' 56.77141677756"N<br>Longitude: 76° 52' 41.98556391852"E]]></description>
        <styleUrl>#icon-1899-A52714-labelson</styleUrl>
        <ExtendedData>
          <Data name="Latitude">
            <value><![CDATA[30° 17' 56.77141677756"N]]></value>
          </Data>
          <Data name="Longitude">
            <value><![CDATA[76° 52' 41.98556391852"E]]></value>
          </Data>
        </ExtendedData>
        <Point>
          <coordinates>
            76.8783293233107,30.2991031713271,0
          </coordinates>
        </Point>
      </Placemark>
      <Placemark>
        <name>1145</name>
        <description><![CDATA[Latitude: 30° 18' 14.47751602152"N<br>Longitude: 76° 52' 10.62283032876"E]]></description>
        <styleUrl>#icon-1899-A52714-labelson</styleUrl>
        <ExtendedData>
          <Data name="Latitude">
            <value><![CDATA[30° 18' 14.47751602152"N]]></value>
          </Data>
          <Data name="Longitude">
            <value><![CDATA[76° 52' 10.62283032876"E]]></value>
          </Data>
        </ExtendedData>
        <Point>
          <coordinates>
            76.8696174528691,30.3040215322282,0
          </coordinates>
        </Point>
      </Placemark>
      <Placemark>
        <name>1146</name>
        <description><![CDATA[Latitude: 30° 18' 32.24597709204"N<br>Longitude: 76° 51' 39.31974821196"E]]></description>
        <styleUrl>#icon-1899-A52714-labelson</styleUrl>
        <ExtendedData>
          <Data name="Latitude">
            <value><![CDATA[30° 18' 32.24597709204"N]]></value>
          </Data>
          <Data name="Longitude">
            <value><![CDATA[76° 51' 39.31974821196"E]]></value>
          </Data>
        </ExtendedData>
        <Point>
          <coordinates>
            76.8609221522811,30.3089572158589,0
          </coordinates>
        </Point>
      </Placemark>
      <Placemark>
        <name>1147</name>
        <description><![CDATA[Latitude: 30° 18' 53.6939514648"N<br>Longitude: 76° 51' 11.26088440812"E]]></description>
        <styleUrl>#icon-1899-A52714-labelson</styleUrl>
        <ExtendedData>
          <Data name="Latitude">
            <value><![CDATA[30° 18' 53.6939514648"N]]></value>
          </Data>
          <Data name="Longitude">
            <value><![CDATA[76° 51' 11.26088440812"E]]></value>
          </Data>
        </ExtendedData>
        <Point>
          <coordinates>
            76.8531280234467,30.314914986518,0
          </coordinates>
        </Point>
      </Placemark>
      <Placemark>
        <name>1148</name>
        <description><![CDATA[Latitude: 30° 19' 19.16178814524"N<br>Longitude: 76° 50' 48.21272935116"E]]></description>
        <styleUrl>#icon-1899-A52714-labelson</styleUrl>
        <ExtendedData>
          <Data name="Latitude">
            <value><![CDATA[30° 19' 19.16178814524"N]]></value>
          </Data>
          <Data name="Longitude">
            <value><![CDATA[76° 50' 48.21272935116"E]]></value>
          </Data>
        </ExtendedData>
        <Point>
          <coordinates>
            76.8467257581531,30.3219893855959,0
          </coordinates>
        </Point>
      </Placemark>
      <Placemark>
        <name>1149</name>
        <description><![CDATA[Latitude: 30° 19' 27.69327138792"N<br>Longitude: 76° 50' 14.75061471312"E]]></description>
        <styleUrl>#icon-1899-A52714-labelson</styleUrl>
        <ExtendedData>
          <Data name="Latitude">
            <value><![CDATA[30° 19' 27.69327138792"N]]></value>
          </Data>
          <Data name="Longitude">
            <value><![CDATA[76° 50' 14.75061471312"E]]></value>
          </Data>
        </ExtendedData>
        <Point>
          <coordinates>
            76.8374307263092,30.3243592420522,0
          </coordinates>
        </Point>
      </Placemark>
      <Placemark>
        <name>1150</name>
        <description><![CDATA[Latitude: 30° 19' 29.33369046768"N<br>Longitude: 76° 49' 38.71053797592"E]]></description>
        <styleUrl>#icon-1899-A52714-labelson</styleUrl>
        <ExtendedData>
          <Data name="Latitude">
            <value><![CDATA[30° 19' 29.33369046768"N]]></value>
          </Data>
          <Data name="Longitude">
            <value><![CDATA[76° 49' 38.71053797592"E]]></value>
          </Data>
        </ExtendedData>
        <Point>
          <coordinates>
            76.8274195938822,30.3248149140188,0
          </coordinates>
        </Point>
      </Placemark>
      <Placemark>
        <name>1151</name>
        <description><![CDATA[Latitude: 30° 19' 58.77447173688"N<br>Longitude: 76° 49' 29.67431086668"E]]></description>
        <styleUrl>#icon-1899-A52714-labelson</styleUrl>
        <ExtendedData>
          <Data name="Latitude">
            <value><![CDATA[30° 19' 58.77447173688"N]]></value>
          </Data>
          <Data name="Longitude">
            <value><![CDATA[76° 49' 29.67431086668"E]]></value>
          </Data>
        </ExtendedData>
        <Point>
          <coordinates>
            76.8249095307963,30.3329929088158,0
          </coordinates>
        </Point>
      </Placemark>
      <Placemark>
        <name>1152</name>
        <description><![CDATA[Latitude: 30° 20' 28.74968611944"N<br>Longitude: 76° 49' 22.20640709808"E]]></description>
        <styleUrl>#icon-1899-A52714-labelson</styleUrl>
        <ExtendedData>
          <Data name="Latitude">
            <value><![CDATA[30° 20' 28.74968611944"N]]></value>
          </Data>
          <Data name="Longitude">
            <value><![CDATA[76° 49' 22.20640709808"E]]></value>
          </Data>
        </ExtendedData>
        <Point>
          <coordinates>
            76.8228351130828,30.3413193572554,0
          </coordinates>
        </Point>
      </Placemark>
      <Placemark>
        <name>1153</name>
        <description><![CDATA[Latitude: 30° 20' 47.4791928828"N<br>Longitude: 76° 48' 51.62480850744"E]]></description>
        <styleUrl>#icon-1899-A52714-labelson</styleUrl>
        <ExtendedData>
          <Data name="Latitude">
            <value><![CDATA[30° 20' 47.4791928828"N]]></value>
          </Data>
          <Data name="Longitude">
            <value><![CDATA[76° 48' 51.62480850744"E]]></value>
          </Data>
        </ExtendedData>
        <Point>
          <coordinates>
            76.8143402245854,30.346521998023,0
          </coordinates>
        </Point>
      </Placemark>
      <Placemark>
        <name>1154</name>
        <description><![CDATA[Latitude: 30° 21' 6.18592468176"N<br>Longitude: 76° 48' 21.01926664512"E]]></description>
        <styleUrl>#icon-1899-A52714-labelson</styleUrl>
        <ExtendedData>
          <Data name="Latitude">
            <value><![CDATA[30° 21' 6.18592468176"N]]></value>
          </Data>
          <Data name="Longitude">
            <value><![CDATA[76° 48' 21.01926664512"E]]></value>
          </Data>
        </ExtendedData>
        <Point>
          <coordinates>
            76.8058386851792,30.3517183124116,0
          </coordinates>
        </Point>
      </Placemark>
      <Placemark>
        <name>1155</name>
        <description><![CDATA[Latitude: 30° 21' 25.51263359436"N<br>Longitude: 76° 47' 50.926856847"E]]></description>
        <styleUrl>#icon-1899-A52714-labelson</styleUrl>
        <ExtendedData>
          <Data name="Latitude">
            <value><![CDATA[30° 21' 25.51263359436"N]]></value>
          </Data>
          <Data name="Longitude">
            <value><![CDATA[76° 47' 50.926856847"E]]></value>
          </Data>
        </ExtendedData>
        <Point>
          <coordinates>
            76.7974796824575,30.3570868426651,0
          </coordinates>
        </Point>
      </Placemark>
      <Placemark>
        <name>1156</name>
        <description><![CDATA[Latitude: 30° 21' 44.42943892212"N<br>Longitude: 76° 47' 20.491147941"E]]></description>
        <styleUrl>#icon-1899-A52714-labelson</styleUrl>
        <ExtendedData>
          <Data name="Latitude">
            <value><![CDATA[30° 21' 44.42943892212"N]]></value>
          </Data>
          <Data name="Longitude">
            <value><![CDATA[76° 47' 20.491147941"E]]></value>
          </Data>
        </ExtendedData>
        <Point>
          <coordinates>
            76.7890253188725,30.3623415108117,0
          </coordinates>
        </Point>
      </Placemark>
      <Placemark>
        <name>1157</name>
        <description><![CDATA[Latitude: 30° 22' 3.5122644066"N<br>Longitude: 76° 46' 50.188700613"E]]></description>
        <styleUrl>#icon-1899-A52714-labelson</styleUrl>
        <ExtendedData>
          <Data name="Latitude">
            <value><![CDATA[30° 22' 3.5122644066"N]]></value>
          </Data>
          <Data name="Longitude">
            <value><![CDATA[76° 46' 50.188700613"E]]></value>
          </Data>
        </ExtendedData>
        <Point>
          <coordinates>
            76.7806079723925,30.3676422956685,0
          </coordinates>
        </Point>
      </Placemark>
      <Placemark>
        <name>1158</name>
        <description><![CDATA[Latitude: 30° 22' 22.55123632584"N<br>Longitude: 76° 46' 19.84805446728"E]]></description>
        <styleUrl>#icon-1899-A52714-labelson</styleUrl>
        <ExtendedData>
          <Data name="Latitude">
            <value><![CDATA[30° 22' 22.55123632584"N]]></value>
          </Data>
          <Data name="Longitude">
            <value><![CDATA[76° 46' 19.84805446728"E]]></value>
          </Data>
        </ExtendedData>
        <Point>
          <coordinates>
            76.7721800151298,30.3729308989794,0
          </coordinates>
        </Point>
      </Placemark>
      <Placemark>
        <name>1159</name>
        <description><![CDATA[Latitude: 30° 22' 41.0142657036"N<br>Longitude: 76° 45' 49.05454562748"E]]></description>
        <styleUrl>#icon-1899-A52714-labelson</styleUrl>
        <ExtendedData>
          <Data name="Latitude">
            <value><![CDATA[30° 22' 41.0142657036"N]]></value>
          </Data>
          <Data name="Longitude">
            <value><![CDATA[76° 45' 49.05454562748"E]]></value>
          </Data>
        </ExtendedData>
        <Point>
          <coordinates>
            76.7636262626743,30.378059518251,0
          </coordinates>
        </Point>
      </Placemark>
      <Placemark>
        <name>1160</name>
        <description><![CDATA[Latitude: 30° 23' 0.82370207472"N<br>Longitude: 76° 45' 19.3812696666"E]]></description>
        <styleUrl>#icon-1899-A52714-labelson</styleUrl>
        <ExtendedData>
          <Data name="Latitude">
            <value><![CDATA[30° 23' 0.82370207472"N]]></value>
          </Data>
          <Data name="Longitude">
            <value><![CDATA[76° 45' 19.3812696666"E]]></value>
          </Data>
        </ExtendedData>
        <Point>
          <coordinates>
            76.7553836860185,30.3835621394652,0
          </coordinates>
        </Point>
      </Placemark>
      <Placemark>
        <name>1161</name>
        <description><![CDATA[Latitude: 30° 23' 19.79312739144"N<br>Longitude: 76° 44' 48.97853272104"E]]></description>
        <styleUrl>#icon-1899-A52714-labelson</styleUrl>
        <ExtendedData>
          <Data name="Latitude">
            <value><![CDATA[30° 23' 19.79312739144"N]]></value>
          </Data>
          <Data name="Longitude">
            <value><![CDATA[76° 44' 48.97853272104"E]]></value>
          </Data>
        </ExtendedData>
        <Point>
          <coordinates>
            76.7469384813114,30.3888314242754,0
          </coordinates>
        </Point>
      </Placemark>
      <Placemark>
        <name>1162</name>
        <description><![CDATA[Latitude: 30° 23' 38.94268924824"N<br>Longitude: 76° 44' 18.7242893862"E]]></description>
        <styleUrl>#icon-1899-A52714-labelson</styleUrl>
        <ExtendedData>
          <Data name="Latitude">
            <value><![CDATA[30° 23' 38.94268924824"N]]></value>
          </Data>
          <Data name="Longitude">
            <value><![CDATA[76° 44' 18.7242893862"E]]></value>
          </Data>
        </ExtendedData>
        <Point>
          <coordinates>
            76.7385345248295,30.3941507470134,0
          </coordinates>
        </Point>
      </Placemark>
      <Placemark>
        <name>1163</name>
        <description><![CDATA[Latitude: 30° 23' 56.91815918448"N<br>Longitude: 76° 43' 47.56081915128"E]]></description>
        <styleUrl>#icon-1899-A52714-labelson</styleUrl>
        <ExtendedData>
          <Data name="Latitude">
            <value><![CDATA[30° 23' 56.91815918448"N]]></value>
          </Data>
          <Data name="Longitude">
            <value><![CDATA[76° 43' 47.56081915128"E]]></value>
          </Data>
        </ExtendedData>
        <Point>
          <coordinates>
            76.7298780053198,30.3991439331068,0
          </coordinates>
        </Point>
      </Placemark>
      <Placemark>
        <name>1164</name>
        <description><![CDATA[Latitude: 30° 24' 16.71938901"N<br>Longitude: 76° 43' 17.88591991584"E]]></description>
        <styleUrl>#icon-1899-A52714-labelson</styleUrl>
        <ExtendedData>
          <Data name="Latitude">
            <value><![CDATA[30° 24' 16.71938901"N]]></value>
          </Data>
          <Data name="Longitude">
            <value><![CDATA[76° 43' 17.88591991584"E]]></value>
          </Data>
        </ExtendedData>
        <Point>
          <coordinates>
            76.7216349777544,30.404644274725,0
          </coordinates>
        </Point>
      </Placemark>
      <Placemark>
        <name>1165</name>
        <description><![CDATA[Latitude: 30° 24' 36.07060808304"N<br>Longitude: 76° 42' 47.80720127772"E]]></description>
        <styleUrl>#icon-1899-A52714-labelson</styleUrl>
        <ExtendedData>
          <Data name="Latitude">
            <value><![CDATA[30° 24' 36.07060808304"N]]></value>
          </Data>
          <Data name="Longitude">
            <value><![CDATA[76° 42' 47.80720127772"E]]></value>
          </Data>
        </ExtendedData>
        <Point>
          <coordinates>
            76.7132797781327,30.4100196133564,0
          </coordinates>
        </Point>
      </Placemark>
      <Placemark>
        <name>1166</name>
        <description><![CDATA[Latitude: 30° 24' 55.17141959988"N<br>Longitude: 76° 42' 17.50538641032"E]]></description>
        <styleUrl>#icon-1899-A52714-labelson</styleUrl>
        <ExtendedData>
          <Data name="Latitude">
            <value><![CDATA[30° 24' 55.17141959988"N]]></value>
          </Data>
          <Data name="Longitude">
            <value><![CDATA[76° 42' 17.50538641032"E]]></value>
          </Data>
        </ExtendedData>
        <Point>
          <coordinates>
            76.7048626073362,30.4153253943333,0
          </coordinates>
        </Point>
      </Placemark>
      <Placemark>
        <name>1167</name>
        <description><![CDATA[Latitude: 30° 25' 14.25737283096"N<br>Longitude: 76° 41' 47.18791799412"E]]></description>
        <styleUrl>#icon-1899-A52714-labelson</styleUrl>
        <ExtendedData>
          <Data name="Latitude">
            <value><![CDATA[30° 25' 14.25737283096"N]]></value>
          </Data>
          <Data name="Longitude">
            <value><![CDATA[76° 41' 47.18791799412"E]]></value>
          </Data>
        </ExtendedData>
        <Point>
          <coordinates>
            76.6964410883317,30.4206270480086,0
          </coordinates>
        </Point>
      </Placemark>
      <Placemark>
        <name>1168</name>
        <description><![CDATA[Latitude: 30° 25' 32.95355502108"N<br>Longitude: 76° 41' 16.55876216364"E]]></description>
        <styleUrl>#icon-1899-A52714-labelson</styleUrl>
        <ExtendedData>
          <Data name="Latitude">
            <value><![CDATA[30° 25' 32.95355502108"N]]></value>
          </Data>
          <Data name="Longitude">
            <value><![CDATA[76° 41' 16.55876216364"E]]></value>
          </Data>
        </ExtendedData>
        <Point>
          <coordinates>
            76.6879329894899,30.4258204319503,0
          </coordinates>
        </Point>
      </Placemark>
      <Placemark>
        <name>1169</name>
        <description><![CDATA[Latitude: 30° 25' 52.0061719872"N<br>Longitude: 76° 40' 46.22062342332"E]]></description>
        <styleUrl>#icon-1899-A52714-labelson</styleUrl>
        <ExtendedData>
          <Data name="Latitude">
            <value><![CDATA[30° 25' 52.0061719872"N]]></value>
          </Data>
          <Data name="Longitude">
            <value><![CDATA[76° 40' 46.22062342332"E]]></value>
          </Data>
        </ExtendedData>
        <Point>
          <coordinates>
            76.6795057287287,30.431112825552,0
          </coordinates>
        </Point>
      </Placemark>
      <Placemark>
        <name>1170</name>
        <description><![CDATA[Latitude: 30° 26' 11.2705031274"N<br>Longitude: 76° 40' 16.04887236408"E]]></description>
        <styleUrl>#icon-1899-A52714-labelson</styleUrl>
        <ExtendedData>
          <Data name="Latitude">
            <value><![CDATA[30° 26' 11.2705031274"N]]></value>
          </Data>
          <Data name="Longitude">
            <value><![CDATA[76° 40' 16.04887236408"E]]></value>
          </Data>
        </ExtendedData>
        <Point>
          <coordinates>
            76.6711246867678,30.4364640286465,0
          </coordinates>
        </Point>
      </Placemark>
      <Placemark>
        <name>1171</name>
        <description><![CDATA[Latitude: 30° 26' 30.3713999826"N<br>Longitude: 76° 39' 45.73669339692"E]]></description>
        <styleUrl>#icon-1899-A52714-labelson</styleUrl>
        <ExtendedData>
          <Data name="Latitude">
            <value><![CDATA[30° 26' 30.3713999826"N]]></value>
          </Data>
          <Data name="Longitude">
            <value><![CDATA[76° 39' 45.73669339692"E]]></value>
          </Data>
        </ExtendedData>
        <Point>
          <coordinates>
            76.6627046370547,30.4417698333285,0
          </coordinates>
        </Point>
      </Placemark>
      <Placemark>
        <name>1172</name>
        <description><![CDATA[Latitude: 30° 26' 49.47044656704"N<br>Longitude: 76° 39' 15.42118775904"E]]></description>
        <styleUrl>#icon-1899-A52714-labelson</styleUrl>
        <ExtendedData>
          <Data name="Latitude">
            <value><![CDATA[30° 26' 49.47044656704"N]]></value>
          </Data>
          <Data name="Longitude">
            <value><![CDATA[76° 39' 15.42118775904"E]]></value>
          </Data>
        </ExtendedData>
        <Point>
          <coordinates>
            76.6542836632664,30.4470751240464,0
          </coordinates>
        </Point>
      </Placemark>
      <Placemark>
        <name>1173</name>
        <description><![CDATA[Latitude: 30° 27' 8.47303620264"N<br>Longitude: 76° 38' 45.02395980024"E]]></description>
        <styleUrl>#icon-1899-A52714-labelson</styleUrl>
        <ExtendedData>
          <Data name="Latitude">
            <value><![CDATA[30° 27' 8.47303620264"N]]></value>
          </Data>
          <Data name="Longitude">
            <value><![CDATA[76° 38' 45.02395980024"E]]></value>
          </Data>
        </ExtendedData>
        <Point>
          <coordinates>
            76.6458399888334,30.4523536211674,0
          </coordinates>
        </Point>
      </Placemark>
      <Placemark>
        <name>1174</name>
        <description><![CDATA[Latitude: 30° 27' 27.39117344796"N<br>Longitude: 76° 38' 14.55455582376"E]]></description>
        <styleUrl>#icon-1899-A52714-labelson</styleUrl>
        <ExtendedData>
          <Data name="Latitude">
            <value><![CDATA[30° 27' 27.39117344796"N]]></value>
          </Data>
          <Data name="Longitude">
            <value><![CDATA[76° 38' 14.55455582376"E]]></value>
          </Data>
        </ExtendedData>
        <Point>
          <coordinates>
            76.6373762655066,30.4576086592911,0
          </coordinates>
        </Point>
      </Placemark>
      <Placemark>
        <name>1175</name>
        <description><![CDATA[Latitude: 30° 27' 46.03018150872"N<br>Longitude: 76° 37' 43.86711101484"E]]></description>
        <styleUrl>#icon-1899-A52714-labelson</styleUrl>
        <ExtendedData>
          <Data name="Latitude">
            <value><![CDATA[30° 27' 46.03018150872"N]]></value>
          </Data>
          <Data name="Longitude">
            <value><![CDATA[76° 37' 43.86711101484"E]]></value>
          </Data>
        </ExtendedData>
        <Point>
          <coordinates>
            76.6288519752819,30.4627861615302,0
          </coordinates>
        </Point>
      </Placemark>
      <Placemark>
        <name>1176</name>
        <description><![CDATA[Latitude: 30° 28' 6.7619825328"N<br>Longitude: 76° 37' 17.05302807276"E]]></description>
        <styleUrl>#icon-1899-A52714-labelson</styleUrl>
        <ExtendedData>
          <Data name="Latitude">
            <value><![CDATA[30° 28' 6.7619825328"N]]></value>
          </Data>
          <Data name="Longitude">
            <value><![CDATA[76° 37' 17.05302807276"E]]></value>
          </Data>
        </ExtendedData>
        <Point>
          <coordinates>
            76.6214036189091,30.468544995148,0
          </coordinates>
        </Point>
      </Placemark>
      <Placemark>
        <name>1177</name>
        <description><![CDATA[Latitude: 30° 28' 26.4984310686"N<br>Longitude: 76° 36' 48.11725739808"E]]></description>
        <styleUrl>#icon-1899-A52714-labelson</styleUrl>
        <ExtendedData>
          <Data name="Latitude">
            <value><![CDATA[30° 28' 26.4984310686"N]]></value>
          </Data>
          <Data name="Longitude">
            <value><![CDATA[76° 36' 48.11725739808"E]]></value>
          </Data>
        </ExtendedData>
        <Point>
          <coordinates>
            76.6133659048328,30.4740273419635,0
          </coordinates>
        </Point>
      </Placemark>
      <Placemark>
        <name>1178</name>
        <description><![CDATA[Latitude: 30° 28' 44.8430565378"N<br>Longitude: 76° 36' 17.25258443436"E]]></description>
        <styleUrl>#icon-1899-A52714-labelson</styleUrl>
        <ExtendedData>
          <Data name="Latitude">
            <value><![CDATA[30° 28' 44.8430565378"N]]></value>
          </Data>
          <Data name="Longitude">
            <value><![CDATA[76° 36' 17.25258443436"E]]></value>
          </Data>
        </ExtendedData>
        <Point>
          <coordinates>
            76.6047923845651,30.4791230712605,0
          </coordinates>
        </Point>
      </Placemark>
      <Placemark>
        <name>1179</name>
        <description><![CDATA[Latitude: 30° 29' 5.24170936428"N<br>Longitude: 76° 35' 48.08721996024"E]]></description>
        <styleUrl>#icon-1899-A52714-labelson</styleUrl>
        <ExtendedData>
          <Data name="Latitude">
            <value><![CDATA[30° 29' 5.24170936428"N]]></value>
          </Data>
          <Data name="Longitude">
            <value><![CDATA[76° 35' 48.08721996024"E]]></value>
          </Data>
        </ExtendedData>
        <Point>
          <coordinates>
            76.5966908944334,30.4847893637123,0
          </coordinates>
        </Point>
      </Placemark>
      <Placemark>
        <name>1180</name>
        <description><![CDATA[Latitude: 30° 29' 24.82034581464"N<br>Longitude: 76° 35' 18.17639958732"E]]></description>
        <styleUrl>#icon-1899-A52714-labelson</styleUrl>
        <ExtendedData>
          <Data name="Latitude">
            <value><![CDATA[30° 29' 24.82034581464"N]]></value>
          </Data>
          <Data name="Longitude">
            <value><![CDATA[76° 35' 18.17639958732"E]]></value>
          </Data>
        </ExtendedData>
        <Point>
          <coordinates>
            76.5883823332187,30.4902278738374,0
          </coordinates>
        </Point>
      </Placemark>
      <Placemark>
        <name>1181</name>
        <description><![CDATA[Latitude: 30° 29' 44.04698107476"N<br>Longitude: 76° 34' 47.95448670732"E]]></description>
        <styleUrl>#icon-1899-A52714-labelson</styleUrl>
        <ExtendedData>
          <Data name="Latitude">
            <value><![CDATA[30° 29' 44.04698107476"N]]></value>
          </Data>
          <Data name="Longitude">
            <value><![CDATA[76° 34' 47.95448670732"E]]></value>
          </Data>
        </ExtendedData>
        <Point>
          <coordinates>
            76.5799873574187,30.4955686058541,0
          </coordinates>
        </Point>
      </Placemark>
      <Placemark>
        <name>1182</name>
        <description><![CDATA[Latitude: 30° 30' 3.66914801088"N<br>Longitude: 76° 34' 18.06996198684"E]]></description>
        <styleUrl>#icon-1899-A52714-labelson</styleUrl>
        <ExtendedData>
          <Data name="Latitude">
            <value><![CDATA[30° 30' 3.66914801088"N]]></value>
          </Data>
          <Data name="Longitude">
            <value><![CDATA[76° 34' 18.06996198684"E]]></value>
          </Data>
        </ExtendedData>
        <Point>
          <coordinates>
            76.5716861005519,30.5010192077808,0
          </coordinates>
        </Point>
      </Placemark>
      <Placemark>
        <name>1183</name>
        <description><![CDATA[Latitude: 30° 30' 23.35087137132"N<br>Longitude: 76° 33' 48.23552104668"E]]></description>
        <styleUrl>#icon-1899-A52714-labelson</styleUrl>
        <ExtendedData>
          <Data name="Latitude">
            <value><![CDATA[30° 30' 23.35087137132"N]]></value>
          </Data>
          <Data name="Longitude">
            <value><![CDATA[76° 33' 48.23552104668"E]]></value>
          </Data>
        </ExtendedData>
        <Point>
          <coordinates>
            76.5633987558463,30.5064863531587,0
          </coordinates>
        </Point>
      </Placemark>
      <Placemark>
        <name>1184</name>
        <description><![CDATA[Latitude: 30° 30' 43.03079665416"N<br>Longitude: 76° 33' 18.39770337816"E]]></description>
        <styleUrl>#icon-1899-A52714-labelson</styleUrl>
        <ExtendedData>
          <Data name="Latitude">
            <value><![CDATA[30° 30' 43.03079665416"N]]></value>
          </Data>
          <Data name="Longitude">
            <value><![CDATA[76° 33' 18.39770337816"E]]></value>
          </Data>
        </ExtendedData>
        <Point>
          <coordinates>
            76.5551104731606,30.5119529990706,0
          </coordinates>
        </Point>
      </Placemark>
      <Placemark>
        <name>1185</name>
        <description><![CDATA[Latitude: 30° 31' 2.70892265592"N<br>Longitude: 76° 32' 48.55650462384"E]]></description>
        <styleUrl>#icon-1899-A52714-labelson</styleUrl>
        <ExtendedData>
          <Data name="Latitude">
            <value><![CDATA[30° 31' 2.70892265592"N]]></value>
          </Data>
          <Data name="Longitude">
            <value><![CDATA[76° 32' 48.55650462384"E]]></value>
          </Data>
        </ExtendedData>
        <Point>
          <coordinates>
            76.5468212512844,30.5174191451822,0
          </coordinates>
        </Point>
      </Placemark>
      <Placemark>
        <name>1186</name>
        <description><![CDATA[Latitude: 30° 31' 22.38524803884"N<br>Longitude: 76° 32' 18.71193167844"E]]></description>
        <styleUrl>#icon-1899-A52714-labelson</styleUrl>
        <ExtendedData>
          <Data name="Latitude">
            <value><![CDATA[30° 31' 22.38524803884"N]]></value>
          </Data>
          <Data name="Longitude">
            <value><![CDATA[76° 32' 18.71193167844"E]]></value>
          </Data>
        </ExtendedData>
        <Point>
          <coordinates>
            76.5385310921329,30.5228847911219,0
          </coordinates>
        </Point>
      </Placemark>
      <Placemark>
        <name>1187</name>
        <description><![CDATA[Latitude: 30° 31' 42.05977159908"N<br>Longitude: 76° 31' 48.8639801856"E]]></description>
        <styleUrl>#icon-1899-A52714-labelson</styleUrl>
        <ExtendedData>
          <Data name="Latitude">
            <value><![CDATA[30° 31' 42.05977159908"N]]></value>
          </Data>
          <Data name="Longitude">
            <value><![CDATA[76° 31' 48.8639801856"E]]></value>
          </Data>
        </ExtendedData>
        <Point>
          <coordinates>
            76.530239994496,30.5283499365553,0
          </coordinates>
        </Point>
      </Placemark>
      <Placemark>
        <name>1188</name>
        <description><![CDATA[Latitude: 30° 32' 2.25714402204"N<br>Longitude: 76° 31' 19.48685801772"E]]></description>
        <styleUrl>#icon-1899-A52714-labelson</styleUrl>
        <ExtendedData>
          <Data name="Latitude">
            <value><![CDATA[30° 32' 2.25714402204"N]]></value>
          </Data>
          <Data name="Longitude">
            <value><![CDATA[76° 31' 19.48685801772"E]]></value>
          </Data>
        </ExtendedData>
        <Point>
          <coordinates>
            76.5220796827827,30.5339603177839,0
          </coordinates>
        </Point>
      </Placemark>
      <Placemark>
        <name>1189</name>
        <description><![CDATA[Latitude: 30° 32' 22.0753129884"N<br>Longitude: 76° 30' 49.7644337988"E]]></description>
        <styleUrl>#icon-1899-A52714-labelson</styleUrl>
        <ExtendedData>
          <Data name="Latitude">
            <value><![CDATA[30° 32' 22.0753129884"N]]></value>
          </Data>
          <Data name="Longitude">
            <value><![CDATA[76° 30' 49.7644337988"E]]></value>
          </Data>
        </ExtendedData>
        <Point>
          <coordinates>
            76.513823453833,30.539465364719,0
          </coordinates>
        </Point>
      </Placemark>
      <Placemark>
        <name>1190</name>
        <description><![CDATA[Latitude: 30° 32' 41.6035629852"N<br>Longitude: 76° 30' 19.78714543392"E]]></description>
        <styleUrl>#icon-1899-A52714-labelson</styleUrl>
        <ExtendedData>
          <Data name="Latitude">
            <value><![CDATA[30° 32' 41.6035629852"N]]></value>
          </Data>
          <Data name="Longitude">
            <value><![CDATA[76° 30' 19.78714543392"E]]></value>
          </Data>
        </ExtendedData>
        <Point>
          <coordinates>
            76.5054964292872,30.544889878607,0
          </coordinates>
        </Point>
      </Placemark>
      <Placemark>
        <name>1191</name>
        <description><![CDATA[Latitude: 30° 33' 0.84560204664"N<br>Longitude: 76° 29' 49.56773966916"E]]></description>
        <styleUrl>#icon-1899-A52714-labelson</styleUrl>
        <ExtendedData>
          <Data name="Latitude">
            <value><![CDATA[30° 33' 0.84560204664"N]]></value>
          </Data>
          <Data name="Longitude">
            <value><![CDATA[76° 29' 49.56773966916"E]]></value>
          </Data>
        </ExtendedData>
        <Point>
          <coordinates>
            76.4971021499081,30.5502348894574,0
          </coordinates>
        </Point>
      </Placemark>
      <Placemark>
        <name>1192</name>
        <description><![CDATA[Latitude: 30° 33' 20.52989210916"N<br>Longitude: 76° 29' 19.71941155728"E]]></description>
        <styleUrl>#icon-1899-A52714-labelson</styleUrl>
        <ExtendedData>
          <Data name="Latitude">
            <value><![CDATA[30° 33' 20.52989210916"N]]></value>
          </Data>
          <Data name="Longitude">
            <value><![CDATA[76° 29' 19.71941155728"E]]></value>
          </Data>
        </ExtendedData>
        <Point>
          <coordinates>
            76.4888109476548,30.5557027478081,0
          </coordinates>
        </Point>
      </Placemark>
      <Placemark>
        <name>1193</name>
        <description><![CDATA[Latitude: 30° 33' 40.30317766008"N<br>Longitude: 76° 28' 49.9485172692"E]]></description>
        <styleUrl>#icon-1899-A52714-labelson</styleUrl>
        <ExtendedData>
          <Data name="Latitude">
            <value><![CDATA[30° 33' 40.30317766008"N]]></value>
          </Data>
          <Data name="Longitude">
            <value><![CDATA[76° 28' 49.9485172692"E]]></value>
          </Data>
        </ExtendedData>
        <Point>
          <coordinates>
            76.480541254797,30.5611953271278,0
          </coordinates>
        </Point>
      </Placemark>
      <Placemark>
        <name>1194</name>
        <description><![CDATA[Latitude: 30° 34' 0.00901611984"N<br>Longitude: 76° 28' 20.11558444176"E]]></description>
        <styleUrl>#icon-1899-A52714-labelson</styleUrl>
        <ExtendedData>
          <Data name="Latitude">
            <value><![CDATA[30° 34' 0.00901611984"N]]></value>
          </Data>
          <Data name="Longitude">
            <value><![CDATA[76° 28' 20.11558444176"E]]></value>
          </Data>
        </ExtendedData>
        <Point>
          <coordinates>
            76.4722543290116,30.5666691711444,0
          </coordinates>
        </Point>
      </Placemark>
      <Placemark>
        <name>1195</name>
        <description><![CDATA[Latitude: 30° 34' 19.71304768668"N<br>Longitude: 76° 27' 50.27926925448"E]]></description>
        <styleUrl>#icon-1899-A52714-labelson</styleUrl>
        <ExtendedData>
          <Data name="Latitude">
            <value><![CDATA[30° 34' 19.71304768668"N]]></value>
          </Data>
          <Data name="Longitude">
            <value><![CDATA[76° 27' 50.27926925448"E]]></value>
          </Data>
        </ExtendedData>
        <Point>
          <coordinates>
            76.4639664636818,30.5721425132463,0
          </coordinates>
        </Point>
      </Placemark>
      <Placemark>
        <name>1196</name>
        <description><![CDATA[Latitude: 30° 34' 39.415271196"N<br>Longitude: 76° 27' 20.43956358972"E]]></description>
        <styleUrl>#icon-1899-A52714-labelson</styleUrl>
        <ExtendedData>
          <Data name="Latitude">
            <value><![CDATA[30° 34' 39.415271196"N]]></value>
          </Data>
          <Data name="Longitude">
            <value><![CDATA[76° 27' 20.43956358972"E]]></value>
          </Data>
        </ExtendedData>
        <Point>
          <coordinates>
            76.4556776565527,30.57761535311,0
          </coordinates>
        </Point>
      </Placemark>
      <Placemark>
        <name>1197</name>
        <description><![CDATA[Latitude: 30° 34' 59.29242242916"N<br>Longitude: 76° 26' 50.755911585"E]]></description>
        <styleUrl>#icon-1899-A52714-labelson</styleUrl>
        <ExtendedData>
          <Data name="Latitude">
            <value><![CDATA[30° 34' 59.29242242916"N]]></value>
          </Data>
          <Data name="Longitude">
            <value><![CDATA[76° 26' 50.755911585"E]]></value>
          </Data>
        </ExtendedData>
        <Point>
          <coordinates>
            76.4474321976625,30.5831367840081,0
          </coordinates>
        </Point>
      </Placemark>
      <Placemark>
        <name>1198</name>
        <description><![CDATA[Latitude: 30° 35' 18.76486975116"N<br>Longitude: 76° 26' 20.71531610556"E]]></description>
        <styleUrl>#icon-1899-A52714-labelson</styleUrl>
        <ExtendedData>
          <Data name="Latitude">
            <value><![CDATA[30° 35' 18.76486975116"N]]></value>
          </Data>
          <Data name="Longitude">
            <value><![CDATA[76° 26' 20.71531610556"E]]></value>
          </Data>
        </ExtendedData>
        <Point>
          <coordinates>
            76.4390875878071,30.5885457971531,0
          </coordinates>
        </Point>
      </Placemark>
      <Placemark>
        <name>1199</name>
        <description><![CDATA[Latitude: 30° 35' 38.492283552"N<br>Longitude: 76° 25' 50.892484926"E]]></description>
        <styleUrl>#icon-1899-A52714-labelson</styleUrl>
        <ExtendedData>
          <Data name="Latitude">
            <value><![CDATA[30° 35' 38.492283552"N]]></value>
          </Data>
          <Data name="Longitude">
            <value><![CDATA[76° 25' 50.892484926"E]]></value>
          </Data>
        </ExtendedData>
        <Point>
          <coordinates>
            76.430803468035,30.59402563432,0
          </coordinates>
        </Point>
      </Placemark>
      <Placemark>
        <name>1200</name>
        <description><![CDATA[Latitude: 30° 35' 58.21864695996"N<br>Longitude: 76° 25' 21.06693088536"E]]></description>
        <styleUrl>#icon-1899-A52714-labelson</styleUrl>
        <ExtendedData>
          <Data name="Latitude">
            <value><![CDATA[30° 35' 58.21864695996"N]]></value>
          </Data>
          <Data name="Longitude">
            <value><![CDATA[76° 25' 21.06693088536"E]]></value>
          </Data>
        </ExtendedData>
        <Point>
          <coordinates>
            76.4225185919126,30.5995051797111,0
          </coordinates>
        </Point>
      </Placemark>
      <Placemark>
        <name>1201</name>
        <description><![CDATA[Latitude: 30° 36' 17.92898201412"N<br>Longitude: 76° 24' 51.22550335932"E]]></description>
        <styleUrl>#icon-1899-A52714-labelson</styleUrl>
        <ExtendedData>
          <Data name="Latitude">
            <value><![CDATA[30° 36' 17.92898201412"N]]></value>
          </Data>
          <Data name="Longitude">
            <value><![CDATA[76° 24' 51.22550335932"E]]></value>
          </Data>
        </ExtendedData>
        <Point>
          <coordinates>
            76.4142293064887,30.6049802727817,0
          </coordinates>
        </Point>
      </Placemark>
      <Placemark>
        <name>1202</name>
        <description><![CDATA[Latitude: 30° 36' 37.37317980708"N<br>Longitude: 76° 24' 21.15422446968"E]]></description>
        <styleUrl>#icon-1899-A52714-labelson</styleUrl>
        <ExtendedData>
          <Data name="Latitude">
            <value><![CDATA[30° 36' 37.37317980708"N]]></value>
          </Data>
          <Data name="Longitude">
            <value><![CDATA[76° 24' 21.15422446968"E]]></value>
          </Data>
        </ExtendedData>
        <Point>
          <coordinates>
            76.4058761734638,30.6103814388353,0
          </coordinates>
        </Point>
      </Placemark>
      <Placemark>
        <name>1203</name>
        <description><![CDATA[Latitude: 30° 36' 55.55156148576"N<br>Longitude: 76° 23' 50.03656458576"E]]></description>
        <styleUrl>#icon-1899-A52714-labelson</styleUrl>
        <ExtendedData>
          <Data name="Latitude">
            <value><![CDATA[30° 36' 55.55156148576"N]]></value>
          </Data>
          <Data name="Longitude">
            <value><![CDATA[76° 23' 50.03656458576"E]]></value>
          </Data>
        </ExtendedData>
        <Point>
          <coordinates>
            76.3972323790516,30.6154309893016,0
          </coordinates>
        </Point>
      </Placemark>
      <Placemark>
        <name>1204</name>
        <description><![CDATA[Latitude: 30° 37' 13.80431265528"N<br>Longitude: 76° 23' 18.97800945144"E]]></description>
        <styleUrl>#icon-1899-A52714-labelson</styleUrl>
        <ExtendedData>
          <Data name="Latitude">
            <value><![CDATA[30° 37' 13.80431265528"N]]></value>
          </Data>
          <Data name="Longitude">
            <value><![CDATA[76° 23' 18.97800945144"E]]></value>
          </Data>
        </ExtendedData>
        <Point>
          <coordinates>
            76.3886050026254,30.6205011979598,0
          </coordinates>
        </Point>
      </Placemark>
      <Placemark>
        <name>1205</name>
        <description><![CDATA[Latitude: 30° 37' 34.2932833722"N<br>Longitude: 76° 22' 49.95891584904"E]]></description>
        <styleUrl>#icon-1899-A52714-labelson</styleUrl>
        <ExtendedData>
          <Data name="Latitude">
            <value><![CDATA[30° 37' 34.2932833722"N]]></value>
          </Data>
          <Data name="Longitude">
            <value><![CDATA[76° 22' 49.95891584904"E]]></value>
          </Data>
        </ExtendedData>
        <Point>
          <coordinates>
            76.3805441432914,30.6261925787145,0
          </coordinates>
        </Point>
      </Placemark>
      <Placemark>
        <name>1206</name>
        <description><![CDATA[Latitude: 30° 38' 5.62344496332"N<br>Longitude: 76° 22' 42.04058230632"E]]></description>
        <styleUrl>#icon-1899-A52714-labelson</styleUrl>
        <ExtendedData>
          <Data name="Latitude">
            <value><![CDATA[30° 38' 5.62344496332"N]]></value>
          </Data>
          <Data name="Longitude">
            <value><![CDATA[76° 22' 42.04058230632"E]]></value>
          </Data>
        </ExtendedData>
        <Point>
          <coordinates>
            76.3783446061962,30.6348954013787,0
          </coordinates>
        </Point>
      </Placemark>
      <Placemark>
        <name>1207</name>
        <description><![CDATA[Latitude: 30° 38' 19.38549146388"N<br>Longitude: 76° 22' 11.48986715016"E]]></description>
        <styleUrl>#icon-1899-A52714-labelson</styleUrl>
        <ExtendedData>
          <Data name="Latitude">
            <value><![CDATA[30° 38' 19.38549146388"N]]></value>
          </Data>
          <Data name="Longitude">
            <value><![CDATA[76° 22' 11.48986715016"E]]></value>
          </Data>
        </ExtendedData>
        <Point>
          <coordinates>
            76.3698582964306,30.6387181920733,0
          </coordinates>
        </Point>
      </Placemark>
      <Placemark>
        <name>1208</name>
        <description><![CDATA[Latitude: 30° 37' 59.9498582718"N<br>Longitude: 76° 21' 41.92429067676"E]]></description>
        <styleUrl>#icon-1899-A52714-labelson</styleUrl>
        <ExtendedData>
          <Data name="Latitude">
            <value><![CDATA[30° 37' 59.9498582718"N]]></value>
          </Data>
          <Data name="Longitude">
            <value><![CDATA[76° 21' 41.92429067676"E]]></value>
          </Data>
        </ExtendedData>
        <Point>
          <coordinates>
            76.3616456362991,30.6333194050755,0
          </coordinates>
        </Point>
      </Placemark>
      <Placemark>
        <name>1209</name>
        <description><![CDATA[Latitude: 30° 38' 2.87873115648"N<br>Longitude: 76° 21' 7.64538618564"E]]></description>
        <styleUrl>#icon-1899-A52714-labelson</styleUrl>
        <ExtendedData>
          <Data name="Latitude">
            <value><![CDATA[30° 38' 2.87873115648"N]]></value>
          </Data>
          <Data name="Longitude">
            <value><![CDATA[76° 21' 7.64538618564"E]]></value>
          </Data>
        </ExtendedData>
        <Point>
          <coordinates>
            76.3521237183849,30.6341329808768,0
          </coordinates>
        </Point>
      </Placemark>
      <Placemark>
        <name>1210</name>
        <description><![CDATA[Latitude: 30° 38' 31.444533204"N<br>Longitude: 76° 20' 50.00718442092"E]]></description>
        <styleUrl>#icon-1899-A52714-labelson</styleUrl>
        <ExtendedData>
          <Data name="Latitude">
            <value><![CDATA[30° 38' 31.444533204"N]]></value>
          </Data>
          <Data name="Longitude">
            <value><![CDATA[76° 20' 50.00718442092"E]]></value>
          </Data>
        </ExtendedData>
        <Point>
          <coordinates>
            76.3472242178947,30.64206792589,0
          </coordinates>
        </Point>
      </Placemark>
      <Placemark>
        <name>1211</name>
        <description><![CDATA[Latitude: 30° 38' 50.1258660702"N<br>Longitude: 76° 20' 19.58755726788"E]]></description>
        <styleUrl>#icon-1899-A52714-labelson</styleUrl>
        <ExtendedData>
          <Data name="Latitude">
            <value><![CDATA[30° 38' 50.1258660702"N]]></value>
          </Data>
          <Data name="Longitude">
            <value><![CDATA[76° 20' 19.58755726788"E]]></value>
          </Data>
        </ExtendedData>
        <Point>
          <coordinates>
            76.3387743214633,30.6472571850195,0
          </coordinates>
        </Point>
      </Placemark>
      <Placemark>
        <name>1212</name>
        <description><![CDATA[Latitude: 30° 39' 9.31203527652"N<br>Longitude: 76° 19' 49.40529200616"E]]></description>
        <styleUrl>#icon-1899-A52714-labelson</styleUrl>
        <ExtendedData>
          <Data name="Latitude">
            <value><![CDATA[30° 39' 9.31203527652"N]]></value>
          </Data>
          <Data name="Longitude">
            <value><![CDATA[76° 19' 49.40529200616"E]]></value>
          </Data>
        </ExtendedData>
        <Point>
          <coordinates>
            76.3303903588906,30.6525866764657,0
          </coordinates>
        </Point>
      </Placemark>
      <Placemark>
        <name>1213</name>
        <description><![CDATA[Latitude: 30° 39' 26.402628546"N<br>Longitude: 76° 19' 17.45955391404"E]]></description>
        <styleUrl>#icon-1899-A52714-labelson</styleUrl>
        <ExtendedData>
          <Data name="Latitude">
            <value><![CDATA[30° 39' 26.402628546"N]]></value>
          </Data>
          <Data name="Longitude">
            <value><![CDATA[76° 19' 17.45955391404"E]]></value>
          </Data>
        </ExtendedData>
        <Point>
          <coordinates>
            76.3215165427539,30.657334063485,0
          </coordinates>
        </Point>
      </Placemark>
      <Placemark>
        <name>1214</name>
        <description><![CDATA[Latitude: 30° 39' 43.47785631852"N<br>Longitude: 76° 18' 45.50098839876"E]]></description>
        <styleUrl>#icon-1899-A52714-labelson</styleUrl>
        <ExtendedData>
          <Data name="Latitude">
            <value><![CDATA[30° 39' 43.47785631852"N]]></value>
          </Data>
          <Data name="Longitude">
            <value><![CDATA[76° 18' 45.50098839876"E]]></value>
          </Data>
        </ExtendedData>
        <Point>
          <coordinates>
            76.3126391634441,30.6620771823107,0
          </coordinates>
        </Point>
      </Placemark>
      <Placemark>
        <name>1215</name>
        <description><![CDATA[Latitude: 30° 39' 58.67963576208"N<br>Longitude: 76° 18' 12.43805925744"E]]></description>
        <styleUrl>#icon-1899-A52714-labelson</styleUrl>
        <ExtendedData>
          <Data name="Latitude">
            <value><![CDATA[30° 39' 58.67963576208"N]]></value>
          </Data>
          <Data name="Longitude">
            <value><![CDATA[76° 18' 12.43805925744"E]]></value>
          </Data>
        </ExtendedData>
        <Point>
          <coordinates>
            76.3034550164604,30.6662998988228,0
          </coordinates>
        </Point>
      </Placemark>
      <Placemark>
        <name>1216</name>
        <description><![CDATA[Latitude: 30° 40' 15.45121429608"N<br>Longitude: 76° 17' 40.28630197092"E]]></description>
        <styleUrl>#icon-1899-A52714-labelson</styleUrl>
        <ExtendedData>
          <Data name="Latitude">
            <value><![CDATA[30° 40' 15.45121429608"N]]></value>
          </Data>
          <Data name="Longitude">
            <value><![CDATA[76° 17' 40.28630197092"E]]></value>
          </Data>
        </ExtendedData>
        <Point>
          <coordinates>
            76.2945239727697,30.6709586706378,0
          </coordinates>
        </Point>
      </Placemark>
      <Placemark>
        <name>1217</name>
        <description><![CDATA[Latitude: 30° 40' 32.67362934228"N<br>Longitude: 76° 17' 8.43136308852"E]]></description>
        <styleUrl>#icon-1899-A52714-labelson</styleUrl>
        <ExtendedData>
          <Data name="Latitude">
            <value><![CDATA[30° 40' 32.67362934228"N]]></value>
          </Data>
          <Data name="Longitude">
            <value><![CDATA[76° 17' 8.43136308852"E]]></value>
          </Data>
        </ExtendedData>
        <Point>
          <coordinates>
            76.2856753786357,30.6757426748173,0
          </coordinates>
        </Point>
      </Placemark>
      <Placemark>
        <name>1218</name>
        <description><![CDATA[Latitude: 30° 40' 49.72009644696"N<br>Longitude: 76° 16' 36.4457650368"E]]></description>
        <styleUrl>#icon-1899-A52714-labelson</styleUrl>
        <ExtendedData>
          <Data name="Latitude">
            <value><![CDATA[30° 40' 49.72009644696"N]]></value>
          </Data>
          <Data name="Longitude">
            <value><![CDATA[76° 16' 36.4457650368"E]]></value>
          </Data>
        </ExtendedData>
        <Point>
          <coordinates>
            76.276790490288,30.6804778045686,0
          </coordinates>
        </Point>
      </Placemark>
      <Placemark>
        <name>1219</name>
        <description><![CDATA[Latitude: 30° 41' 6.76445051976"N<br>Longitude: 76° 16' 4.45699383924"E]]></description>
        <styleUrl>#icon-1899-A52714-labelson</styleUrl>
        <ExtendedData>
          <Data name="Latitude">
            <value><![CDATA[30° 41' 6.76445051976"N]]></value>
          </Data>
          <Data name="Longitude">
            <value><![CDATA[76° 16' 4.45699383924"E]]></value>
          </Data>
        </ExtendedData>
        <Point>
          <coordinates>
            76.2679047205109,30.6852123473666,0
          </coordinates>
        </Point>
      </Placemark>
      <Placemark>
        <name>1220</name>
        <description><![CDATA[Latitude: 30° 41' 23.80669031904"N<br>Longitude: 76° 15' 32.46504933816"E]]></description>
        <styleUrl>#icon-1899-A52714-labelson</styleUrl>
        <ExtendedData>
          <Data name="Latitude">
            <value><![CDATA[30° 41' 23.80669031904"N]]></value>
          </Data>
          <Data name="Longitude">
            <value><![CDATA[76° 15' 32.46504933816"E]]></value>
          </Data>
        </ExtendedData>
        <Point>
          <coordinates>
            76.2590180692606,30.6899463028664,0
          </coordinates>
        </Point>
      </Placemark>
      <Placemark>
        <name>1221</name>
        <description><![CDATA[Latitude: 30° 41' 40.84681785036"N<br>Longitude: 76° 15' 0.46993141908"E]]></description>
        <styleUrl>#icon-1899-A52714-labelson</styleUrl>
        <ExtendedData>
          <Data name="Latitude">
            <value><![CDATA[30° 41' 40.84681785036"N]]></value>
          </Data>
          <Data name="Longitude">
            <value><![CDATA[76° 15' 0.46993141908"E]]></value>
          </Data>
        </ExtendedData>
        <Point>
          <coordinates>
            76.2501305365053,30.6946796716251,0
          </coordinates>
        </Point>
      </Placemark>
      <Placemark>
        <name>1222</name>
        <description><![CDATA[Latitude: 30° 41' 57.88482537624"N<br>Longitude: 76° 14' 28.47163984224"E]]></description>
        <styleUrl>#icon-1899-A52714-labelson</styleUrl>
        <ExtendedData>
          <Data name="Latitude">
            <value><![CDATA[30° 41' 57.88482537624"N]]></value>
          </Data>
          <Data name="Longitude">
            <value><![CDATA[76° 14' 28.47163984224"E]]></value>
          </Data>
        </ExtendedData>
        <Point>
          <coordinates>
            76.2412421221784,30.6994124514934,0
          </coordinates>
        </Point>
      </Placemark>
      <Placemark>
        <name>1223</name>
        <description><![CDATA[Latitude: 30° 42' 14.77781734176"N<br>Longitude: 76° 13' 56.37146238264"E]]></description>
        <styleUrl>#icon-1899-A52714-labelson</styleUrl>
        <ExtendedData>
          <Data name="Latitude">
            <value><![CDATA[30° 42' 14.77781734176"N]]></value>
          </Data>
          <Data name="Longitude">
            <value><![CDATA[76° 13' 56.37146238264"E]]></value>
          </Data>
        </ExtendedData>
        <Point>
          <coordinates>
            76.2323254062174,30.7041049492616,0
          </coordinates>
        </Point>
      </Placemark>
      <Placemark>
        <name>1224</name>
        <description><![CDATA[Latitude: 30° 42' 31.54295376216"N<br>Longitude: 76° 13' 24.18225519144"E]]></description>
        <styleUrl>#icon-1899-A52714-labelson</styleUrl>
        <ExtendedData>
          <Data name="Latitude">
            <value><![CDATA[30° 42' 31.54295376216"N]]></value>
          </Data>
          <Data name="Longitude">
            <value><![CDATA[76° 13' 24.18225519144"E]]></value>
          </Data>
        </ExtendedData>
        <Point>
          <coordinates>
            76.2233839597754,30.7087619316006,0
          </coordinates>
        </Point>
      </Placemark>
      <Placemark>
        <name>1225</name>
        <description><![CDATA[Latitude: 30° 42' 49.09944425616"N<br>Longitude: 76° 12' 52.56110381688"E]]></description>
        <styleUrl>#icon-1899-A52714-labelson</styleUrl>
        <ExtendedData>
          <Data name="Latitude">
            <value><![CDATA[30° 42' 49.09944425616"N]]></value>
          </Data>
          <Data name="Longitude">
            <value><![CDATA[76° 12' 52.56110381688"E]]></value>
          </Data>
        </ExtendedData>
        <Point>
          <coordinates>
            76.2146003066158,30.7136387345156,0
          </coordinates>
        </Point>
      </Placemark>
      <Placemark>
        <name>1226</name>
        <description><![CDATA[Latitude: 30° 43' 5.90050969212"N<br>Longitude: 76° 12' 20.39075383068"E]]></description>
        <styleUrl>#icon-1899-A52714-labelson</styleUrl>
        <ExtendedData>
          <Data name="Latitude">
            <value><![CDATA[30° 43' 5.90050969212"N]]></value>
          </Data>
          <Data name="Longitude">
            <value><![CDATA[76° 12' 20.39075383068"E]]></value>
          </Data>
        </ExtendedData>
        <Point>
          <coordinates>
            76.2056640982863,30.7183056971367,0
          </coordinates>
        </Point>
      </Placemark>
      <Placemark>
        <name>1227</name>
        <description><![CDATA[Latitude: 30° 43' 22.89400487076"N<br>Longitude: 76° 11' 48.35247523476"E]]></description>
        <styleUrl>#icon-1899-A52714-labelson</styleUrl>
        <ExtendedData>
          <Data name="Latitude">
            <value><![CDATA[30° 43' 22.89400487076"N]]></value>
          </Data>
          <Data name="Longitude">
            <value><![CDATA[76° 11' 48.35247523476"E]]></value>
          </Data>
        </ExtendedData>
        <Point>
          <coordinates>
            76.1967645764541,30.7230261124641,0
          </coordinates>
        </Point>
      </Placemark>
      <Placemark>
        <name>1228</name>
        <description><![CDATA[Latitude: 30° 43' 39.72175207104"N<br>Longitude: 76° 11' 16.1968336962"E]]></description>
        <styleUrl>#icon-1899-A52714-labelson</styleUrl>
        <ExtendedData>
          <Data name="Latitude">
            <value><![CDATA[30° 43' 39.72175207104"N]]></value>
          </Data>
          <Data name="Longitude">
            <value><![CDATA[76° 11' 16.1968336962"E]]></value>
          </Data>
        </ExtendedData>
        <Point>
          <coordinates>
            76.1878324538045,30.7277004866864,0
          </coordinates>
        </Point>
      </Placemark>
      <Placemark>
        <name>1229</name>
        <description><![CDATA[Latitude: 30° 43' 56.73299645604"N<br>Longitude: 76° 10' 44.16787279092"E]]></description>
        <styleUrl>#icon-1899-A52714-labelson</styleUrl>
        <ExtendedData>
          <Data name="Latitude">
            <value><![CDATA[30° 43' 56.73299645604"N]]></value>
          </Data>
          <Data name="Longitude">
            <value><![CDATA[76° 10' 44.16787279092"E]]></value>
          </Data>
        </ExtendedData>
        <Point>
          <coordinates>
            76.1789355202197,30.7324258323489,0
          </coordinates>
        </Point>
      </Placemark>
      <Placemark>
        <name>1230</name>
        <description><![CDATA[Latitude: 30° 44' 13.74211300452"N<br>Longitude: 76° 10' 12.13573457712"E]]></description>
        <styleUrl>#icon-1899-A52714-labelson</styleUrl>
        <ExtendedData>
          <Data name="Latitude">
            <value><![CDATA[30° 44' 13.74211300452"N]]></value>
          </Data>
          <Data name="Longitude">
            <value><![CDATA[76° 10' 12.13573457712"E]]></value>
          </Data>
        </ExtendedData>
        <Point>
          <coordinates>
            76.1700377040492,30.7371505869457,0
          </coordinates>
        </Point>
      </Placemark>
      <Placemark>
        <name>1231</name>
        <description><![CDATA[Latitude: 30° 44' 30.92542950408"N<br>Longitude: 76° 9' 40.22975583108"E]]></description>
        <styleUrl>#icon-1899-A52714-labelson</styleUrl>
        <ExtendedData>
          <Data name="Latitude">
            <value><![CDATA[30° 44' 30.92542950408"N]]></value>
          </Data>
          <Data name="Longitude">
            <value><![CDATA[76° 9' 40.22975583108"E]]></value>
          </Data>
        </ExtendedData>
        <Point>
          <coordinates>
            76.1611749321753,30.7419237304178,0
          </coordinates>
        </Point>
      </Placemark>
      <Placemark>
        <name>1232</name>
        <description><![CDATA[Latitude: 30° 44' 47.9156833338"N<br>Longitude: 76° 9' 8.18087648976"E]]></description>
        <styleUrl>#icon-1899-A52714-labelson</styleUrl>
        <ExtendedData>
          <Data name="Latitude">
            <value><![CDATA[30° 44' 47.9156833338"N]]></value>
          </Data>
          <Data name="Longitude">
            <value><![CDATA[76° 9' 8.18087648976"E]]></value>
          </Data>
        </ExtendedData>
        <Point>
          <coordinates>
            76.1522724656916,30.7466432453705,0
          </coordinates>
        </Point>
      </Placemark>
      <Placemark>
        <name>1233</name>
        <description><![CDATA[Latitude: 30° 45' 4.90380733404"N<br>Longitude: 76° 8' 36.12882852024"E]]></description>
        <styleUrl>#icon-1899-A52714-labelson</styleUrl>
        <ExtendedData>
          <Data name="Latitude">
            <value><![CDATA[30° 45' 4.90380733404"N]]></value>
          </Data>
          <Data name="Longitude">
            <value><![CDATA[76° 8' 36.12882852024"E]]></value>
          </Data>
        </ExtendedData>
        <Point>
          <coordinates>
            76.1433691190334,30.7513621687039,0
          </coordinates>
        </Point>
      </Placemark>
      <Placemark>
        <name>1234</name>
        <description><![CDATA[Latitude: 30° 45' 21.88389272292"N<br>Longitude: 76° 8' 4.06942412316"E]]></description>
        <styleUrl>#icon-1899-A52714-labelson</styleUrl>
        <ExtendedData>
          <Data name="Latitude">
            <value><![CDATA[30° 45' 21.88389272292"N]]></value>
          </Data>
          <Data name="Longitude">
            <value><![CDATA[76° 8' 4.06942412316"E]]></value>
          </Data>
        </ExtendedData>
        <Point>
          <coordinates>
            76.1344637289231,30.7560788590897,0
          </coordinates>
        </Point>
      </Placemark>
      <Placemark>
        <name>1235</name>
        <description><![CDATA[Latitude: 30° 45' 38.0998552914"N<br>Longitude: 76° 7' 31.49469080472"E]]></description>
        <styleUrl>#icon-1899-A52714-labelson</styleUrl>
        <ExtendedData>
          <Data name="Latitude">
            <value><![CDATA[30° 45' 38.0998552914"N]]></value>
          </Data>
          <Data name="Longitude">
            <value><![CDATA[76° 7' 31.49469080472"E]]></value>
          </Data>
        </ExtendedData>
        <Point>
          <coordinates>
            76.1254151918902,30.7605832931365,0
          </coordinates>
        </Point>
      </Placemark>
      <Placemark>
        <name>1236</name>
        <description><![CDATA[Latitude: 30° 45' 55.59618622824"N<br>Longitude: 76° 6' 59.81861019492"E]]></description>
        <styleUrl>#icon-1899-A52714-labelson</styleUrl>
        <ExtendedData>
          <Data name="Latitude">
            <value><![CDATA[30° 45' 55.59618622824"N]]></value>
          </Data>
          <Data name="Longitude">
            <value><![CDATA[76° 6' 59.81861019492"E]]></value>
          </Data>
        </ExtendedData>
        <Point>
          <coordinates>
            76.1166162806097,30.7654433850634,0
          </coordinates>
        </Point>
      </Placemark>
      <Placemark>
        <name>1237</name>
        <description><![CDATA[Latitude: 30° 46' 12.53385493752"N<br>Longitude: 76° 6' 27.72417966336"E]]></description>
        <styleUrl>#icon-1899-A52714-labelson</styleUrl>
        <ExtendedData>
          <Data name="Latitude">
            <value><![CDATA[30° 46' 12.53385493752"N]]></value>
          </Data>
          <Data name="Longitude">
            <value><![CDATA[76° 6' 27.72417966336"E]]></value>
          </Data>
        </ExtendedData>
        <Point>
          <coordinates>
            76.1077011610176,30.7701482930382,0
          </coordinates>
        </Point>
      </Placemark>
      <Placemark>
        <name>1238</name>
        <description><![CDATA[Latitude: 30° 46' 29.46937700928"N<br>Longitude: 76° 5' 55.6265805234"E]]></description>
        <styleUrl>#icon-1899-A52714-labelson</styleUrl>
        <ExtendedData>
          <Data name="Latitude">
            <value><![CDATA[30° 46' 29.46937700928"N]]></value>
          </Data>
          <Data name="Longitude">
            <value><![CDATA[76° 5' 55.6265805234"E]]></value>
          </Data>
        </ExtendedData>
        <Point>
          <coordinates>
            76.0987851612565,30.7748526047248,0
          </coordinates>
        </Point>
      </Placemark>
      <Placemark>
        <name>1239</name>
        <description><![CDATA[Latitude: 30° 46' 46.43429815488"N<br>Longitude: 76° 5' 23.54854860276"E]]></description>
        <styleUrl>#icon-1899-A52714-labelson</styleUrl>
        <ExtendedData>
          <Data name="Latitude">
            <value><![CDATA[30° 46' 46.43429815488"N]]></value>
          </Data>
          <Data name="Longitude">
            <value><![CDATA[76° 5' 23.54854860276"E]]></value>
          </Data>
        </ExtendedData>
        <Point>
          <coordinates>
            76.0898745968341,30.7795650828208,0
          </coordinates>
        </Point>
      </Placemark>
      <Placemark>
        <name>1240</name>
        <description><![CDATA[Latitude: 30° 47' 3.52348419696"N<br>Longitude: 76° 4' 51.55955929128"E]]></description>
        <styleUrl>#icon-1899-A52714-labelson</styleUrl>
        <ExtendedData>
          <Data name="Latitude">
            <value><![CDATA[30° 47' 3.52348419696"N]]></value>
          </Data>
          <Data name="Longitude">
            <value><![CDATA[76° 4' 51.55955929128"E]]></value>
          </Data>
        </ExtendedData>
        <Point>
          <coordinates>
            76.0809887664698,30.7843120789436,0
          </coordinates>
        </Point>
      </Placemark>
      <Placemark>
        <name>1241</name>
        <description><![CDATA[Latitude: 30° 47' 20.46601211964"N<br>Longitude: 76° 4' 19.461949563"E]]></description>
        <styleUrl>#icon-1899-A52714-labelson</styleUrl>
        <ExtendedData>
          <Data name="Latitude">
            <value><![CDATA[30° 47' 20.46601211964"N]]></value>
          </Data>
          <Data name="Longitude">
            <value><![CDATA[76° 4' 19.461949563"E]]></value>
          </Data>
        </ExtendedData>
        <Point>
          <coordinates>
            76.0720727637675,30.7890183366999,0
          </coordinates>
        </Point>
      </Placemark>
      <Placemark>
        <name>1242</name>
        <description><![CDATA[Latitude: 30° 47' 37.40639301312"N<br>Longitude: 76° 3' 47.36116923804"E]]></description>
        <styleUrl>#icon-1899-A52714-labelson</styleUrl>
        <ExtendedData>
          <Data name="Latitude">
            <value><![CDATA[30° 47' 37.40639301312"N]]></value>
          </Data>
          <Data name="Longitude">
            <value><![CDATA[76° 3' 47.36116923804"E]]></value>
          </Data>
        </ExtendedData>
        <Point>
          <coordinates>
            76.0631558803439,30.7937239980592,0
          </coordinates>
        </Point>
      </Placemark>
      <Placemark>
        <name>1243</name>
        <description><![CDATA[Latitude: 30° 47' 54.3446256048"N<br>Longitude: 76° 3' 15.2572219434"E]]></description>
        <styleUrl>#icon-1899-A52714-labelson</styleUrl>
        <ExtendedData>
          <Data name="Latitude">
            <value><![CDATA[30° 47' 54.3446256048"N]]></value>
          </Data>
          <Data name="Longitude">
            <value><![CDATA[76° 3' 15.2572219434"E]]></value>
          </Data>
        </ExtendedData>
        <Point>
          <coordinates>
            76.0542381172065,30.798429062668,0
          </coordinates>
        </Point>
      </Placemark>
      <Placemark>
        <name>1244</name>
        <description><![CDATA[Latitude: 30° 48' 10.78066029024"N<br>Longitude: 76° 2' 42.8143182414"E]]></description>
        <styleUrl>#icon-1899-A52714-labelson</styleUrl>
        <ExtendedData>
          <Data name="Latitude">
            <value><![CDATA[30° 48' 10.78066029024"N]]></value>
          </Data>
          <Data name="Longitude">
            <value><![CDATA[76° 2' 42.8143182414"E]]></value>
          </Data>
        </ExtendedData>
        <Point>
          <coordinates>
            76.0452261995115,30.8029946278584,0
          </coordinates>
        </Point>
      </Placemark>
      <Placemark>
        <name>1245</name>
        <description><![CDATA[Latitude: 30° 48' 27.63596702232"N<br>Longitude: 76° 2' 10.6515194712"E]]></description>
        <styleUrl>#icon-1899-A52714-labelson</styleUrl>
        <ExtendedData>
          <Data name="Latitude">
            <value><![CDATA[30° 48' 27.63596702232"N]]></value>
          </Data>
          <Data name="Longitude">
            <value><![CDATA[76° 2' 10.6515194712"E]]></value>
          </Data>
        </ExtendedData>
        <Point>
          <coordinates>
            76.036292088742,30.8076766575062,0
          </coordinates>
        </Point>
      </Placemark>
      <Placemark>
        <name>1246</name>
        <description><![CDATA[Latitude: 30° 48' 45.1178862084"N<br>Longitude: 76° 1' 38.9459737146"E]]></description>
        <styleUrl>#icon-1899-A52714-labelson</styleUrl>
        <ExtendedData>
          <Data name="Latitude">
            <value><![CDATA[30° 48' 45.1178862084"N]]></value>
          </Data>
          <Data name="Longitude">
            <value><![CDATA[76° 1' 38.9459737146"E]]></value>
          </Data>
        </ExtendedData>
        <Point>
          <coordinates>
            76.0274849926985,30.812532746169,0
          </coordinates>
        </Point>
      </Placemark>
      <Placemark>
        <name>1247</name>
        <description><![CDATA[Latitude: 30° 49' 2.03945837916"N<br>Longitude: 76° 1' 6.82364552088"E]]></description>
        <styleUrl>#icon-1899-A52714-labelson</styleUrl>
        <ExtendedData>
          <Data name="Latitude">
            <value><![CDATA[30° 49' 2.03945837916"N]]></value>
          </Data>
          <Data name="Longitude">
            <value><![CDATA[76° 1' 6.82364552088"E]]></value>
          </Data>
        </ExtendedData>
        <Point>
          <coordinates>
            76.0185621237558,30.8172331828831,0
          </coordinates>
        </Point>
      </Placemark>
      <Placemark>
        <name>1248</name>
        <description><![CDATA[Latitude: 30° 49' 18.95887852752"N<br>Longitude: 76° 0' 34.69814684208"E]]></description>
        <styleUrl>#icon-1899-A52714-labelson</styleUrl>
        <ExtendedData>
          <Data name="Latitude">
            <value><![CDATA[30° 49' 18.95887852752"N]]></value>
          </Data>
          <Data name="Longitude">
            <value><![CDATA[76° 0' 34.69814684208"E]]></value>
          </Data>
        </ExtendedData>
        <Point>
          <coordinates>
            76.0096383741228,30.8219330218132,0
          </coordinates>
        </Point>
      </Placemark>
      <Placemark>
        <name>1249</name>
        <description><![CDATA[Latitude: 30° 49' 35.87614216536"N<br>Longitude: 76° 0' 2.56947751188"E]]></description>
        <styleUrl>#icon-1899-A52714-labelson</styleUrl>
        <ExtendedData>
          <Data name="Latitude">
            <value><![CDATA[30° 49' 35.87614216536"N]]></value>
          </Data>
          <Data name="Longitude">
            <value><![CDATA[76° 0' 2.56947751188"E]]></value>
          </Data>
        </ExtendedData>
        <Point>
          <coordinates>
            76.0007137437533,30.8266322617126,0
          </coordinates>
        </Point>
      </Placemark>
      <Placemark>
        <name>1250</name>
        <description><![CDATA[Latitude: 30° 49' 52.79124480276"N<br>Longitude: 75° 59' 30.43763736468"E]]></description>
        <styleUrl>#icon-1899-A52714-labelson</styleUrl>
        <ExtendedData>
          <Data name="Latitude">
            <value><![CDATA[30° 49' 52.79124480276"N]]></value>
          </Data>
          <Data name="Longitude">
            <value><![CDATA[75° 59' 30.43763736468"E]]></value>
          </Data>
        </ExtendedData>
        <Point>
          <coordinates>
            75.9917882326013,30.8313309013341,0
          </coordinates>
        </Point>
      </Placemark>
    </Folder>
  </Document>
</kml>
