<?xml version="1.0" encoding="UTF-8"?>
<kml xmlns="http://www.opengis.net/kml/2.2">
  <Document>
    <name>PKY-SNL</name>
    <description/>
    <Style id="icon-1502-7CB342-labelson">
      <IconStyle>
        <color>ff42b37c</color>
        <scale>1</scale>
        <Icon>
          <href>https://www.gstatic.com/mapspro/images/stock/503-wht-blank_maps.png</href>
        </Icon>
      </IconStyle>
    </Style>
    <Style id="icon-1528-E65100-labelson">
      <IconStyle>
        <color>ff0051e6</color>
        <scale>1</scale>
        <Icon>
          <href>https://www.gstatic.com/mapspro/images/stock/503-wht-blank_maps.png</href>
        </Icon>
      </IconStyle>
    </Style>
    <Style id="icon-1899-0288D1-labelson">
      <IconStyle>
        <color>ffd18802</color>
        <scale>1</scale>
        <Icon>
          <href>https://www.gstatic.com/mapspro/images/stock/503-wht-blank_maps.png</href>
        </Icon>
        <hotSpot x="32" xunits="pixels" y="64" yunits="insetPixels"/>
      </IconStyle>
    </Style>
    <Style id="icon-1899-1A237E-labelson">
      <IconStyle>
        <color>ff7e231a</color>
        <scale>1</scale>
        <Icon>
          <href>https://www.gstatic.com/mapspro/images/stock/503-wht-blank_maps.png</href>
        </Icon>
        <hotSpot x="32" xunits="pixels" y="64" yunits="insetPixels"/>
      </IconStyle>
    </Style>
    <Style id="icon-1899-795548-labelson">
      <IconStyle>
        <color>ff485579</color>
        <scale>1</scale>
        <Icon>
          <href>https://www.gstatic.com/mapspro/images/stock/503-wht-blank_maps.png</href>
        </Icon>
        <hotSpot x="32" xunits="pixels" y="64" yunits="insetPixels"/>
      </IconStyle>
    </Style>
    <Style id="icon-1899-817717-labelson">
      <IconStyle>
        <color>ff177781</color>
        <scale>1</scale>
        <Icon>
          <href>https://www.gstatic.com/mapspro/images/stock/503-wht-blank_maps.png</href>
        </Icon>
        <hotSpot x="32" xunits="pixels" y="64" yunits="insetPixels"/>
      </IconStyle>
    </Style>
    <Style id="icon-1899-9C27B0-labelson">
      <IconStyle>
        <color>ffb0279c</color>
        <scale>1</scale>
        <Icon>
          <href>https://www.gstatic.com/mapspro/images/stock/503-wht-blank_maps.png</href>
        </Icon>
        <hotSpot x="32" xunits="pixels" y="64" yunits="insetPixels"/>
      </IconStyle>
    </Style>
    <Style id="icon-1899-AFB42B-labelson">
      <IconStyle>
        <color>ff2bb4af</color>
        <scale>1</scale>
        <Icon>
          <href>https://www.gstatic.com/mapspro/images/stock/503-wht-blank_maps.png</href>
        </Icon>
        <hotSpot x="32" xunits="pixels" y="64" yunits="insetPixels"/>
      </IconStyle>
    </Style>
    <Style id="icon-1899-FFD600-labelson">
      <IconStyle>
        <color>ff00d6ff</color>
        <scale>1</scale>
        <Icon>
          <href>https://www.gstatic.com/mapspro/images/stock/503-wht-blank_maps.png</href>
        </Icon>
        <hotSpot x="32" xunits="pixels" y="64" yunits="insetPixels"/>
      </IconStyle>
    </Style>
    <Folder>
      <name>Bridge location</name>
      <Placemark>
        <name>Br. No. 1</name>
        <description><![CDATA[East: 739,277.133<br>North: 3,320,638.562<br>zone: 43 R<br>Longitude: 77.48034492<br>Latitude: 29.99334994]]></description>
        <styleUrl>#icon-1528-E65100-labelson</styleUrl>
        <ExtendedData>
          <Data name="East">
            <value>739277.133</value>
          </Data>
          <Data name="North">
            <value>3320638.562</value>
          </Data>
          <Data name="zone">
            <value>43 R</value>
          </Data>
          <Data name="Longitude">
            <value>77.48034492</value>
          </Data>
          <Data name="Latitude">
            <value>29.99334994</value>
          </Data>
        </ExtendedData>
        <Point>
          <coordinates>
            77.48034492,29.99334994,0
          </coordinates>
        </Point>
      </Placemark>
      <Placemark>
        <name>Br. No. 2</name>
        <description><![CDATA[East: 737,963.977<br>North: 3,321,405.837<br>zone: <br>Longitude: 77.46691452<br>Latitude: 30.00052354]]></description>
        <styleUrl>#icon-1528-E65100-labelson</styleUrl>
        <ExtendedData>
          <Data name="East">
            <value>737963.977</value>
          </Data>
          <Data name="North">
            <value>3321405.837</value>
          </Data>
          <Data name="zone">
            <value/>
          </Data>
          <Data name="Longitude">
            <value>77.46691452</value>
          </Data>
          <Data name="Latitude">
            <value>30.00052354</value>
          </Data>
        </ExtendedData>
        <Point>
          <coordinates>
            77.46691452,30.00052354,0
          </coordinates>
        </Point>
      </Placemark>
      <Placemark>
        <name>Br. No. 3</name>
        <description><![CDATA[East: 737,921.949<br>North: 3,321,431.809<br>zone: <br>Longitude: 77.46648495<br>Latitude: 30.00076587]]></description>
        <styleUrl>#icon-1528-E65100-labelson</styleUrl>
        <ExtendedData>
          <Data name="East">
            <value>737921.949</value>
          </Data>
          <Data name="North">
            <value>3321431.809</value>
          </Data>
          <Data name="zone">
            <value/>
          </Data>
          <Data name="Longitude">
            <value>77.46648495</value>
          </Data>
          <Data name="Latitude">
            <value>30.00076587</value>
          </Data>
        </ExtendedData>
        <Point>
          <coordinates>
            77.46648495,30.00076587,0
          </coordinates>
        </Point>
      </Placemark>
      <Placemark>
        <name>Br. No. 4</name>
        <description><![CDATA[East: 737,875.991<br>North: 3,321,460.21<br>zone: <br>Longitude: 77.46601522<br>Latitude: 30.00103087]]></description>
        <styleUrl>#icon-1528-E65100-labelson</styleUrl>
        <ExtendedData>
          <Data name="East">
            <value>737875.991</value>
          </Data>
          <Data name="North">
            <value>3321460.21</value>
          </Data>
          <Data name="zone">
            <value/>
          </Data>
          <Data name="Longitude">
            <value>77.46601522</value>
          </Data>
          <Data name="Latitude">
            <value>30.00103087</value>
          </Data>
        </ExtendedData>
        <Point>
          <coordinates>
            77.46601522,30.00103087,0
          </coordinates>
        </Point>
      </Placemark>
      <Placemark>
        <name>Br. No. 5</name>
        <description><![CDATA[East: 737,002.038<br>North: 3,321,983.761<br>zone: <br>Longitude: 77.45707847<br>Latitude: 30.00592072]]></description>
        <styleUrl>#icon-1528-E65100-labelson</styleUrl>
        <ExtendedData>
          <Data name="East">
            <value>737002.038</value>
          </Data>
          <Data name="North">
            <value>3321983.761</value>
          </Data>
          <Data name="zone">
            <value/>
          </Data>
          <Data name="Longitude">
            <value>77.45707847</value>
          </Data>
          <Data name="Latitude">
            <value>30.00592072</value>
          </Data>
        </ExtendedData>
        <Point>
          <coordinates>
            77.45707847,30.00592072,0
          </coordinates>
        </Point>
      </Placemark>
      <Placemark>
        <name>Br. No. 6</name>
        <description><![CDATA[East: 734,379.43<br>North: 3,323,536.373<br>zone: <br>Longitude: 77.43025104<br>Latitude: 30.02042439]]></description>
        <styleUrl>#icon-1528-E65100-labelson</styleUrl>
        <ExtendedData>
          <Data name="East">
            <value>734379.43</value>
          </Data>
          <Data name="North">
            <value>3323536.373</value>
          </Data>
          <Data name="zone">
            <value/>
          </Data>
          <Data name="Longitude">
            <value>77.43025104</value>
          </Data>
          <Data name="Latitude">
            <value>30.02042439</value>
          </Data>
        </ExtendedData>
        <Point>
          <coordinates>
            77.43025104,30.02042439,0
          </coordinates>
        </Point>
      </Placemark>
      <Placemark>
        <name>Br. No. 7</name>
        <description><![CDATA[East: 733,770.743<br>North: 3,323,889.319<br>zone: <br>Longitude: 77.42402183<br>Latitude: 30.0237231]]></description>
        <styleUrl>#icon-1528-E65100-labelson</styleUrl>
        <ExtendedData>
          <Data name="East">
            <value>733770.743</value>
          </Data>
          <Data name="North">
            <value>3323889.319</value>
          </Data>
          <Data name="zone">
            <value/>
          </Data>
          <Data name="Longitude">
            <value>77.42402183</value>
          </Data>
          <Data name="Latitude">
            <value>30.0237231</value>
          </Data>
        </ExtendedData>
        <Point>
          <coordinates>
            77.42402183,30.0237231,0
          </coordinates>
        </Point>
      </Placemark>
      <Placemark>
        <name>Br. No. 8</name>
        <description><![CDATA[East: 732,478.092<br>North: 3,324,665.946<br>zone: <br>Longitude: 77.41079752<br>Latitude: 30.0309718]]></description>
        <styleUrl>#icon-1528-E65100-labelson</styleUrl>
        <ExtendedData>
          <Data name="East">
            <value>732478.092</value>
          </Data>
          <Data name="North">
            <value>3324665.946</value>
          </Data>
          <Data name="zone">
            <value/>
          </Data>
          <Data name="Longitude">
            <value>77.41079752</value>
          </Data>
          <Data name="Latitude">
            <value>30.0309718</value>
          </Data>
        </ExtendedData>
        <Point>
          <coordinates>
            77.41079752,30.0309718,0
          </coordinates>
        </Point>
      </Placemark>
      <Placemark>
        <name>Br. No. 9</name>
        <description><![CDATA[East: 732,196.626<br>North: 3,324,830.244<br>zone: <br>Longitude: 77.4079167<br>Latitude: 30.03250664]]></description>
        <styleUrl>#icon-1528-E65100-labelson</styleUrl>
        <ExtendedData>
          <Data name="East">
            <value>732196.626</value>
          </Data>
          <Data name="North">
            <value>3324830.244</value>
          </Data>
          <Data name="zone">
            <value/>
          </Data>
          <Data name="Longitude">
            <value>77.4079167</value>
          </Data>
          <Data name="Latitude">
            <value>30.03250664</value>
          </Data>
        </ExtendedData>
        <Point>
          <coordinates>
            77.4079167,30.03250664,0
          </coordinates>
        </Point>
      </Placemark>
      <Placemark>
        <name>Br. No. 10</name>
        <description><![CDATA[East: 730,602.303<br>North: 3,325,773.658<br>zone: <br>Longitude: 77.39159979<br>Latitude: 30.04131461]]></description>
        <styleUrl>#icon-1528-E65100-labelson</styleUrl>
        <ExtendedData>
          <Data name="East">
            <value>730602.303</value>
          </Data>
          <Data name="North">
            <value>3325773.658</value>
          </Data>
          <Data name="zone">
            <value/>
          </Data>
          <Data name="Longitude">
            <value>77.39159979</value>
          </Data>
          <Data name="Latitude">
            <value>30.04131461</value>
          </Data>
        </ExtendedData>
        <Point>
          <coordinates>
            77.39159979,30.04131461,0
          </coordinates>
        </Point>
      </Placemark>
      <Placemark>
        <name>Br. No. 11</name>
        <description><![CDATA[East: 729,827.078<br>North: 3,326,236.568<br>zone: <br>Longitude: 77.38366566<br>Latitude: 30.04563444]]></description>
        <styleUrl>#icon-1528-E65100-labelson</styleUrl>
        <ExtendedData>
          <Data name="East">
            <value>729827.078</value>
          </Data>
          <Data name="North">
            <value>3326236.568</value>
          </Data>
          <Data name="zone">
            <value/>
          </Data>
          <Data name="Longitude">
            <value>77.38366566</value>
          </Data>
          <Data name="Latitude">
            <value>30.04563444</value>
          </Data>
        </ExtendedData>
        <Point>
          <coordinates>
            77.38366566,30.04563444,0
          </coordinates>
        </Point>
      </Placemark>
      <Placemark>
        <name>Br. No. 12</name>
        <description><![CDATA[East: 728,667.912<br>North: 3,326,922.486<br>zone: <br>Longitude: 77.37179938<br>Latitude: 30.05203651]]></description>
        <styleUrl>#icon-1528-E65100-labelson</styleUrl>
        <ExtendedData>
          <Data name="East">
            <value>728667.912</value>
          </Data>
          <Data name="North">
            <value>3326922.486</value>
          </Data>
          <Data name="zone">
            <value/>
          </Data>
          <Data name="Longitude">
            <value>77.37179938</value>
          </Data>
          <Data name="Latitude">
            <value>30.05203651</value>
          </Data>
        </ExtendedData>
        <Point>
          <coordinates>
            77.37179938,30.05203651,0
          </coordinates>
        </Point>
      </Placemark>
      <Placemark>
        <name>Br. No. 13</name>
        <description><![CDATA[East: 726,994.128<br>North: 3,328,659.511<br>zone: <br>Longitude: 77.35482165<br>Latitude: 30.06801096]]></description>
        <styleUrl>#icon-1528-E65100-labelson</styleUrl>
        <ExtendedData>
          <Data name="East">
            <value>726994.128</value>
          </Data>
          <Data name="North">
            <value>3328659.511</value>
          </Data>
          <Data name="zone">
            <value/>
          </Data>
          <Data name="Longitude">
            <value>77.35482165</value>
          </Data>
          <Data name="Latitude">
            <value>30.06801096</value>
          </Data>
        </ExtendedData>
        <Point>
          <coordinates>
            77.35482165,30.06801096,0
          </coordinates>
        </Point>
      </Placemark>
      <Placemark>
        <name>Br. No. 14</name>
        <description><![CDATA[East: 725,346.795<br>North: 3,330,467.324<br>zone: <br>Longitude: 77.33812777<br>Latitude: 30.08461688]]></description>
        <styleUrl>#icon-1528-E65100-labelson</styleUrl>
        <ExtendedData>
          <Data name="East">
            <value>725346.795</value>
          </Data>
          <Data name="North">
            <value>3330467.324</value>
          </Data>
          <Data name="zone">
            <value/>
          </Data>
          <Data name="Longitude">
            <value>77.33812777</value>
          </Data>
          <Data name="Latitude">
            <value>30.08461688</value>
          </Data>
        </ExtendedData>
        <Point>
          <coordinates>
            77.33812777,30.08461688,0
          </coordinates>
        </Point>
      </Placemark>
      <Placemark>
        <name>Br. No. 15</name>
        <description><![CDATA[East: 723,770.121<br>North: 3,331,981.395<br>zone: <br>Longitude: 77.32209915<br>Latitude: 30.0985593]]></description>
        <styleUrl>#icon-1528-E65100-labelson</styleUrl>
        <ExtendedData>
          <Data name="East">
            <value>723770.121</value>
          </Data>
          <Data name="North">
            <value>3331981.395</value>
          </Data>
          <Data name="zone">
            <value/>
          </Data>
          <Data name="Longitude">
            <value>77.32209915</value>
          </Data>
          <Data name="Latitude">
            <value>30.0985593</value>
          </Data>
        </ExtendedData>
        <Point>
          <coordinates>
            77.32209915,30.0985593,0
          </coordinates>
        </Point>
      </Placemark>
      <Placemark>
        <name>Br. No. 16</name>
        <description><![CDATA[East: 723,748.813<br>North: 3,331,993.93<br>zone: <br>Longitude: 77.32188083<br>Latitude: 30.09867623]]></description>
        <styleUrl>#icon-1528-E65100-labelson</styleUrl>
        <ExtendedData>
          <Data name="East">
            <value>723748.813</value>
          </Data>
          <Data name="North">
            <value>3331993.93</value>
          </Data>
          <Data name="zone">
            <value/>
          </Data>
          <Data name="Longitude">
            <value>77.32188083</value>
          </Data>
          <Data name="Latitude">
            <value>30.09867623</value>
          </Data>
        </ExtendedData>
        <Point>
          <coordinates>
            77.32188083,30.09867623,0
          </coordinates>
        </Point>
      </Placemark>
      <Placemark>
        <name>Br. No. 17</name>
        <description><![CDATA[East: 722,038.325<br>North: 3,333,000.188<br>zone: <br>Longitude: 77.30435347<br>Latitude: 30.10806223]]></description>
        <styleUrl>#icon-1528-E65100-labelson</styleUrl>
        <ExtendedData>
          <Data name="East">
            <value>722038.325</value>
          </Data>
          <Data name="North">
            <value>3333000.188</value>
          </Data>
          <Data name="zone">
            <value/>
          </Data>
          <Data name="Longitude">
            <value>77.30435347</value>
          </Data>
          <Data name="Latitude">
            <value>30.10806223</value>
          </Data>
        </ExtendedData>
        <Point>
          <coordinates>
            77.30435347,30.10806223,0
          </coordinates>
        </Point>
      </Placemark>
      <Placemark>
        <name>Br. No. 18</name>
        <description><![CDATA[East: 721,033.911<br>North: 3,333,527.097<br>zone: <br>Longitude: 77.29404631<br>Latitude: 30.11299589]]></description>
        <styleUrl>#icon-1528-E65100-labelson</styleUrl>
        <ExtendedData>
          <Data name="East">
            <value>721033.911</value>
          </Data>
          <Data name="North">
            <value>3333527.097</value>
          </Data>
          <Data name="zone">
            <value/>
          </Data>
          <Data name="Longitude">
            <value>77.29404631</value>
          </Data>
          <Data name="Latitude">
            <value>30.11299589</value>
          </Data>
        </ExtendedData>
        <Point>
          <coordinates>
            77.29404631,30.11299589,0
          </coordinates>
        </Point>
      </Placemark>
      <Placemark>
        <name>Br. No. 19</name>
        <description><![CDATA[East: 720,873.893<br>North: 3,333,606.945<br>zone: <br>Longitude: 77.29240328<br>Latitude: 30.11374488]]></description>
        <styleUrl>#icon-1528-E65100-labelson</styleUrl>
        <ExtendedData>
          <Data name="East">
            <value>720873.893</value>
          </Data>
          <Data name="North">
            <value>3333606.945</value>
          </Data>
          <Data name="zone">
            <value/>
          </Data>
          <Data name="Longitude">
            <value>77.29240328</value>
          </Data>
          <Data name="Latitude">
            <value>30.11374488</value>
          </Data>
        </ExtendedData>
        <Point>
          <coordinates>
            77.29240328,30.11374488,0
          </coordinates>
        </Point>
      </Placemark>
      <Placemark>
        <name>Br. No. 20</name>
        <description><![CDATA[East: 720,768.076<br>North: 3,333,668.775<br>zone: <br>Longitude: 77.29131864<br>Latitude: 30.11432158]]></description>
        <styleUrl>#icon-1528-E65100-labelson</styleUrl>
        <ExtendedData>
          <Data name="East">
            <value>720768.0761</value>
          </Data>
          <Data name="North">
            <value>3333668.775</value>
          </Data>
          <Data name="zone">
            <value/>
          </Data>
          <Data name="Longitude">
            <value>77.29131864</value>
          </Data>
          <Data name="Latitude">
            <value>30.11432158</value>
          </Data>
        </ExtendedData>
        <Point>
          <coordinates>
            77.29131864,30.11432158,0
          </coordinates>
        </Point>
      </Placemark>
      <Placemark>
        <name>Br. No. 21</name>
        <description><![CDATA[East: 720,302.779<br>North: 3,333,937.34<br>zone: <br>Longitude: 77.28654842<br>Latitude: 30.11682743]]></description>
        <styleUrl>#icon-1528-E65100-labelson</styleUrl>
        <ExtendedData>
          <Data name="East">
            <value>720302.779</value>
          </Data>
          <Data name="North">
            <value>3333937.34</value>
          </Data>
          <Data name="zone">
            <value/>
          </Data>
          <Data name="Longitude">
            <value>77.28654842</value>
          </Data>
          <Data name="Latitude">
            <value>30.11682743</value>
          </Data>
        </ExtendedData>
        <Point>
          <coordinates>
            77.28654842,30.11682743,0
          </coordinates>
        </Point>
      </Placemark>
      <Placemark>
        <name>Br. No. 22</name>
        <description><![CDATA[East: 719,767.061<br>North: 3,334,327.473<br>zone: <br>Longitude: 77.28107271<br>Latitude: 30.12044203]]></description>
        <styleUrl>#icon-1528-E65100-labelson</styleUrl>
        <ExtendedData>
          <Data name="East">
            <value>719767.061</value>
          </Data>
          <Data name="North">
            <value>3334327.473</value>
          </Data>
          <Data name="zone">
            <value/>
          </Data>
          <Data name="Longitude">
            <value>77.28107271</value>
          </Data>
          <Data name="Latitude">
            <value>30.12044203</value>
          </Data>
        </ExtendedData>
        <Point>
          <coordinates>
            77.28107271,30.12044203,0
          </coordinates>
        </Point>
      </Placemark>
      <Placemark>
        <name>Br. No. 23</name>
        <description><![CDATA[East: 718,708.752<br>North: 3,334,786.972<br>zone: <br>Longitude: 77.27019005<br>Latitude: 30.12477579]]></description>
        <styleUrl>#icon-1528-E65100-labelson</styleUrl>
        <ExtendedData>
          <Data name="East">
            <value>718708.7516</value>
          </Data>
          <Data name="North">
            <value>3334786.972</value>
          </Data>
          <Data name="zone">
            <value/>
          </Data>
          <Data name="Longitude">
            <value>77.27019005</value>
          </Data>
          <Data name="Latitude">
            <value>30.12477579</value>
          </Data>
        </ExtendedData>
        <Point>
          <coordinates>
            77.27019005,30.12477579,0
          </coordinates>
        </Point>
      </Placemark>
      <Placemark>
        <name>Br. No. 24</name>
        <description><![CDATA[East: 718,574.159<br>North: 3,334,842.687<br>zone: <br>Longitude: 77.26880539<br>Latitude: 30.12530233]]></description>
        <styleUrl>#icon-1528-E65100-labelson</styleUrl>
        <ExtendedData>
          <Data name="East">
            <value>718574.159</value>
          </Data>
          <Data name="North">
            <value>3334842.687</value>
          </Data>
          <Data name="zone">
            <value/>
          </Data>
          <Data name="Longitude">
            <value>77.26880539</value>
          </Data>
          <Data name="Latitude">
            <value>30.12530233</value>
          </Data>
        </ExtendedData>
        <Point>
          <coordinates>
            77.26880539,30.12530233,0
          </coordinates>
        </Point>
      </Placemark>
      <Placemark>
        <name>Br. No. 25</name>
        <description><![CDATA[East: 718,456.978<br>North: 3,334,891.282<br>zone: <br>Longitude: 77.26759987<br>Latitude: 30.12576153]]></description>
        <styleUrl>#icon-1528-E65100-labelson</styleUrl>
        <ExtendedData>
          <Data name="East">
            <value>718456.9785</value>
          </Data>
          <Data name="North">
            <value>3334891.282</value>
          </Data>
          <Data name="zone">
            <value/>
          </Data>
          <Data name="Longitude">
            <value>77.26759987</value>
          </Data>
          <Data name="Latitude">
            <value>30.12576153</value>
          </Data>
        </ExtendedData>
        <Point>
          <coordinates>
            77.26759987,30.12576153,0
          </coordinates>
        </Point>
      </Placemark>
      <Placemark>
        <name>Br. No. 26</name>
        <description><![CDATA[East: 718,384.142<br>North: 3,334,921.345<br>zone: <br>Longitude: 77.26685051<br>Latitude: 30.12604567]]></description>
        <styleUrl>#icon-1528-E65100-labelson</styleUrl>
        <ExtendedData>
          <Data name="East">
            <value>718384.142</value>
          </Data>
          <Data name="North">
            <value>3334921.345</value>
          </Data>
          <Data name="zone">
            <value/>
          </Data>
          <Data name="Longitude">
            <value>77.26685051</value>
          </Data>
          <Data name="Latitude">
            <value>30.12604567</value>
          </Data>
        </ExtendedData>
        <Point>
          <coordinates>
            77.26685051,30.12604567,0
          </coordinates>
        </Point>
      </Placemark>
      <Placemark>
        <name>Br. No. 27</name>
        <description><![CDATA[East: 717,162.289<br>North: 3,335,427.134<br>zone: <br>Longitude: 77.25427946<br>Latitude: 30.13082488]]></description>
        <styleUrl>#icon-1528-E65100-labelson</styleUrl>
        <ExtendedData>
          <Data name="East">
            <value>717162.289</value>
          </Data>
          <Data name="North">
            <value>3335427.134</value>
          </Data>
          <Data name="zone">
            <value/>
          </Data>
          <Data name="Longitude">
            <value>77.25427946</value>
          </Data>
          <Data name="Latitude">
            <value>30.13082488</value>
          </Data>
        </ExtendedData>
        <Point>
          <coordinates>
            77.25427946,30.13082488,0
          </coordinates>
        </Point>
      </Placemark>
      <Placemark>
        <name>Br. No. 28</name>
        <description><![CDATA[East: 715,666.435<br>North: 3,336,037.366<br>zone: <br>Longitude: 77.23888577<br>Latitude: 30.13659328]]></description>
        <styleUrl>#icon-1528-E65100-labelson</styleUrl>
        <ExtendedData>
          <Data name="East">
            <value>715666.435</value>
          </Data>
          <Data name="North">
            <value>3336037.366</value>
          </Data>
          <Data name="zone">
            <value/>
          </Data>
          <Data name="Longitude">
            <value>77.23888577</value>
          </Data>
          <Data name="Latitude">
            <value>30.13659328</value>
          </Data>
        </ExtendedData>
        <Point>
          <coordinates>
            77.23888577,30.13659328,0
          </coordinates>
        </Point>
      </Placemark>
      <Placemark>
        <name>Br. No. 29</name>
        <description><![CDATA[East: 715,499.007<br>North: 3,336,106.625<br>zone: <br>Longitude: 77.23716286<br>Latitude: 30.13724745]]></description>
        <styleUrl>#icon-1528-E65100-labelson</styleUrl>
        <ExtendedData>
          <Data name="East">
            <value>715499.007</value>
          </Data>
          <Data name="North">
            <value>3336106.625</value>
          </Data>
          <Data name="zone">
            <value/>
          </Data>
          <Data name="Longitude">
            <value>77.23716286</value>
          </Data>
          <Data name="Latitude">
            <value>30.13724745</value>
          </Data>
        </ExtendedData>
        <Point>
          <coordinates>
            77.23716286,30.13724745,0
          </coordinates>
        </Point>
      </Placemark>
      <Placemark>
        <name>Br. No. 30</name>
        <description><![CDATA[East: 713,786.243<br>North: 3,336,815.134<br>zone: <br>Longitude: 77.21953639<br>Latitude: 30.14393825]]></description>
        <styleUrl>#icon-1528-E65100-labelson</styleUrl>
        <ExtendedData>
          <Data name="East">
            <value>713786.243</value>
          </Data>
          <Data name="North">
            <value>3336815.134</value>
          </Data>
          <Data name="zone">
            <value/>
          </Data>
          <Data name="Longitude">
            <value>77.21953639</value>
          </Data>
          <Data name="Latitude">
            <value>30.14393825</value>
          </Data>
        </ExtendedData>
        <Point>
          <coordinates>
            77.21953639,30.14393825,0
          </coordinates>
        </Point>
      </Placemark>
      <Placemark>
        <name>Br. No. 31</name>
        <description><![CDATA[East: 712,553.758<br>North: 3,337,324.131<br>zone: <br>Longitude: 77.20685087<br>Latitude: 30.14874392]]></description>
        <styleUrl>#icon-1528-E65100-labelson</styleUrl>
        <ExtendedData>
          <Data name="East">
            <value>712553.758</value>
          </Data>
          <Data name="North">
            <value>3337324.131</value>
          </Data>
          <Data name="zone">
            <value/>
          </Data>
          <Data name="Longitude">
            <value>77.20685087</value>
          </Data>
          <Data name="Latitude">
            <value>30.14874392</value>
          </Data>
        </ExtendedData>
        <Point>
          <coordinates>
            77.20685087,30.14874392,0
          </coordinates>
        </Point>
      </Placemark>
      <Placemark>
        <name>Br. No. 32</name>
        <description><![CDATA[East: 711,086.543<br>North: 3,337,933.05<br>zone: <br>Longitude: 77.19174825<br>Latitude: 30.15449021]]></description>
        <styleUrl>#icon-1528-E65100-labelson</styleUrl>
        <ExtendedData>
          <Data name="East">
            <value>711086.5432</value>
          </Data>
          <Data name="North">
            <value>3337933.05</value>
          </Data>
          <Data name="zone">
            <value/>
          </Data>
          <Data name="Longitude">
            <value>77.19174825</value>
          </Data>
          <Data name="Latitude">
            <value>30.15449021</value>
          </Data>
        </ExtendedData>
        <Point>
          <coordinates>
            77.19174825,30.15449021,0
          </coordinates>
        </Point>
      </Placemark>
      <Placemark>
        <name>Br. No. 33</name>
        <description><![CDATA[East: 710,926.157<br>North: 3,337,999.42<br>zone: <br>Longitude: 77.19009719<br>Latitude: 30.15511652]]></description>
        <styleUrl>#icon-1528-E65100-labelson</styleUrl>
        <ExtendedData>
          <Data name="East">
            <value>710926.157</value>
          </Data>
          <Data name="North">
            <value>3337999.42</value>
          </Data>
          <Data name="zone">
            <value/>
          </Data>
          <Data name="Longitude">
            <value>77.19009719</value>
          </Data>
          <Data name="Latitude">
            <value>30.15511652</value>
          </Data>
        </ExtendedData>
        <Point>
          <coordinates>
            77.19009719,30.15511652,0
          </coordinates>
        </Point>
      </Placemark>
      <Placemark>
        <name>Br. No. 33A</name>
        <description><![CDATA[East: 710,103.351<br>North: 3,338,342.005<br>zone: <br>Longitude: 77.18162702<br>Latitude: 30.15834816]]></description>
        <styleUrl>#icon-1528-E65100-labelson</styleUrl>
        <ExtendedData>
          <Data name="East">
            <value>710103.351</value>
          </Data>
          <Data name="North">
            <value>3338342.005</value>
          </Data>
          <Data name="zone">
            <value/>
          </Data>
          <Data name="Longitude">
            <value>77.18162702</value>
          </Data>
          <Data name="Latitude">
            <value>30.15834816</value>
          </Data>
        </ExtendedData>
        <Point>
          <coordinates>
            77.18162702,30.15834816,0
          </coordinates>
        </Point>
      </Placemark>
      <Placemark>
        <name>Br. No. 34</name>
        <description><![CDATA[East: 709,988.578<br>North: 3,338,389.542<br>zone: <br>Longitude: 77.18044543<br>Latitude: 30.15879664]]></description>
        <styleUrl>#icon-1528-E65100-labelson</styleUrl>
        <ExtendedData>
          <Data name="East">
            <value>709988.578</value>
          </Data>
          <Data name="North">
            <value>3338389.542</value>
          </Data>
          <Data name="zone">
            <value/>
          </Data>
          <Data name="Longitude">
            <value>77.18044543</value>
          </Data>
          <Data name="Latitude">
            <value>30.15879664</value>
          </Data>
        </ExtendedData>
        <Point>
          <coordinates>
            77.18044543,30.15879664,0
          </coordinates>
        </Point>
      </Placemark>
      <Placemark>
        <name>Br. No. 35</name>
        <description><![CDATA[East: 708,127.421<br>North: 3,339,156.91<br>zone: <br>Longitude: 77.16128242<br>Latitude: 30.16603635]]></description>
        <styleUrl>#icon-1528-E65100-labelson</styleUrl>
        <ExtendedData>
          <Data name="East">
            <value>708127.421</value>
          </Data>
          <Data name="North">
            <value>3339156.91</value>
          </Data>
          <Data name="zone">
            <value/>
          </Data>
          <Data name="Longitude">
            <value>77.16128242</value>
          </Data>
          <Data name="Latitude">
            <value>30.16603635</value>
          </Data>
        </ExtendedData>
        <Point>
          <coordinates>
            77.16128242,30.16603635,0
          </coordinates>
        </Point>
      </Placemark>
      <Placemark>
        <name>Br. No. 36</name>
        <description><![CDATA[East: 707,276.725<br>North: 3,339,512.735<br>zone: <br>Longitude: 77.15252342<br>Latitude: 30.16939036]]></description>
        <styleUrl>#icon-1528-E65100-labelson</styleUrl>
        <ExtendedData>
          <Data name="East">
            <value>707276.725</value>
          </Data>
          <Data name="North">
            <value>3339512.735</value>
          </Data>
          <Data name="zone">
            <value/>
          </Data>
          <Data name="Longitude">
            <value>77.15252342</value>
          </Data>
          <Data name="Latitude">
            <value>30.16939036</value>
          </Data>
        </ExtendedData>
        <Point>
          <coordinates>
            77.15252342,30.16939036,0
          </coordinates>
        </Point>
      </Placemark>
      <Placemark>
        <name>Br. No. 37</name>
        <description><![CDATA[East: 706,079.611<br>North: 3,340,026.982<br>zone: <br>Longitude: 77.14019918<br>Latitude: 30.17423121]]></description>
        <styleUrl>#icon-1528-E65100-labelson</styleUrl>
        <ExtendedData>
          <Data name="East">
            <value>706079.611</value>
          </Data>
          <Data name="North">
            <value>3340026.982</value>
          </Data>
          <Data name="zone">
            <value/>
          </Data>
          <Data name="Longitude">
            <value>77.14019918</value>
          </Data>
          <Data name="Latitude">
            <value>30.17423121</value>
          </Data>
        </ExtendedData>
        <Point>
          <coordinates>
            77.14019918,30.17423121,0
          </coordinates>
        </Point>
      </Placemark>
      <Placemark>
        <name>Br. No. 38</name>
        <description><![CDATA[East: 705,595.534<br>North: 3,340,227.438<br>zone: <br>Longitude: 77.13521381<br>Latitude: 30.17612084]]></description>
        <styleUrl>#icon-1528-E65100-labelson</styleUrl>
        <ExtendedData>
          <Data name="East">
            <value>705595.534</value>
          </Data>
          <Data name="North">
            <value>3340227.438</value>
          </Data>
          <Data name="zone">
            <value/>
          </Data>
          <Data name="Longitude">
            <value>77.13521381</value>
          </Data>
          <Data name="Latitude">
            <value>30.17612084</value>
          </Data>
        </ExtendedData>
        <Point>
          <coordinates>
            77.13521381,30.17612084,0
          </coordinates>
        </Point>
      </Placemark>
      <Placemark>
        <name>Br. No. 39</name>
        <description><![CDATA[East: 704,991.128<br>North: 3,340,455.889<br>zone: <br>Longitude: 77.1289847<br>Latitude: 30.17828304]]></description>
        <styleUrl>#icon-1528-E65100-labelson</styleUrl>
        <ExtendedData>
          <Data name="East">
            <value>704991.128</value>
          </Data>
          <Data name="North">
            <value>3340455.889</value>
          </Data>
          <Data name="zone">
            <value/>
          </Data>
          <Data name="Longitude">
            <value>77.1289847</value>
          </Data>
          <Data name="Latitude">
            <value>30.17828304</value>
          </Data>
        </ExtendedData>
        <Point>
          <coordinates>
            77.1289847,30.17828304,0
          </coordinates>
        </Point>
      </Placemark>
      <Placemark>
        <name>Br. No. 40</name>
        <description><![CDATA[East: 704,058.589<br>North: 3,340,837.319<br>zone: <br>Longitude: 77.11937881<br>Latitude: 30.18187964]]></description>
        <styleUrl>#icon-1528-E65100-labelson</styleUrl>
        <ExtendedData>
          <Data name="East">
            <value>704058.589</value>
          </Data>
          <Data name="North">
            <value>3340837.319</value>
          </Data>
          <Data name="zone">
            <value/>
          </Data>
          <Data name="Longitude">
            <value>77.11937881</value>
          </Data>
          <Data name="Latitude">
            <value>30.18187964</value>
          </Data>
        </ExtendedData>
        <Point>
          <coordinates>
            77.11937881,30.18187964,0
          </coordinates>
        </Point>
      </Placemark>
      <Placemark>
        <name>Br. No. 41</name>
        <description><![CDATA[East: 703,081.787<br>North: 3,341,251.454<br>zone: <br>Longitude: 77.109319<br>Latitude: 30.1857779]]></description>
        <styleUrl>#icon-1528-E65100-labelson</styleUrl>
        <ExtendedData>
          <Data name="East">
            <value>703081.787</value>
          </Data>
          <Data name="North">
            <value>3341251.454</value>
          </Data>
          <Data name="zone">
            <value/>
          </Data>
          <Data name="Longitude">
            <value>77.109319</value>
          </Data>
          <Data name="Latitude">
            <value>30.1857779</value>
          </Data>
        </ExtendedData>
        <Point>
          <coordinates>
            77.109319,30.1857779,0
          </coordinates>
        </Point>
      </Placemark>
      <Placemark>
        <name>Br. No. 42</name>
        <description><![CDATA[East: 702,254.786<br>North: 3,341,594.822<br>zone: <br>Longitude: 77.1007999<br>Latitude: 30.18901232]]></description>
        <styleUrl>#icon-1528-E65100-labelson</styleUrl>
        <ExtendedData>
          <Data name="East">
            <value>702254.786</value>
          </Data>
          <Data name="North">
            <value>3341594.822</value>
          </Data>
          <Data name="zone">
            <value/>
          </Data>
          <Data name="Longitude">
            <value>77.1007999</value>
          </Data>
          <Data name="Latitude">
            <value>30.18901232</value>
          </Data>
        </ExtendedData>
        <Point>
          <coordinates>
            77.1007999,30.18901232,0
          </coordinates>
        </Point>
      </Placemark>
      <Placemark>
        <name>Br. No. 43</name>
        <description><![CDATA[East: 701,912.163<br>North: 3,341,737.077<br>zone: <br>Longitude: 77.0972703<br>Latitude: 30.19035216]]></description>
        <styleUrl>#icon-1528-E65100-labelson</styleUrl>
        <ExtendedData>
          <Data name="East">
            <value>701912.163</value>
          </Data>
          <Data name="North">
            <value>3341737.077</value>
          </Data>
          <Data name="zone">
            <value/>
          </Data>
          <Data name="Longitude">
            <value>77.0972703</value>
          </Data>
          <Data name="Latitude">
            <value>30.19035216</value>
          </Data>
        </ExtendedData>
        <Point>
          <coordinates>
            77.0972703,30.19035216,0
          </coordinates>
        </Point>
      </Placemark>
      <Placemark>
        <name>Br. No. 44</name>
        <description><![CDATA[East: 700,429.779<br>North: 3,342,352.556<br>zone: <br>Longitude: 77.08199809<br>Latitude: 30.19614807]]></description>
        <styleUrl>#icon-1528-E65100-labelson</styleUrl>
        <ExtendedData>
          <Data name="East">
            <value>700429.779</value>
          </Data>
          <Data name="North">
            <value>3342352.556</value>
          </Data>
          <Data name="zone">
            <value/>
          </Data>
          <Data name="Longitude">
            <value>77.08199809</value>
          </Data>
          <Data name="Latitude">
            <value>30.19614807</value>
          </Data>
        </ExtendedData>
        <Point>
          <coordinates>
            77.08199809,30.19614807,0
          </coordinates>
        </Point>
      </Placemark>
      <Placemark>
        <name>Br. No. 45</name>
        <description><![CDATA[East: 699,848.733<br>North: 3,342,593.347<br>zone: <br>Longitude: 77.07601128<br>Latitude: 30.19841529]]></description>
        <styleUrl>#icon-1528-E65100-labelson</styleUrl>
        <ExtendedData>
          <Data name="East">
            <value>699848.7331</value>
          </Data>
          <Data name="North">
            <value>3342593.347</value>
          </Data>
          <Data name="zone">
            <value/>
          </Data>
          <Data name="Longitude">
            <value>77.07601128</value>
          </Data>
          <Data name="Latitude">
            <value>30.19841529</value>
          </Data>
        </ExtendedData>
        <Point>
          <coordinates>
            77.07601128,30.19841529,0
          </coordinates>
        </Point>
      </Placemark>
      <Placemark>
        <name>Br. No. 46</name>
        <description><![CDATA[East: 699,428.098<br>North: 3,342,766.989<br>zone: <br>Longitude: 77.07167695<br>Latitude: 30.20005036]]></description>
        <styleUrl>#icon-1528-E65100-labelson</styleUrl>
        <ExtendedData>
          <Data name="East">
            <value>699428.098</value>
          </Data>
          <Data name="North">
            <value>3342766.989</value>
          </Data>
          <Data name="zone">
            <value/>
          </Data>
          <Data name="Longitude">
            <value>77.07167695</value>
          </Data>
          <Data name="Latitude">
            <value>30.20005036</value>
          </Data>
        </ExtendedData>
        <Point>
          <coordinates>
            77.07167695,30.20005036,0
          </coordinates>
        </Point>
      </Placemark>
      <Placemark>
        <name>Br. No. 47</name>
        <description><![CDATA[East: 698,135.334<br>North: 3,343,303.739<br>zone: <br>Longitude: 77.05835565<br>Latitude: 30.20510249]]></description>
        <styleUrl>#icon-1528-E65100-labelson</styleUrl>
        <ExtendedData>
          <Data name="East">
            <value>698135.334</value>
          </Data>
          <Data name="North">
            <value>3343303.739</value>
          </Data>
          <Data name="zone">
            <value/>
          </Data>
          <Data name="Longitude">
            <value>77.05835565</value>
          </Data>
          <Data name="Latitude">
            <value>30.20510249</value>
          </Data>
        </ExtendedData>
        <Point>
          <coordinates>
            77.05835565,30.20510249,0
          </coordinates>
        </Point>
      </Placemark>
      <Placemark>
        <name>Br. No. 48</name>
        <description><![CDATA[East: 697,387.278<br>North: 3,343,614.329<br>zone: <br>Longitude: 77.05064664<br>Latitude: 30.20802531]]></description>
        <styleUrl>#icon-1528-E65100-labelson</styleUrl>
        <ExtendedData>
          <Data name="East">
            <value>697387.278</value>
          </Data>
          <Data name="North">
            <value>3343614.329</value>
          </Data>
          <Data name="zone">
            <value/>
          </Data>
          <Data name="Longitude">
            <value>77.05064664</value>
          </Data>
          <Data name="Latitude">
            <value>30.20802531</value>
          </Data>
        </ExtendedData>
        <Point>
          <coordinates>
            77.05064664,30.20802531,0
          </coordinates>
        </Point>
      </Placemark>
      <Placemark>
        <name>Br. No. 49</name>
        <description><![CDATA[East: 696,976.803<br>North: 3,343,784.605<br>zone: <br>Longitude: 77.04641631<br>Latitude: 30.20962757]]></description>
        <styleUrl>#icon-1528-E65100-labelson</styleUrl>
        <ExtendedData>
          <Data name="East">
            <value>696976.803</value>
          </Data>
          <Data name="North">
            <value>3343784.605</value>
          </Data>
          <Data name="zone">
            <value/>
          </Data>
          <Data name="Longitude">
            <value>77.04641631</value>
          </Data>
          <Data name="Latitude">
            <value>30.20962757</value>
          </Data>
        </ExtendedData>
        <Point>
          <coordinates>
            77.04641631,30.20962757,0
          </coordinates>
        </Point>
      </Placemark>
      <Placemark>
        <name>Br. No. 50</name>
        <description><![CDATA[East: 695,823.47<br>North: 3,344,254.774<br>zone: <br>Longitude: 77.03452781<br>Latitude: 30.2140543]]></description>
        <styleUrl>#icon-1528-E65100-labelson</styleUrl>
        <ExtendedData>
          <Data name="East">
            <value>695823.47</value>
          </Data>
          <Data name="North">
            <value>3344254.774</value>
          </Data>
          <Data name="zone">
            <value/>
          </Data>
          <Data name="Longitude">
            <value>77.03452781</value>
          </Data>
          <Data name="Latitude">
            <value>30.2140543</value>
          </Data>
        </ExtendedData>
        <Point>
          <coordinates>
            77.03452781,30.2140543,0
          </coordinates>
        </Point>
      </Placemark>
      <Placemark>
        <name>Br. No. 51</name>
        <description><![CDATA[East: 695,004.224<br>North: 3,344,604.977<br>zone: <br>Longitude: 77.02608538<br>Latitude: 30.21734447]]></description>
        <styleUrl>#icon-1528-E65100-labelson</styleUrl>
        <ExtendedData>
          <Data name="East">
            <value>695004.224</value>
          </Data>
          <Data name="North">
            <value>3344604.977</value>
          </Data>
          <Data name="zone">
            <value/>
          </Data>
          <Data name="Longitude">
            <value>77.02608538</value>
          </Data>
          <Data name="Latitude">
            <value>30.21734447</value>
          </Data>
        </ExtendedData>
        <Point>
          <coordinates>
            77.02608538,30.21734447,0
          </coordinates>
        </Point>
      </Placemark>
      <Placemark>
        <name>Br. No. 52</name>
        <description><![CDATA[East: 694,662.653<br>North: 3,344,746.733<br>zone: <br>Longitude: 77.02256449<br>Latitude: 30.21867772]]></description>
        <styleUrl>#icon-1528-E65100-labelson</styleUrl>
        <ExtendedData>
          <Data name="East">
            <value>694662.653</value>
          </Data>
          <Data name="North">
            <value>3344746.733</value>
          </Data>
          <Data name="zone">
            <value/>
          </Data>
          <Data name="Longitude">
            <value>77.02256449</value>
          </Data>
          <Data name="Latitude">
            <value>30.21867772</value>
          </Data>
        </ExtendedData>
        <Point>
          <coordinates>
            77.02256449,30.21867772,0
          </coordinates>
        </Point>
      </Placemark>
      <Placemark>
        <name>Br. No. 53</name>
        <description><![CDATA[East: 693,910.711<br>North: 3,345,058.8<br>zone: <br>Longitude: 77.01481318<br>Latitude: 30.22161246]]></description>
        <styleUrl>#icon-1528-E65100-labelson</styleUrl>
        <ExtendedData>
          <Data name="East">
            <value>693910.711</value>
          </Data>
          <Data name="North">
            <value>3345058.8</value>
          </Data>
          <Data name="zone">
            <value/>
          </Data>
          <Data name="Longitude">
            <value>77.01481318</value>
          </Data>
          <Data name="Latitude">
            <value>30.22161246</value>
          </Data>
        </ExtendedData>
        <Point>
          <coordinates>
            77.01481318,30.22161246,0
          </coordinates>
        </Point>
      </Placemark>
      <Placemark>
        <name>Br. No. 54</name>
        <description><![CDATA[East: 690,683.221<br>North: 3,346,755.19<br>zone: <br>Longitude: 76.98160205<br>Latitude: 30.23742315]]></description>
        <styleUrl>#icon-1528-E65100-labelson</styleUrl>
        <ExtendedData>
          <Data name="East">
            <value>690683.221</value>
          </Data>
          <Data name="North">
            <value>3346755.19</value>
          </Data>
          <Data name="zone">
            <value/>
          </Data>
          <Data name="Longitude">
            <value>76.98160205</value>
          </Data>
          <Data name="Latitude">
            <value>30.23742315</value>
          </Data>
        </ExtendedData>
        <Point>
          <coordinates>
            76.98160205,30.23742315,0
          </coordinates>
        </Point>
      </Placemark>
      <Placemark>
        <name>Br. No. 55</name>
        <description><![CDATA[East: 689,540.964<br>North: 3,347,461.152<br>zone: <br>Longitude: 76.9698645<br>Latitude: 30.24396913]]></description>
        <styleUrl>#icon-1528-E65100-labelson</styleUrl>
        <ExtendedData>
          <Data name="East">
            <value>689540.964</value>
          </Data>
          <Data name="North">
            <value>3347461.152</value>
          </Data>
          <Data name="zone">
            <value/>
          </Data>
          <Data name="Longitude">
            <value>76.9698645</value>
          </Data>
          <Data name="Latitude">
            <value>30.24396913</value>
          </Data>
        </ExtendedData>
        <Point>
          <coordinates>
            76.9698645,30.24396913,0
          </coordinates>
        </Point>
      </Placemark>
      <Placemark>
        <name>Br. No. 56</name>
        <description><![CDATA[East: 689,061.948<br>North: 3,347,828.363<br>zone: <br>Longitude: 76.96495455<br>Latitude: 30.24735573]]></description>
        <styleUrl>#icon-1528-E65100-labelson</styleUrl>
        <ExtendedData>
          <Data name="East">
            <value>689061.948</value>
          </Data>
          <Data name="North">
            <value>3347828.363</value>
          </Data>
          <Data name="zone">
            <value/>
          </Data>
          <Data name="Longitude">
            <value>76.96495455</value>
          </Data>
          <Data name="Latitude">
            <value>30.24735573</value>
          </Data>
        </ExtendedData>
        <Point>
          <coordinates>
            76.96495455,30.24735573,0
          </coordinates>
        </Point>
      </Placemark>
      <Placemark>
        <name>Br. No. 57</name>
        <description><![CDATA[East: 687,235.507<br>North: 3,348,907.736<br>zone: <br>Longitude: 76.94617321<br>Latitude: 30.25737395]]></description>
        <styleUrl>#icon-1528-E65100-labelson</styleUrl>
        <ExtendedData>
          <Data name="East">
            <value>687235.507</value>
          </Data>
          <Data name="North">
            <value>3348907.736</value>
          </Data>
          <Data name="zone">
            <value/>
          </Data>
          <Data name="Longitude">
            <value>76.94617321</value>
          </Data>
          <Data name="Latitude">
            <value>30.25737395</value>
          </Data>
        </ExtendedData>
        <Point>
          <coordinates>
            76.94617321,30.25737395,0
          </coordinates>
        </Point>
      </Placemark>
      <Placemark>
        <name>Br. No. 58</name>
        <description><![CDATA[East: 686,990.532<br>North: 3,349,075.317<br>zone: <br>Longitude: 76.94365788<br>Latitude: 30.25892318]]></description>
        <styleUrl>#icon-1528-E65100-labelson</styleUrl>
        <ExtendedData>
          <Data name="East">
            <value>686990.532</value>
          </Data>
          <Data name="North">
            <value>3349075.317</value>
          </Data>
          <Data name="zone">
            <value/>
          </Data>
          <Data name="Longitude">
            <value>76.94365788</value>
          </Data>
          <Data name="Latitude">
            <value>30.25892318</value>
          </Data>
        </ExtendedData>
        <Point>
          <coordinates>
            76.94365788,30.25892318,0
          </coordinates>
        </Point>
      </Placemark>
      <Placemark>
        <name>Br. No. 59</name>
        <description><![CDATA[East: 686,358.563<br>North: 3,349,506.91<br>zone: <br>Longitude: 76.93716851<br>Latitude: 30.26291305]]></description>
        <styleUrl>#icon-1528-E65100-labelson</styleUrl>
        <ExtendedData>
          <Data name="East">
            <value>686358.5632</value>
          </Data>
          <Data name="North">
            <value>3349506.91</value>
          </Data>
          <Data name="zone">
            <value/>
          </Data>
          <Data name="Longitude">
            <value>76.93716851</value>
          </Data>
          <Data name="Latitude">
            <value>30.26291305</value>
          </Data>
        </ExtendedData>
        <Point>
          <coordinates>
            76.93716851,30.26291305,0
          </coordinates>
        </Point>
      </Placemark>
      <Placemark>
        <name>Br. No. 60</name>
        <description><![CDATA[East: 684,091.565<br>North: 3,351,062.528<br>zone: <br>Longitude: 76.91388676<br>Latitude: 30.27728987]]></description>
        <styleUrl>#icon-1528-E65100-labelson</styleUrl>
        <ExtendedData>
          <Data name="East">
            <value>684091.565</value>
          </Data>
          <Data name="North">
            <value>3351062.528</value>
          </Data>
          <Data name="zone">
            <value/>
          </Data>
          <Data name="Longitude">
            <value>76.91388676</value>
          </Data>
          <Data name="Latitude">
            <value>30.27728987</value>
          </Data>
        </ExtendedData>
        <Point>
          <coordinates>
            76.91388676,30.27728987,0
          </coordinates>
        </Point>
      </Placemark>
      <Placemark>
        <name>Br. No. 61</name>
        <description><![CDATA[East: 682,587.891<br>North: 3,352,088.097<br>zone: <br>Longitude: 76.89843934<br>Latitude: 30.28676729]]></description>
        <styleUrl>#icon-1528-E65100-labelson</styleUrl>
        <ExtendedData>
          <Data name="East">
            <value>682587.891</value>
          </Data>
          <Data name="North">
            <value>3352088.097</value>
          </Data>
          <Data name="zone">
            <value/>
          </Data>
          <Data name="Longitude">
            <value>76.89843934</value>
          </Data>
          <Data name="Latitude">
            <value>30.28676729</value>
          </Data>
        </ExtendedData>
        <Point>
          <coordinates>
            76.89843934,30.28676729,0
          </coordinates>
        </Point>
      </Placemark>
      <Placemark>
        <name>Br. No. 62</name>
        <description><![CDATA[East: 681,951.126<br>North: 3,352,522.397<br>zone: <br>Longitude: 76.89189687<br>Latitude: 30.2907802]]></description>
        <styleUrl>#icon-1528-E65100-labelson</styleUrl>
        <ExtendedData>
          <Data name="East">
            <value>681951.126</value>
          </Data>
          <Data name="North">
            <value>3352522.397</value>
          </Data>
          <Data name="zone">
            <value/>
          </Data>
          <Data name="Longitude">
            <value>76.89189687</value>
          </Data>
          <Data name="Latitude">
            <value>30.2907802</value>
          </Data>
        </ExtendedData>
        <Point>
          <coordinates>
            76.89189687,30.2907802,0
          </coordinates>
        </Point>
      </Placemark>
      <Placemark>
        <name>Br. No. 63</name>
        <description><![CDATA[East: 681,693.048<br>North: 3,352,698.329<br>zone: <br>Longitude: 76.88924506<br>Latitude: 30.29240573]]></description>
        <styleUrl>#icon-1528-E65100-labelson</styleUrl>
        <ExtendedData>
          <Data name="East">
            <value>681693.048</value>
          </Data>
          <Data name="North">
            <value>3352698.329</value>
          </Data>
          <Data name="zone">
            <value/>
          </Data>
          <Data name="Longitude">
            <value>76.88924506</value>
          </Data>
          <Data name="Latitude">
            <value>30.29240573</value>
          </Data>
        </ExtendedData>
        <Point>
          <coordinates>
            76.88924506,30.29240573,0
          </coordinates>
        </Point>
      </Placemark>
      <Placemark>
        <name>Br. No. 64</name>
        <description><![CDATA[East: 679,993.183<br>North: 3,353,830.739<br>zone: <br>Longitude: 76.87177185<br>Latitude: 30.30287326]]></description>
        <styleUrl>#icon-1528-E65100-labelson</styleUrl>
        <ExtendedData>
          <Data name="East">
            <value>679993.183</value>
          </Data>
          <Data name="North">
            <value>3353830.739</value>
          </Data>
          <Data name="zone">
            <value/>
          </Data>
          <Data name="Longitude">
            <value>76.87177185</value>
          </Data>
          <Data name="Latitude">
            <value>30.30287326</value>
          </Data>
        </ExtendedData>
        <Point>
          <coordinates>
            76.87177185,30.30287326,0
          </coordinates>
        </Point>
      </Placemark>
      <Placemark>
        <name>Br. No. 65</name>
        <description><![CDATA[East: 679,009.92<br>North: 3,354,438.68<br>zone: <br>Longitude: 76.86165496<br>Latitude: 30.30850236]]></description>
        <styleUrl>#icon-1528-E65100-labelson</styleUrl>
        <ExtendedData>
          <Data name="East">
            <value>679009.92</value>
          </Data>
          <Data name="North">
            <value>3354438.68</value>
          </Data>
          <Data name="zone">
            <value/>
          </Data>
          <Data name="Longitude">
            <value>76.86165496</value>
          </Data>
          <Data name="Latitude">
            <value>30.30850236</value>
          </Data>
        </ExtendedData>
        <Point>
          <coordinates>
            76.86165496,30.30850236,0
          </coordinates>
        </Point>
      </Placemark>
      <Placemark>
        <name>Br. No. 66</name>
        <description><![CDATA[East: 677,201.773<br>North: 3,356,170.228<br>zone: <br>Longitude: 76.84315131<br>Latitude: 30.3243862]]></description>
        <styleUrl>#icon-1528-E65100-labelson</styleUrl>
        <ExtendedData>
          <Data name="East">
            <value>677201.773</value>
          </Data>
          <Data name="North">
            <value>3356170.228</value>
          </Data>
          <Data name="zone">
            <value/>
          </Data>
          <Data name="Longitude">
            <value>76.84315131</value>
          </Data>
          <Data name="Latitude">
            <value>30.3243862</value>
          </Data>
        </ExtendedData>
        <Point>
          <coordinates>
            76.84315131,30.3243862,0
          </coordinates>
        </Point>
      </Placemark>
      <Placemark>
        <name>Br. No. 67</name>
        <description><![CDATA[East: 676,953.386<br>North: 3,356,207.359<br>zone: <br>Longitude: 76.84057511<br>Latitude: 30.32475748]]></description>
        <styleUrl>#icon-1528-E65100-labelson</styleUrl>
        <ExtendedData>
          <Data name="East">
            <value>676953.386</value>
          </Data>
          <Data name="North">
            <value>3356207.359</value>
          </Data>
          <Data name="zone">
            <value/>
          </Data>
          <Data name="Longitude">
            <value>76.84057511</value>
          </Data>
          <Data name="Latitude">
            <value>30.32475748</value>
          </Data>
        </ExtendedData>
        <Point>
          <coordinates>
            76.84057511,30.32475748,0
          </coordinates>
        </Point>
      </Placemark>
      <Placemark>
        <name>Br. No. 68</name>
        <description><![CDATA[East: 676,656.776<br>North: 3,356,159.198<br>zone: <br>Longitude: 76.83748316<br>Latitude: 30.32436646]]></description>
        <styleUrl>#icon-1528-E65100-labelson</styleUrl>
        <ExtendedData>
          <Data name="East">
            <value>676656.776</value>
          </Data>
          <Data name="North">
            <value>3356159.198</value>
          </Data>
          <Data name="zone">
            <value/>
          </Data>
          <Data name="Longitude">
            <value>76.83748316</value>
          </Data>
          <Data name="Latitude">
            <value>30.32436646</value>
          </Data>
        </ExtendedData>
        <Point>
          <coordinates>
            76.83748316,30.32436646,0
          </coordinates>
        </Point>
      </Placemark>
      <Placemark>
        <name>Br. No. 69</name>
        <description><![CDATA[East: 676,474.295<br>North: 3,356,122.605<br>zone: <br>Longitude: 76.83557976<br>Latitude: 30.32406306]]></description>
        <styleUrl>#icon-1528-E65100-labelson</styleUrl>
        <ExtendedData>
          <Data name="East">
            <value>676474.295</value>
          </Data>
          <Data name="North">
            <value>3356122.605</value>
          </Data>
          <Data name="zone">
            <value/>
          </Data>
          <Data name="Longitude">
            <value>76.83557976</value>
          </Data>
          <Data name="Latitude">
            <value>30.32406306</value>
          </Data>
        </ExtendedData>
        <Point>
          <coordinates>
            76.83557976,30.32406306,0
          </coordinates>
        </Point>
      </Placemark>
      <Placemark>
        <name>Br. No. 70</name>
        <description><![CDATA[East: 675,486.415<br>North: 3,356,414.653<br>zone: <br>Longitude: 76.82535767<br>Latitude: 30.32684097]]></description>
        <styleUrl>#icon-1528-E65100-labelson</styleUrl>
        <ExtendedData>
          <Data name="East">
            <value>675486.415</value>
          </Data>
          <Data name="North">
            <value>3356414.653</value>
          </Data>
          <Data name="zone">
            <value/>
          </Data>
          <Data name="Longitude">
            <value>76.82535767</value>
          </Data>
          <Data name="Latitude">
            <value>30.32684097</value>
          </Data>
        </ExtendedData>
        <Point>
          <coordinates>
            76.82535767,30.32684097,0
          </coordinates>
        </Point>
      </Placemark>
      <Placemark>
        <name>Br. No. 71</name>
        <description><![CDATA[East: 675,405.59<br>North: 3,356,638.552<br>zone: <br>Longitude: 76.82455475<br>Latitude: 30.32887217]]></description>
        <styleUrl>#icon-1528-E65100-labelson</styleUrl>
        <ExtendedData>
          <Data name="East">
            <value>675405.59</value>
          </Data>
          <Data name="North">
            <value>3356638.552</value>
          </Data>
          <Data name="zone">
            <value/>
          </Data>
          <Data name="Longitude">
            <value>76.82455475</value>
          </Data>
          <Data name="Latitude">
            <value>30.32887217</value>
          </Data>
        </ExtendedData>
        <Point>
          <coordinates>
            76.82455475,30.32887217,0
          </coordinates>
        </Point>
      </Placemark>
      <Placemark>
        <name>Br. No. 71A</name>
        <description><![CDATA[East: 675,398.296<br>North: 3,356,707.437<br>zone: <br>Longitude: 76.82449043<br>Latitude: 30.32949455]]></description>
        <styleUrl>#icon-1528-E65100-labelson</styleUrl>
        <ExtendedData>
          <Data name="East">
            <value>675398.296</value>
          </Data>
          <Data name="North">
            <value>3356707.437</value>
          </Data>
          <Data name="zone">
            <value/>
          </Data>
          <Data name="Longitude">
            <value>76.82449043</value>
          </Data>
          <Data name="Latitude">
            <value>30.32949455</value>
          </Data>
        </ExtendedData>
        <Point>
          <coordinates>
            76.82449043,30.32949455,0
          </coordinates>
        </Point>
      </Placemark>
      <Placemark>
        <name>Br. No. 72</name>
        <description><![CDATA[East: 675,437.966<br>North: 3,357,137.932<br>zone: <br>Longitude: 76.82497493<br>Latitude: 30.33337167]]></description>
        <styleUrl>#icon-1528-E65100-labelson</styleUrl>
        <ExtendedData>
          <Data name="East">
            <value>675437.966</value>
          </Data>
          <Data name="North">
            <value>3357137.932</value>
          </Data>
          <Data name="zone">
            <value/>
          </Data>
          <Data name="Longitude">
            <value>76.82497493</value>
          </Data>
          <Data name="Latitude">
            <value>30.33337167</value>
          </Data>
        </ExtendedData>
        <Point>
          <coordinates>
            76.82497493,30.33337167,0
          </coordinates>
        </Point>
      </Placemark>
      <Placemark>
        <name>Br. No. 72A</name>
        <description><![CDATA[East: 675,459.309<br>North: 3,357,300.425<br>zone: <br>Longitude: 76.82522405<br>Latitude: 30.33483418]]></description>
        <styleUrl>#icon-1528-E65100-labelson</styleUrl>
        <ExtendedData>
          <Data name="East">
            <value>675459.309</value>
          </Data>
          <Data name="North">
            <value>3357300.425</value>
          </Data>
          <Data name="zone">
            <value/>
          </Data>
          <Data name="Longitude">
            <value>76.82522405</value>
          </Data>
          <Data name="Latitude">
            <value>30.33483418</value>
          </Data>
        </ExtendedData>
        <Point>
          <coordinates>
            76.82522405,30.33483418,0
          </coordinates>
        </Point>
      </Placemark>
      <Placemark>
        <name>Br. No. 72B</name>
        <description><![CDATA[East: 675,474.04<br>North: 3,357,446.267<br>zone: <br>Longitude: 76.82540163<br>Latitude: 30.33614747]]></description>
        <styleUrl>#icon-1528-E65100-labelson</styleUrl>
        <ExtendedData>
          <Data name="East">
            <value>675474.04</value>
          </Data>
          <Data name="North">
            <value>3357446.267</value>
          </Data>
          <Data name="zone">
            <value/>
          </Data>
          <Data name="Longitude">
            <value>76.82540163</value>
          </Data>
          <Data name="Latitude">
            <value>30.33614747</value>
          </Data>
        </ExtendedData>
        <Point>
          <coordinates>
            76.82540163,30.33614747,0
          </coordinates>
        </Point>
      </Placemark>
      <Placemark>
        <name>Br. No. 72C</name>
        <description><![CDATA[East: 675,447.214<br>North: 3,357,208.336<br>zone: <br>Longitude: 76.82508287<br>Latitude: 30.33400534]]></description>
        <styleUrl>#icon-1528-E65100-labelson</styleUrl>
        <ExtendedData>
          <Data name="East">
            <value>675447.2137</value>
          </Data>
          <Data name="North">
            <value>3357208.336</value>
          </Data>
          <Data name="zone">
            <value/>
          </Data>
          <Data name="Longitude">
            <value>76.82508287</value>
          </Data>
          <Data name="Latitude">
            <value>30.33400534</value>
          </Data>
        </ExtendedData>
        <Point>
          <coordinates>
            76.82508287,30.33400534,0
          </coordinates>
        </Point>
      </Placemark>
      <Placemark>
        <name>Br. No. 73</name>
        <description><![CDATA[East: 675,474.501<br>North: 3,357,484.131<br>zone: <br>Longitude: 76.82541276<br>Latitude: 30.33648892]]></description>
        <styleUrl>#icon-1528-E65100-labelson</styleUrl>
        <ExtendedData>
          <Data name="East">
            <value>675474.501</value>
          </Data>
          <Data name="North">
            <value>3357484.131</value>
          </Data>
          <Data name="zone">
            <value/>
          </Data>
          <Data name="Longitude">
            <value>76.82541276</value>
          </Data>
          <Data name="Latitude">
            <value>30.33648892</value>
          </Data>
        </ExtendedData>
        <Point>
          <coordinates>
            76.82541276,30.33648892,0
          </coordinates>
        </Point>
      </Placemark>
      <Placemark>
        <name>Br. No. 74</name>
        <description><![CDATA[East: 674,363.522<br>North: 3,358,598.391<br>zone: <br>Longitude: 76.8140458<br>Latitude: 30.34669989]]></description>
        <styleUrl>#icon-1528-E65100-labelson</styleUrl>
        <ExtendedData>
          <Data name="East">
            <value>674363.522</value>
          </Data>
          <Data name="North">
            <value>3358598.391</value>
          </Data>
          <Data name="zone">
            <value/>
          </Data>
          <Data name="Longitude">
            <value>76.8140458</value>
          </Data>
          <Data name="Latitude">
            <value>30.34669989</value>
          </Data>
        </ExtendedData>
        <Point>
          <coordinates>
            76.8140458,30.34669989,0
          </coordinates>
        </Point>
      </Placemark>
      <Placemark>
        <name>Br. No. 75</name>
        <description><![CDATA[East: 673,694.085<br>North: 3,359,051.623<br>zone: <br>Longitude: 76.80715916<br>Latitude: 30.35088431]]></description>
        <styleUrl>#icon-1528-E65100-labelson</styleUrl>
        <ExtendedData>
          <Data name="East">
            <value>673694.085</value>
          </Data>
          <Data name="North">
            <value>3359051.623</value>
          </Data>
          <Data name="zone">
            <value/>
          </Data>
          <Data name="Longitude">
            <value>76.80715916</value>
          </Data>
          <Data name="Latitude">
            <value>30.35088431</value>
          </Data>
        </ExtendedData>
        <Point>
          <coordinates>
            76.80715916,30.35088431,0
          </coordinates>
        </Point>
      </Placemark>
      <Placemark>
        <name>Br. No. 76</name>
        <description><![CDATA[East: 673,488.647<br>North: 3,359,196.295<br>zone: <br>Longitude: 76.80504658<br>Latitude: 30.35221872]]></description>
        <styleUrl>#icon-1528-E65100-labelson</styleUrl>
        <ExtendedData>
          <Data name="East">
            <value>673488.647</value>
          </Data>
          <Data name="North">
            <value>3359196.295</value>
          </Data>
          <Data name="zone">
            <value/>
          </Data>
          <Data name="Longitude">
            <value>76.80504658</value>
          </Data>
          <Data name="Latitude">
            <value>30.35221872</value>
          </Data>
        </ExtendedData>
        <Point>
          <coordinates>
            76.80504658,30.35221872,0
          </coordinates>
        </Point>
      </Placemark>
      <Placemark>
        <name>Br. No. 77</name>
        <description><![CDATA[East: 671,881.912<br>North: 3,360,328.261<br>zone: <br>Longitude: 76.78852211<br>Latitude: 30.36265844]]></description>
        <styleUrl>#icon-1528-E65100-labelson</styleUrl>
        <ExtendedData>
          <Data name="East">
            <value>671881.912</value>
          </Data>
          <Data name="North">
            <value>3360328.261</value>
          </Data>
          <Data name="zone">
            <value/>
          </Data>
          <Data name="Longitude">
            <value>76.78852211</value>
          </Data>
          <Data name="Latitude">
            <value>30.36265844</value>
          </Data>
        </ExtendedData>
        <Point>
          <coordinates>
            76.78852211,30.36265844,0
          </coordinates>
        </Point>
      </Placemark>
      <Placemark>
        <name>Br. No. 78</name>
        <description><![CDATA[East: 671,267.674<br>North: 3,360,759.723<br>zone: <br>Longitude: 76.78220383<br>Latitude: 30.3666374]]></description>
        <styleUrl>#icon-1528-E65100-labelson</styleUrl>
        <ExtendedData>
          <Data name="East">
            <value>671267.674</value>
          </Data>
          <Data name="North">
            <value>3360759.723</value>
          </Data>
          <Data name="zone">
            <value/>
          </Data>
          <Data name="Longitude">
            <value>76.78220383</value>
          </Data>
          <Data name="Latitude">
            <value>30.3666374</value>
          </Data>
        </ExtendedData>
        <Point>
          <coordinates>
            76.78220383,30.3666374,0
          </coordinates>
        </Point>
      </Placemark>
      <Placemark>
        <name>Br. No. 79</name>
        <description><![CDATA[East: 670,865.38<br>North: 3,361,042.308<br>zone: <br>Longitude: 76.7780654<br>Latitude: 30.36924325]]></description>
        <styleUrl>#icon-1528-E65100-labelson</styleUrl>
        <ExtendedData>
          <Data name="East">
            <value>670865.38</value>
          </Data>
          <Data name="North">
            <value>3361042.308</value>
          </Data>
          <Data name="zone">
            <value/>
          </Data>
          <Data name="Longitude">
            <value>76.7780654</value>
          </Data>
          <Data name="Latitude">
            <value>30.36924325</value>
          </Data>
        </ExtendedData>
        <Point>
          <coordinates>
            76.7780654,30.36924325,0
          </coordinates>
        </Point>
      </Placemark>
      <Placemark>
        <name>Br. No. 80</name>
        <description><![CDATA[East: 670,133.994<br>North: 3,361,554.017<br>zone: <br>Longitude: 76.77054067<br>Latitude: 30.37396206]]></description>
        <styleUrl>#icon-1528-E65100-labelson</styleUrl>
        <ExtendedData>
          <Data name="East">
            <value>670133.9942</value>
          </Data>
          <Data name="North">
            <value>3361554.017</value>
          </Data>
          <Data name="zone">
            <value/>
          </Data>
          <Data name="Longitude">
            <value>76.77054067</value>
          </Data>
          <Data name="Latitude">
            <value>30.37396206</value>
          </Data>
        </ExtendedData>
        <Point>
          <coordinates>
            76.77054067,30.37396206,0
          </coordinates>
        </Point>
      </Placemark>
      <Placemark>
        <name>Br. No. 81</name>
        <description><![CDATA[East: 670,064.905<br>North: 3,361,603.471<br>zone: <br>Longitude: 76.76983<br>Latitude: 30.37441787]]></description>
        <styleUrl>#icon-1528-E65100-labelson</styleUrl>
        <ExtendedData>
          <Data name="East">
            <value>670064.9046</value>
          </Data>
          <Data name="North">
            <value>3361603.471</value>
          </Data>
          <Data name="zone">
            <value/>
          </Data>
          <Data name="Longitude">
            <value>76.76983</value>
          </Data>
          <Data name="Latitude">
            <value>30.37441787</value>
          </Data>
        </ExtendedData>
        <Point>
          <coordinates>
            76.76983,30.37441787,0
          </coordinates>
        </Point>
      </Placemark>
      <Placemark>
        <name>Br. No. 82</name>
        <description><![CDATA[East: 669,641.145<br>North: 3,361,882.046<br>zone: <br>Longitude: 76.76546695<br>Latitude: 30.3769902]]></description>
        <styleUrl>#icon-1528-E65100-labelson</styleUrl>
        <ExtendedData>
          <Data name="East">
            <value>669641.145</value>
          </Data>
          <Data name="North">
            <value>3361882.046</value>
          </Data>
          <Data name="zone">
            <value/>
          </Data>
          <Data name="Longitude">
            <value>76.76546695</value>
          </Data>
          <Data name="Latitude">
            <value>30.3769902</value>
          </Data>
        </ExtendedData>
        <Point>
          <coordinates>
            76.76546695,30.3769902,0
          </coordinates>
        </Point>
      </Placemark>
      <Placemark>
        <name>Br. No. 83</name>
        <description><![CDATA[East: 669,203.335<br>North: 3,362,189.405<br>zone: <br>Longitude: 76.76096215<br>Latitude: 30.379824]]></description>
        <styleUrl>#icon-1528-E65100-labelson</styleUrl>
        <ExtendedData>
          <Data name="East">
            <value>669203.335</value>
          </Data>
          <Data name="North">
            <value>3362189.405</value>
          </Data>
          <Data name="zone">
            <value/>
          </Data>
          <Data name="Longitude">
            <value>76.76096215</value>
          </Data>
          <Data name="Latitude">
            <value>30.379824</value>
          </Data>
        </ExtendedData>
        <Point>
          <coordinates>
            76.76096215,30.379824,0
          </coordinates>
        </Point>
      </Placemark>
      <Placemark>
        <name>Br. No. 84</name>
        <description><![CDATA[East: 669,111.892<br>North: 3,362,259.707<br>zone: <br>Longitude: 76.76002222<br>Latitude: 30.38047093]]></description>
        <styleUrl>#icon-1528-E65100-labelson</styleUrl>
        <ExtendedData>
          <Data name="East">
            <value>669111.892</value>
          </Data>
          <Data name="North">
            <value>3362259.707</value>
          </Data>
          <Data name="zone">
            <value/>
          </Data>
          <Data name="Longitude">
            <value>76.76002222</value>
          </Data>
          <Data name="Latitude">
            <value>30.38047093</value>
          </Data>
        </ExtendedData>
        <Point>
          <coordinates>
            76.76002222,30.38047093,0
          </coordinates>
        </Point>
      </Placemark>
      <Placemark>
        <name>Br. No. 85</name>
        <description><![CDATA[East: 669,022.277<br>North: 3,362,328.602<br>zone: <br>Longitude: 76.75910105<br>Latitude: 30.38110491]]></description>
        <styleUrl>#icon-1528-E65100-labelson</styleUrl>
        <ExtendedData>
          <Data name="East">
            <value>669022.277</value>
          </Data>
          <Data name="North">
            <value>3362328.602</value>
          </Data>
          <Data name="zone">
            <value/>
          </Data>
          <Data name="Longitude">
            <value>76.75910105</value>
          </Data>
          <Data name="Latitude">
            <value>30.38110491</value>
          </Data>
        </ExtendedData>
        <Point>
          <coordinates>
            76.75910105,30.38110491,0
          </coordinates>
        </Point>
      </Placemark>
      <Placemark>
        <name>Br. No. 86</name>
        <description><![CDATA[East: 668,553.011<br>North: 3,362,671.146<br>zone: <br>Longitude: 76.75427429<br>Latitude: 30.38426025]]></description>
        <styleUrl>#icon-1528-E65100-labelson</styleUrl>
        <ExtendedData>
          <Data name="East">
            <value>668553.011</value>
          </Data>
          <Data name="North">
            <value>3362671.146</value>
          </Data>
          <Data name="zone">
            <value/>
          </Data>
          <Data name="Longitude">
            <value>76.75427429</value>
          </Data>
          <Data name="Latitude">
            <value>30.38426025</value>
          </Data>
        </ExtendedData>
        <Point>
          <coordinates>
            76.75427429,30.38426025,0
          </coordinates>
        </Point>
      </Placemark>
      <Placemark>
        <name>Br. No. 87</name>
        <description><![CDATA[East: 668,374.531<br>North: 3,362,796.514<br>zone: <br>Longitude: 76.75243761<br>Latitude: 30.38541598]]></description>
        <styleUrl>#icon-1528-E65100-labelson</styleUrl>
        <ExtendedData>
          <Data name="East">
            <value>668374.531</value>
          </Data>
          <Data name="North">
            <value>3362796.514</value>
          </Data>
          <Data name="zone">
            <value/>
          </Data>
          <Data name="Longitude">
            <value>76.75243761</value>
          </Data>
          <Data name="Latitude">
            <value>30.38541598</value>
          </Data>
        </ExtendedData>
        <Point>
          <coordinates>
            76.75243761,30.38541598,0
          </coordinates>
        </Point>
      </Placemark>
      <Placemark>
        <name>Br. No. 88</name>
        <description><![CDATA[East: 668,078.031<br>North: 3,363,004.782<br>zone: <br>Longitude: 76.74938633<br>Latitude: 30.38733588]]></description>
        <styleUrl>#icon-1528-E65100-labelson</styleUrl>
        <ExtendedData>
          <Data name="East">
            <value>668078.031</value>
          </Data>
          <Data name="North">
            <value>3363004.782</value>
          </Data>
          <Data name="zone">
            <value/>
          </Data>
          <Data name="Longitude">
            <value>76.74938633</value>
          </Data>
          <Data name="Latitude">
            <value>30.38733588</value>
          </Data>
        </ExtendedData>
        <Point>
          <coordinates>
            76.74938633,30.38733588,0
          </coordinates>
        </Point>
      </Placemark>
      <Placemark>
        <name>Br. No. 89</name>
        <description><![CDATA[East: 667,724.878<br>North: 3,363,247.962<br>zone: <br>Longitude: 76.7457511<br>Latitude: 30.38957849]]></description>
        <styleUrl>#icon-1528-E65100-labelson</styleUrl>
        <ExtendedData>
          <Data name="East">
            <value>667724.878</value>
          </Data>
          <Data name="North">
            <value>3363247.962</value>
          </Data>
          <Data name="zone">
            <value/>
          </Data>
          <Data name="Longitude">
            <value>76.7457511</value>
          </Data>
          <Data name="Latitude">
            <value>30.38957849</value>
          </Data>
        </ExtendedData>
        <Point>
          <coordinates>
            76.7457511,30.38957849,0
          </coordinates>
        </Point>
      </Placemark>
      <Placemark>
        <name>Br. No. 90</name>
        <description><![CDATA[East: 667,710.793<br>North: 3,363,257.85<br>zone: <br>Longitude: 76.74560614<br>Latitude: 30.38966964]]></description>
        <styleUrl>#icon-1528-E65100-labelson</styleUrl>
        <ExtendedData>
          <Data name="East">
            <value>667710.793</value>
          </Data>
          <Data name="North">
            <value>3363257.85</value>
          </Data>
          <Data name="zone">
            <value/>
          </Data>
          <Data name="Longitude">
            <value>76.74560614</value>
          </Data>
          <Data name="Latitude">
            <value>30.38966964</value>
          </Data>
        </ExtendedData>
        <Point>
          <coordinates>
            76.74560614,30.38966964,0
          </coordinates>
        </Point>
      </Placemark>
      <Placemark>
        <name>Br. No. 91</name>
        <description><![CDATA[East: 666,163.213<br>North: 3,364,299.064<br>zone: <br>Longitude: 76.72966997<br>Latitude: 30.39927554]]></description>
        <styleUrl>#icon-1528-E65100-labelson</styleUrl>
        <ExtendedData>
          <Data name="East">
            <value>666163.213</value>
          </Data>
          <Data name="North">
            <value>3364299.064</value>
          </Data>
          <Data name="zone">
            <value/>
          </Data>
          <Data name="Longitude">
            <value>76.72966997</value>
          </Data>
          <Data name="Latitude">
            <value>30.39927554</value>
          </Data>
        </ExtendedData>
        <Point>
          <coordinates>
            76.72966997,30.39927554,0
          </coordinates>
        </Point>
      </Placemark>
      <Placemark>
        <name>Br. No. 92</name>
        <description><![CDATA[East: 664,896.674<br>North: 3,365,236.354<br>zone: <br>Longitude: 76.71663889<br>Latitude: 30.40790379]]></description>
        <styleUrl>#icon-1528-E65100-labelson</styleUrl>
        <ExtendedData>
          <Data name="East">
            <value>664896.674</value>
          </Data>
          <Data name="North">
            <value>3365236.354</value>
          </Data>
          <Data name="zone">
            <value/>
          </Data>
          <Data name="Longitude">
            <value>76.71663889</value>
          </Data>
          <Data name="Latitude">
            <value>30.40790379</value>
          </Data>
        </ExtendedData>
        <Point>
          <coordinates>
            76.71663889,30.40790379,0
          </coordinates>
        </Point>
      </Placemark>
      <Placemark>
        <name>Br. No. 93</name>
        <description><![CDATA[East: 664,774.789<br>North: 3,365,322.136<br>zone: <br>Longitude: 76.71538403<br>Latitude: 30.40869422]]></description>
        <styleUrl>#icon-1528-E65100-labelson</styleUrl>
        <ExtendedData>
          <Data name="East">
            <value>664774.789</value>
          </Data>
          <Data name="North">
            <value>3365322.136</value>
          </Data>
          <Data name="zone">
            <value/>
          </Data>
          <Data name="Longitude">
            <value>76.71538403</value>
          </Data>
          <Data name="Latitude">
            <value>30.40869422</value>
          </Data>
        </ExtendedData>
        <Point>
          <coordinates>
            76.71538403,30.40869422,0
          </coordinates>
        </Point>
      </Placemark>
      <Placemark>
        <name>Br. No. 94</name>
        <description><![CDATA[East: 664,614.083<br>North: 3,365,435.24<br>zone: <br>Longitude: 76.71372946<br>Latitude: 30.40973638]]></description>
        <styleUrl>#icon-1528-E65100-labelson</styleUrl>
        <ExtendedData>
          <Data name="East">
            <value>664614.083</value>
          </Data>
          <Data name="North">
            <value>3365435.24</value>
          </Data>
          <Data name="zone">
            <value/>
          </Data>
          <Data name="Longitude">
            <value>76.71372946</value>
          </Data>
          <Data name="Latitude">
            <value>30.40973638</value>
          </Data>
        </ExtendedData>
        <Point>
          <coordinates>
            76.71372946,30.40973638,0
          </coordinates>
        </Point>
      </Placemark>
      <Placemark>
        <name>Br. No. 95</name>
        <description><![CDATA[East: 663,202.279<br>North: 3,366,428.995<br>zone: <br>Longitude: 76.69919251<br>Latitude: 30.41889214]]></description>
        <styleUrl>#icon-1528-E65100-labelson</styleUrl>
        <ExtendedData>
          <Data name="East">
            <value>663202.279</value>
          </Data>
          <Data name="North">
            <value>3366428.995</value>
          </Data>
          <Data name="zone">
            <value/>
          </Data>
          <Data name="Longitude">
            <value>76.69919251</value>
          </Data>
          <Data name="Latitude">
            <value>30.41889214</value>
          </Data>
        </ExtendedData>
        <Point>
          <coordinates>
            76.69919251,30.41889214,0
          </coordinates>
        </Point>
      </Placemark>
      <Placemark>
        <name>Br. No. 96</name>
        <description><![CDATA[East: 662,489.144<br>North: 3,366,931.654<br>zone: <br>Longitude: 76.69184863<br>Latitude: 30.42352257]]></description>
        <styleUrl>#icon-1528-E65100-labelson</styleUrl>
        <ExtendedData>
          <Data name="East">
            <value>662489.144</value>
          </Data>
          <Data name="North">
            <value>3366931.654</value>
          </Data>
          <Data name="zone">
            <value/>
          </Data>
          <Data name="Longitude">
            <value>76.69184863</value>
          </Data>
          <Data name="Latitude">
            <value>30.42352257</value>
          </Data>
        </ExtendedData>
        <Point>
          <coordinates>
            76.69184863,30.42352257,0
          </coordinates>
        </Point>
      </Placemark>
      <Placemark>
        <name>Br. No. 97</name>
        <description><![CDATA[East: 662,203.19<br>North: 3,367,121.635<br>zone: <br>Longitude: 76.68890186<br>Latitude: 30.42527476]]></description>
        <styleUrl>#icon-1528-E65100-labelson</styleUrl>
        <ExtendedData>
          <Data name="East">
            <value>662203.19</value>
          </Data>
          <Data name="North">
            <value>3367121.635</value>
          </Data>
          <Data name="zone">
            <value/>
          </Data>
          <Data name="Longitude">
            <value>76.68890186</value>
          </Data>
          <Data name="Latitude">
            <value>30.42527476</value>
          </Data>
        </ExtendedData>
        <Point>
          <coordinates>
            76.68890186,30.42527476,0
          </coordinates>
        </Point>
      </Placemark>
      <Placemark>
        <name>Br. No. 98</name>
        <description><![CDATA[East: 660,598.192<br>North: 3,368,251.248<br>zone: <br>Longitude: 76.67237009<br>Latitude: 30.43567915]]></description>
        <styleUrl>#icon-1528-E65100-labelson</styleUrl>
        <ExtendedData>
          <Data name="East">
            <value>660598.192</value>
          </Data>
          <Data name="North">
            <value>3368251.248</value>
          </Data>
          <Data name="zone">
            <value/>
          </Data>
          <Data name="Longitude">
            <value>76.67237009</value>
          </Data>
          <Data name="Latitude">
            <value>30.43567915</value>
          </Data>
        </ExtendedData>
        <Point>
          <coordinates>
            76.67237009,30.43567915,0
          </coordinates>
        </Point>
      </Placemark>
      <Placemark>
        <name>Br. No. 99</name>
        <description><![CDATA[East: 660,413.626<br>North: 3,368,381.355<br>zone: <br>Longitude: 76.67046883<br>Latitude: 30.43687735]]></description>
        <styleUrl>#icon-1528-E65100-labelson</styleUrl>
        <ExtendedData>
          <Data name="East">
            <value>660413.626</value>
          </Data>
          <Data name="North">
            <value>3368381.355</value>
          </Data>
          <Data name="zone">
            <value/>
          </Data>
          <Data name="Longitude">
            <value>76.67046883</value>
          </Data>
          <Data name="Latitude">
            <value>30.43687735</value>
          </Data>
        </ExtendedData>
        <Point>
          <coordinates>
            76.67046883,30.43687735,0
          </coordinates>
        </Point>
      </Placemark>
      <Placemark>
        <name>Br. No. 100</name>
        <description><![CDATA[East: 660,067.995<br>North: 3,368,627.449<br>zone: <br>Longitude: 76.66690865<br>Latitude: 30.43914317]]></description>
        <styleUrl>#icon-1528-E65100-labelson</styleUrl>
        <ExtendedData>
          <Data name="East">
            <value>660067.995</value>
          </Data>
          <Data name="North">
            <value>3368627.449</value>
          </Data>
          <Data name="zone">
            <value/>
          </Data>
          <Data name="Longitude">
            <value>76.66690865</value>
          </Data>
          <Data name="Latitude">
            <value>30.43914317</value>
          </Data>
        </ExtendedData>
        <Point>
          <coordinates>
            76.66690865,30.43914317,0
          </coordinates>
        </Point>
      </Placemark>
      <Placemark>
        <name>Br. No. 101</name>
        <description><![CDATA[East: 659,731.413<br>North: 3,368,862.269<br>zone: <br>Longitude: 76.66344077<br>Latitude: 30.441306]]></description>
        <styleUrl>#icon-1528-E65100-labelson</styleUrl>
        <ExtendedData>
          <Data name="East">
            <value>659731.413</value>
          </Data>
          <Data name="North">
            <value>3368862.269</value>
          </Data>
          <Data name="zone">
            <value/>
          </Data>
          <Data name="Longitude">
            <value>76.66344077</value>
          </Data>
          <Data name="Latitude">
            <value>30.441306</value>
          </Data>
        </ExtendedData>
        <Point>
          <coordinates>
            76.66344077,30.441306,0
          </coordinates>
        </Point>
      </Placemark>
      <Placemark>
        <name>Br. No. 102</name>
        <description><![CDATA[East: 658,519.27<br>North: 3,369,719.194<br>zone: <br>Longitude: 76.65095224<br>Latitude: 30.44919594]]></description>
        <styleUrl>#icon-1528-E65100-labelson</styleUrl>
        <ExtendedData>
          <Data name="East">
            <value>658519.27</value>
          </Data>
          <Data name="North">
            <value>3369719.194</value>
          </Data>
          <Data name="zone">
            <value/>
          </Data>
          <Data name="Longitude">
            <value>76.65095224</value>
          </Data>
          <Data name="Latitude">
            <value>30.44919594</value>
          </Data>
        </ExtendedData>
        <Point>
          <coordinates>
            76.65095224,30.44919594,0
          </coordinates>
        </Point>
      </Placemark>
      <Placemark>
        <name>Br. No. 103</name>
        <description><![CDATA[East: 658,195.764<br>North: 3,369,940.411<br>zone: <br>Longitude: 76.64761772<br>Latitude: 30.45123395]]></description>
        <styleUrl>#icon-1528-E65100-labelson</styleUrl>
        <ExtendedData>
          <Data name="East">
            <value>658195.764</value>
          </Data>
          <Data name="North">
            <value>3369940.411</value>
          </Data>
          <Data name="zone">
            <value/>
          </Data>
          <Data name="Longitude">
            <value>76.64761772</value>
          </Data>
          <Data name="Latitude">
            <value>30.45123395</value>
          </Data>
        </ExtendedData>
        <Point>
          <coordinates>
            76.64761772,30.45123395,0
          </coordinates>
        </Point>
      </Placemark>
      <Placemark>
        <name>Br. No. 104</name>
        <description><![CDATA[East: 656,486.051<br>North: 3,371,127.259<br>zone: <br>Longitude: 76.6299953<br>Latitude: 30.4621633]]></description>
        <styleUrl>#icon-1528-E65100-labelson</styleUrl>
        <ExtendedData>
          <Data name="East">
            <value>656486.051</value>
          </Data>
          <Data name="North">
            <value>3371127.259</value>
          </Data>
          <Data name="zone">
            <value/>
          </Data>
          <Data name="Longitude">
            <value>76.6299953</value>
          </Data>
          <Data name="Latitude">
            <value>30.4621633</value>
          </Data>
        </ExtendedData>
        <Point>
          <coordinates>
            76.6299953,30.4621633,0
          </coordinates>
        </Point>
      </Placemark>
      <Placemark>
        <name>Br. No. 105</name>
        <description><![CDATA[East: 656,498.942<br>North: 3,371,145.49<br>zone: <br>Longitude: 76.63013226<br>Latitude: 30.46232607]]></description>
        <styleUrl>#icon-1528-E65100-labelson</styleUrl>
        <ExtendedData>
          <Data name="East">
            <value>656498.942</value>
          </Data>
          <Data name="North">
            <value>3371145.49</value>
          </Data>
          <Data name="zone">
            <value/>
          </Data>
          <Data name="Longitude">
            <value>76.63013226</value>
          </Data>
          <Data name="Latitude">
            <value>30.46232607</value>
          </Data>
        </ExtendedData>
        <Point>
          <coordinates>
            76.63013226,30.46232607,0
          </coordinates>
        </Point>
      </Placemark>
      <Placemark>
        <name>Br. No. 106</name>
        <description><![CDATA[East: 656,142.758<br>North: 3,371,288.121<br>zone: <br>Longitude: 76.6264448<br>Latitude: 30.46365895]]></description>
        <styleUrl>#icon-1528-E65100-labelson</styleUrl>
        <ExtendedData>
          <Data name="East">
            <value>656142.758</value>
          </Data>
          <Data name="North">
            <value>3371288.121</value>
          </Data>
          <Data name="zone">
            <value/>
          </Data>
          <Data name="Longitude">
            <value>76.6264448</value>
          </Data>
          <Data name="Latitude">
            <value>30.46365895</value>
          </Data>
        </ExtendedData>
        <Point>
          <coordinates>
            76.6264448,30.46365895,0
          </coordinates>
        </Point>
      </Placemark>
      <Placemark>
        <name>Br. No. 107</name>
        <description><![CDATA[East: 656,198.67<br>North: 3,371,364.644<br>zone: <br>Longitude: 76.62703848<br>Latitude: 30.46434195]]></description>
        <styleUrl>#icon-1528-E65100-labelson</styleUrl>
        <ExtendedData>
          <Data name="East">
            <value>656198.67</value>
          </Data>
          <Data name="North">
            <value>3371364.644</value>
          </Data>
          <Data name="zone">
            <value/>
          </Data>
          <Data name="Longitude">
            <value>76.62703848</value>
          </Data>
          <Data name="Latitude">
            <value>30.46434195</value>
          </Data>
        </ExtendedData>
        <Point>
          <coordinates>
            76.62703848,30.46434195,0
          </coordinates>
        </Point>
      </Placemark>
      <Placemark>
        <name>Br. No. 108</name>
        <description><![CDATA[East: 655,693.735<br>North: 3,371,741.029<br>zone: <br>Longitude: 76.62183688<br>Latitude: 30.46780256]]></description>
        <styleUrl>#icon-1528-E65100-labelson</styleUrl>
        <ExtendedData>
          <Data name="East">
            <value>655693.735</value>
          </Data>
          <Data name="North">
            <value>3371741.029</value>
          </Data>
          <Data name="zone">
            <value/>
          </Data>
          <Data name="Longitude">
            <value>76.62183688</value>
          </Data>
          <Data name="Latitude">
            <value>30.46780256</value>
          </Data>
        </ExtendedData>
        <Point>
          <coordinates>
            76.62183688,30.46780256,0
          </coordinates>
        </Point>
      </Placemark>
      <Placemark>
        <name>Br. No. 109</name>
        <description><![CDATA[East: 655,217.437<br>North: 3,372,219.723<br>zone: <br>Longitude: 76.61694838<br>Latitude: 30.47218214]]></description>
        <styleUrl>#icon-1528-E65100-labelson</styleUrl>
        <ExtendedData>
          <Data name="East">
            <value>655217.437</value>
          </Data>
          <Data name="North">
            <value>3372219.723</value>
          </Data>
          <Data name="zone">
            <value/>
          </Data>
          <Data name="Longitude">
            <value>76.61694838</value>
          </Data>
          <Data name="Latitude">
            <value>30.47218214</value>
          </Data>
        </ExtendedData>
        <Point>
          <coordinates>
            76.61694838,30.47218214,0
          </coordinates>
        </Point>
      </Placemark>
      <Placemark>
        <name>Br. No. 110</name>
        <description><![CDATA[East: 655,195.462<br>North: 3,372,232.368<br>zone: <br>Longitude: 76.61672142<br>Latitude: 30.47229904]]></description>
        <styleUrl>#icon-1528-E65100-labelson</styleUrl>
        <ExtendedData>
          <Data name="East">
            <value>655195.4624</value>
          </Data>
          <Data name="North">
            <value>3372232.368</value>
          </Data>
          <Data name="zone">
            <value/>
          </Data>
          <Data name="Longitude">
            <value>76.61672142</value>
          </Data>
          <Data name="Latitude">
            <value>30.47229904</value>
          </Data>
        </ExtendedData>
        <Point>
          <coordinates>
            76.61672142,30.47229904,0
          </coordinates>
        </Point>
      </Placemark>
      <Placemark>
        <name>Br. No. 111</name>
        <description><![CDATA[East: 655,089.224<br>North: 3,372,147.602<br>zone: <br>Longitude: 76.61560245<br>Latitude: 30.47154813]]></description>
        <styleUrl>#icon-1528-E65100-labelson</styleUrl>
        <ExtendedData>
          <Data name="East">
            <value>655089.224</value>
          </Data>
          <Data name="North">
            <value>3372147.602</value>
          </Data>
          <Data name="zone">
            <value/>
          </Data>
          <Data name="Longitude">
            <value>76.61560245</value>
          </Data>
          <Data name="Latitude">
            <value>30.47154813</value>
          </Data>
        </ExtendedData>
        <Point>
          <coordinates>
            76.61560245,30.47154813,0
          </coordinates>
        </Point>
      </Placemark>
      <Placemark>
        <name>Br. No. 112</name>
        <description><![CDATA[East: 655,009.044<br>North: 3,372,339.64<br>zone: <br>Longitude: 76.61479606<br>Latitude: 30.47329073]]></description>
        <styleUrl>#icon-1528-E65100-labelson</styleUrl>
        <ExtendedData>
          <Data name="East">
            <value>655009.044</value>
          </Data>
          <Data name="North">
            <value>3372339.64</value>
          </Data>
          <Data name="zone">
            <value/>
          </Data>
          <Data name="Longitude">
            <value>76.61479606</value>
          </Data>
          <Data name="Latitude">
            <value>30.47329073</value>
          </Data>
        </ExtendedData>
        <Point>
          <coordinates>
            76.61479606,30.47329073,0
          </coordinates>
        </Point>
      </Placemark>
      <Placemark>
        <name>Br. No. 113</name>
        <description><![CDATA[East: 654,945.003<br>North: 3,372,248.89<br>zone: <br>Longitude: 76.61411564<br>Latitude: 30.47248039]]></description>
        <styleUrl>#icon-1528-E65100-labelson</styleUrl>
        <ExtendedData>
          <Data name="East">
            <value>654945.003</value>
          </Data>
          <Data name="North">
            <value>3372248.89</value>
          </Data>
          <Data name="zone">
            <value/>
          </Data>
          <Data name="Longitude">
            <value>76.61411564</value>
          </Data>
          <Data name="Latitude">
            <value>30.47248039</value>
          </Data>
        </ExtendedData>
        <Point>
          <coordinates>
            76.61411564,30.47248039,0
          </coordinates>
        </Point>
      </Placemark>
      <Placemark>
        <name>Br. No. 114</name>
        <description><![CDATA[East: 654,797.831<br>North: 3,372,461.178<br>zone: <br>Longitude: 76.61261457<br>Latitude: 30.47441426]]></description>
        <styleUrl>#icon-1528-E65100-labelson</styleUrl>
        <ExtendedData>
          <Data name="East">
            <value>654797.831</value>
          </Data>
          <Data name="North">
            <value>3372461.178</value>
          </Data>
          <Data name="zone">
            <value/>
          </Data>
          <Data name="Longitude">
            <value>76.61261457</value>
          </Data>
          <Data name="Latitude">
            <value>30.47441426</value>
          </Data>
        </ExtendedData>
        <Point>
          <coordinates>
            76.61261457,30.47441426,0
          </coordinates>
        </Point>
      </Placemark>
      <Placemark>
        <name>Br. No. 115</name>
        <description><![CDATA[East: 654,748.637<br>North: 3,372,392.969<br>zone: <br>Longitude: 76.61209212<br>Latitude: 30.47380533]]></description>
        <styleUrl>#icon-1528-E65100-labelson</styleUrl>
        <ExtendedData>
          <Data name="East">
            <value>654748.637</value>
          </Data>
          <Data name="North">
            <value>3372392.969</value>
          </Data>
          <Data name="zone">
            <value/>
          </Data>
          <Data name="Longitude">
            <value>76.61209212</value>
          </Data>
          <Data name="Latitude">
            <value>30.47380533</value>
          </Data>
        </ExtendedData>
        <Point>
          <coordinates>
            76.61209212,30.47380533,0
          </coordinates>
        </Point>
      </Placemark>
      <Placemark>
        <name>Br. No. 116</name>
        <description><![CDATA[East: 653,763.051<br>North: 3,373,186.43<br>zone: <br>Longitude: 76.6019454<br>Latitude: 30.4810892]]></description>
        <styleUrl>#icon-1528-E65100-labelson</styleUrl>
        <ExtendedData>
          <Data name="East">
            <value>653763.051</value>
          </Data>
          <Data name="North">
            <value>3373186.43</value>
          </Data>
          <Data name="zone">
            <value/>
          </Data>
          <Data name="Longitude">
            <value>76.6019454</value>
          </Data>
          <Data name="Latitude">
            <value>30.4810892</value>
          </Data>
        </ExtendedData>
        <Point>
          <coordinates>
            76.6019454,30.4810892,0
          </coordinates>
        </Point>
      </Placemark>
      <Placemark>
        <name>Br. No. 117</name>
        <description><![CDATA[East: 653,745.143<br>North: 3,373,162.093<br>zone: <br>Longitude: 76.60175528<br>Latitude: 30.48087192]]></description>
        <styleUrl>#icon-1528-E65100-labelson</styleUrl>
        <ExtendedData>
          <Data name="East">
            <value>653745.143</value>
          </Data>
          <Data name="North">
            <value>3373162.093</value>
          </Data>
          <Data name="zone">
            <value/>
          </Data>
          <Data name="Longitude">
            <value>76.60175528</value>
          </Data>
          <Data name="Latitude">
            <value>30.48087192</value>
          </Data>
        </ExtendedData>
        <Point>
          <coordinates>
            76.60175528,30.48087192,0
          </coordinates>
        </Point>
      </Placemark>
      <Placemark>
        <name>Br. No. 118</name>
        <description><![CDATA[East: 653,262.687<br>North: 3,373,581.013<br>zone: <br>Longitude: 76.59679227<br>Latitude: 30.48471239]]></description>
        <styleUrl>#icon-1528-E65100-labelson</styleUrl>
        <ExtendedData>
          <Data name="East">
            <value>653262.687</value>
          </Data>
          <Data name="North">
            <value>3373581.013</value>
          </Data>
          <Data name="zone">
            <value/>
          </Data>
          <Data name="Longitude">
            <value>76.59679227</value>
          </Data>
          <Data name="Latitude">
            <value>30.48471239</value>
          </Data>
        </ExtendedData>
        <Point>
          <coordinates>
            76.59679227,30.48471239,0
          </coordinates>
        </Point>
      </Placemark>
      <Placemark>
        <name>Br. No. 119</name>
        <description><![CDATA[East: 652,006.68<br>North: 3,374,490.569<br>zone: <br>Longitude: 76.58384348<br>Latitude: 30.49307659]]></description>
        <styleUrl>#icon-1528-E65100-labelson</styleUrl>
        <ExtendedData>
          <Data name="East">
            <value>652006.68</value>
          </Data>
          <Data name="North">
            <value>3374490.569</value>
          </Data>
          <Data name="zone">
            <value/>
          </Data>
          <Data name="Longitude">
            <value>76.58384348</value>
          </Data>
          <Data name="Latitude">
            <value>30.49307659</value>
          </Data>
        </ExtendedData>
        <Point>
          <coordinates>
            76.58384348,30.49307659,0
          </coordinates>
        </Point>
      </Placemark>
      <Placemark>
        <name>Br. No. 120</name>
        <description><![CDATA[East: 651,953.48<br>North: 3,374,529.121<br>zone: <br>Longitude: 76.58329497<br>Latitude: 30.49343108]]></description>
        <styleUrl>#icon-1528-E65100-labelson</styleUrl>
        <ExtendedData>
          <Data name="East">
            <value>651953.48</value>
          </Data>
          <Data name="North">
            <value>3374529.121</value>
          </Data>
          <Data name="zone">
            <value/>
          </Data>
          <Data name="Longitude">
            <value>76.58329497</value>
          </Data>
          <Data name="Latitude">
            <value>30.49343108</value>
          </Data>
        </ExtendedData>
        <Point>
          <coordinates>
            76.58329497,30.49343108,0
          </coordinates>
        </Point>
      </Placemark>
      <Placemark>
        <name>Br. No. 121</name>
        <description><![CDATA[East: 651,666.452<br>North: 3,374,737.118<br>zone: <br>Longitude: 76.58033554<br>Latitude: 30.4953436]]></description>
        <styleUrl>#icon-1528-E65100-labelson</styleUrl>
        <ExtendedData>
          <Data name="East">
            <value>651666.452</value>
          </Data>
          <Data name="North">
            <value>3374737.118</value>
          </Data>
          <Data name="zone">
            <value/>
          </Data>
          <Data name="Longitude">
            <value>76.58033554</value>
          </Data>
          <Data name="Latitude">
            <value>30.4953436</value>
          </Data>
        </ExtendedData>
        <Point>
          <coordinates>
            76.58033554,30.4953436,0
          </coordinates>
        </Point>
      </Placemark>
      <Placemark>
        <name>Br. No. 122</name>
        <description><![CDATA[East: 651,443.404<br>North: 3,374,898.862<br>zone: <br>Longitude: 76.57803572<br>Latitude: 30.49683076]]></description>
        <styleUrl>#icon-1528-E65100-labelson</styleUrl>
        <ExtendedData>
          <Data name="East">
            <value>651443.404</value>
          </Data>
          <Data name="North">
            <value>3374898.862</value>
          </Data>
          <Data name="zone">
            <value/>
          </Data>
          <Data name="Longitude">
            <value>76.57803572</value>
          </Data>
          <Data name="Latitude">
            <value>30.49683076</value>
          </Data>
        </ExtendedData>
        <Point>
          <coordinates>
            76.57803572,30.49683076,0
          </coordinates>
        </Point>
      </Placemark>
      <Placemark>
        <name>Br. No. 123</name>
        <description><![CDATA[East: 651,242.011<br>North: 3,375,047.795<br>zone: <br>Longitude: 76.57595954<br>Latitude: 30.49819959]]></description>
        <styleUrl>#icon-1528-E65100-labelson</styleUrl>
        <ExtendedData>
          <Data name="East">
            <value>651242.011</value>
          </Data>
          <Data name="North">
            <value>3375047.795</value>
          </Data>
          <Data name="zone">
            <value/>
          </Data>
          <Data name="Longitude">
            <value>76.57595954</value>
          </Data>
          <Data name="Latitude">
            <value>30.49819959</value>
          </Data>
        </ExtendedData>
        <Point>
          <coordinates>
            76.57595954,30.49819959,0
          </coordinates>
        </Point>
      </Placemark>
      <Placemark>
        <name>Br. No. 124</name>
        <description><![CDATA[East: 650,089.747<br>North: 3,375,900.626<br>zone: <br>Longitude: 76.56407971<br>Latitude: 30.50603717]]></description>
        <styleUrl>#icon-1528-E65100-labelson</styleUrl>
        <ExtendedData>
          <Data name="East">
            <value>650089.747</value>
          </Data>
          <Data name="North">
            <value>3375900.626</value>
          </Data>
          <Data name="zone">
            <value/>
          </Data>
          <Data name="Longitude">
            <value>76.56407971</value>
          </Data>
          <Data name="Latitude">
            <value>30.50603717</value>
          </Data>
        </ExtendedData>
        <Point>
          <coordinates>
            76.56407971,30.50603717,0
          </coordinates>
        </Point>
      </Placemark>
      <Placemark>
        <name>Br. No. 125</name>
        <description><![CDATA[East: 649,549.445<br>North: 3,376,300.523<br>zone: <br>Longitude: 76.55850854<br>Latitude: 30.50971189]]></description>
        <styleUrl>#icon-1528-E65100-labelson</styleUrl>
        <ExtendedData>
          <Data name="East">
            <value>649549.4447</value>
          </Data>
          <Data name="North">
            <value>3376300.523</value>
          </Data>
          <Data name="zone">
            <value/>
          </Data>
          <Data name="Longitude">
            <value>76.55850854</value>
          </Data>
          <Data name="Latitude">
            <value>30.50971189</value>
          </Data>
        </ExtendedData>
        <Point>
          <coordinates>
            76.55850854,30.50971189,0
          </coordinates>
        </Point>
      </Placemark>
      <Placemark>
        <name>Br. No. 126</name>
        <description><![CDATA[East: 649,250.424<br>North: 3,376,521.839<br>zone: <br>Longitude: 76.55542509<br>Latitude: 30.51174551]]></description>
        <styleUrl>#icon-1528-E65100-labelson</styleUrl>
        <ExtendedData>
          <Data name="East">
            <value>649250.424</value>
          </Data>
          <Data name="North">
            <value>3376521.839</value>
          </Data>
          <Data name="zone">
            <value/>
          </Data>
          <Data name="Longitude">
            <value>76.55542509</value>
          </Data>
          <Data name="Latitude">
            <value>30.51174551</value>
          </Data>
        </ExtendedData>
        <Point>
          <coordinates>
            76.55542509,30.51174551,0
          </coordinates>
        </Point>
      </Placemark>
      <Placemark>
        <name>Br. No. 127</name>
        <description><![CDATA[East: 648,601.299<br>North: 3,377,002.278<br>zone: <br>Longitude: 76.54873098<br>Latitude: 30.51615991]]></description>
        <styleUrl>#icon-1528-E65100-labelson</styleUrl>
        <ExtendedData>
          <Data name="East">
            <value>648601.299</value>
          </Data>
          <Data name="North">
            <value>3377002.278</value>
          </Data>
          <Data name="zone">
            <value/>
          </Data>
          <Data name="Longitude">
            <value>76.54873098</value>
          </Data>
          <Data name="Latitude">
            <value>30.51615991</value>
          </Data>
        </ExtendedData>
        <Point>
          <coordinates>
            76.54873098,30.51615991,0
          </coordinates>
        </Point>
      </Placemark>
      <Placemark>
        <name>Br. No. 128</name>
        <description><![CDATA[East: 648,439.626<br>North: 3,377,121.938<br>zone: <br>Longitude: 76.54706363<br>Latitude: 30.51725932]]></description>
        <styleUrl>#icon-1528-E65100-labelson</styleUrl>
        <ExtendedData>
          <Data name="East">
            <value>648439.626</value>
          </Data>
          <Data name="North">
            <value>3377121.938</value>
          </Data>
          <Data name="zone">
            <value/>
          </Data>
          <Data name="Longitude">
            <value>76.54706363</value>
          </Data>
          <Data name="Latitude">
            <value>30.51725932</value>
          </Data>
        </ExtendedData>
        <Point>
          <coordinates>
            76.54706363,30.51725932,0
          </coordinates>
        </Point>
      </Placemark>
      <Placemark>
        <name>Br. No. 129</name>
        <description><![CDATA[East: 647,815.174<br>North: 3,377,584.116<br>zone: <br>Longitude: 76.54062324<br>Latitude: 30.52150555]]></description>
        <styleUrl>#icon-1528-E65100-labelson</styleUrl>
        <ExtendedData>
          <Data name="East">
            <value>647815.174</value>
          </Data>
          <Data name="North">
            <value>3377584.116</value>
          </Data>
          <Data name="zone">
            <value/>
          </Data>
          <Data name="Longitude">
            <value>76.54062324</value>
          </Data>
          <Data name="Latitude">
            <value>30.52150555</value>
          </Data>
        </ExtendedData>
        <Point>
          <coordinates>
            76.54062324,30.52150555,0
          </coordinates>
        </Point>
      </Placemark>
      <Placemark>
        <name>Br. No. 130</name>
        <description><![CDATA[East: 646,628.515<br>North: 3,378,462.527<br>zone: <br>Longitude: 76.52838288<br>Latitude: 30.52957503]]></description>
        <styleUrl>#icon-1528-E65100-labelson</styleUrl>
        <ExtendedData>
          <Data name="East">
            <value>646628.515</value>
          </Data>
          <Data name="North">
            <value>3378462.527</value>
          </Data>
          <Data name="zone">
            <value/>
          </Data>
          <Data name="Longitude">
            <value>76.52838288</value>
          </Data>
          <Data name="Latitude">
            <value>30.52957503</value>
          </Data>
        </ExtendedData>
        <Point>
          <coordinates>
            76.52838288,30.52957503,0
          </coordinates>
        </Point>
      </Placemark>
      <Placemark>
        <name>Br. No. 131</name>
        <description><![CDATA[East: 645,629.989<br>North: 3,379,233.359<br>zone: <br>Longitude: 76.51808597<br>Latitude: 30.53665014]]></description>
        <styleUrl>#icon-1528-E65100-labelson</styleUrl>
        <ExtendedData>
          <Data name="East">
            <value>645629.989</value>
          </Data>
          <Data name="North">
            <value>3379233.359</value>
          </Data>
          <Data name="zone">
            <value/>
          </Data>
          <Data name="Longitude">
            <value>76.51808597</value>
          </Data>
          <Data name="Latitude">
            <value>30.53665014</value>
          </Data>
        </ExtendedData>
        <Point>
          <coordinates>
            76.51808597,30.53665014,0
          </coordinates>
        </Point>
      </Placemark>
      <Placemark>
        <name>Br. No. 132</name>
        <description><![CDATA[East: 645,622.498<br>North: 3,379,246.7<br>zone: <br>Longitude: 76.51800978<br>Latitude: 30.53677139]]></description>
        <styleUrl>#icon-1528-E65100-labelson</styleUrl>
        <ExtendedData>
          <Data name="East">
            <value>645622.498</value>
          </Data>
          <Data name="North">
            <value>3379246.7</value>
          </Data>
          <Data name="zone">
            <value/>
          </Data>
          <Data name="Longitude">
            <value>76.51800978</value>
          </Data>
          <Data name="Latitude">
            <value>30.53677139</value>
          </Data>
        </ExtendedData>
        <Point>
          <coordinates>
            76.51800978,30.53677139,0
          </coordinates>
        </Point>
      </Placemark>
      <Placemark>
        <name>Br. No. 133</name>
        <description><![CDATA[East: 644,976.613<br>North: 3,379,718.132<br>zone: <br>Longitude: 76.51134473<br>Latitude: 30.54110232]]></description>
        <styleUrl>#icon-1528-E65100-labelson</styleUrl>
        <ExtendedData>
          <Data name="East">
            <value>644976.613</value>
          </Data>
          <Data name="North">
            <value>3379718.132</value>
          </Data>
          <Data name="zone">
            <value/>
          </Data>
          <Data name="Longitude">
            <value>76.51134473</value>
          </Data>
          <Data name="Latitude">
            <value>30.54110232</value>
          </Data>
        </ExtendedData>
        <Point>
          <coordinates>
            76.51134473,30.54110232,0
          </coordinates>
        </Point>
      </Placemark>
      <Placemark>
        <name>Br. No. 134</name>
        <description><![CDATA[East: 644,366.346<br>North: 3,380,159.816<br>zone: <br>Longitude: 76.50504617<br>Latitude: 30.54516029]]></description>
        <styleUrl>#icon-1528-E65100-labelson</styleUrl>
        <ExtendedData>
          <Data name="East">
            <value>644366.346</value>
          </Data>
          <Data name="North">
            <value>3380159.816</value>
          </Data>
          <Data name="zone">
            <value/>
          </Data>
          <Data name="Longitude">
            <value>76.50504617</value>
          </Data>
          <Data name="Latitude">
            <value>30.54516029</value>
          </Data>
        </ExtendedData>
        <Point>
          <coordinates>
            76.50504617,30.54516029,0
          </coordinates>
        </Point>
      </Placemark>
      <Placemark>
        <name>Br. No. 135</name>
        <description><![CDATA[East: 643,501.375<br>North: 3,380,783.015<br>zone: <br>Longitude: 76.4961175<br>Latitude: 30.5508859]]></description>
        <styleUrl>#icon-1528-E65100-labelson</styleUrl>
        <ExtendedData>
          <Data name="East">
            <value>643501.375</value>
          </Data>
          <Data name="North">
            <value>3380783.015</value>
          </Data>
          <Data name="zone">
            <value/>
          </Data>
          <Data name="Longitude">
            <value>76.4961175</value>
          </Data>
          <Data name="Latitude">
            <value>30.5508859</value>
          </Data>
        </ExtendedData>
        <Point>
          <coordinates>
            76.4961175,30.5508859,0
          </coordinates>
        </Point>
      </Placemark>
      <Placemark>
        <name>Br. No. 136</name>
        <description><![CDATA[East: 643,294.301<br>North: 3,380,936.535<br>zone: <br>Longitude: 76.49398041<br>Latitude: 30.55229555]]></description>
        <styleUrl>#icon-1528-E65100-labelson</styleUrl>
        <ExtendedData>
          <Data name="East">
            <value>643294.301</value>
          </Data>
          <Data name="North">
            <value>3380936.535</value>
          </Data>
          <Data name="zone">
            <value/>
          </Data>
          <Data name="Longitude">
            <value>76.49398041</value>
          </Data>
          <Data name="Latitude">
            <value>30.55229555</value>
          </Data>
        </ExtendedData>
        <Point>
          <coordinates>
            76.49398041,30.55229555,0
          </coordinates>
        </Point>
      </Placemark>
      <Placemark>
        <name>Br. No. 137</name>
        <description><![CDATA[East: 642,847.899<br>North: 3,381,267.487<br>zone: <br>Longitude: 76.48937316<br>Latitude: 30.5553343]]></description>
        <styleUrl>#icon-1528-E65100-labelson</styleUrl>
        <ExtendedData>
          <Data name="East">
            <value>642847.899</value>
          </Data>
          <Data name="North">
            <value>3381267.487</value>
          </Data>
          <Data name="zone">
            <value/>
          </Data>
          <Data name="Longitude">
            <value>76.48937316</value>
          </Data>
          <Data name="Latitude">
            <value>30.5553343</value>
          </Data>
        </ExtendedData>
        <Point>
          <coordinates>
            76.48937316,30.5553343,0
          </coordinates>
        </Point>
      </Placemark>
      <Placemark>
        <name>Br. No. 138</name>
        <description><![CDATA[East: 642,128.644<br>North: 3,381,804.715<br>zone: <br>Longitude: 76.48194977<br>Latitude: 30.56026608]]></description>
        <styleUrl>#icon-1528-E65100-labelson</styleUrl>
        <ExtendedData>
          <Data name="East">
            <value>642128.644</value>
          </Data>
          <Data name="North">
            <value>3381804.715</value>
          </Data>
          <Data name="zone">
            <value/>
          </Data>
          <Data name="Longitude">
            <value>76.48194977</value>
          </Data>
          <Data name="Latitude">
            <value>30.56026608</value>
          </Data>
        </ExtendedData>
        <Point>
          <coordinates>
            76.48194977,30.56026608,0
          </coordinates>
        </Point>
      </Placemark>
      <Placemark>
        <name>Br. No. 139</name>
        <description><![CDATA[East: 641,729.505<br>North: 3,382,101.161<br>zone: <br>Longitude: 76.47782972<br>Latitude: 30.56298756]]></description>
        <styleUrl>#icon-1528-E65100-labelson</styleUrl>
        <ExtendedData>
          <Data name="East">
            <value>641729.505</value>
          </Data>
          <Data name="North">
            <value>3382101.161</value>
          </Data>
          <Data name="zone">
            <value/>
          </Data>
          <Data name="Longitude">
            <value>76.47782972</value>
          </Data>
          <Data name="Latitude">
            <value>30.56298756</value>
          </Data>
        </ExtendedData>
        <Point>
          <coordinates>
            76.47782972,30.56298756,0
          </coordinates>
        </Point>
      </Placemark>
      <Placemark>
        <name>Br. No. 140</name>
        <description><![CDATA[East: 641,534.616<br>North: 3,382,245.908<br>zone: <br>Longitude: 76.47581793<br>Latitude: 30.56431634]]></description>
        <styleUrl>#icon-1528-E65100-labelson</styleUrl>
        <ExtendedData>
          <Data name="East">
            <value>641534.616</value>
          </Data>
          <Data name="North">
            <value>3382245.908</value>
          </Data>
          <Data name="zone">
            <value/>
          </Data>
          <Data name="Longitude">
            <value>76.47581793</value>
          </Data>
          <Data name="Latitude">
            <value>30.56431634</value>
          </Data>
        </ExtendedData>
        <Point>
          <coordinates>
            76.47581793,30.56431634,0
          </coordinates>
        </Point>
      </Placemark>
      <Placemark>
        <name>Br. No. 141</name>
        <description><![CDATA[East: 641,398.926<br>North: 3,382,343.992<br>zone: <br>Longitude: 76.47441683<br>Latitude: 30.56521717]]></description>
        <styleUrl>#icon-1528-E65100-labelson</styleUrl>
        <ExtendedData>
          <Data name="East">
            <value>641398.926</value>
          </Data>
          <Data name="North">
            <value>3382343.992</value>
          </Data>
          <Data name="zone">
            <value/>
          </Data>
          <Data name="Longitude">
            <value>76.47441683</value>
          </Data>
          <Data name="Latitude">
            <value>30.56521717</value>
          </Data>
        </ExtendedData>
        <Point>
          <coordinates>
            76.47441683,30.56521717,0
          </coordinates>
        </Point>
      </Placemark>
      <Placemark>
        <name>Br. No. 142</name>
        <description><![CDATA[East: 641,323.81<br>North: 3,382,402.475<br>zone: <br>Longitude: 76.47364176<br>Latitude: 30.5657536]]></description>
        <styleUrl>#icon-1528-E65100-labelson</styleUrl>
        <ExtendedData>
          <Data name="East">
            <value>641323.81</value>
          </Data>
          <Data name="North">
            <value>3382402.475</value>
          </Data>
          <Data name="zone">
            <value/>
          </Data>
          <Data name="Longitude">
            <value>76.47364176</value>
          </Data>
          <Data name="Latitude">
            <value>30.5657536</value>
          </Data>
        </ExtendedData>
        <Point>
          <coordinates>
            76.47364176,30.5657536,0
          </coordinates>
        </Point>
      </Placemark>
      <Placemark>
        <name>Br. No. 143</name>
        <description><![CDATA[East: 641,079.54<br>North: 3,382,583.897<br>zone: <br>Longitude: 76.47112007<br>Latitude: 30.56741899]]></description>
        <styleUrl>#icon-1528-E65100-labelson</styleUrl>
        <ExtendedData>
          <Data name="East">
            <value>641079.5402</value>
          </Data>
          <Data name="North">
            <value>3382583.897</value>
          </Data>
          <Data name="zone">
            <value/>
          </Data>
          <Data name="Longitude">
            <value>76.47112007</value>
          </Data>
          <Data name="Latitude">
            <value>30.56741899</value>
          </Data>
        </ExtendedData>
        <Point>
          <coordinates>
            76.47112007,30.56741899,0
          </coordinates>
        </Point>
      </Placemark>
      <Placemark>
        <name>Br. No. 144</name>
        <description><![CDATA[East: 640,597.254<br>North: 3,382,942.097<br>zone: <br>Longitude: 76.46614098<br>Latitude: 30.57070698]]></description>
        <styleUrl>#icon-1528-E65100-labelson</styleUrl>
        <ExtendedData>
          <Data name="East">
            <value>640597.254</value>
          </Data>
          <Data name="North">
            <value>3382942.097</value>
          </Data>
          <Data name="zone">
            <value/>
          </Data>
          <Data name="Longitude">
            <value>76.46614098</value>
          </Data>
          <Data name="Latitude">
            <value>30.57070698</value>
          </Data>
        </ExtendedData>
        <Point>
          <coordinates>
            76.46614098,30.57070698,0
          </coordinates>
        </Point>
      </Placemark>
      <Placemark>
        <name>Br. No. 145</name>
        <description><![CDATA[East: 640,356.456<br>North: 3,383,120.94<br>zone: <br>Longitude: 76.46365487<br>Latitude: 30.57234855]]></description>
        <styleUrl>#icon-1528-E65100-labelson</styleUrl>
        <ExtendedData>
          <Data name="East">
            <value>640356.456</value>
          </Data>
          <Data name="North">
            <value>3383120.94</value>
          </Data>
          <Data name="zone">
            <value/>
          </Data>
          <Data name="Longitude">
            <value>76.46365487</value>
          </Data>
          <Data name="Latitude">
            <value>30.57234855</value>
          </Data>
        </ExtendedData>
        <Point>
          <coordinates>
            76.46365487,30.57234855,0
          </coordinates>
        </Point>
      </Placemark>
      <Placemark>
        <name>Br. No. 146</name>
        <description><![CDATA[East: 640,194.416<br>North: 3,383,241.289<br>zone: <br>Longitude: 76.46198185<br>Latitude: 30.57345319]]></description>
        <styleUrl>#icon-1528-E65100-labelson</styleUrl>
        <ExtendedData>
          <Data name="East">
            <value>640194.416</value>
          </Data>
          <Data name="North">
            <value>3383241.289</value>
          </Data>
          <Data name="zone">
            <value/>
          </Data>
          <Data name="Longitude">
            <value>76.46198185</value>
          </Data>
          <Data name="Latitude">
            <value>30.57345319</value>
          </Data>
        </ExtendedData>
        <Point>
          <coordinates>
            76.46198185,30.57345319,0
          </coordinates>
        </Point>
      </Placemark>
      <Placemark>
        <name>Br. No. 147</name>
        <description><![CDATA[East: 639,862.599<br>North: 3,383,487.733<br>zone: <br>Longitude: 76.4585558<br>Latitude: 30.57571515]]></description>
        <styleUrl>#icon-1528-E65100-labelson</styleUrl>
        <ExtendedData>
          <Data name="East">
            <value>639862.599</value>
          </Data>
          <Data name="North">
            <value>3383487.733</value>
          </Data>
          <Data name="zone">
            <value/>
          </Data>
          <Data name="Longitude">
            <value>76.4585558</value>
          </Data>
          <Data name="Latitude">
            <value>30.57571515</value>
          </Data>
        </ExtendedData>
        <Point>
          <coordinates>
            76.4585558,30.57571515,0
          </coordinates>
        </Point>
      </Placemark>
      <Placemark>
        <name>Br. No. 148</name>
        <description><![CDATA[East: 639,622.487<br>North: 3,383,666.067<br>zone: <br>Longitude: 76.45607651<br>Latitude: 30.57735191]]></description>
        <styleUrl>#icon-1528-E65100-labelson</styleUrl>
        <ExtendedData>
          <Data name="East">
            <value>639622.4866</value>
          </Data>
          <Data name="North">
            <value>3383666.067</value>
          </Data>
          <Data name="zone">
            <value/>
          </Data>
          <Data name="Longitude">
            <value>76.45607651</value>
          </Data>
          <Data name="Latitude">
            <value>30.57735191</value>
          </Data>
        </ExtendedData>
        <Point>
          <coordinates>
            76.45607651,30.57735191,0
          </coordinates>
        </Point>
      </Placemark>
      <Placemark>
        <name>Br. No. 149</name>
        <description><![CDATA[East: 639,097.189<br>North: 3,384,064.057<br>zone: <br>Longitude: 76.45065329<br>Latitude: 30.5810033]]></description>
        <styleUrl>#icon-1528-E65100-labelson</styleUrl>
        <ExtendedData>
          <Data name="East">
            <value>639097.189</value>
          </Data>
          <Data name="North">
            <value>3384064.057</value>
          </Data>
          <Data name="zone">
            <value/>
          </Data>
          <Data name="Longitude">
            <value>76.45065329</value>
          </Data>
          <Data name="Latitude">
            <value>30.5810033</value>
          </Data>
        </ExtendedData>
        <Point>
          <coordinates>
            76.45065329,30.5810033,0
          </coordinates>
        </Point>
      </Placemark>
      <Placemark>
        <name>Br. No. 150</name>
        <description><![CDATA[East: 638,651.664<br>North: 3,384,395.095<br>zone: <br>Longitude: 76.44605246<br>Latitude: 30.58404126]]></description>
        <styleUrl>#icon-1528-E65100-labelson</styleUrl>
        <ExtendedData>
          <Data name="East">
            <value>638651.664</value>
          </Data>
          <Data name="North">
            <value>3384395.095</value>
          </Data>
          <Data name="zone">
            <value/>
          </Data>
          <Data name="Longitude">
            <value>76.44605246</value>
          </Data>
          <Data name="Latitude">
            <value>30.58404126</value>
          </Data>
        </ExtendedData>
        <Point>
          <coordinates>
            76.44605246,30.58404126,0
          </coordinates>
        </Point>
      </Placemark>
      <Placemark>
        <name>Br. No. 151</name>
        <description><![CDATA[East: 637,541.833<br>North: 3,385,207.928<br>zone: <br>Longitude: 76.43458867<br>Latitude: 30.59150188]]></description>
        <styleUrl>#icon-1528-E65100-labelson</styleUrl>
        <ExtendedData>
          <Data name="East">
            <value>637541.833</value>
          </Data>
          <Data name="North">
            <value>3385207.928</value>
          </Data>
          <Data name="zone">
            <value/>
          </Data>
          <Data name="Longitude">
            <value>76.43458867</value>
          </Data>
          <Data name="Latitude">
            <value>30.59150188</value>
          </Data>
        </ExtendedData>
        <Point>
          <coordinates>
            76.43458867,30.59150188,0
          </coordinates>
        </Point>
      </Placemark>
      <Placemark>
        <name>Br. No. 152</name>
        <description><![CDATA[East: 637,123.631<br>North: 3,385,521.122<br>zone: <br>Longitude: 76.43026939<br>Latitude: 30.5943752]]></description>
        <styleUrl>#icon-1528-E65100-labelson</styleUrl>
        <ExtendedData>
          <Data name="East">
            <value>637123.631</value>
          </Data>
          <Data name="North">
            <value>3385521.122</value>
          </Data>
          <Data name="zone">
            <value/>
          </Data>
          <Data name="Longitude">
            <value>76.43026939</value>
          </Data>
          <Data name="Latitude">
            <value>30.5943752</value>
          </Data>
        </ExtendedData>
        <Point>
          <coordinates>
            76.43026939,30.5943752,0
          </coordinates>
        </Point>
      </Placemark>
      <Placemark>
        <name>Br. No. 153</name>
        <description><![CDATA[East: 636,662.866<br>North: 3,385,864.211<br>zone: <br>Longitude: 76.42550994<br>Latitude: 30.59752293]]></description>
        <styleUrl>#icon-1528-E65100-labelson</styleUrl>
        <ExtendedData>
          <Data name="East">
            <value>636662.866</value>
          </Data>
          <Data name="North">
            <value>3385864.211</value>
          </Data>
          <Data name="zone">
            <value/>
          </Data>
          <Data name="Longitude">
            <value>76.42550994</value>
          </Data>
          <Data name="Latitude">
            <value>30.59752293</value>
          </Data>
        </ExtendedData>
        <Point>
          <coordinates>
            76.42550994,30.59752293,0
          </coordinates>
        </Point>
      </Placemark>
      <Placemark>
        <name>Br. No. 154</name>
        <description><![CDATA[East: 636,181.841<br>North: 3,386,220.777<br>zone: <br>Longitude: 76.42054068<br>Latitude: 30.60079438]]></description>
        <styleUrl>#icon-1528-E65100-labelson</styleUrl>
        <ExtendedData>
          <Data name="East">
            <value>636181.841</value>
          </Data>
          <Data name="North">
            <value>3386220.777</value>
          </Data>
          <Data name="zone">
            <value/>
          </Data>
          <Data name="Longitude">
            <value>76.42054068</value>
          </Data>
          <Data name="Latitude">
            <value>30.60079438</value>
          </Data>
        </ExtendedData>
        <Point>
          <coordinates>
            76.42054068,30.60079438,0
          </coordinates>
        </Point>
      </Placemark>
      <Placemark>
        <name>Br. No. 155</name>
        <description><![CDATA[East: 635,503.741<br>North: 3,386,726.886<br>zone: <br>Longitude: 76.4135354<br>Latitude: 30.60543703]]></description>
        <styleUrl>#icon-1528-E65100-labelson</styleUrl>
        <ExtendedData>
          <Data name="East">
            <value>635503.741</value>
          </Data>
          <Data name="North">
            <value>3386726.886</value>
          </Data>
          <Data name="zone">
            <value/>
          </Data>
          <Data name="Longitude">
            <value>76.4135354</value>
          </Data>
          <Data name="Latitude">
            <value>30.60543703</value>
          </Data>
        </ExtendedData>
        <Point>
          <coordinates>
            76.4135354,30.60543703,0
          </coordinates>
        </Point>
      </Placemark>
      <Placemark>
        <name>Br. No. 156</name>
        <description><![CDATA[East: 635,032.22<br>North: 3,387,076.431<br>zone: <br>Longitude: 76.40866352<br>Latitude: 30.60864363]]></description>
        <styleUrl>#icon-1528-E65100-labelson</styleUrl>
        <ExtendedData>
          <Data name="East">
            <value>635032.2198</value>
          </Data>
          <Data name="North">
            <value>3387076.431</value>
          </Data>
          <Data name="zone">
            <value/>
          </Data>
          <Data name="Longitude">
            <value>76.40866352</value>
          </Data>
          <Data name="Latitude">
            <value>30.60864363</value>
          </Data>
        </ExtendedData>
        <Point>
          <coordinates>
            76.40866352,30.60864363,0
          </coordinates>
        </Point>
      </Placemark>
      <Placemark>
        <name>Br. No. 157</name>
        <description><![CDATA[East: 634,356.65<br>North: 3,387,532.855<br>zone: <br>Longitude: 76.40167703<br>Latitude: 30.61283718]]></description>
        <styleUrl>#icon-1528-E65100-labelson</styleUrl>
        <ExtendedData>
          <Data name="East">
            <value>634356.65</value>
          </Data>
          <Data name="North">
            <value>3387532.855</value>
          </Data>
          <Data name="zone">
            <value/>
          </Data>
          <Data name="Longitude">
            <value>76.40167703</value>
          </Data>
          <Data name="Latitude">
            <value>30.61283718</value>
          </Data>
        </ExtendedData>
        <Point>
          <coordinates>
            76.40167703,30.61283718,0
          </coordinates>
        </Point>
      </Placemark>
      <Placemark>
        <name>Br. No. 158</name>
        <description><![CDATA[East: 633,758.459<br>North: 3,387,925.731<br>zone: <br>Longitude: 76.3954888<br>Latitude: 30.61644843]]></description>
        <styleUrl>#icon-1528-E65100-labelson</styleUrl>
        <ExtendedData>
          <Data name="East">
            <value>633758.459</value>
          </Data>
          <Data name="North">
            <value>3387925.731</value>
          </Data>
          <Data name="zone">
            <value/>
          </Data>
          <Data name="Longitude">
            <value>76.3954888</value>
          </Data>
          <Data name="Latitude">
            <value>30.61644843</value>
          </Data>
        </ExtendedData>
        <Point>
          <coordinates>
            76.3954888,30.61644843,0
          </coordinates>
        </Point>
      </Placemark>
      <Placemark>
        <name>Br. No. 159</name>
        <description><![CDATA[East: 633,597.616<br>North: 3,388,031.259<br>zone: <br>Longitude: 76.3938248<br>Latitude: 30.6174184]]></description>
        <styleUrl>#icon-1528-E65100-labelson</styleUrl>
        <ExtendedData>
          <Data name="East">
            <value>633597.616</value>
          </Data>
          <Data name="North">
            <value>3388031.259</value>
          </Data>
          <Data name="zone">
            <value/>
          </Data>
          <Data name="Longitude">
            <value>76.3938248</value>
          </Data>
          <Data name="Latitude">
            <value>30.6174184</value>
          </Data>
        </ExtendedData>
        <Point>
          <coordinates>
            76.3938248,30.6174184,0
          </coordinates>
        </Point>
      </Placemark>
      <Placemark>
        <name>Br. No. 159a</name>
        <description><![CDATA[East: 633,585.899<br>North: 3,388,013.457<br>zone: <br>Longitude: 76.39370028<br>Latitude: 30.61725912]]></description>
        <styleUrl>#icon-1528-E65100-labelson</styleUrl>
        <ExtendedData>
          <Data name="East">
            <value>633585.899</value>
          </Data>
          <Data name="North">
            <value>3388013.457</value>
          </Data>
          <Data name="zone">
            <value/>
          </Data>
          <Data name="Longitude">
            <value>76.39370028</value>
          </Data>
          <Data name="Latitude">
            <value>30.61725912</value>
          </Data>
        </ExtendedData>
        <Point>
          <coordinates>
            76.39370028,30.61725912,0
          </coordinates>
        </Point>
      </Placemark>
      <Placemark>
        <name>Br. No. 160</name>
        <description><![CDATA[East: 632,292.126<br>North: 3,389,017.424<br>zone: <br>Longitude: 76.38033421<br>Latitude: 30.62645995]]></description>
        <styleUrl>#icon-1528-E65100-labelson</styleUrl>
        <ExtendedData>
          <Data name="East">
            <value>632292.126</value>
          </Data>
          <Data name="North">
            <value>3389017.424</value>
          </Data>
          <Data name="zone">
            <value/>
          </Data>
          <Data name="Longitude">
            <value>76.38033421</value>
          </Data>
          <Data name="Latitude">
            <value>30.62645995</value>
          </Data>
        </ExtendedData>
        <Point>
          <coordinates>
            76.38033421,30.62645995,0
          </coordinates>
        </Point>
      </Placemark>
      <Placemark>
        <name>Br. No. 161</name>
        <description><![CDATA[East: 632,179.059<br>North: 3,389,329.909<br>zone: <br>Longitude: 76.37919474<br>Latitude: 30.62929143]]></description>
        <styleUrl>#icon-1528-E65100-labelson</styleUrl>
        <ExtendedData>
          <Data name="East">
            <value>632179.059</value>
          </Data>
          <Data name="North">
            <value>3389329.909</value>
          </Data>
          <Data name="zone">
            <value/>
          </Data>
          <Data name="Longitude">
            <value>76.37919474</value>
          </Data>
          <Data name="Latitude">
            <value>30.62929143</value>
          </Data>
        </ExtendedData>
        <Point>
          <coordinates>
            76.37919474,30.62929143,0
          </coordinates>
        </Point>
      </Placemark>
      <Placemark>
        <name>Br. No. 162</name>
        <description><![CDATA[East: 632,164.671<br>North: 3,389,478.537<br>zone: <br>Longitude: 76.37906366<br>Latitude: 30.63063381]]></description>
        <styleUrl>#icon-1528-E65100-labelson</styleUrl>
        <ExtendedData>
          <Data name="East">
            <value>632164.671</value>
          </Data>
          <Data name="North">
            <value>3389478.537</value>
          </Data>
          <Data name="zone">
            <value/>
          </Data>
          <Data name="Longitude">
            <value>76.37906366</value>
          </Data>
          <Data name="Latitude">
            <value>30.63063381</value>
          </Data>
        </ExtendedData>
        <Point>
          <coordinates>
            76.37906366,30.63063381,0
          </coordinates>
        </Point>
      </Placemark>
      <Placemark>
        <name>Br. No. 163</name>
        <description><![CDATA[East: 632,070.868<br>North: 3,389,992.377<br>zone: <br>Longitude: 76.37815083<br>Latitude: 30.6352796]]></description>
        <styleUrl>#icon-1528-E65100-labelson</styleUrl>
        <ExtendedData>
          <Data name="East">
            <value>632070.868</value>
          </Data>
          <Data name="North">
            <value>3389992.377</value>
          </Data>
          <Data name="zone">
            <value/>
          </Data>
          <Data name="Longitude">
            <value>76.37815083</value>
          </Data>
          <Data name="Latitude">
            <value>30.6352796</value>
          </Data>
        </ExtendedData>
        <Point>
          <coordinates>
            76.37815083,30.6352796,0
          </coordinates>
        </Point>
      </Placemark>
      <Placemark>
        <name>Br. No. 164</name>
        <description><![CDATA[East: 631,738.895<br>North: 3,390,318.287<br>zone: <br>Longitude: 76.37472913<br>Latitude: 30.63825634]]></description>
        <styleUrl>#icon-1528-E65100-labelson</styleUrl>
        <ExtendedData>
          <Data name="East">
            <value>631738.895</value>
          </Data>
          <Data name="North">
            <value>3390318.287</value>
          </Data>
          <Data name="zone">
            <value/>
          </Data>
          <Data name="Longitude">
            <value>76.37472913</value>
          </Data>
          <Data name="Latitude">
            <value>30.63825634</value>
          </Data>
        </ExtendedData>
        <Point>
          <coordinates>
            76.37472913,30.63825634,0
          </coordinates>
        </Point>
      </Placemark>
      <Placemark>
        <name>Br. No. 164A</name>
        <description><![CDATA[East: 631,264.501<br>North: 3,390,362.003<br>zone: <br>Longitude: 76.36978546<br>Latitude: 30.63870295]]></description>
        <styleUrl>#icon-1528-E65100-labelson</styleUrl>
        <ExtendedData>
          <Data name="East">
            <value>631264.501</value>
          </Data>
          <Data name="North">
            <value>3390362.003</value>
          </Data>
          <Data name="zone">
            <value/>
          </Data>
          <Data name="Longitude">
            <value>76.36978546</value>
          </Data>
          <Data name="Latitude">
            <value>30.63870295</value>
          </Data>
        </ExtendedData>
        <Point>
          <coordinates>
            76.36978546,30.63870295,0
          </coordinates>
        </Point>
      </Placemark>
      <Placemark>
        <name>Br. No. 164B</name>
        <description><![CDATA[East: 630,895.729<br>North: 3,390,133.082<br>zone: <br>Longitude: 76.36590911<br>Latitude: 30.6366783]]></description>
        <styleUrl>#icon-1528-E65100-labelson</styleUrl>
        <ExtendedData>
          <Data name="East">
            <value>630895.729</value>
          </Data>
          <Data name="North">
            <value>3390133.082</value>
          </Data>
          <Data name="zone">
            <value/>
          </Data>
          <Data name="Longitude">
            <value>76.36590911</value>
          </Data>
          <Data name="Latitude">
            <value>30.6366783</value>
          </Data>
        </ExtendedData>
        <Point>
          <coordinates>
            76.36590911,30.6366783,0
          </coordinates>
        </Point>
      </Placemark>
      <Placemark>
        <name>Br. No. 165</name>
        <description><![CDATA[East: 630,635.221<br>North: 3,389,883.839<br>zone: <br>Longitude: 76.36315981<br>Latitude: 30.63445836]]></description>
        <styleUrl>#icon-1528-E65100-labelson</styleUrl>
        <ExtendedData>
          <Data name="East">
            <value>630635.221</value>
          </Data>
          <Data name="North">
            <value>3389883.839</value>
          </Data>
          <Data name="zone">
            <value/>
          </Data>
          <Data name="Longitude">
            <value>76.36315981</value>
          </Data>
          <Data name="Latitude">
            <value>30.63445836</value>
          </Data>
        </ExtendedData>
        <Point>
          <coordinates>
            76.36315981,30.63445836,0
          </coordinates>
        </Point>
      </Placemark>
      <Placemark>
        <name>Br. No. 166</name>
        <description><![CDATA[East: 630,612.862<br>North: 3,389,862.447<br>zone: <br>Longitude: 76.36292384<br>Latitude: 30.63426783]]></description>
        <styleUrl>#icon-1528-E65100-labelson</styleUrl>
        <ExtendedData>
          <Data name="East">
            <value>630612.862</value>
          </Data>
          <Data name="North">
            <value>3389862.447</value>
          </Data>
          <Data name="zone">
            <value/>
          </Data>
          <Data name="Longitude">
            <value>76.36292384</value>
          </Data>
          <Data name="Latitude">
            <value>30.63426783</value>
          </Data>
        </ExtendedData>
        <Point>
          <coordinates>
            76.36292384,30.63426783,0
          </coordinates>
        </Point>
      </Placemark>
      <Placemark>
        <name>Br. No. 167</name>
        <description><![CDATA[East: 630,330.468<br>North: 3,389,668.526<br>zone: <br>Longitude: 76.35995334<br>Latitude: 30.63254928]]></description>
        <styleUrl>#icon-1528-E65100-labelson</styleUrl>
        <ExtendedData>
          <Data name="East">
            <value>630330.468</value>
          </Data>
          <Data name="North">
            <value>3389668.526</value>
          </Data>
          <Data name="zone">
            <value/>
          </Data>
          <Data name="Longitude">
            <value>76.35995334</value>
          </Data>
          <Data name="Latitude">
            <value>30.63254928</value>
          </Data>
        </ExtendedData>
        <Point>
          <coordinates>
            76.35995334,30.63254928,0
          </coordinates>
        </Point>
      </Placemark>
      <Placemark>
        <name>Br. No. 167A</name>
        <description><![CDATA[East: 629,944.108<br>North: 3,389,635.683<br>zone: <br>Longitude: 76.35591862<br>Latitude: 30.6322951]]></description>
        <styleUrl>#icon-1528-E65100-labelson</styleUrl>
        <ExtendedData>
          <Data name="East">
            <value>629944.1082</value>
          </Data>
          <Data name="North">
            <value>3389635.683</value>
          </Data>
          <Data name="zone">
            <value/>
          </Data>
          <Data name="Longitude">
            <value>76.35591862</value>
          </Data>
          <Data name="Latitude">
            <value>30.6322951</value>
          </Data>
        </ExtendedData>
        <Point>
          <coordinates>
            76.35591862,30.6322951,0
          </coordinates>
        </Point>
      </Placemark>
      <Placemark>
        <name>Br. No. 168</name>
        <description><![CDATA[East: 629,533.634<br>North: 3,389,885.296<br>zone: <br>Longitude: 76.35166779<br>Latitude: 30.6345915]]></description>
        <styleUrl>#icon-1528-E65100-labelson</styleUrl>
        <ExtendedData>
          <Data name="East">
            <value>629533.634</value>
          </Data>
          <Data name="North">
            <value>3389885.296</value>
          </Data>
          <Data name="zone">
            <value/>
          </Data>
          <Data name="Longitude">
            <value>76.35166779</value>
          </Data>
          <Data name="Latitude">
            <value>30.6345915</value>
          </Data>
        </ExtendedData>
        <Point>
          <coordinates>
            76.35166779,30.6345915,0
          </coordinates>
        </Point>
      </Placemark>
      <Placemark>
        <name>Br. No. 168A</name>
        <description><![CDATA[East: 629,355.565<br>North: 3,390,208.084<br>zone: <br>Longitude: 76.34985053<br>Latitude: 30.63752274]]></description>
        <styleUrl>#icon-1528-E65100-labelson</styleUrl>
        <ExtendedData>
          <Data name="East">
            <value>629355.565</value>
          </Data>
          <Data name="North">
            <value>3390208.084</value>
          </Data>
          <Data name="zone">
            <value/>
          </Data>
          <Data name="Longitude">
            <value>76.34985053</value>
          </Data>
          <Data name="Latitude">
            <value>30.63752274</value>
          </Data>
        </ExtendedData>
        <Point>
          <coordinates>
            76.34985053,30.63752274,0
          </coordinates>
        </Point>
      </Placemark>
      <Placemark>
        <name>Br. No. 169</name>
        <description><![CDATA[East: 629,158.573<br>North: 3,390,605.481<br>zone: <br>Longitude: 76.34784508<br>Latitude: 30.64112907]]></description>
        <styleUrl>#icon-1528-E65100-labelson</styleUrl>
        <ExtendedData>
          <Data name="East">
            <value>629158.573</value>
          </Data>
          <Data name="North">
            <value>3390605.481</value>
          </Data>
          <Data name="zone">
            <value/>
          </Data>
          <Data name="Longitude">
            <value>76.34784508</value>
          </Data>
          <Data name="Latitude">
            <value>30.64112907</value>
          </Data>
        </ExtendedData>
        <Point>
          <coordinates>
            76.34784508,30.64112907,0
          </coordinates>
        </Point>
      </Placemark>
      <Placemark>
        <name>Br. No. 169A</name>
        <description><![CDATA[East: 629,057.345<br>North: 3,390,761.443<br>zone: <br>Longitude: 76.34680845<br>Latitude: 30.64254699]]></description>
        <styleUrl>#icon-1528-E65100-labelson</styleUrl>
        <ExtendedData>
          <Data name="East">
            <value>629057.345</value>
          </Data>
          <Data name="North">
            <value>3390761.443</value>
          </Data>
          <Data name="zone">
            <value/>
          </Data>
          <Data name="Longitude">
            <value>76.34680845</value>
          </Data>
          <Data name="Latitude">
            <value>30.64254699</value>
          </Data>
        </ExtendedData>
        <Point>
          <coordinates>
            76.34680845,30.64254699,0
          </coordinates>
        </Point>
      </Placemark>
      <Placemark>
        <name>Br. No. 170</name>
        <description><![CDATA[East: 628,464.819<br>North: 3,391,162.744<br>zone: <br>Longitude: 76.34067638<br>Latitude: 30.64623113]]></description>
        <styleUrl>#icon-1528-E65100-labelson</styleUrl>
        <ExtendedData>
          <Data name="East">
            <value>628464.819</value>
          </Data>
          <Data name="North">
            <value>3391162.744</value>
          </Data>
          <Data name="zone">
            <value/>
          </Data>
          <Data name="Longitude">
            <value>76.34067638</value>
          </Data>
          <Data name="Latitude">
            <value>30.64623113</value>
          </Data>
        </ExtendedData>
        <Point>
          <coordinates>
            76.34067638,30.64623113,0
          </coordinates>
        </Point>
      </Placemark>
      <Placemark>
        <name>Br. No. 171</name>
        <description><![CDATA[East: 627,687.545<br>North: 3,391,671.365<br>zone: <br>Longitude: 76.33262943<br>Latitude: 30.65090293]]></description>
        <styleUrl>#icon-1528-E65100-labelson</styleUrl>
        <ExtendedData>
          <Data name="East">
            <value>627687.545</value>
          </Data>
          <Data name="North">
            <value>3391671.365</value>
          </Data>
          <Data name="zone">
            <value/>
          </Data>
          <Data name="Longitude">
            <value>76.33262943</value>
          </Data>
          <Data name="Latitude">
            <value>30.65090293</value>
          </Data>
        </ExtendedData>
        <Point>
          <coordinates>
            76.33262943,30.65090293,0
          </coordinates>
        </Point>
      </Placemark>
      <Placemark>
        <name>Br. No. 172</name>
        <description><![CDATA[East: 626,847.829<br>North: 3,392,230.978<br>zone: <br>Longitude: 76.32393639<br>Latitude: 30.6560409]]></description>
        <styleUrl>#icon-1528-E65100-labelson</styleUrl>
        <ExtendedData>
          <Data name="East">
            <value>626847.829</value>
          </Data>
          <Data name="North">
            <value>3392230.978</value>
          </Data>
          <Data name="zone">
            <value/>
          </Data>
          <Data name="Longitude">
            <value>76.32393639</value>
          </Data>
          <Data name="Latitude">
            <value>30.6560409</value>
          </Data>
        </ExtendedData>
        <Point>
          <coordinates>
            76.32393639,30.6560409,0
          </coordinates>
        </Point>
      </Placemark>
      <Placemark>
        <name>Br. No. 173</name>
        <description><![CDATA[East: 625,203.098<br>North: 3,393,214.513<br>zone: <br>Longitude: 76.30689319<br>Latitude: 30.66508742]]></description>
        <styleUrl>#icon-1528-E65100-labelson</styleUrl>
        <ExtendedData>
          <Data name="East">
            <value>625203.098</value>
          </Data>
          <Data name="North">
            <value>3393214.513</value>
          </Data>
          <Data name="zone">
            <value/>
          </Data>
          <Data name="Longitude">
            <value>76.30689319</value>
          </Data>
          <Data name="Latitude">
            <value>30.66508742</value>
          </Data>
        </ExtendedData>
        <Point>
          <coordinates>
            76.30689319,30.66508742,0
          </coordinates>
        </Point>
      </Placemark>
      <Placemark>
        <name>Br. No. 174</name>
        <description><![CDATA[East: 623,432.278<br>North: 3,394,206.343<br>zone: <br>Longitude: 76.28853176<br>Latitude: 30.67421968]]></description>
        <styleUrl>#icon-1528-E65100-labelson</styleUrl>
        <ExtendedData>
          <Data name="East">
            <value>623432.278</value>
          </Data>
          <Data name="North">
            <value>3394206.343</value>
          </Data>
          <Data name="zone">
            <value/>
          </Data>
          <Data name="Longitude">
            <value>76.28853176</value>
          </Data>
          <Data name="Latitude">
            <value>30.67421968</value>
          </Data>
        </ExtendedData>
        <Point>
          <coordinates>
            76.28853176,30.67421968,0
          </coordinates>
        </Point>
      </Placemark>
      <Placemark>
        <name>Br. No. 175</name>
        <description><![CDATA[East: 623,198.432<br>North: 3,394,346.927<br>zone: <br>Longitude: 76.28610793<br>Latitude: 30.67551213]]></description>
        <styleUrl>#icon-1528-E65100-labelson</styleUrl>
        <ExtendedData>
          <Data name="East">
            <value>623198.432</value>
          </Data>
          <Data name="North">
            <value>3394346.927</value>
          </Data>
          <Data name="zone">
            <value/>
          </Data>
          <Data name="Longitude">
            <value>76.28610793</value>
          </Data>
          <Data name="Latitude">
            <value>30.67551213</value>
          </Data>
        </ExtendedData>
        <Point>
          <coordinates>
            76.28610793,30.67551213,0
          </coordinates>
        </Point>
      </Placemark>
      <Placemark>
        <name>Br. No. 176</name>
        <description><![CDATA[East: 620,647.921<br>North: 3,395,879.663<br>zone: <br>Longitude: 76.2596673<br>Latitude: 30.68960049]]></description>
        <styleUrl>#icon-1528-E65100-labelson</styleUrl>
        <ExtendedData>
          <Data name="East">
            <value>620647.921</value>
          </Data>
          <Data name="North">
            <value>3395879.663</value>
          </Data>
          <Data name="zone">
            <value/>
          </Data>
          <Data name="Longitude">
            <value>76.2596673</value>
          </Data>
          <Data name="Latitude">
            <value>30.68960049</value>
          </Data>
        </ExtendedData>
        <Point>
          <coordinates>
            76.2596673,30.68960049,0
          </coordinates>
        </Point>
      </Placemark>
      <Placemark>
        <name>Br. No. 177</name>
        <description><![CDATA[East: 621,041.825<br>North: 3,395,642.945<br>zone: <br>Longitude: 76.26375134<br>Latitude: 30.687425]]></description>
        <styleUrl>#icon-1528-E65100-labelson</styleUrl>
        <ExtendedData>
          <Data name="East">
            <value>621041.825</value>
          </Data>
          <Data name="North">
            <value>3395642.945</value>
          </Data>
          <Data name="zone">
            <value/>
          </Data>
          <Data name="Longitude">
            <value>76.26375134</value>
          </Data>
          <Data name="Latitude">
            <value>30.687425</value>
          </Data>
        </ExtendedData>
        <Point>
          <coordinates>
            76.26375134,30.687425,0
          </coordinates>
        </Point>
      </Placemark>
      <Placemark>
        <name>Br. No. 178</name>
        <description><![CDATA[East: 618,046.269<br>North: 3,397,443.132<br>zone: <br>Longitude: 76.23268847<br>Latitude: 30.70396598]]></description>
        <styleUrl>#icon-1528-E65100-labelson</styleUrl>
        <ExtendedData>
          <Data name="East">
            <value>618046.269</value>
          </Data>
          <Data name="North">
            <value>3397443.132</value>
          </Data>
          <Data name="zone">
            <value/>
          </Data>
          <Data name="Longitude">
            <value>76.23268847</value>
          </Data>
          <Data name="Latitude">
            <value>30.70396598</value>
          </Data>
        </ExtendedData>
        <Point>
          <coordinates>
            76.23268847,30.70396598,0
          </coordinates>
        </Point>
      </Placemark>
      <Placemark>
        <name>Br. No. 179</name>
        <description><![CDATA[East: 617,676.928<br>North: 3,397,659.279<br>zone: <br>Longitude: 76.22885713<br>Latitude: 30.70595251]]></description>
        <styleUrl>#icon-1528-E65100-labelson</styleUrl>
        <ExtendedData>
          <Data name="East">
            <value>617676.928</value>
          </Data>
          <Data name="North">
            <value>3397659.279</value>
          </Data>
          <Data name="zone">
            <value/>
          </Data>
          <Data name="Longitude">
            <value>76.22885713</value>
          </Data>
          <Data name="Latitude">
            <value>30.70595251</value>
          </Data>
        </ExtendedData>
        <Point>
          <coordinates>
            76.22885713,30.70595251,0
          </coordinates>
        </Point>
      </Placemark>
      <Placemark>
        <name>Br. No. 180</name>
        <description><![CDATA[East: 616,836.846<br>North: 3,398,161.506<br>zone: <br>Longitude: 76.22014317<br>Latitude: 30.71056611]]></description>
        <styleUrl>#icon-1528-E65100-labelson</styleUrl>
        <ExtendedData>
          <Data name="East">
            <value>616836.846</value>
          </Data>
          <Data name="North">
            <value>3398161.506</value>
          </Data>
          <Data name="zone">
            <value/>
          </Data>
          <Data name="Longitude">
            <value>76.22014317</value>
          </Data>
          <Data name="Latitude">
            <value>30.71056611</value>
          </Data>
        </ExtendedData>
        <Point>
          <coordinates>
            76.22014317,30.71056611,0
          </coordinates>
        </Point>
      </Placemark>
      <Placemark>
        <name>Br. No. 181</name>
        <description><![CDATA[East: 615,896.61<br>North: 3,398,732.468<br>zone: <br>Longitude: 76.21039034<br>Latitude: 30.715809]]></description>
        <styleUrl>#icon-1528-E65100-labelson</styleUrl>
        <ExtendedData>
          <Data name="East">
            <value>615896.61</value>
          </Data>
          <Data name="North">
            <value>3398732.468</value>
          </Data>
          <Data name="zone">
            <value/>
          </Data>
          <Data name="Longitude">
            <value>76.21039034</value>
          </Data>
          <Data name="Latitude">
            <value>30.715809</value>
          </Data>
        </ExtendedData>
        <Point>
          <coordinates>
            76.21039034,30.715809,0
          </coordinates>
        </Point>
      </Placemark>
      <Placemark>
        <name>Br. No. 182</name>
        <description><![CDATA[East: 614,826.597<br>North: 3,399,372.536<br>zone: <br>Longitude: 76.19928899<br>Latitude: 30.72168716]]></description>
        <styleUrl>#icon-1528-E65100-labelson</styleUrl>
        <ExtendedData>
          <Data name="East">
            <value>614826.597</value>
          </Data>
          <Data name="North">
            <value>3399372.536</value>
          </Data>
          <Data name="zone">
            <value/>
          </Data>
          <Data name="Longitude">
            <value>76.19928899</value>
          </Data>
          <Data name="Latitude">
            <value>30.72168716</value>
          </Data>
        </ExtendedData>
        <Point>
          <coordinates>
            76.19928899,30.72168716,0
          </coordinates>
        </Point>
      </Placemark>
      <Placemark>
        <name>Br. No. 183</name>
        <description><![CDATA[East: 614,091.247<br>North: 3,399,808.036<br>zone: <br>Longitude: 76.19165847<br>Latitude: 30.72568681]]></description>
        <styleUrl>#icon-1528-E65100-labelson</styleUrl>
        <ExtendedData>
          <Data name="East">
            <value>614091.247</value>
          </Data>
          <Data name="North">
            <value>3399808.036</value>
          </Data>
          <Data name="zone">
            <value/>
          </Data>
          <Data name="Longitude">
            <value>76.19165847</value>
          </Data>
          <Data name="Latitude">
            <value>30.72568681</value>
          </Data>
        </ExtendedData>
        <Point>
          <coordinates>
            76.19165847,30.72568681,0
          </coordinates>
        </Point>
      </Placemark>
      <Placemark>
        <name>Br. No. 184</name>
        <description><![CDATA[East: 612,841.67<br>North: 3,400,556.18<br>zone: <br>Longitude: 76.17869139<br>Latitude: 30.73255549]]></description>
        <styleUrl>#icon-1528-E65100-labelson</styleUrl>
        <ExtendedData>
          <Data name="East">
            <value>612841.67</value>
          </Data>
          <Data name="North">
            <value>3400556.18</value>
          </Data>
          <Data name="zone">
            <value/>
          </Data>
          <Data name="Longitude">
            <value>76.17869139</value>
          </Data>
          <Data name="Latitude">
            <value>30.73255549</value>
          </Data>
        </ExtendedData>
        <Point>
          <coordinates>
            76.17869139,30.73255549,0
          </coordinates>
        </Point>
      </Placemark>
      <Placemark>
        <name>Br. No. 185</name>
        <description><![CDATA[East: 611,028.201<br>North: 3,401,652.332<br>zone: <br>Longitude: 76.1598705<br>Latitude: 30.74261532]]></description>
        <styleUrl>#icon-1528-E65100-labelson</styleUrl>
        <ExtendedData>
          <Data name="East">
            <value>611028.201</value>
          </Data>
          <Data name="North">
            <value>3401652.332</value>
          </Data>
          <Data name="zone">
            <value/>
          </Data>
          <Data name="Longitude">
            <value>76.1598705</value>
          </Data>
          <Data name="Latitude">
            <value>30.74261532</value>
          </Data>
        </ExtendedData>
        <Point>
          <coordinates>
            76.1598705,30.74261532,0
          </coordinates>
        </Point>
      </Placemark>
      <Placemark>
        <name>Br. No. 186</name>
        <description><![CDATA[East: 610,703.101<br>North: 3,401,847.279<br>zone: <br>Longitude: 76.1564959<br>Latitude: 30.74440439]]></description>
        <styleUrl>#icon-1528-E65100-labelson</styleUrl>
        <ExtendedData>
          <Data name="East">
            <value>610703.101</value>
          </Data>
          <Data name="North">
            <value>3401847.279</value>
          </Data>
          <Data name="zone">
            <value/>
          </Data>
          <Data name="Longitude">
            <value>76.1564959</value>
          </Data>
          <Data name="Latitude">
            <value>30.74440439</value>
          </Data>
        </ExtendedData>
        <Point>
          <coordinates>
            76.1564959,30.74440439,0
          </coordinates>
        </Point>
      </Placemark>
      <Placemark>
        <name>Br. No. 187</name>
        <description><![CDATA[East: 610,363.102<br>North: 3,402,051.459<br>zone: <br>Longitude: 76.15296654<br>Latitude: 30.74627806]]></description>
        <styleUrl>#icon-1528-E65100-labelson</styleUrl>
        <ExtendedData>
          <Data name="East">
            <value>610363.102</value>
          </Data>
          <Data name="North">
            <value>3402051.459</value>
          </Data>
          <Data name="zone">
            <value/>
          </Data>
          <Data name="Longitude">
            <value>76.15296654</value>
          </Data>
          <Data name="Latitude">
            <value>30.74627806</value>
          </Data>
        </ExtendedData>
        <Point>
          <coordinates>
            76.15296654,30.74627806,0
          </coordinates>
        </Point>
      </Placemark>
      <Placemark>
        <name>Br. No. 188</name>
        <description><![CDATA[East: 610,007.212<br>North: 3,402,264.568<br>zone: <br>Longitude: 76.14927201<br>Latitude: 30.74823366]]></description>
        <styleUrl>#icon-1528-E65100-labelson</styleUrl>
        <ExtendedData>
          <Data name="East">
            <value>610007.212</value>
          </Data>
          <Data name="North">
            <value>3402264.568</value>
          </Data>
          <Data name="zone">
            <value/>
          </Data>
          <Data name="Longitude">
            <value>76.14927201</value>
          </Data>
          <Data name="Latitude">
            <value>30.74823366</value>
          </Data>
        </ExtendedData>
        <Point>
          <coordinates>
            76.14927201,30.74823366,0
          </coordinates>
        </Point>
      </Placemark>
      <Placemark>
        <name>Br. No. 188A</name>
        <description><![CDATA[East: 608,105.381<br>North: 3,403,394.015<br>zone: <br>Longitude: 76.12952534<br>Latitude: 30.75859778]]></description>
        <styleUrl>#icon-1528-E65100-labelson</styleUrl>
        <ExtendedData>
          <Data name="East">
            <value>608105.3806</value>
          </Data>
          <Data name="North">
            <value>3403394.015</value>
          </Data>
          <Data name="zone">
            <value/>
          </Data>
          <Data name="Longitude">
            <value>76.12952534</value>
          </Data>
          <Data name="Latitude">
            <value>30.75859778</value>
          </Data>
        </ExtendedData>
        <Point>
          <coordinates>
            76.12952534,30.75859778,0
          </coordinates>
        </Point>
      </Placemark>
      <Placemark>
        <name>Br. No. 189</name>
        <description><![CDATA[East: 606,842.957<br>North: 3,404,151.853<br>zone: <br>Longitude: 76.11641611<br>Latitude: 30.76554904]]></description>
        <styleUrl>#icon-1528-E65100-labelson</styleUrl>
        <ExtendedData>
          <Data name="East">
            <value>606842.9572</value>
          </Data>
          <Data name="North">
            <value>3404151.853</value>
          </Data>
          <Data name="zone">
            <value/>
          </Data>
          <Data name="Longitude">
            <value>76.11641611</value>
          </Data>
          <Data name="Latitude">
            <value>30.76554904</value>
          </Data>
        </ExtendedData>
        <Point>
          <coordinates>
            76.11641611,30.76554904,0
          </coordinates>
        </Point>
      </Placemark>
      <Placemark>
        <name>Br. No. 190</name>
        <description><![CDATA[East: 606,241.503<br>North: 3,404,511.278<br>zone: <br>Longitude: 76.11016966<br>Latitude: 30.76884566]]></description>
        <styleUrl>#icon-1528-E65100-labelson</styleUrl>
        <ExtendedData>
          <Data name="East">
            <value>606241.503</value>
          </Data>
          <Data name="North">
            <value>3404511.278</value>
          </Data>
          <Data name="zone">
            <value/>
          </Data>
          <Data name="Longitude">
            <value>76.11016966</value>
          </Data>
          <Data name="Latitude">
            <value>30.76884566</value>
          </Data>
        </ExtendedData>
        <Point>
          <coordinates>
            76.11016966,30.76884566,0
          </coordinates>
        </Point>
      </Placemark>
      <Placemark>
        <name>Br. No. 191</name>
        <description><![CDATA[East: 603,664.805<br>North: 3,406,058.969<br>zone: <br>Longitude: 76.08340506<br>Latitude: 30.78303647]]></description>
        <styleUrl>#icon-1528-E65100-labelson</styleUrl>
        <ExtendedData>
          <Data name="East">
            <value>603664.805</value>
          </Data>
          <Data name="North">
            <value>3406058.969</value>
          </Data>
          <Data name="zone">
            <value/>
          </Data>
          <Data name="Longitude">
            <value>76.08340506</value>
          </Data>
          <Data name="Latitude">
            <value>30.78303647</value>
          </Data>
        </ExtendedData>
        <Point>
          <coordinates>
            76.08340506,30.78303647,0
          </coordinates>
        </Point>
      </Placemark>
      <Placemark>
        <name>Br. No. 192</name>
        <description><![CDATA[East: 603,507.063<br>North: 3,406,153.339<br>zone: <br>Longitude: 76.08176627<br>Latitude: 30.78390163]]></description>
        <styleUrl>#icon-1528-E65100-labelson</styleUrl>
        <ExtendedData>
          <Data name="East">
            <value>603507.0634</value>
          </Data>
          <Data name="North">
            <value>3406153.339</value>
          </Data>
          <Data name="zone">
            <value/>
          </Data>
          <Data name="Longitude">
            <value>76.08176627</value>
          </Data>
          <Data name="Latitude">
            <value>30.78390163</value>
          </Data>
        </ExtendedData>
        <Point>
          <coordinates>
            76.08176627,30.78390163,0
          </coordinates>
        </Point>
      </Placemark>
      <Placemark>
        <name>Br. No. 193</name>
        <description><![CDATA[East: 603,069.4<br>North: 3,406,415.172<br>zone: <br>Longitude: 76.07721921<br>Latitude: 30.78630195]]></description>
        <styleUrl>#icon-1528-E65100-labelson</styleUrl>
        <ExtendedData>
          <Data name="East">
            <value>603069.4001</value>
          </Data>
          <Data name="North">
            <value>3406415.172</value>
          </Data>
          <Data name="zone">
            <value/>
          </Data>
          <Data name="Longitude">
            <value>76.07721921</value>
          </Data>
          <Data name="Latitude">
            <value>30.78630195</value>
          </Data>
        </ExtendedData>
        <Point>
          <coordinates>
            76.07721921,30.78630195,0
          </coordinates>
        </Point>
      </Placemark>
      <Placemark>
        <name>Br. No. 194</name>
        <description><![CDATA[East: 602,057.569<br>North: 3,407,020.504<br>zone: <br>Longitude: 76.066706<br>Latitude: 30.79185064]]></description>
        <styleUrl>#icon-1528-E65100-labelson</styleUrl>
        <ExtendedData>
          <Data name="East">
            <value>602057.5685</value>
          </Data>
          <Data name="North">
            <value>3407020.504</value>
          </Data>
          <Data name="zone">
            <value/>
          </Data>
          <Data name="Longitude">
            <value>76.066706</value>
          </Data>
          <Data name="Latitude">
            <value>30.79185064</value>
          </Data>
        </ExtendedData>
        <Point>
          <coordinates>
            76.066706,30.79185064,0
          </coordinates>
        </Point>
      </Placemark>
      <Placemark>
        <name>Br. No. 195</name>
        <description><![CDATA[East: 601,782.729<br>North: 3,407,184.927<br>zone: <br>Longitude: 76.06385013<br>Latitude: 30.79335766]]></description>
        <styleUrl>#icon-1528-E65100-labelson</styleUrl>
        <ExtendedData>
          <Data name="East">
            <value>601782.729</value>
          </Data>
          <Data name="North">
            <value>3407184.927</value>
          </Data>
          <Data name="zone">
            <value/>
          </Data>
          <Data name="Longitude">
            <value>76.06385013</value>
          </Data>
          <Data name="Latitude">
            <value>30.79335766</value>
          </Data>
        </ExtendedData>
        <Point>
          <coordinates>
            76.06385013,30.79335766,0
          </coordinates>
        </Point>
      </Placemark>
      <Placemark>
        <name>Br. No. 196</name>
        <description><![CDATA[East: 601,354.266<br>North: 3,407,441.256<br>zone: <br>Longitude: 76.05939777<br>Latitude: 30.79570693]]></description>
        <styleUrl>#icon-1528-E65100-labelson</styleUrl>
        <ExtendedData>
          <Data name="East">
            <value>601354.2659</value>
          </Data>
          <Data name="North">
            <value>3407441.256</value>
          </Data>
          <Data name="zone">
            <value/>
          </Data>
          <Data name="Longitude">
            <value>76.05939777</value>
          </Data>
          <Data name="Latitude">
            <value>30.79570693</value>
          </Data>
        </ExtendedData>
        <Point>
          <coordinates>
            76.05939777,30.79570693,0
          </coordinates>
        </Point>
      </Placemark>
      <Placemark>
        <name>Br. No. 197</name>
        <description><![CDATA[East: 600,404.044<br>North: 3,408,009.73<br>zone: <br>Longitude: 76.04952278<br>Latitude: 30.80091647]]></description>
        <styleUrl>#icon-1528-E65100-labelson</styleUrl>
        <ExtendedData>
          <Data name="East">
            <value>600404.0435</value>
          </Data>
          <Data name="North">
            <value>3408009.73</value>
          </Data>
          <Data name="zone">
            <value/>
          </Data>
          <Data name="Longitude">
            <value>76.04952278</value>
          </Data>
          <Data name="Latitude">
            <value>30.80091647</value>
          </Data>
        </ExtendedData>
        <Point>
          <coordinates>
            76.04952278,30.80091647,0
          </coordinates>
        </Point>
      </Placemark>
      <Placemark>
        <name>Br. No. 198</name>
        <description><![CDATA[East: 599,303.299<br>North: 3,408,644.13<br>zone: <br>Longitude: 76.03807983<br>Latitude: 30.80673269]]></description>
        <styleUrl>#icon-1528-E65100-labelson</styleUrl>
        <ExtendedData>
          <Data name="East">
            <value>599303.2986</value>
          </Data>
          <Data name="North">
            <value>3408644.13</value>
          </Data>
          <Data name="zone">
            <value/>
          </Data>
          <Data name="Longitude">
            <value>76.03807983</value>
          </Data>
          <Data name="Latitude">
            <value>30.80673269</value>
          </Data>
        </ExtendedData>
        <Point>
          <coordinates>
            76.03807983,30.80673269,0
          </coordinates>
        </Point>
      </Placemark>
      <Placemark>
        <name>Br. No. 199</name>
        <description><![CDATA[East: 599,224.762<br>North: 3,408,691.178<br>zone: <br>Longitude: 76.03726351<br>Latitude: 30.80716373]]></description>
        <styleUrl>#icon-1528-E65100-labelson</styleUrl>
        <ExtendedData>
          <Data name="East">
            <value>599224.7618</value>
          </Data>
          <Data name="North">
            <value>3408691.178</value>
          </Data>
          <Data name="zone">
            <value/>
          </Data>
          <Data name="Longitude">
            <value>76.03726351</value>
          </Data>
          <Data name="Latitude">
            <value>30.80716373</value>
          </Data>
        </ExtendedData>
        <Point>
          <coordinates>
            76.03726351,30.80716373,0
          </coordinates>
        </Point>
      </Placemark>
      <Placemark>
        <name>Br. No. 200</name>
        <description><![CDATA[East: 594,299.779<br>North: 3,411,660.374<br>zone: <br>Longitude: 75.98605962<br>Latitude: 30.83435402]]></description>
        <styleUrl>#icon-1528-E65100-labelson</styleUrl>
        <ExtendedData>
          <Data name="East">
            <value>594299.779</value>
          </Data>
          <Data name="North">
            <value>3411660.374</value>
          </Data>
          <Data name="zone">
            <value/>
          </Data>
          <Data name="Longitude">
            <value>75.98605962</value>
          </Data>
          <Data name="Latitude">
            <value>30.83435402</value>
          </Data>
        </ExtendedData>
        <Point>
          <coordinates>
            75.98605962,30.83435402,0
          </coordinates>
        </Point>
      </Placemark>
    </Folder>
    <Folder>
      <name>IR km location</name>
      <Placemark>
        <name>km 187500</name>
        <description><![CDATA[East: 739,484.228<br>North: 3,320,530.671<br>Longitude: 77.4824658<br>Latitude: 29.9923367]]></description>
        <styleUrl>#icon-1899-0288D1-labelson</styleUrl>
        <ExtendedData>
          <Data name="East">
            <value>739484.228</value>
          </Data>
          <Data name="North">
            <value>3320530.671</value>
          </Data>
          <Data name="Longitude">
            <value>77.4824658</value>
          </Data>
          <Data name="Latitude">
            <value>29.9923367</value>
          </Data>
        </ExtendedData>
        <Point>
          <coordinates>
            77.4824658,29.9923367,0
          </coordinates>
        </Point>
      </Placemark>
      <Placemark>
        <name>km 189000</name>
        <description><![CDATA[East: 738,201.749<br>North: 3,321,290.057<br>Longitude: 77.4693517<br>Latitude: 29.9994334]]></description>
        <styleUrl>#icon-1899-0288D1-labelson</styleUrl>
        <ExtendedData>
          <Data name="East">
            <value>738201.749</value>
          </Data>
          <Data name="North">
            <value>3321290.057</value>
          </Data>
          <Data name="Longitude">
            <value>77.4693517</value>
          </Data>
          <Data name="Latitude">
            <value>29.9994334</value>
          </Data>
        </ExtendedData>
        <Point>
          <coordinates>
            77.4693517,29.9994334,0
          </coordinates>
        </Point>
      </Placemark>
      <Placemark>
        <name>km 190000</name>
        <description><![CDATA[East: 737,360.596<br>North: 3,321,788.26<br>Longitude: 77.4607494<br>Latitude: 30.0040886]]></description>
        <styleUrl>#icon-1899-0288D1-labelson</styleUrl>
        <ExtendedData>
          <Data name="East">
            <value>737360.596</value>
          </Data>
          <Data name="North">
            <value>3321788.26</value>
          </Data>
          <Data name="Longitude">
            <value>77.4607494</value>
          </Data>
          <Data name="Latitude">
            <value>30.0040886</value>
          </Data>
        </ExtendedData>
        <Point>
          <coordinates>
            77.4607494,30.0040886,0
          </coordinates>
        </Point>
      </Placemark>
      <Placemark>
        <name>km 191000</name>
        <description><![CDATA[East: 736,479.249<br>North: 3,322,309.846<br>Longitude: 77.4517350<br>Latitude: 30.0089618]]></description>
        <styleUrl>#icon-1899-0288D1-labelson</styleUrl>
        <ExtendedData>
          <Data name="East">
            <value>736479.249</value>
          </Data>
          <Data name="North">
            <value>3322309.846</value>
          </Data>
          <Data name="Longitude">
            <value>77.4517350</value>
          </Data>
          <Data name="Latitude">
            <value>30.0089618</value>
          </Data>
        </ExtendedData>
        <Point>
          <coordinates>
            77.451735,30.0089618,0
          </coordinates>
        </Point>
      </Placemark>
      <Placemark>
        <name>km 192000</name>
        <description><![CDATA[East: 735,658.284<br>North: 3,322,796.01<br>Longitude: 77.4433375<br>Latitude: 30.0135035]]></description>
        <styleUrl>#icon-1899-0288D1-labelson</styleUrl>
        <ExtendedData>
          <Data name="East">
            <value>735658.284</value>
          </Data>
          <Data name="North">
            <value>3322796.01</value>
          </Data>
          <Data name="Longitude">
            <value>77.4433375</value>
          </Data>
          <Data name="Latitude">
            <value>30.0135035</value>
          </Data>
        </ExtendedData>
        <Point>
          <coordinates>
            77.4433375,30.0135035,0
          </coordinates>
        </Point>
      </Placemark>
      <Placemark>
        <name>km 193000</name>
        <description><![CDATA[East: 734,749.73<br>North: 3,323,333.726<br>Longitude: 77.4340431<br>Latitude: 30.0185263]]></description>
        <styleUrl>#icon-1899-0288D1-labelson</styleUrl>
        <ExtendedData>
          <Data name="East">
            <value>734749.73</value>
          </Data>
          <Data name="North">
            <value>3323333.726</value>
          </Data>
          <Data name="Longitude">
            <value>77.4340431</value>
          </Data>
          <Data name="Latitude">
            <value>30.0185263</value>
          </Data>
        </ExtendedData>
        <Point>
          <coordinates>
            77.4340431,30.0185263,0
          </coordinates>
        </Point>
      </Placemark>
      <Placemark>
        <name>km 194000</name>
        <description><![CDATA[East: 733,891.772<br>North: 3,323,847.361<br>Longitude: 77.4252666<br>Latitude: 30.0233217]]></description>
        <styleUrl>#icon-1899-0288D1-labelson</styleUrl>
        <ExtendedData>
          <Data name="East">
            <value>733891.772</value>
          </Data>
          <Data name="North">
            <value>3323847.361</value>
          </Data>
          <Data name="Longitude">
            <value>77.4252666</value>
          </Data>
          <Data name="Latitude">
            <value>30.0233217</value>
          </Data>
        </ExtendedData>
        <Point>
          <coordinates>
            77.4252666,30.0233217,0
          </coordinates>
        </Point>
      </Placemark>
      <Placemark>
        <name>km 195000</name>
        <description><![CDATA[East: 733,030.996<br>North: 3,324,356.341<br>Longitude: 77.4164591<br>Latitude: 30.0280751]]></description>
        <styleUrl>#icon-1899-0288D1-labelson</styleUrl>
        <ExtendedData>
          <Data name="East">
            <value>733030.996</value>
          </Data>
          <Data name="North">
            <value>3324356.341</value>
          </Data>
          <Data name="Longitude">
            <value>77.4164591</value>
          </Data>
          <Data name="Latitude">
            <value>30.0280751</value>
          </Data>
        </ExtendedData>
        <Point>
          <coordinates>
            77.4164591,30.0280751,0
          </coordinates>
        </Point>
      </Placemark>
      <Placemark>
        <name>km 196000</name>
        <description><![CDATA[East: 732,208.707<br>North: 3,324,843.002<br>Longitude: 77.4080447<br>Latitude: 30.0326194]]></description>
        <styleUrl>#icon-1899-0288D1-labelson</styleUrl>
        <ExtendedData>
          <Data name="East">
            <value>732208.707</value>
          </Data>
          <Data name="North">
            <value>3324843.002</value>
          </Data>
          <Data name="Longitude">
            <value>77.4080447</value>
          </Data>
          <Data name="Latitude">
            <value>30.0326194</value>
          </Data>
        </ExtendedData>
        <Point>
          <coordinates>
            77.4080447,30.0326194,0
          </coordinates>
        </Point>
      </Placemark>
      <Placemark>
        <name>km 197000</name>
        <description><![CDATA[East: 731,313.754<br>North: 3,325,372.435<br>Longitude: 77.3988857<br>Latitude: 30.0375626]]></description>
        <styleUrl>#icon-1899-0288D1-labelson</styleUrl>
        <ExtendedData>
          <Data name="East">
            <value>731313.754</value>
          </Data>
          <Data name="North">
            <value>3325372.435</value>
          </Data>
          <Data name="Longitude">
            <value>77.3988857</value>
          </Data>
          <Data name="Latitude">
            <value>30.0375626</value>
          </Data>
        </ExtendedData>
        <Point>
          <coordinates>
            77.3988857,30.0375626,0
          </coordinates>
        </Point>
      </Placemark>
      <Placemark>
        <name>km 198000</name>
        <description><![CDATA[East: 730,467.245<br>North: 3,325,873.366<br>Longitude: 77.3902217<br>Latitude: 30.0422391]]></description>
        <styleUrl>#icon-1899-0288D1-labelson</styleUrl>
        <ExtendedData>
          <Data name="East">
            <value>730467.245</value>
          </Data>
          <Data name="North">
            <value>3325873.366</value>
          </Data>
          <Data name="Longitude">
            <value>77.3902217</value>
          </Data>
          <Data name="Latitude">
            <value>30.0422391</value>
          </Data>
        </ExtendedData>
        <Point>
          <coordinates>
            77.3902217,30.0422391,0
          </coordinates>
        </Point>
      </Placemark>
      <Placemark>
        <name>km 199000</name>
        <description><![CDATA[East: 729,542.234<br>North: 3,326,420.631<br>Longitude: 77.3807532<br>Latitude: 30.0473476]]></description>
        <styleUrl>#icon-1899-0288D1-labelson</styleUrl>
        <ExtendedData>
          <Data name="East">
            <value>729542.234</value>
          </Data>
          <Data name="North">
            <value>3326420.631</value>
          </Data>
          <Data name="Longitude">
            <value>77.3807532</value>
          </Data>
          <Data name="Latitude">
            <value>30.0473476</value>
          </Data>
        </ExtendedData>
        <Point>
          <coordinates>
            77.3807532,30.0473476,0
          </coordinates>
        </Point>
      </Placemark>
      <Placemark>
        <name>km 200000</name>
        <description><![CDATA[East: 728,750.107<br>North: 3,326,889.346<br>Longitude: 77.3726442<br>Latitude: 30.0517223]]></description>
        <styleUrl>#icon-1899-0288D1-labelson</styleUrl>
        <ExtendedData>
          <Data name="East">
            <value>728750.107</value>
          </Data>
          <Data name="North">
            <value>3326889.346</value>
          </Data>
          <Data name="Longitude">
            <value>77.3726442</value>
          </Data>
          <Data name="Latitude">
            <value>30.0517223</value>
          </Data>
        </ExtendedData>
        <Point>
          <coordinates>
            77.3726442,30.0517223,0
          </coordinates>
        </Point>
      </Placemark>
      <Placemark>
        <name>km 201000</name>
        <description><![CDATA[East: 727,940.63<br>North: 3,327,471.748<br>Longitude: 77.3643789<br>Latitude: 30.0571249]]></description>
        <styleUrl>#icon-1899-0288D1-labelson</styleUrl>
        <ExtendedData>
          <Data name="East">
            <value>727940.63</value>
          </Data>
          <Data name="North">
            <value>3327471.748</value>
          </Data>
          <Data name="Longitude">
            <value>77.3643789</value>
          </Data>
          <Data name="Latitude">
            <value>30.0571249</value>
          </Data>
        </ExtendedData>
        <Point>
          <coordinates>
            77.3643789,30.0571249,0
          </coordinates>
        </Point>
      </Placemark>
      <Placemark>
        <name>km 202000</name>
        <description><![CDATA[East: 727,372.538<br>North: 3,328,212.756<br>Longitude: 77.3586489<br>Latitude: 30.0639123]]></description>
        <styleUrl>#icon-1899-0288D1-labelson</styleUrl>
        <ExtendedData>
          <Data name="East">
            <value>727372.538</value>
          </Data>
          <Data name="North">
            <value>3328212.756</value>
          </Data>
          <Data name="Longitude">
            <value>77.3586489</value>
          </Data>
          <Data name="Latitude">
            <value>30.0639123</value>
          </Data>
        </ExtendedData>
        <Point>
          <coordinates>
            77.3586489,30.0639123,0
          </coordinates>
        </Point>
      </Placemark>
      <Placemark>
        <name>km 203000</name>
        <description><![CDATA[East: 726,676.981<br>North: 3,329,081.442<br>Longitude: 77.3516239<br>Latitude: 30.0718743]]></description>
        <styleUrl>#icon-1899-0288D1-labelson</styleUrl>
        <ExtendedData>
          <Data name="East">
            <value>726676.981</value>
          </Data>
          <Data name="North">
            <value>3329081.442</value>
          </Data>
          <Data name="Longitude">
            <value>77.3516239</value>
          </Data>
          <Data name="Latitude">
            <value>30.0718743</value>
          </Data>
        </ExtendedData>
        <Point>
          <coordinates>
            77.3516239,30.0718743,0
          </coordinates>
        </Point>
      </Placemark>
      <Placemark>
        <name>km 204000</name>
        <description><![CDATA[East: 725,976.557<br>North: 3,329,764.539<br>Longitude: 77.3445079<br>Latitude: 30.0781635]]></description>
        <styleUrl>#icon-1899-0288D1-labelson</styleUrl>
        <ExtendedData>
          <Data name="East">
            <value>725976.557</value>
          </Data>
          <Data name="North">
            <value>3329764.539</value>
          </Data>
          <Data name="Longitude">
            <value>77.3445079</value>
          </Data>
          <Data name="Latitude">
            <value>30.0781635</value>
          </Data>
        </ExtendedData>
        <Point>
          <coordinates>
            77.3445079,30.0781635,0
          </coordinates>
        </Point>
      </Placemark>
      <Placemark>
        <name>km 205000</name>
        <description><![CDATA[East: 725,330.923<br>North: 3,330,528.182<br>Longitude: 77.3379761<br>Latitude: 30.0851686]]></description>
        <styleUrl>#icon-1899-0288D1-labelson</styleUrl>
        <ExtendedData>
          <Data name="East">
            <value>725330.923</value>
          </Data>
          <Data name="North">
            <value>3330528.182</value>
          </Data>
          <Data name="Longitude">
            <value>77.3379761</value>
          </Data>
          <Data name="Latitude">
            <value>30.0851686</value>
          </Data>
        </ExtendedData>
        <Point>
          <coordinates>
            77.3379761,30.0851686,0
          </coordinates>
        </Point>
      </Placemark>
      <Placemark>
        <name>km 206000</name>
        <description><![CDATA[East: 724,672.919<br>North: 3,331,302.628<br>Longitude: 77.3313175<br>Latitude: 30.0922730]]></description>
        <styleUrl>#icon-1899-0288D1-labelson</styleUrl>
        <ExtendedData>
          <Data name="East">
            <value>724672.919</value>
          </Data>
          <Data name="North">
            <value>3331302.628</value>
          </Data>
          <Data name="Longitude">
            <value>77.3313175</value>
          </Data>
          <Data name="Latitude">
            <value>30.0922730</value>
          </Data>
        </ExtendedData>
        <Point>
          <coordinates>
            77.3313175,30.092273,0
          </coordinates>
        </Point>
      </Placemark>
      <Placemark>
        <name>km 207000</name>
        <description><![CDATA[East: 723,895.328<br>North: 3,331,924.99<br>Longitude: 77.3233856<br>Latitude: 30.0980277]]></description>
        <styleUrl>#icon-1899-0288D1-labelson</styleUrl>
        <ExtendedData>
          <Data name="East">
            <value>723895.328</value>
          </Data>
          <Data name="North">
            <value>3331924.99</value>
          </Data>
          <Data name="Longitude">
            <value>77.3233856</value>
          </Data>
          <Data name="Latitude">
            <value>30.0980277</value>
          </Data>
        </ExtendedData>
        <Point>
          <coordinates>
            77.3233856,30.0980277,0
          </coordinates>
        </Point>
      </Placemark>
      <Placemark>
        <name>km 208000</name>
        <description><![CDATA[East: 723,045.075<br>North: 3,332,425.353<br>Longitude: 77.3146737<br>Latitude: 30.1026952]]></description>
        <styleUrl>#icon-1899-0288D1-labelson</styleUrl>
        <ExtendedData>
          <Data name="East">
            <value>723045.075</value>
          </Data>
          <Data name="North">
            <value>3332425.353</value>
          </Data>
          <Data name="Longitude">
            <value>77.3146737</value>
          </Data>
          <Data name="Latitude">
            <value>30.1026952</value>
          </Data>
        </ExtendedData>
        <Point>
          <coordinates>
            77.3146737,30.1026952,0
          </coordinates>
        </Point>
      </Placemark>
      <Placemark>
        <name>km 209000</name>
        <description><![CDATA[East: 722,197.251<br>North: 3,332,923.982<br>Longitude: 77.3059857<br>Latitude: 30.1073461]]></description>
        <styleUrl>#icon-1899-0288D1-labelson</styleUrl>
        <ExtendedData>
          <Data name="East">
            <value>722197.251</value>
          </Data>
          <Data name="North">
            <value>3332923.982</value>
          </Data>
          <Data name="Longitude">
            <value>77.3059857</value>
          </Data>
          <Data name="Latitude">
            <value>30.1073461</value>
          </Data>
        </ExtendedData>
        <Point>
          <coordinates>
            77.3059857,30.1073461,0
          </coordinates>
        </Point>
      </Placemark>
      <Placemark>
        <name>km 210000</name>
        <description><![CDATA[East: 721,324.145<br>North: 3,333,437.474<br>Longitude: 77.2970378<br>Latitude: 30.1121351]]></description>
        <styleUrl>#icon-1899-0288D1-labelson</styleUrl>
        <ExtendedData>
          <Data name="East">
            <value>721324.145</value>
          </Data>
          <Data name="North">
            <value>3333437.474</value>
          </Data>
          <Data name="Longitude">
            <value>77.2970378</value>
          </Data>
          <Data name="Latitude">
            <value>30.1121351</value>
          </Data>
        </ExtendedData>
        <Point>
          <coordinates>
            77.2970378,30.1121351,0
          </coordinates>
        </Point>
      </Placemark>
      <Placemark>
        <name>km 211000</name>
        <description><![CDATA[East: 720,453.527<br>North: 3,333,929.154<br>Longitude: 77.2881103<br>Latitude: 30.1167264]]></description>
        <styleUrl>#icon-1899-0288D1-labelson</styleUrl>
        <ExtendedData>
          <Data name="East">
            <value>720453.527</value>
          </Data>
          <Data name="North">
            <value>3333929.154</value>
          </Data>
          <Data name="Longitude">
            <value>77.2881103</value>
          </Data>
          <Data name="Latitude">
            <value>30.1167264</value>
          </Data>
        </ExtendedData>
        <Point>
          <coordinates>
            77.2881103,30.1167264,0
          </coordinates>
        </Point>
      </Placemark>
      <Placemark>
        <name>km 212000</name>
        <description><![CDATA[East: 719,555.573<br>North: 3,334,447.354<br>Longitude: 77.2789039<br>Latitude: 30.1215611]]></description>
        <styleUrl>#icon-1899-0288D1-labelson</styleUrl>
        <ExtendedData>
          <Data name="East">
            <value>719555.573</value>
          </Data>
          <Data name="North">
            <value>3334447.354</value>
          </Data>
          <Data name="Longitude">
            <value>77.2789039</value>
          </Data>
          <Data name="Latitude">
            <value>30.1215611</value>
          </Data>
        </ExtendedData>
        <Point>
          <coordinates>
            77.2789039,30.1215611,0
          </coordinates>
        </Point>
      </Placemark>
      <Placemark>
        <name>km 213000</name>
        <description><![CDATA[East: 718,663.204<br>North: 3,334,816.881<br>Longitude: 77.2697237<br>Latitude: 30.1250537]]></description>
        <styleUrl>#icon-1899-0288D1-labelson</styleUrl>
        <ExtendedData>
          <Data name="East">
            <value>718663.204</value>
          </Data>
          <Data name="North">
            <value>3334816.881</value>
          </Data>
          <Data name="Longitude">
            <value>77.2697237</value>
          </Data>
          <Data name="Latitude">
            <value>30.1250537</value>
          </Data>
        </ExtendedData>
        <Point>
          <coordinates>
            77.2697237,30.1250537,0
          </coordinates>
        </Point>
      </Placemark>
      <Placemark>
        <name>km 214000</name>
        <description><![CDATA[East: 717,717.471<br>North: 3,335,208.044<br>Longitude: 77.2599938<br>Latitude: 30.1287502]]></description>
        <styleUrl>#icon-1899-0288D1-labelson</styleUrl>
        <ExtendedData>
          <Data name="East">
            <value>717717.471</value>
          </Data>
          <Data name="North">
            <value>3335208.044</value>
          </Data>
          <Data name="Longitude">
            <value>77.2599938</value>
          </Data>
          <Data name="Latitude">
            <value>30.1287502</value>
          </Data>
        </ExtendedData>
        <Point>
          <coordinates>
            77.2599938,30.1287502,0
          </coordinates>
        </Point>
      </Placemark>
      <Placemark>
        <name>km 215000</name>
        <description><![CDATA[East: 716,790.76<br>North: 3,335,591.447<br>Longitude: 77.2504589<br>Latitude: 30.1323727]]></description>
        <styleUrl>#icon-1899-0288D1-labelson</styleUrl>
        <ExtendedData>
          <Data name="East">
            <value>716790.76</value>
          </Data>
          <Data name="North">
            <value>3335591.447</value>
          </Data>
          <Data name="Longitude">
            <value>77.2504589</value>
          </Data>
          <Data name="Latitude">
            <value>30.1323727</value>
          </Data>
        </ExtendedData>
        <Point>
          <coordinates>
            77.2504589,30.1323727,0
          </coordinates>
        </Point>
      </Placemark>
      <Placemark>
        <name>km 216000</name>
        <description><![CDATA[East: 715,876.06<br>North: 3,335,969.38<br>Longitude: 77.2410467<br>Latitude: 30.1359431]]></description>
        <styleUrl>#icon-1899-0288D1-labelson</styleUrl>
        <ExtendedData>
          <Data name="East">
            <value>715876.06</value>
          </Data>
          <Data name="North">
            <value>3335969.38</value>
          </Data>
          <Data name="Longitude">
            <value>77.2410467</value>
          </Data>
          <Data name="Latitude">
            <value>30.1359431</value>
          </Data>
        </ExtendedData>
        <Point>
          <coordinates>
            77.2410467,30.1359431,0
          </coordinates>
        </Point>
      </Placemark>
      <Placemark>
        <name>km 217000</name>
        <description><![CDATA[East: 714,952.008<br>North: 3,336,351.644<br>Longitude: 77.2315376<br>Latitude: 30.1395535]]></description>
        <styleUrl>#icon-1899-0288D1-labelson</styleUrl>
        <ExtendedData>
          <Data name="East">
            <value>714952.008</value>
          </Data>
          <Data name="North">
            <value>3336351.644</value>
          </Data>
          <Data name="Longitude">
            <value>77.2315376</value>
          </Data>
          <Data name="Latitude">
            <value>30.1395535</value>
          </Data>
        </ExtendedData>
        <Point>
          <coordinates>
            77.2315376,30.1395535,0
          </coordinates>
        </Point>
      </Placemark>
      <Placemark>
        <name>km 218000</name>
        <description><![CDATA[East: 714,093.109<br>North: 3,336,706.855<br>Longitude: 77.2226984<br>Latitude: 30.1429079]]></description>
        <styleUrl>#icon-1899-0288D1-labelson</styleUrl>
        <ExtendedData>
          <Data name="East">
            <value>714093.109</value>
          </Data>
          <Data name="North">
            <value>3336706.855</value>
          </Data>
          <Data name="Longitude">
            <value>77.2226984</value>
          </Data>
          <Data name="Latitude">
            <value>30.1429079</value>
          </Data>
        </ExtendedData>
        <Point>
          <coordinates>
            77.2226984,30.1429079,0
          </coordinates>
        </Point>
      </Placemark>
      <Placemark>
        <name>km 219000</name>
        <description><![CDATA[East: 713,137.512<br>North: 3,337,102.196<br>Longitude: 77.2128633<br>Latitude: 30.1466406]]></description>
        <styleUrl>#icon-1899-0288D1-labelson</styleUrl>
        <ExtendedData>
          <Data name="East">
            <value>713137.512</value>
          </Data>
          <Data name="North">
            <value>3337102.196</value>
          </Data>
          <Data name="Longitude">
            <value>77.2128633</value>
          </Data>
          <Data name="Latitude">
            <value>30.1466406</value>
          </Data>
        </ExtendedData>
        <Point>
          <coordinates>
            77.2128633,30.1466406,0
          </coordinates>
        </Point>
      </Placemark>
      <Placemark>
        <name>km 220000</name>
        <description><![CDATA[East: 712,220.978<br>North: 3,337,480.989<br>Longitude: 77.2034294<br>Latitude: 30.1502165]]></description>
        <styleUrl>#icon-1899-0288D1-labelson</styleUrl>
        <ExtendedData>
          <Data name="East">
            <value>712220.978</value>
          </Data>
          <Data name="North">
            <value>3337480.989</value>
          </Data>
          <Data name="Longitude">
            <value>77.2034294</value>
          </Data>
          <Data name="Latitude">
            <value>30.1502165</value>
          </Data>
        </ExtendedData>
        <Point>
          <coordinates>
            77.2034294,30.1502165,0
          </coordinates>
        </Point>
      </Placemark>
      <Placemark>
        <name>km 221000</name>
        <description><![CDATA[East: 711,267.079<br>North: 3,337,875.678<br>Longitude: 77.1936102<br>Latitude: 30.1539415]]></description>
        <styleUrl>#icon-1899-0288D1-labelson</styleUrl>
        <ExtendedData>
          <Data name="East">
            <value>711267.079</value>
          </Data>
          <Data name="North">
            <value>3337875.678</value>
          </Data>
          <Data name="Longitude">
            <value>77.1936102</value>
          </Data>
          <Data name="Latitude">
            <value>30.1539415</value>
          </Data>
        </ExtendedData>
        <Point>
          <coordinates>
            77.1936102,30.1539415,0
          </coordinates>
        </Point>
      </Placemark>
      <Placemark>
        <name>km 222000</name>
        <description><![CDATA[East: 710,358.278<br>North: 3,338,251.913<br>Longitude: 77.1842546<br>Latitude: 30.1574917]]></description>
        <styleUrl>#icon-1899-0288D1-labelson</styleUrl>
        <ExtendedData>
          <Data name="East">
            <value>710358.278</value>
          </Data>
          <Data name="North">
            <value>3338251.913</value>
          </Data>
          <Data name="Longitude">
            <value>77.1842546</value>
          </Data>
          <Data name="Latitude">
            <value>30.1574917</value>
          </Data>
        </ExtendedData>
        <Point>
          <coordinates>
            77.1842546,30.1574917,0
          </coordinates>
        </Point>
      </Placemark>
      <Placemark>
        <name>km 223000</name>
        <description><![CDATA[East: 709,357.964<br>North: 3,338,666.396<br>Longitude: 77.1739561<br>Latitude: 30.1614019]]></description>
        <styleUrl>#icon-1899-0288D1-labelson</styleUrl>
        <ExtendedData>
          <Data name="East">
            <value>709357.964</value>
          </Data>
          <Data name="North">
            <value>3338666.396</value>
          </Data>
          <Data name="Longitude">
            <value>77.1739561</value>
          </Data>
          <Data name="Latitude">
            <value>30.1614019</value>
          </Data>
        </ExtendedData>
        <Point>
          <coordinates>
            77.1739561,30.1614019,0
          </coordinates>
        </Point>
      </Placemark>
      <Placemark>
        <name>km 224000</name>
        <description><![CDATA[East: 708,419.867<br>North: 3,339,054.821<br>Longitude: 77.1642974<br>Latitude: 30.1650657]]></description>
        <styleUrl>#icon-1899-0288D1-labelson</styleUrl>
        <ExtendedData>
          <Data name="East">
            <value>708419.867</value>
          </Data>
          <Data name="North">
            <value>3339054.821</value>
          </Data>
          <Data name="Longitude">
            <value>77.1642974</value>
          </Data>
          <Data name="Latitude">
            <value>30.1650657</value>
          </Data>
        </ExtendedData>
        <Point>
          <coordinates>
            77.1642974,30.1650657,0
          </coordinates>
        </Point>
      </Placemark>
      <Placemark>
        <name>km 225000</name>
        <description><![CDATA[East: 707,495.982<br>North: 3,339,437.487<br>Longitude: 77.1547842<br>Latitude: 30.1686744]]></description>
        <styleUrl>#icon-1899-0288D1-labelson</styleUrl>
        <ExtendedData>
          <Data name="East">
            <value>707495.982</value>
          </Data>
          <Data name="North">
            <value>3339437.487</value>
          </Data>
          <Data name="Longitude">
            <value>77.1547842</value>
          </Data>
          <Data name="Latitude">
            <value>30.1686744</value>
          </Data>
        </ExtendedData>
        <Point>
          <coordinates>
            77.1547842,30.1686744,0
          </coordinates>
        </Point>
      </Placemark>
      <Placemark>
        <name>km 226000</name>
        <description><![CDATA[East: 706,611.354<br>North: 3,339,803.878<br>Longitude: 77.1456746<br>Latitude: 30.1721291]]></description>
        <styleUrl>#icon-1899-0288D1-labelson</styleUrl>
        <ExtendedData>
          <Data name="East">
            <value>706611.354</value>
          </Data>
          <Data name="North">
            <value>3339803.878</value>
          </Data>
          <Data name="Longitude">
            <value>77.1456746</value>
          </Data>
          <Data name="Latitude">
            <value>30.1721291</value>
          </Data>
        </ExtendedData>
        <Point>
          <coordinates>
            77.1456746,30.1721291,0
          </coordinates>
        </Point>
      </Placemark>
      <Placemark>
        <name>km 227000</name>
        <description><![CDATA[East: 705,639.849<br>North: 3,340,186.961<br>Longitude: 77.1356659<br>Latitude: 30.1757483]]></description>
        <styleUrl>#icon-1899-0288D1-labelson</styleUrl>
        <ExtendedData>
          <Data name="East">
            <value>705639.849</value>
          </Data>
          <Data name="North">
            <value>3340186.961</value>
          </Data>
          <Data name="Longitude">
            <value>77.1356659</value>
          </Data>
          <Data name="Latitude">
            <value>30.1757483</value>
          </Data>
        </ExtendedData>
        <Point>
          <coordinates>
            77.1356659,30.1757483,0
          </coordinates>
        </Point>
      </Placemark>
      <Placemark>
        <name>km 228000</name>
        <description><![CDATA[East: 704,722.821<br>North: 3,340,585.046<br>Longitude: 77.1262248<br>Latitude: 30.1794930]]></description>
        <styleUrl>#icon-1899-0288D1-labelson</styleUrl>
        <ExtendedData>
          <Data name="East">
            <value>704722.821</value>
          </Data>
          <Data name="North">
            <value>3340585.046</value>
          </Data>
          <Data name="Longitude">
            <value>77.1262248</value>
          </Data>
          <Data name="Latitude">
            <value>30.1794930</value>
          </Data>
        </ExtendedData>
        <Point>
          <coordinates>
            77.1262248,30.179493,0
          </coordinates>
        </Point>
      </Placemark>
      <Placemark>
        <name>km 229000</name>
        <description><![CDATA[East: 703,824.268<br>North: 3,340,956.534<br>Longitude: 77.1169695<br>Latitude: 30.1829940]]></description>
        <styleUrl>#icon-1899-0288D1-labelson</styleUrl>
        <ExtendedData>
          <Data name="East">
            <value>703824.268</value>
          </Data>
          <Data name="North">
            <value>3340956.534</value>
          </Data>
          <Data name="Longitude">
            <value>77.1169695</value>
          </Data>
          <Data name="Latitude">
            <value>30.1829940</value>
          </Data>
        </ExtendedData>
        <Point>
          <coordinates>
            77.1169695,30.182994,0
          </coordinates>
        </Point>
      </Placemark>
      <Placemark>
        <name>km 230000</name>
        <description><![CDATA[East: 702,897.821<br>North: 3,341,343.188<br>Longitude: 77.1074269<br>Latitude: 30.1866359]]></description>
        <styleUrl>#icon-1899-0288D1-labelson</styleUrl>
        <ExtendedData>
          <Data name="East">
            <value>702897.821</value>
          </Data>
          <Data name="North">
            <value>3341343.188</value>
          </Data>
          <Data name="Longitude">
            <value>77.1074269</value>
          </Data>
          <Data name="Latitude">
            <value>30.1866359</value>
          </Data>
        </ExtendedData>
        <Point>
          <coordinates>
            77.1074269,30.1866359,0
          </coordinates>
        </Point>
      </Placemark>
      <Placemark>
        <name>km 231000</name>
        <description><![CDATA[East: 701,974.127<br>North: 3,341,726.317<br>Longitude: 77.0979115<br>Latitude: 30.1902448]]></description>
        <styleUrl>#icon-1899-0288D1-labelson</styleUrl>
        <ExtendedData>
          <Data name="East">
            <value>701974.127</value>
          </Data>
          <Data name="North">
            <value>3341726.317</value>
          </Data>
          <Data name="Longitude">
            <value>77.0979115</value>
          </Data>
          <Data name="Latitude">
            <value>30.1902448</value>
          </Data>
        </ExtendedData>
        <Point>
          <coordinates>
            77.0979115,30.1902448,0
          </coordinates>
        </Point>
      </Placemark>
      <Placemark>
        <name>km 232000</name>
        <description><![CDATA[East: 701,050.579<br>North: 3,342,109.791<br>Longitude: 77.0883969<br>Latitude: 30.1938562]]></description>
        <styleUrl>#icon-1899-0288D1-labelson</styleUrl>
        <ExtendedData>
          <Data name="East">
            <value>701050.579</value>
          </Data>
          <Data name="North">
            <value>3342109.791</value>
          </Data>
          <Data name="Longitude">
            <value>77.0883969</value>
          </Data>
          <Data name="Latitude">
            <value>30.1938562</value>
          </Data>
        </ExtendedData>
        <Point>
          <coordinates>
            77.0883969,30.1938562,0
          </coordinates>
        </Point>
      </Placemark>
      <Placemark>
        <name>km 233000</name>
        <description><![CDATA[East: 700,126.928<br>North: 3,342,493.018<br>Longitude: 77.0788805<br>Latitude: 30.1974647]]></description>
        <styleUrl>#icon-1899-0288D1-labelson</styleUrl>
        <ExtendedData>
          <Data name="East">
            <value>700126.928</value>
          </Data>
          <Data name="North">
            <value>3342493.018</value>
          </Data>
          <Data name="Longitude">
            <value>77.0788805</value>
          </Data>
          <Data name="Latitude">
            <value>30.1974647</value>
          </Data>
        </ExtendedData>
        <Point>
          <coordinates>
            77.0788805,30.1974647,0
          </coordinates>
        </Point>
      </Placemark>
      <Placemark>
        <name>km 234000</name>
        <description><![CDATA[East: 699,187.244<br>North: 3,342,882.835<br>Longitude: 77.0691982<br>Latitude: 30.2011346]]></description>
        <styleUrl>#icon-1899-0288D1-labelson</styleUrl>
        <ExtendedData>
          <Data name="East">
            <value>699187.244</value>
          </Data>
          <Data name="North">
            <value>3342882.835</value>
          </Data>
          <Data name="Longitude">
            <value>77.0691982</value>
          </Data>
          <Data name="Latitude">
            <value>30.2011346</value>
          </Data>
        </ExtendedData>
        <Point>
          <coordinates>
            77.0691982,30.2011346,0
          </coordinates>
        </Point>
      </Placemark>
      <Placemark>
        <name>km 235000</name>
        <description><![CDATA[East: 698,263.618<br>North: 3,343,266.128<br>Longitude: 77.0596806<br>Latitude: 30.2047424]]></description>
        <styleUrl>#icon-1899-0288D1-labelson</styleUrl>
        <ExtendedData>
          <Data name="East">
            <value>698263.618</value>
          </Data>
          <Data name="North">
            <value>3343266.128</value>
          </Data>
          <Data name="Longitude">
            <value>77.0596806</value>
          </Data>
          <Data name="Latitude">
            <value>30.2047424</value>
          </Data>
        </ExtendedData>
        <Point>
          <coordinates>
            77.0596806,30.2047424,0
          </coordinates>
        </Point>
      </Placemark>
      <Placemark>
        <name>km 236000</name>
        <description><![CDATA[East: 697,318.114<br>North: 3,343,658.762<br>Longitude: 77.0499368<br>Latitude: 30.2084373]]></description>
        <styleUrl>#icon-1899-0288D1-labelson</styleUrl>
        <ExtendedData>
          <Data name="East">
            <value>697318.114</value>
          </Data>
          <Data name="North">
            <value>3343658.762</value>
          </Data>
          <Data name="Longitude">
            <value>77.0499368</value>
          </Data>
          <Data name="Latitude">
            <value>30.2084373</value>
          </Data>
        </ExtendedData>
        <Point>
          <coordinates>
            77.0499368,30.2084373,0
          </coordinates>
        </Point>
      </Placemark>
      <Placemark>
        <name>km 237000</name>
        <description><![CDATA[East: 696,394.231<br>North: 3,344,041.43<br>Longitude: 77.0404149<br>Latitude: 30.2120381]]></description>
        <styleUrl>#icon-1899-0288D1-labelson</styleUrl>
        <ExtendedData>
          <Data name="East">
            <value>696394.231</value>
          </Data>
          <Data name="North">
            <value>3344041.43</value>
          </Data>
          <Data name="Longitude">
            <value>77.0404149</value>
          </Data>
          <Data name="Latitude">
            <value>30.2120381</value>
          </Data>
        </ExtendedData>
        <Point>
          <coordinates>
            77.0404149,30.2120381,0
          </coordinates>
        </Point>
      </Placemark>
      <Placemark>
        <name>km 238000</name>
        <description><![CDATA[East: 695,470.577<br>North: 3,344,424.65<br>Longitude: 77.0308948<br>Latitude: 30.2156432]]></description>
        <styleUrl>#icon-1899-0288D1-labelson</styleUrl>
        <ExtendedData>
          <Data name="East">
            <value>695470.577</value>
          </Data>
          <Data name="North">
            <value>3344424.65</value>
          </Data>
          <Data name="Longitude">
            <value>77.0308948</value>
          </Data>
          <Data name="Latitude">
            <value>30.2156432</value>
          </Data>
        </ExtendedData>
        <Point>
          <coordinates>
            77.0308948,30.2156432,0
          </coordinates>
        </Point>
      </Placemark>
      <Placemark>
        <name>km 239000</name>
        <description><![CDATA[East: 694,545.69<br>North: 3,344,809.232<br>Longitude: 77.0213614<br>Latitude: 30.2192601]]></description>
        <styleUrl>#icon-1899-0288D1-labelson</styleUrl>
        <ExtendedData>
          <Data name="East">
            <value>694545.69</value>
          </Data>
          <Data name="North">
            <value>3344809.232</value>
          </Data>
          <Data name="Longitude">
            <value>77.0213614</value>
          </Data>
          <Data name="Latitude">
            <value>30.2192601</value>
          </Data>
        </ExtendedData>
        <Point>
          <coordinates>
            77.0213614,30.2192601,0
          </coordinates>
        </Point>
      </Placemark>
      <Placemark>
        <name>km 240000</name>
        <description><![CDATA[East: 693,621.879<br>North: 3,345,192.078<br>Longitude: 77.0118381<br>Latitude: 30.2228606]]></description>
        <styleUrl>#icon-1899-0288D1-labelson</styleUrl>
        <ExtendedData>
          <Data name="East">
            <value>693621.879</value>
          </Data>
          <Data name="North">
            <value>3345192.078</value>
          </Data>
          <Data name="Longitude">
            <value>77.0118381</value>
          </Data>
          <Data name="Latitude">
            <value>30.2228606</value>
          </Data>
        </ExtendedData>
        <Point>
          <coordinates>
            77.0118381,30.2228606,0
          </coordinates>
        </Point>
      </Placemark>
      <Placemark>
        <name>km 241000</name>
        <description><![CDATA[East: 692,699.705<br>North: 3,345,578.716<br>Longitude: 77.0023318<br>Latitude: 30.2264943]]></description>
        <styleUrl>#icon-1899-0288D1-labelson</styleUrl>
        <ExtendedData>
          <Data name="East">
            <value>692699.705</value>
          </Data>
          <Data name="North">
            <value>3345578.716</value>
          </Data>
          <Data name="Longitude">
            <value>77.0023318</value>
          </Data>
          <Data name="Latitude">
            <value>30.2264943</value>
          </Data>
        </ExtendedData>
        <Point>
          <coordinates>
            77.0023318,30.2264943,0
          </coordinates>
        </Point>
      </Placemark>
      <Placemark>
        <name>km 242000</name>
        <description><![CDATA[East: 691,822.185<br>North: 3,346,086.684<br>Longitude: 76.9933106<br>Latitude: 30.2312145]]></description>
        <styleUrl>#icon-1899-0288D1-labelson</styleUrl>
        <ExtendedData>
          <Data name="East">
            <value>691822.185</value>
          </Data>
          <Data name="North">
            <value>3346086.684</value>
          </Data>
          <Data name="Longitude">
            <value>76.9933106</value>
          </Data>
          <Data name="Latitude">
            <value>30.2312145</value>
          </Data>
        </ExtendedData>
        <Point>
          <coordinates>
            76.9933106,30.2312145,0
          </coordinates>
        </Point>
      </Placemark>
      <Placemark>
        <name>km 243000</name>
        <description><![CDATA[East: 690,981.966<br>North: 3,346,592.703<br>Longitude: 76.9846756<br>Latitude: 30.2359107]]></description>
        <styleUrl>#icon-1899-0288D1-labelson</styleUrl>
        <ExtendedData>
          <Data name="East">
            <value>690981.966</value>
          </Data>
          <Data name="North">
            <value>3346592.703</value>
          </Data>
          <Data name="Longitude">
            <value>76.9846756</value>
          </Data>
          <Data name="Latitude">
            <value>30.2359107</value>
          </Data>
        </ExtendedData>
        <Point>
          <coordinates>
            76.9846756,30.2359107,0
          </coordinates>
        </Point>
      </Placemark>
      <Placemark>
        <name>km 244000</name>
        <description><![CDATA[East: 690,145.85<br>North: 3,347,096.124<br>Longitude: 76.9760819<br>Latitude: 30.2405823]]></description>
        <styleUrl>#icon-1899-0288D1-labelson</styleUrl>
        <ExtendedData>
          <Data name="East">
            <value>690145.85</value>
          </Data>
          <Data name="North">
            <value>3347096.124</value>
          </Data>
          <Data name="Longitude">
            <value>76.9760819</value>
          </Data>
          <Data name="Latitude">
            <value>30.2405823</value>
          </Data>
        </ExtendedData>
        <Point>
          <coordinates>
            76.9760819,30.2405823,0
          </coordinates>
        </Point>
      </Placemark>
      <Placemark>
        <name>km 245000</name>
        <description><![CDATA[East: 689,304.255<br>North: 3,347,688.317<br>Longitude: 76.9674465<br>Latitude: 30.2460549]]></description>
        <styleUrl>#icon-1899-0288D1-labelson</styleUrl>
        <ExtendedData>
          <Data name="East">
            <value>689304.255</value>
          </Data>
          <Data name="North">
            <value>3347688.317</value>
          </Data>
          <Data name="Longitude">
            <value>76.9674465</value>
          </Data>
          <Data name="Latitude">
            <value>30.2460549</value>
          </Data>
        </ExtendedData>
        <Point>
          <coordinates>
            76.9674465,30.2460549,0
          </coordinates>
        </Point>
      </Placemark>
      <Placemark>
        <name>km 246000</name>
        <description><![CDATA[East: 688,431.401<br>North: 3,348,159.348<br>Longitude: 76.9584636<br>Latitude: 30.2504390]]></description>
        <styleUrl>#icon-1899-0288D1-labelson</styleUrl>
        <ExtendedData>
          <Data name="East">
            <value>688431.401</value>
          </Data>
          <Data name="North">
            <value>3348159.348</value>
          </Data>
          <Data name="Longitude">
            <value>76.9584636</value>
          </Data>
          <Data name="Latitude">
            <value>30.2504390</value>
          </Data>
        </ExtendedData>
        <Point>
          <coordinates>
            76.9584636,30.250439,0
          </coordinates>
        </Point>
      </Placemark>
      <Placemark>
        <name>km 247000</name>
        <description><![CDATA[East: 687,584.728<br>North: 3,348,687.517<br>Longitude: 76.9497621<br>Latitude: 30.2553338]]></description>
        <styleUrl>#icon-1899-0288D1-labelson</styleUrl>
        <ExtendedData>
          <Data name="East">
            <value>687584.728</value>
          </Data>
          <Data name="North">
            <value>3348687.517</value>
          </Data>
          <Data name="Longitude">
            <value>76.9497621</value>
          </Data>
          <Data name="Latitude">
            <value>30.2553338</value>
          </Data>
        </ExtendedData>
        <Point>
          <coordinates>
            76.9497621,30.2553338,0
          </coordinates>
        </Point>
      </Placemark>
      <Placemark>
        <name>km 248000</name>
        <description><![CDATA[East: 686,757.004<br>North: 3,349,253.463<br>Longitude: 76.9412633<br>Latitude: 30.2605659]]></description>
        <styleUrl>#icon-1899-0288D1-labelson</styleUrl>
        <ExtendedData>
          <Data name="East">
            <value>686757.004</value>
          </Data>
          <Data name="North">
            <value>3349253.463</value>
          </Data>
          <Data name="Longitude">
            <value>76.9412633</value>
          </Data>
          <Data name="Latitude">
            <value>30.2605659</value>
          </Data>
        </ExtendedData>
        <Point>
          <coordinates>
            76.9412633,30.2605659,0
          </coordinates>
        </Point>
      </Placemark>
      <Placemark>
        <name>km 249000</name>
        <description><![CDATA[East: 685,931.712<br>North: 3,349,818.164<br>Longitude: 76.9327886<br>Latitude: 30.2657858]]></description>
        <styleUrl>#icon-1899-0288D1-labelson</styleUrl>
        <ExtendedData>
          <Data name="East">
            <value>685931.712</value>
          </Data>
          <Data name="North">
            <value>3349818.164</value>
          </Data>
          <Data name="Longitude">
            <value>76.9327886</value>
          </Data>
          <Data name="Latitude">
            <value>30.2657858</value>
          </Data>
        </ExtendedData>
        <Point>
          <coordinates>
            76.9327886,30.2657858,0
          </coordinates>
        </Point>
      </Placemark>
      <Placemark>
        <name>km 250000</name>
        <description><![CDATA[East: 685,106.491<br>North: 3,350,382.967<br>Longitude: 76.9243137<br>Latitude: 30.2710062]]></description>
        <styleUrl>#icon-1899-0288D1-labelson</styleUrl>
        <ExtendedData>
          <Data name="East">
            <value>685106.491</value>
          </Data>
          <Data name="North">
            <value>3350382.967</value>
          </Data>
          <Data name="Longitude">
            <value>76.9243137</value>
          </Data>
          <Data name="Latitude">
            <value>30.2710062</value>
          </Data>
        </ExtendedData>
        <Point>
          <coordinates>
            76.9243137,30.2710062,0
          </coordinates>
        </Point>
      </Placemark>
      <Placemark>
        <name>km 251000</name>
        <description><![CDATA[East: 684,281.324<br>North: 3,350,947.856<br>Longitude: 76.9158385<br>Latitude: 30.2762268]]></description>
        <styleUrl>#icon-1899-0288D1-labelson</styleUrl>
        <ExtendedData>
          <Data name="East">
            <value>684281.324</value>
          </Data>
          <Data name="North">
            <value>3350947.856</value>
          </Data>
          <Data name="Longitude">
            <value>76.9158385</value>
          </Data>
          <Data name="Latitude">
            <value>30.2762268</value>
          </Data>
        </ExtendedData>
        <Point>
          <coordinates>
            76.9158385,30.2762268,0
          </coordinates>
        </Point>
      </Placemark>
      <Placemark>
        <name>km 252000</name>
        <description><![CDATA[East: 683,456.128<br>North: 3,351,512.687<br>Longitude: 76.9073621<br>Latitude: 30.2814463]]></description>
        <styleUrl>#icon-1899-0288D1-labelson</styleUrl>
        <ExtendedData>
          <Data name="East">
            <value>683456.128</value>
          </Data>
          <Data name="North">
            <value>3351512.687</value>
          </Data>
          <Data name="Longitude">
            <value>76.9073621</value>
          </Data>
          <Data name="Latitude">
            <value>30.2814463</value>
          </Data>
        </ExtendedData>
        <Point>
          <coordinates>
            76.9073621,30.2814463,0
          </coordinates>
        </Point>
      </Placemark>
      <Placemark>
        <name>km 253000</name>
        <description><![CDATA[East: 682,629.513<br>North: 3,352,075.435<br>Longitude: 76.8988697<br>Latitude: 30.2866468]]></description>
        <styleUrl>#icon-1899-0288D1-labelson</styleUrl>
        <ExtendedData>
          <Data name="East">
            <value>682629.513</value>
          </Data>
          <Data name="North">
            <value>3352075.435</value>
          </Data>
          <Data name="Longitude">
            <value>76.8988697</value>
          </Data>
          <Data name="Latitude">
            <value>30.2866468</value>
          </Data>
        </ExtendedData>
        <Point>
          <coordinates>
            76.8988697,30.2866468,0
          </coordinates>
        </Point>
      </Placemark>
      <Placemark>
        <name>km 254000</name>
        <description><![CDATA[East: 681,815.94<br>North: 3,352,632.964<br>Longitude: 76.8905110<br>Latitude: 30.2917977]]></description>
        <styleUrl>#icon-1899-0288D1-labelson</styleUrl>
        <ExtendedData>
          <Data name="East">
            <value>681815.94</value>
          </Data>
          <Data name="North">
            <value>3352632.964</value>
          </Data>
          <Data name="Longitude">
            <value>76.8905110</value>
          </Data>
          <Data name="Latitude">
            <value>30.2917977</value>
          </Data>
        </ExtendedData>
        <Point>
          <coordinates>
            76.890511,30.2917977,0
          </coordinates>
        </Point>
      </Placemark>
      <Placemark>
        <name>km 255000</name>
        <description><![CDATA[East: 680,991.557<br>North: 3,353,198.962<br>Longitude: 76.8820405<br>Latitude: 30.2970262]]></description>
        <styleUrl>#icon-1899-0288D1-labelson</styleUrl>
        <ExtendedData>
          <Data name="East">
            <value>680991.557</value>
          </Data>
          <Data name="North">
            <value>3353198.962</value>
          </Data>
          <Data name="Longitude">
            <value>76.8820405</value>
          </Data>
          <Data name="Latitude">
            <value>30.2970262</value>
          </Data>
        </ExtendedData>
        <Point>
          <coordinates>
            76.8820405,30.2970262,0
          </coordinates>
        </Point>
      </Placemark>
      <Placemark>
        <name>km 256000</name>
        <description><![CDATA[East: 680,165.985<br>North: 3,353,763.243<br>Longitude: 76.8735565<br>Latitude: 30.3022388]]></description>
        <styleUrl>#icon-1899-0288D1-labelson</styleUrl>
        <ExtendedData>
          <Data name="East">
            <value>680165.985</value>
          </Data>
          <Data name="North">
            <value>3353763.243</value>
          </Data>
          <Data name="Longitude">
            <value>76.8735565</value>
          </Data>
          <Data name="Latitude">
            <value>30.3022388</value>
          </Data>
        </ExtendedData>
        <Point>
          <coordinates>
            76.8735565,30.3022388,0
          </coordinates>
        </Point>
      </Placemark>
      <Placemark>
        <name>km 257000</name>
        <description><![CDATA[East: 679,285.906<br>North: 3,354,278.588<br>Longitude: 76.8644965<br>Latitude: 30.3070176]]></description>
        <styleUrl>#icon-1899-0288D1-labelson</styleUrl>
        <ExtendedData>
          <Data name="East">
            <value>679285.906</value>
          </Data>
          <Data name="North">
            <value>3354278.588</value>
          </Data>
          <Data name="Longitude">
            <value>76.8644965</value>
          </Data>
          <Data name="Latitude">
            <value>30.3070176</value>
          </Data>
        </ExtendedData>
        <Point>
          <coordinates>
            76.8644965,30.3070176,0
          </coordinates>
        </Point>
      </Placemark>
      <Placemark>
        <name>km 258000</name>
        <description><![CDATA[East: 678,501.631<br>North: 3,354,855.344<br>Longitude: 76.8564421<br>Latitude: 30.3123355]]></description>
        <styleUrl>#icon-1899-0288D1-labelson</styleUrl>
        <ExtendedData>
          <Data name="East">
            <value>678501.631</value>
          </Data>
          <Data name="North">
            <value>3354855.344</value>
          </Data>
          <Data name="Longitude">
            <value>76.8564421</value>
          </Data>
          <Data name="Latitude">
            <value>30.3123355</value>
          </Data>
        </ExtendedData>
        <Point>
          <coordinates>
            76.8564421,30.3123355,0
          </coordinates>
        </Point>
      </Placemark>
      <Placemark>
        <name>km 259000</name>
        <description><![CDATA[East: 677,824.453<br>North: 3,355,553.906<br>Longitude: 76.8495208<br>Latitude: 30.3187359]]></description>
        <styleUrl>#icon-1899-0288D1-labelson</styleUrl>
        <ExtendedData>
          <Data name="East">
            <value>677824.453</value>
          </Data>
          <Data name="North">
            <value>3355553.906</value>
          </Data>
          <Data name="Longitude">
            <value>76.8495208</value>
          </Data>
          <Data name="Latitude">
            <value>30.3187359</value>
          </Data>
        </ExtendedData>
        <Point>
          <coordinates>
            76.8495208,30.3187359,0
          </coordinates>
        </Point>
      </Placemark>
      <Placemark>
        <name>km 263000</name>
        <description><![CDATA[East: 674,891.898<br>North: 3,358,268.211<br>Longitude: 76.8194855<br>Latitude: 30.3436454]]></description>
        <styleUrl>#icon-1899-0288D1-labelson</styleUrl>
        <ExtendedData>
          <Data name="East">
            <value>674891.898</value>
          </Data>
          <Data name="North">
            <value>3358268.211</value>
          </Data>
          <Data name="Longitude">
            <value>76.8194855</value>
          </Data>
          <Data name="Latitude">
            <value>30.3436454</value>
          </Data>
        </ExtendedData>
        <Point>
          <coordinates>
            76.8194855,30.3436454,0
          </coordinates>
        </Point>
      </Placemark>
      <Placemark>
        <name>km 264000</name>
        <description><![CDATA[East: 674,073.502<br>North: 3,358,842.142<br>Longitude: 76.8110703<br>Latitude: 30.3489403]]></description>
        <styleUrl>#icon-1899-0288D1-labelson</styleUrl>
        <ExtendedData>
          <Data name="East">
            <value>674073.502</value>
          </Data>
          <Data name="North">
            <value>3358842.142</value>
          </Data>
          <Data name="Longitude">
            <value>76.8110703</value>
          </Data>
          <Data name="Latitude">
            <value>30.3489403</value>
          </Data>
        </ExtendedData>
        <Point>
          <coordinates>
            76.8110703,30.3489403,0
          </coordinates>
        </Point>
      </Placemark>
      <Placemark>
        <name>km 265000</name>
        <description><![CDATA[East: 673,238.772<br>North: 3,359,392.172<br>Longitude: 76.8024803<br>Latitude: 30.3540213]]></description>
        <styleUrl>#icon-1899-0288D1-labelson</styleUrl>
        <ExtendedData>
          <Data name="East">
            <value>673238.772</value>
          </Data>
          <Data name="North">
            <value>3359392.172</value>
          </Data>
          <Data name="Longitude">
            <value>76.8024803</value>
          </Data>
          <Data name="Latitude">
            <value>30.3540213</value>
          </Data>
        </ExtendedData>
        <Point>
          <coordinates>
            76.8024803,30.3540213,0
          </coordinates>
        </Point>
      </Placemark>
      <Placemark>
        <name>km 266000</name>
        <description><![CDATA[East: 672,420.716<br>North: 3,359,967.31<br>Longitude: 76.7940669<br>Latitude: 30.3593260]]></description>
        <styleUrl>#icon-1899-0288D1-labelson</styleUrl>
        <ExtendedData>
          <Data name="East">
            <value>672420.716</value>
          </Data>
          <Data name="North">
            <value>3359967.31</value>
          </Data>
          <Data name="Longitude">
            <value>76.7940669</value>
          </Data>
          <Data name="Latitude">
            <value>30.3593260</value>
          </Data>
        </ExtendedData>
        <Point>
          <coordinates>
            76.7940669,30.359326,0
          </coordinates>
        </Point>
      </Placemark>
      <Placemark>
        <name>km 267000</name>
        <description><![CDATA[East: 671,602.546<br>North: 3,360,542.284<br>Longitude: 76.7856514<br>Latitude: 30.3646286]]></description>
        <styleUrl>#icon-1899-0288D1-labelson</styleUrl>
        <ExtendedData>
          <Data name="East">
            <value>671602.546</value>
          </Data>
          <Data name="North">
            <value>3360542.284</value>
          </Data>
          <Data name="Longitude">
            <value>76.7856514</value>
          </Data>
          <Data name="Latitude">
            <value>30.3646286</value>
          </Data>
        </ExtendedData>
        <Point>
          <coordinates>
            76.7856514,30.3646286,0
          </coordinates>
        </Point>
      </Placemark>
      <Placemark>
        <name>km 268000</name>
        <description><![CDATA[East: 670,770.082<br>North: 3,361,126.916<br>Longitude: 76.7770879<br>Latitude: 30.3700199]]></description>
        <styleUrl>#icon-1899-0288D1-labelson</styleUrl>
        <ExtendedData>
          <Data name="East">
            <value>670770.082</value>
          </Data>
          <Data name="North">
            <value>3361126.916</value>
          </Data>
          <Data name="Longitude">
            <value>76.7770879</value>
          </Data>
          <Data name="Latitude">
            <value>30.3700199</value>
          </Data>
        </ExtendedData>
        <Point>
          <coordinates>
            76.7770879,30.3700199,0
          </coordinates>
        </Point>
      </Placemark>
      <Placemark>
        <name>km 269000</name>
        <description><![CDATA[East: 669,934.272<br>North: 3,361,709.512<br>Longitude: 76.7684883<br>Latitude: 30.3753927]]></description>
        <styleUrl>#icon-1899-0288D1-labelson</styleUrl>
        <ExtendedData>
          <Data name="East">
            <value>669934.272</value>
          </Data>
          <Data name="North">
            <value>3361709.512</value>
          </Data>
          <Data name="Longitude">
            <value>76.7684883</value>
          </Data>
          <Data name="Latitude">
            <value>30.3753927</value>
          </Data>
        </ExtendedData>
        <Point>
          <coordinates>
            76.7684883,30.3753927,0
          </coordinates>
        </Point>
      </Placemark>
      <Placemark>
        <name>km 270000</name>
        <description><![CDATA[East: 669,109.178<br>North: 3,362,272.946<br>Longitude: 76.7599961<br>Latitude: 30.3805907]]></description>
        <styleUrl>#icon-1899-0288D1-labelson</styleUrl>
        <ExtendedData>
          <Data name="East">
            <value>669109.178</value>
          </Data>
          <Data name="North">
            <value>3362272.946</value>
          </Data>
          <Data name="Longitude">
            <value>76.7599961</value>
          </Data>
          <Data name="Latitude">
            <value>30.3805907</value>
          </Data>
        </ExtendedData>
        <Point>
          <coordinates>
            76.7599961,30.3805907,0
          </coordinates>
        </Point>
      </Placemark>
      <Placemark>
        <name>km 271000</name>
        <description><![CDATA[East: 668,300.945<br>North: 3,362,861.461<br>Longitude: 76.7516825<br>Latitude: 30.3860121]]></description>
        <styleUrl>#icon-1899-0288D1-labelson</styleUrl>
        <ExtendedData>
          <Data name="East">
            <value>668300.945</value>
          </Data>
          <Data name="North">
            <value>3362861.461</value>
          </Data>
          <Data name="Longitude">
            <value>76.7516825</value>
          </Data>
          <Data name="Latitude">
            <value>30.3860121</value>
          </Data>
        </ExtendedData>
        <Point>
          <coordinates>
            76.7516825,30.3860121,0
          </coordinates>
        </Point>
      </Placemark>
      <Placemark>
        <name>km 272000</name>
        <description><![CDATA[East: 667,482.687<br>North: 3,363,436.309<br>Longitude: 76.7432614<br>Latitude: 30.3913110]]></description>
        <styleUrl>#icon-1899-0288D1-labelson</styleUrl>
        <ExtendedData>
          <Data name="East">
            <value>667482.687</value>
          </Data>
          <Data name="North">
            <value>3363436.309</value>
          </Data>
          <Data name="Longitude">
            <value>76.7432614</value>
          </Data>
          <Data name="Latitude">
            <value>30.3913110</value>
          </Data>
        </ExtendedData>
        <Point>
          <coordinates>
            76.7432614,30.391311,0
          </coordinates>
        </Point>
      </Placemark>
      <Placemark>
        <name>km 273000</name>
        <description><![CDATA[East: 666,673.439<br>North: 3,363,999.404<br>Longitude: 76.7349313<br>Latitude: 30.3965022]]></description>
        <styleUrl>#icon-1899-0288D1-labelson</styleUrl>
        <ExtendedData>
          <Data name="East">
            <value>666673.439</value>
          </Data>
          <Data name="North">
            <value>3363999.404</value>
          </Data>
          <Data name="Longitude">
            <value>76.7349313</value>
          </Data>
          <Data name="Latitude">
            <value>30.3965022</value>
          </Data>
        </ExtendedData>
        <Point>
          <coordinates>
            76.7349313,30.3965022,0
          </coordinates>
        </Point>
      </Placemark>
      <Placemark>
        <name>km 274000</name>
        <description><![CDATA[East: 665,842.834<br>North: 3,364,555.495<br>Longitude: 76.7263770<br>Latitude: 30.4016327]]></description>
        <styleUrl>#icon-1899-0288D1-labelson</styleUrl>
        <ExtendedData>
          <Data name="East">
            <value>665842.834</value>
          </Data>
          <Data name="North">
            <value>3364555.495</value>
          </Data>
          <Data name="Longitude">
            <value>76.7263770</value>
          </Data>
          <Data name="Latitude">
            <value>30.4016327</value>
          </Data>
        </ExtendedData>
        <Point>
          <coordinates>
            76.726377,30.4016327,0
          </coordinates>
        </Point>
      </Placemark>
      <Placemark>
        <name>km 275000</name>
        <description><![CDATA[East: 665,040.765<br>North: 3,365,152.085<br>Longitude: 76.7181251<br>Latitude: 30.4071240]]></description>
        <styleUrl>#icon-1899-0288D1-labelson</styleUrl>
        <ExtendedData>
          <Data name="East">
            <value>665040.765</value>
          </Data>
          <Data name="North">
            <value>3365152.085</value>
          </Data>
          <Data name="Longitude">
            <value>76.7181251</value>
          </Data>
          <Data name="Latitude">
            <value>30.4071240</value>
          </Data>
        </ExtendedData>
        <Point>
          <coordinates>
            76.7181251,30.407124,0
          </coordinates>
        </Point>
      </Placemark>
      <Placemark>
        <name>km 276000</name>
        <description><![CDATA[East: 664,222.403<br>North: 3,365,726.787<br>Longitude: 76.7096992<br>Latitude: 30.4124196]]></description>
        <styleUrl>#icon-1899-0288D1-labelson</styleUrl>
        <ExtendedData>
          <Data name="East">
            <value>664222.403</value>
          </Data>
          <Data name="North">
            <value>3365726.787</value>
          </Data>
          <Data name="Longitude">
            <value>76.7096992</value>
          </Data>
          <Data name="Latitude">
            <value>30.4124196</value>
          </Data>
        </ExtendedData>
        <Point>
          <coordinates>
            76.7096992,30.4124196,0
          </coordinates>
        </Point>
      </Placemark>
      <Placemark>
        <name>km 277000</name>
        <description><![CDATA[East: 663,435.438<br>North: 3,366,279.365<br>Longitude: 76.7015957<br>Latitude: 30.4175109]]></description>
        <styleUrl>#icon-1899-0288D1-labelson</styleUrl>
        <ExtendedData>
          <Data name="East">
            <value>663435.438</value>
          </Data>
          <Data name="North">
            <value>3366279.365</value>
          </Data>
          <Data name="Longitude">
            <value>76.7015957</value>
          </Data>
          <Data name="Latitude">
            <value>30.4175109</value>
          </Data>
        </ExtendedData>
        <Point>
          <coordinates>
            76.7015957,30.4175109,0
          </coordinates>
        </Point>
      </Placemark>
      <Placemark>
        <name>km 278000</name>
        <description><![CDATA[East: 662,588.057<br>North: 3,366,873.962<br>Longitude: 76.6928692<br>Latitude: 30.4229888]]></description>
        <styleUrl>#icon-1899-0288D1-labelson</styleUrl>
        <ExtendedData>
          <Data name="East">
            <value>662588.057</value>
          </Data>
          <Data name="North">
            <value>3366873.962</value>
          </Data>
          <Data name="Longitude">
            <value>76.6928692</value>
          </Data>
          <Data name="Latitude">
            <value>30.4229888</value>
          </Data>
        </ExtendedData>
        <Point>
          <coordinates>
            76.6928692,30.4229888,0
          </coordinates>
        </Point>
      </Placemark>
      <Placemark>
        <name>km 279000</name>
        <description><![CDATA[East: 661,766.946<br>North: 3,367,444.692<br>Longitude: 76.6844113<br>Latitude: 30.4282474]]></description>
        <styleUrl>#icon-1899-0288D1-labelson</styleUrl>
        <ExtendedData>
          <Data name="East">
            <value>661766.946</value>
          </Data>
          <Data name="North">
            <value>3367444.692</value>
          </Data>
          <Data name="Longitude">
            <value>76.6844113</value>
          </Data>
          <Data name="Latitude">
            <value>30.4282474</value>
          </Data>
        </ExtendedData>
        <Point>
          <coordinates>
            76.6844113,30.4282474,0
          </coordinates>
        </Point>
      </Placemark>
      <Placemark>
        <name>km 280000</name>
        <description><![CDATA[East: 660,960.712<br>North: 3,368,017.532<br>Longitude: 76.6761077<br>Latitude: 30.4335226]]></description>
        <styleUrl>#icon-1899-0288D1-labelson</styleUrl>
        <ExtendedData>
          <Data name="East">
            <value>660960.712</value>
          </Data>
          <Data name="North">
            <value>3368017.532</value>
          </Data>
          <Data name="Longitude">
            <value>76.6761077</value>
          </Data>
          <Data name="Latitude">
            <value>30.4335226</value>
          </Data>
        </ExtendedData>
        <Point>
          <coordinates>
            76.6761077,30.4335226,0
          </coordinates>
        </Point>
      </Placemark>
      <Placemark>
        <name>km 281000</name>
        <description><![CDATA[East: 660,153.513<br>North: 3,368,584.942<br>Longitude: 76.6677924<br>Latitude: 30.4387484]]></description>
        <styleUrl>#icon-1899-0288D1-labelson</styleUrl>
        <ExtendedData>
          <Data name="East">
            <value>660153.513</value>
          </Data>
          <Data name="North">
            <value>3368584.942</value>
          </Data>
          <Data name="Longitude">
            <value>76.6677924</value>
          </Data>
          <Data name="Latitude">
            <value>30.4387484</value>
          </Data>
        </ExtendedData>
        <Point>
          <coordinates>
            76.6677924,30.4387484,0
          </coordinates>
        </Point>
      </Placemark>
      <Placemark>
        <name>km 282000</name>
        <description><![CDATA[East: 659,336.263<br>North: 3,369,161.218<br>Longitude: 76.6593728<br>Latitude: 30.4440550]]></description>
        <styleUrl>#icon-1899-0288D1-labelson</styleUrl>
        <ExtendedData>
          <Data name="East">
            <value>659336.263</value>
          </Data>
          <Data name="North">
            <value>3369161.218</value>
          </Data>
          <Data name="Longitude">
            <value>76.6593728</value>
          </Data>
          <Data name="Latitude">
            <value>30.4440550</value>
          </Data>
        </ExtendedData>
        <Point>
          <coordinates>
            76.6593728,30.444055,0
          </coordinates>
        </Point>
      </Placemark>
      <Placemark>
        <name>km 283000</name>
        <description><![CDATA[East: 658,518.985<br>North: 3,369,737.459<br>Longitude: 76.6509521<br>Latitude: 30.4493607]]></description>
        <styleUrl>#icon-1899-0288D1-labelson</styleUrl>
        <ExtendedData>
          <Data name="East">
            <value>658518.985</value>
          </Data>
          <Data name="North">
            <value>3369737.459</value>
          </Data>
          <Data name="Longitude">
            <value>76.6509521</value>
          </Data>
          <Data name="Latitude">
            <value>30.4493607</value>
          </Data>
        </ExtendedData>
        <Point>
          <coordinates>
            76.6509521,30.4493607,0
          </coordinates>
        </Point>
      </Placemark>
      <Placemark>
        <name>km 284000</name>
        <description><![CDATA[East: 657,701.336<br>North: 3,370,313.176<br>Longitude: 76.6425264<br>Latitude: 30.4546613]]></description>
        <styleUrl>#icon-1899-0288D1-labelson</styleUrl>
        <ExtendedData>
          <Data name="East">
            <value>657701.336</value>
          </Data>
          <Data name="North">
            <value>3370313.176</value>
          </Data>
          <Data name="Longitude">
            <value>76.6425264</value>
          </Data>
          <Data name="Latitude">
            <value>30.4546613</value>
          </Data>
        </ExtendedData>
        <Point>
          <coordinates>
            76.6425264,30.4546613,0
          </coordinates>
        </Point>
      </Placemark>
      <Placemark>
        <name>km 285000</name>
        <description><![CDATA[East: 656,883.396<br>North: 3,370,888.48<br>Longitude: 76.6340968<br>Latitude: 30.4599577]]></description>
        <styleUrl>#icon-1899-0288D1-labelson</styleUrl>
        <ExtendedData>
          <Data name="East">
            <value>656883.396</value>
          </Data>
          <Data name="North">
            <value>3370888.48</value>
          </Data>
          <Data name="Longitude">
            <value>76.6340968</value>
          </Data>
          <Data name="Latitude">
            <value>30.4599577</value>
          </Data>
        </ExtendedData>
        <Point>
          <coordinates>
            76.6340968,30.4599577,0
          </coordinates>
        </Point>
      </Placemark>
      <Placemark>
        <name>km 286000</name>
        <description><![CDATA[East: 656,071.068<br>North: 3,371,471.599<br>Longitude: 76.6257258<br>Latitude: 30.4653233]]></description>
        <styleUrl>#icon-1899-0288D1-labelson</styleUrl>
        <ExtendedData>
          <Data name="East">
            <value>656071.068</value>
          </Data>
          <Data name="North">
            <value>3371471.599</value>
          </Data>
          <Data name="Longitude">
            <value>76.6257258</value>
          </Data>
          <Data name="Latitude">
            <value>30.4653233</value>
          </Data>
        </ExtendedData>
        <Point>
          <coordinates>
            76.6257258,30.4653233,0
          </coordinates>
        </Point>
      </Placemark>
      <Placemark>
        <name>km 287000</name>
        <description><![CDATA[East: 655,254.073<br>North: 3,372,047.634<br>Longitude: 76.6173042<br>Latitude: 30.4706251]]></description>
        <styleUrl>#icon-1899-0288D1-labelson</styleUrl>
        <ExtendedData>
          <Data name="East">
            <value>655254.073</value>
          </Data>
          <Data name="North">
            <value>3372047.634</value>
          </Data>
          <Data name="Longitude">
            <value>76.6173042</value>
          </Data>
          <Data name="Latitude">
            <value>30.4706251</value>
          </Data>
        </ExtendedData>
        <Point>
          <coordinates>
            76.6173042,30.4706251,0
          </coordinates>
        </Point>
      </Placemark>
      <Placemark>
        <name>km 288000</name>
        <description><![CDATA[East: 654,448.246<br>North: 3,372,639.784<br>Longitude: 76.6090005<br>Latitude: 30.4760703]]></description>
        <styleUrl>#icon-1899-0288D1-labelson</styleUrl>
        <ExtendedData>
          <Data name="East">
            <value>654448.246</value>
          </Data>
          <Data name="North">
            <value>3372639.784</value>
          </Data>
          <Data name="Longitude">
            <value>76.6090005</value>
          </Data>
          <Data name="Latitude">
            <value>30.4760703</value>
          </Data>
        </ExtendedData>
        <Point>
          <coordinates>
            76.6090005,30.4760703,0
          </coordinates>
        </Point>
      </Placemark>
      <Placemark>
        <name>km 289000</name>
        <description><![CDATA[East: 653,657.484<br>North: 3,373,251.331<br>Longitude: 76.6008555<br>Latitude: 30.4816881]]></description>
        <styleUrl>#icon-1899-0288D1-labelson</styleUrl>
        <ExtendedData>
          <Data name="East">
            <value>653657.484</value>
          </Data>
          <Data name="North">
            <value>3373251.331</value>
          </Data>
          <Data name="Longitude">
            <value>76.6008555</value>
          </Data>
          <Data name="Latitude">
            <value>30.4816881</value>
          </Data>
        </ExtendedData>
        <Point>
          <coordinates>
            76.6008555,30.4816881,0
          </coordinates>
        </Point>
      </Placemark>
      <Placemark>
        <name>km 290000</name>
        <description><![CDATA[East: 652,921.519<br>North: 3,373,804.982<br>Longitude: 76.5932718<br>Latitude: 30.4867762]]></description>
        <styleUrl>#icon-1899-0288D1-labelson</styleUrl>
        <ExtendedData>
          <Data name="East">
            <value>652921.519</value>
          </Data>
          <Data name="North">
            <value>3373804.982</value>
          </Data>
          <Data name="Longitude">
            <value>76.5932718</value>
          </Data>
          <Data name="Latitude">
            <value>30.4867762</value>
          </Data>
        </ExtendedData>
        <Point>
          <coordinates>
            76.5932718,30.4867762,0
          </coordinates>
        </Point>
      </Placemark>
      <Placemark>
        <name>km 291000</name>
        <description><![CDATA[East: 652,040.977<br>North: 3,374,443.057<br>Longitude: 76.5841938<br>Latitude: 30.4926437]]></description>
        <styleUrl>#icon-1899-0288D1-labelson</styleUrl>
        <ExtendedData>
          <Data name="East">
            <value>652040.977</value>
          </Data>
          <Data name="North">
            <value>3374443.057</value>
          </Data>
          <Data name="Longitude">
            <value>76.5841938</value>
          </Data>
          <Data name="Latitude">
            <value>30.4926437</value>
          </Data>
        </ExtendedData>
        <Point>
          <coordinates>
            76.5841938,30.4926437,0
          </coordinates>
        </Point>
      </Placemark>
      <Placemark>
        <name>km 292000</name>
        <description><![CDATA[East: 651,220.774<br>North: 3,375,048.897<br>Longitude: 76.5757385<br>Latitude: 30.4982122]]></description>
        <styleUrl>#icon-1899-0288D1-labelson</styleUrl>
        <ExtendedData>
          <Data name="East">
            <value>651220.774</value>
          </Data>
          <Data name="North">
            <value>3375048.897</value>
          </Data>
          <Data name="Longitude">
            <value>76.5757385</value>
          </Data>
          <Data name="Latitude">
            <value>30.4982122</value>
          </Data>
        </ExtendedData>
        <Point>
          <coordinates>
            76.5757385,30.4982122,0
          </coordinates>
        </Point>
      </Placemark>
      <Placemark>
        <name>km 293000</name>
        <description><![CDATA[East: 650,450.628<br>North: 3,375,617.796<br>Longitude: 76.5677983<br>Latitude: 30.5034407]]></description>
        <styleUrl>#icon-1899-0288D1-labelson</styleUrl>
        <ExtendedData>
          <Data name="East">
            <value>650450.628</value>
          </Data>
          <Data name="North">
            <value>3375617.796</value>
          </Data>
          <Data name="Longitude">
            <value>76.5677983</value>
          </Data>
          <Data name="Latitude">
            <value>30.5034407</value>
          </Data>
        </ExtendedData>
        <Point>
          <coordinates>
            76.5677983,30.5034407,0
          </coordinates>
        </Point>
      </Placemark>
      <Placemark>
        <name>km 294000</name>
        <description><![CDATA[East: 649,622.423<br>North: 3,376,230.488<br>Longitude: 76.5592588<br>Latitude: 30.5090710]]></description>
        <styleUrl>#icon-1899-0288D1-labelson</styleUrl>
        <ExtendedData>
          <Data name="East">
            <value>649622.423</value>
          </Data>
          <Data name="North">
            <value>3376230.488</value>
          </Data>
          <Data name="Longitude">
            <value>76.5592588</value>
          </Data>
          <Data name="Latitude">
            <value>30.5090710</value>
          </Data>
        </ExtendedData>
        <Point>
          <coordinates>
            76.5592588,30.509071,0
          </coordinates>
        </Point>
      </Placemark>
      <Placemark>
        <name>km 295000</name>
        <description><![CDATA[East: 648,818.487<br>North: 3,376,825.202<br>Longitude: 76.5509685<br>Latitude: 30.5145357]]></description>
        <styleUrl>#icon-1899-0288D1-labelson</styleUrl>
        <ExtendedData>
          <Data name="East">
            <value>648818.487</value>
          </Data>
          <Data name="North">
            <value>3376825.202</value>
          </Data>
          <Data name="Longitude">
            <value>76.5509685</value>
          </Data>
          <Data name="Latitude">
            <value>30.5145357</value>
          </Data>
        </ExtendedData>
        <Point>
          <coordinates>
            76.5509685,30.5145357,0
          </coordinates>
        </Point>
      </Placemark>
      <Placemark>
        <name>km 296000</name>
        <description><![CDATA[East: 648,014.915<br>North: 3,377,420.406<br>Longitude: 76.5426811<br>Latitude: 30.5200042]]></description>
        <styleUrl>#icon-1899-0288D1-labelson</styleUrl>
        <ExtendedData>
          <Data name="East">
            <value>648014.915</value>
          </Data>
          <Data name="North">
            <value>3377420.406</value>
          </Data>
          <Data name="Longitude">
            <value>76.5426811</value>
          </Data>
          <Data name="Latitude">
            <value>30.5200042</value>
          </Data>
        </ExtendedData>
        <Point>
          <coordinates>
            76.5426811,30.5200042,0
          </coordinates>
        </Point>
      </Placemark>
      <Placemark>
        <name>km 297000</name>
        <description><![CDATA[East: 647,211.196<br>North: 3,378,015.412<br>Longitude: 76.5343912<br>Latitude: 30.5254704]]></description>
        <styleUrl>#icon-1899-0288D1-labelson</styleUrl>
        <ExtendedData>
          <Data name="East">
            <value>647211.196</value>
          </Data>
          <Data name="North">
            <value>3378015.412</value>
          </Data>
          <Data name="Longitude">
            <value>76.5343912</value>
          </Data>
          <Data name="Latitude">
            <value>30.5254704</value>
          </Data>
        </ExtendedData>
        <Point>
          <coordinates>
            76.5343912,30.5254704,0
          </coordinates>
        </Point>
      </Placemark>
      <Placemark>
        <name>km 298000</name>
        <description><![CDATA[East: 646,407.874<br>North: 3,378,610.958<br>Longitude: 76.5261046<br>Latitude: 30.5309409]]></description>
        <styleUrl>#icon-1899-0288D1-labelson</styleUrl>
        <ExtendedData>
          <Data name="East">
            <value>646407.874</value>
          </Data>
          <Data name="North">
            <value>3378610.958</value>
          </Data>
          <Data name="Longitude">
            <value>76.5261046</value>
          </Data>
          <Data name="Latitude">
            <value>30.5309409</value>
          </Data>
        </ExtendedData>
        <Point>
          <coordinates>
            76.5261046,30.5309409,0
          </coordinates>
        </Point>
      </Placemark>
      <Placemark>
        <name>km 299000</name>
        <description><![CDATA[East: 645,607.649<br>North: 3,379,210.985<br>Longitude: 76.5178500<br>Latitude: 30.5364510]]></description>
        <styleUrl>#icon-1899-0288D1-labelson</styleUrl>
        <ExtendedData>
          <Data name="East">
            <value>645607.649</value>
          </Data>
          <Data name="North">
            <value>3379210.985</value>
          </Data>
          <Data name="Longitude">
            <value>76.5178500</value>
          </Data>
          <Data name="Latitude">
            <value>30.5364510</value>
          </Data>
        </ExtendedData>
        <Point>
          <coordinates>
            76.51785,30.536451,0
          </coordinates>
        </Point>
      </Placemark>
      <Placemark>
        <name>km 300000</name>
        <description><![CDATA[East: 644,802.044<br>North: 3,379,803.405<br>Longitude: 76.5095373<br>Latitude: 30.5418926]]></description>
        <styleUrl>#icon-1899-0288D1-labelson</styleUrl>
        <ExtendedData>
          <Data name="East">
            <value>644802.044</value>
          </Data>
          <Data name="North">
            <value>3379803.405</value>
          </Data>
          <Data name="Longitude">
            <value>76.5095373</value>
          </Data>
          <Data name="Latitude">
            <value>30.5418926</value>
          </Data>
        </ExtendedData>
        <Point>
          <coordinates>
            76.5095373,30.5418926,0
          </coordinates>
        </Point>
      </Placemark>
      <Placemark>
        <name>km 301000</name>
        <description><![CDATA[East: 643,998.89<br>North: 3,380,399.175<br>Longitude: 76.5012497<br>Latitude: 30.5473637]]></description>
        <styleUrl>#icon-1899-0288D1-labelson</styleUrl>
        <ExtendedData>
          <Data name="East">
            <value>643998.89</value>
          </Data>
          <Data name="North">
            <value>3380399.175</value>
          </Data>
          <Data name="Longitude">
            <value>76.5012497</value>
          </Data>
          <Data name="Latitude">
            <value>30.5473637</value>
          </Data>
        </ExtendedData>
        <Point>
          <coordinates>
            76.5012497,30.5473637,0
          </coordinates>
        </Point>
      </Placemark>
      <Placemark>
        <name>km 302000</name>
        <description><![CDATA[East: 643,195.936<br>North: 3,380,995.209<br>Longitude: 76.4929633<br>Latitude: 30.5528366]]></description>
        <styleUrl>#icon-1899-0288D1-labelson</styleUrl>
        <ExtendedData>
          <Data name="East">
            <value>643195.936</value>
          </Data>
          <Data name="North">
            <value>3380995.209</value>
          </Data>
          <Data name="Longitude">
            <value>76.4929633</value>
          </Data>
          <Data name="Latitude">
            <value>30.5528366</value>
          </Data>
        </ExtendedData>
        <Point>
          <coordinates>
            76.4929633,30.5528366,0
          </coordinates>
        </Point>
      </Placemark>
      <Placemark>
        <name>km 303000</name>
        <description><![CDATA[East: 642,392.866<br>North: 3,381,591.091<br>Longitude: 76.4846746<br>Latitude: 30.5583076]]></description>
        <styleUrl>#icon-1899-0288D1-labelson</styleUrl>
        <ExtendedData>
          <Data name="East">
            <value>642392.866</value>
          </Data>
          <Data name="North">
            <value>3381591.091</value>
          </Data>
          <Data name="Longitude">
            <value>76.4846746</value>
          </Data>
          <Data name="Latitude">
            <value>30.5583076</value>
          </Data>
        </ExtendedData>
        <Point>
          <coordinates>
            76.4846746,30.5583076,0
          </coordinates>
        </Point>
      </Placemark>
      <Placemark>
        <name>km 304000</name>
        <description><![CDATA[East: 641,589.926<br>North: 3,382,187.151<br>Longitude: 76.4763865<br>Latitude: 30.5637798]]></description>
        <styleUrl>#icon-1899-0288D1-labelson</styleUrl>
        <ExtendedData>
          <Data name="East">
            <value>641589.926</value>
          </Data>
          <Data name="North">
            <value>3382187.151</value>
          </Data>
          <Data name="Longitude">
            <value>76.4763865</value>
          </Data>
          <Data name="Latitude">
            <value>30.5637798</value>
          </Data>
        </ExtendedData>
        <Point>
          <coordinates>
            76.4763865,30.5637798,0
          </coordinates>
        </Point>
      </Placemark>
      <Placemark>
        <name>km 305000</name>
        <description><![CDATA[East: 640,787.078<br>North: 3,382,783.333<br>Longitude: 76.4680983<br>Latitude: 30.5692525]]></description>
        <styleUrl>#icon-1899-0288D1-labelson</styleUrl>
        <ExtendedData>
          <Data name="East">
            <value>640787.078</value>
          </Data>
          <Data name="North">
            <value>3382783.333</value>
          </Data>
          <Data name="Longitude">
            <value>76.4680983</value>
          </Data>
          <Data name="Latitude">
            <value>30.5692525</value>
          </Data>
        </ExtendedData>
        <Point>
          <coordinates>
            76.4680983,30.5692525,0
          </coordinates>
        </Point>
      </Placemark>
      <Placemark>
        <name>km 306000</name>
        <description><![CDATA[East: 639,984.263<br>North: 3,383,379.561<br>Longitude: 76.4598096<br>Latitude: 30.5747251]]></description>
        <styleUrl>#icon-1899-0288D1-labelson</styleUrl>
        <ExtendedData>
          <Data name="East">
            <value>639984.263</value>
          </Data>
          <Data name="North">
            <value>3383379.561</value>
          </Data>
          <Data name="Longitude">
            <value>76.4598096</value>
          </Data>
          <Data name="Latitude">
            <value>30.5747251</value>
          </Data>
        </ExtendedData>
        <Point>
          <coordinates>
            76.4598096,30.5747251,0
          </coordinates>
        </Point>
      </Placemark>
      <Placemark>
        <name>km 307000</name>
        <description><![CDATA[East: 639,181.447<br>North: 3,383,975.788<br>Longitude: 76.4515199<br>Latitude: 30.5801972]]></description>
        <styleUrl>#icon-1899-0288D1-labelson</styleUrl>
        <ExtendedData>
          <Data name="East">
            <value>639181.447</value>
          </Data>
          <Data name="North">
            <value>3383975.788</value>
          </Data>
          <Data name="Longitude">
            <value>76.4515199</value>
          </Data>
          <Data name="Latitude">
            <value>30.5801972</value>
          </Data>
        </ExtendedData>
        <Point>
          <coordinates>
            76.4515199,30.5801972,0
          </coordinates>
        </Point>
      </Placemark>
      <Placemark>
        <name>km 308000</name>
        <description><![CDATA[East: 638,378.917<br>North: 3,384,572.394<br>Longitude: 76.4432323<br>Latitude: 30.5856722]]></description>
        <styleUrl>#icon-1899-0288D1-labelson</styleUrl>
        <ExtendedData>
          <Data name="East">
            <value>638378.917</value>
          </Data>
          <Data name="North">
            <value>3384572.394</value>
          </Data>
          <Data name="Longitude">
            <value>76.4432323</value>
          </Data>
          <Data name="Latitude">
            <value>30.5856722</value>
          </Data>
        </ExtendedData>
        <Point>
          <coordinates>
            76.4432323,30.5856722,0
          </coordinates>
        </Point>
      </Placemark>
      <Placemark>
        <name>km 309000</name>
        <description><![CDATA[East: 637,576.045<br>North: 3,385,168.542<br>Longitude: 76.4349402<br>Latitude: 30.5911426]]></description>
        <styleUrl>#icon-1899-0288D1-labelson</styleUrl>
        <ExtendedData>
          <Data name="East">
            <value>637576.045</value>
          </Data>
          <Data name="North">
            <value>3385168.542</value>
          </Data>
          <Data name="Longitude">
            <value>76.4349402</value>
          </Data>
          <Data name="Latitude">
            <value>30.5911426</value>
          </Data>
        </ExtendedData>
        <Point>
          <coordinates>
            76.4349402,30.5911426,0
          </coordinates>
        </Point>
      </Placemark>
      <Placemark>
        <name>km 310000</name>
        <description><![CDATA[East: 636,773.28<br>North: 3,385,764.834<br>Longitude: 76.4266482<br>Latitude: 30.5966138]]></description>
        <styleUrl>#icon-1899-0288D1-labelson</styleUrl>
        <ExtendedData>
          <Data name="East">
            <value>636773.28</value>
          </Data>
          <Data name="North">
            <value>3385764.834</value>
          </Data>
          <Data name="Longitude">
            <value>76.4266482</value>
          </Data>
          <Data name="Latitude">
            <value>30.5966138</value>
          </Data>
        </ExtendedData>
        <Point>
          <coordinates>
            76.4266482,30.5966138,0
          </coordinates>
        </Point>
      </Placemark>
      <Placemark>
        <name>km 311000</name>
        <description><![CDATA[East: 635,970.57<br>North: 3,386,361.201<br>Longitude: 76.4183559<br>Latitude: 30.6020852]]></description>
        <styleUrl>#icon-1899-0288D1-labelson</styleUrl>
        <ExtendedData>
          <Data name="East">
            <value>635970.57</value>
          </Data>
          <Data name="North">
            <value>3386361.201</value>
          </Data>
          <Data name="Longitude">
            <value>76.4183559</value>
          </Data>
          <Data name="Latitude">
            <value>30.6020852</value>
          </Data>
        </ExtendedData>
        <Point>
          <coordinates>
            76.4183559,30.6020852,0
          </coordinates>
        </Point>
      </Placemark>
      <Placemark>
        <name>km 312000</name>
        <description><![CDATA[East: 635,167.636<br>North: 3,386,957.267<br>Longitude: 76.4100603<br>Latitude: 30.6075533]]></description>
        <styleUrl>#icon-1899-0288D1-labelson</styleUrl>
        <ExtendedData>
          <Data name="East">
            <value>635167.636</value>
          </Data>
          <Data name="North">
            <value>3386957.267</value>
          </Data>
          <Data name="Longitude">
            <value>76.4100603</value>
          </Data>
          <Data name="Latitude">
            <value>30.6075533</value>
          </Data>
        </ExtendedData>
        <Point>
          <coordinates>
            76.4100603,30.6075533,0
          </coordinates>
        </Point>
      </Placemark>
      <Placemark>
        <name>km 313000</name>
        <description><![CDATA[East: 634,334.794<br>North: 3,387,535.198<br>Longitude: 76.4014494<br>Latitude: 30.6128608]]></description>
        <styleUrl>#icon-1899-0288D1-labelson</styleUrl>
        <ExtendedData>
          <Data name="East">
            <value>634334.794</value>
          </Data>
          <Data name="North">
            <value>3387535.198</value>
          </Data>
          <Data name="Longitude">
            <value>76.4014494</value>
          </Data>
          <Data name="Latitude">
            <value>30.6128608</value>
          </Data>
        </ExtendedData>
        <Point>
          <coordinates>
            76.4014494,30.6128608,0
          </coordinates>
        </Point>
      </Placemark>
      <Placemark>
        <name>km 314000</name>
        <description><![CDATA[East: 633,511.095<br>North: 3,388,076.5<br>Longitude: 76.3929282<br>Latitude: 30.6178362]]></description>
        <styleUrl>#icon-1899-0288D1-labelson</styleUrl>
        <ExtendedData>
          <Data name="East">
            <value>633511.095</value>
          </Data>
          <Data name="North">
            <value>3388076.5</value>
          </Data>
          <Data name="Longitude">
            <value>76.3929282</value>
          </Data>
          <Data name="Latitude">
            <value>30.6178362</value>
          </Data>
        </ExtendedData>
        <Point>
          <coordinates>
            76.3929282,30.6178362,0
          </coordinates>
        </Point>
      </Placemark>
      <Placemark>
        <name>km 315000</name>
        <description><![CDATA[East: 632,690.154<br>North: 3,388,621.915<br>Longitude: 76.3844354<br>Latitude: 30.6228479]]></description>
        <styleUrl>#icon-1899-0288D1-labelson</styleUrl>
        <ExtendedData>
          <Data name="East">
            <value>632690.154</value>
          </Data>
          <Data name="North">
            <value>3388621.915</value>
          </Data>
          <Data name="Longitude">
            <value>76.3844354</value>
          </Data>
          <Data name="Latitude">
            <value>30.6228479</value>
          </Data>
        </ExtendedData>
        <Point>
          <coordinates>
            76.3844354,30.6228479,0
          </coordinates>
        </Point>
      </Placemark>
      <Placemark>
        <name>km 320000</name>
        <description><![CDATA[East: 628,412.219<br>North: 3,391,218.759<br>Longitude: 76.3401345<br>Latitude: 30.6467421]]></description>
        <styleUrl>#icon-1899-0288D1-labelson</styleUrl>
        <ExtendedData>
          <Data name="East">
            <value>628412.219</value>
          </Data>
          <Data name="North">
            <value>3391218.759</value>
          </Data>
          <Data name="Longitude">
            <value>76.3401345</value>
          </Data>
          <Data name="Latitude">
            <value>30.6467421</value>
          </Data>
        </ExtendedData>
        <Point>
          <coordinates>
            76.3401345,30.6467421,0
          </coordinates>
        </Point>
      </Placemark>
      <Placemark>
        <name>km 321000</name>
        <description><![CDATA[East: 627,555.419<br>North: 3,391,734.406<br>Longitude: 76.3312586<br>Latitude: 30.6514858]]></description>
        <styleUrl>#icon-1899-0288D1-labelson</styleUrl>
        <ExtendedData>
          <Data name="East">
            <value>627555.419</value>
          </Data>
          <Data name="North">
            <value>3391734.406</value>
          </Data>
          <Data name="Longitude">
            <value>76.3312586</value>
          </Data>
          <Data name="Latitude">
            <value>30.6514858</value>
          </Data>
        </ExtendedData>
        <Point>
          <coordinates>
            76.3312586,30.6514858,0
          </coordinates>
        </Point>
      </Placemark>
      <Placemark>
        <name>km 322000</name>
        <description><![CDATA[East: 626,698.549<br>North: 3,392,249.938<br>Longitude: 76.3223810<br>Latitude: 30.6562278]]></description>
        <styleUrl>#icon-1899-0288D1-labelson</styleUrl>
        <ExtendedData>
          <Data name="East">
            <value>626698.549</value>
          </Data>
          <Data name="North">
            <value>3392249.938</value>
          </Data>
          <Data name="Longitude">
            <value>76.3223810</value>
          </Data>
          <Data name="Latitude">
            <value>30.6562278</value>
          </Data>
        </ExtendedData>
        <Point>
          <coordinates>
            76.322381,30.6562278,0
          </coordinates>
        </Point>
      </Placemark>
      <Placemark>
        <name>km 323000</name>
        <description><![CDATA[East: 625,841.901<br>North: 3,392,765.835<br>Longitude: 76.3135049<br>Latitude: 30.6609725]]></description>
        <styleUrl>#icon-1899-0288D1-labelson</styleUrl>
        <ExtendedData>
          <Data name="East">
            <value>625841.901</value>
          </Data>
          <Data name="North">
            <value>3392765.835</value>
          </Data>
          <Data name="Longitude">
            <value>76.3135049</value>
          </Data>
          <Data name="Latitude">
            <value>30.6609725</value>
          </Data>
        </ExtendedData>
        <Point>
          <coordinates>
            76.3135049,30.6609725,0
          </coordinates>
        </Point>
      </Placemark>
      <Placemark>
        <name>km 324000</name>
        <description><![CDATA[East: 624,975.039<br>North: 3,393,287.809<br>Longitude: 76.3045221<br>Latitude: 30.6657726]]></description>
        <styleUrl>#icon-1899-0288D1-labelson</styleUrl>
        <ExtendedData>
          <Data name="East">
            <value>624975.039</value>
          </Data>
          <Data name="North">
            <value>3393287.809</value>
          </Data>
          <Data name="Longitude">
            <value>76.3045221</value>
          </Data>
          <Data name="Latitude">
            <value>30.6657726</value>
          </Data>
        </ExtendedData>
        <Point>
          <coordinates>
            76.3045221,30.6657726,0
          </coordinates>
        </Point>
      </Placemark>
      <Placemark>
        <name>km 325000</name>
        <description><![CDATA[East: 624,120.612<br>North: 3,393,807.273<br>Longitude: 76.2956678<br>Latitude: 30.6705481]]></description>
        <styleUrl>#icon-1899-0288D1-labelson</styleUrl>
        <ExtendedData>
          <Data name="East">
            <value>624120.612</value>
          </Data>
          <Data name="North">
            <value>3393807.273</value>
          </Data>
          <Data name="Longitude">
            <value>76.2956678</value>
          </Data>
          <Data name="Latitude">
            <value>30.6705481</value>
          </Data>
        </ExtendedData>
        <Point>
          <coordinates>
            76.2956678,30.6705481,0
          </coordinates>
        </Point>
      </Placemark>
      <Placemark>
        <name>km 326000</name>
        <description><![CDATA[East: 623,265.974<br>North: 3,394,316.372<br>Longitude: 76.2868092<br>Latitude: 30.6752295]]></description>
        <styleUrl>#icon-1899-0288D1-labelson</styleUrl>
        <ExtendedData>
          <Data name="East">
            <value>623265.974</value>
          </Data>
          <Data name="North">
            <value>3394316.372</value>
          </Data>
          <Data name="Longitude">
            <value>76.2868092</value>
          </Data>
          <Data name="Latitude">
            <value>30.6752295</value>
          </Data>
        </ExtendedData>
        <Point>
          <coordinates>
            76.2868092,30.6752295,0
          </coordinates>
        </Point>
      </Placemark>
      <Placemark>
        <name>km 327000</name>
        <description><![CDATA[East: 622,409.005<br>North: 3,394,831.726<br>Longitude: 76.2779262<br>Latitude: 30.6799670]]></description>
        <styleUrl>#icon-1899-0288D1-labelson</styleUrl>
        <ExtendedData>
          <Data name="East">
            <value>622409.005</value>
          </Data>
          <Data name="North">
            <value>3394831.726</value>
          </Data>
          <Data name="Longitude">
            <value>76.2779262</value>
          </Data>
          <Data name="Latitude">
            <value>30.6799670</value>
          </Data>
        </ExtendedData>
        <Point>
          <coordinates>
            76.2779262,30.679967,0
          </coordinates>
        </Point>
      </Placemark>
      <Placemark>
        <name>km 328000</name>
        <description><![CDATA[East: 621,551.91<br>North: 3,395,346.884<br>Longitude: 76.2690409<br>Latitude: 30.6847022]]></description>
        <styleUrl>#icon-1899-0288D1-labelson</styleUrl>
        <ExtendedData>
          <Data name="East">
            <value>621551.91</value>
          </Data>
          <Data name="North">
            <value>3395346.884</value>
          </Data>
          <Data name="Longitude">
            <value>76.2690409</value>
          </Data>
          <Data name="Latitude">
            <value>30.6847022</value>
          </Data>
        </ExtendedData>
        <Point>
          <coordinates>
            76.2690409,30.6847022,0
          </coordinates>
        </Point>
      </Placemark>
      <Placemark>
        <name>km 329000</name>
        <description><![CDATA[East: 620,694.701<br>North: 3,395,861.852<br>Longitude: 76.2601535<br>Latitude: 30.6894351]]></description>
        <styleUrl>#icon-1899-0288D1-labelson</styleUrl>
        <ExtendedData>
          <Data name="East">
            <value>620694.701</value>
          </Data>
          <Data name="North">
            <value>3395861.852</value>
          </Data>
          <Data name="Longitude">
            <value>76.2601535</value>
          </Data>
          <Data name="Latitude">
            <value>30.6894351</value>
          </Data>
        </ExtendedData>
        <Point>
          <coordinates>
            76.2601535,30.6894351,0
          </coordinates>
        </Point>
      </Placemark>
      <Placemark>
        <name>km 330000</name>
        <description><![CDATA[East: 619,837.452<br>North: 3,396,376.752<br>Longitude: 76.2512649<br>Latitude: 30.6941668]]></description>
        <styleUrl>#icon-1899-0288D1-labelson</styleUrl>
        <ExtendedData>
          <Data name="East">
            <value>619837.452</value>
          </Data>
          <Data name="North">
            <value>3396376.752</value>
          </Data>
          <Data name="Longitude">
            <value>76.2512649</value>
          </Data>
          <Data name="Latitude">
            <value>30.6941668</value>
          </Data>
        </ExtendedData>
        <Point>
          <coordinates>
            76.2512649,30.6941668,0
          </coordinates>
        </Point>
      </Placemark>
      <Placemark>
        <name>km 331000</name>
        <description><![CDATA[East: 618,980.144<br>North: 3,396,891.556<br>Longitude: 76.2423747<br>Latitude: 30.6988970]]></description>
        <styleUrl>#icon-1899-0288D1-labelson</styleUrl>
        <ExtendedData>
          <Data name="East">
            <value>618980.144</value>
          </Data>
          <Data name="North">
            <value>3396891.556</value>
          </Data>
          <Data name="Longitude">
            <value>76.2423747</value>
          </Data>
          <Data name="Latitude">
            <value>30.6988970</value>
          </Data>
        </ExtendedData>
        <Point>
          <coordinates>
            76.2423747,30.698897,0
          </coordinates>
        </Point>
      </Placemark>
      <Placemark>
        <name>km 332000</name>
        <description><![CDATA[East: 618,154.263<br>North: 3,397,387.78<br>Longitude: 76.2338096<br>Latitude: 30.7034559]]></description>
        <styleUrl>#icon-1899-0288D1-labelson</styleUrl>
        <ExtendedData>
          <Data name="East">
            <value>618154.263</value>
          </Data>
          <Data name="North">
            <value>3397387.78</value>
          </Data>
          <Data name="Longitude">
            <value>76.2338096</value>
          </Data>
          <Data name="Latitude">
            <value>30.7034559</value>
          </Data>
        </ExtendedData>
        <Point>
          <coordinates>
            76.2338096,30.7034559,0
          </coordinates>
        </Point>
      </Placemark>
      <Placemark>
        <name>km 333000</name>
        <description><![CDATA[East: 617,269.605<br>North: 3,397,924.478<br>Longitude: 76.2246346<br>Latitude: 30.7083852]]></description>
        <styleUrl>#icon-1899-0288D1-labelson</styleUrl>
        <ExtendedData>
          <Data name="East">
            <value>617269.605</value>
          </Data>
          <Data name="North">
            <value>3397924.478</value>
          </Data>
          <Data name="Longitude">
            <value>76.2246346</value>
          </Data>
          <Data name="Latitude">
            <value>30.7083852</value>
          </Data>
        </ExtendedData>
        <Point>
          <coordinates>
            76.2246346,30.7083852,0
          </coordinates>
        </Point>
      </Placemark>
      <Placemark>
        <name>km 334000</name>
        <description><![CDATA[East: 616,409.64<br>North: 3,398,434.748<br>Longitude: 76.2157136<br>Latitude: 30.7130730]]></description>
        <styleUrl>#icon-1899-0288D1-labelson</styleUrl>
        <ExtendedData>
          <Data name="East">
            <value>616409.64</value>
          </Data>
          <Data name="North">
            <value>3398434.748</value>
          </Data>
          <Data name="Longitude">
            <value>76.2157136</value>
          </Data>
          <Data name="Latitude">
            <value>30.7130730</value>
          </Data>
        </ExtendedData>
        <Point>
          <coordinates>
            76.2157136,30.713073,0
          </coordinates>
        </Point>
      </Placemark>
      <Placemark>
        <name>km 335000</name>
        <description><![CDATA[East: 615,551.903<br>North: 3,398,948.836<br>Longitude: 76.2068153<br>Latitude: 30.7177945]]></description>
        <styleUrl>#icon-1899-0288D1-labelson</styleUrl>
        <ExtendedData>
          <Data name="East">
            <value>615551.903</value>
          </Data>
          <Data name="North">
            <value>3398948.836</value>
          </Data>
          <Data name="Longitude">
            <value>76.2068153</value>
          </Data>
          <Data name="Latitude">
            <value>30.7177945</value>
          </Data>
        </ExtendedData>
        <Point>
          <coordinates>
            76.2068153,30.7177945,0
          </coordinates>
        </Point>
      </Placemark>
      <Placemark>
        <name>km 336000</name>
        <description><![CDATA[East: 614,693.964<br>North: 3,399,462.587<br>Longitude: 76.1979140<br>Latitude: 30.7225124]]></description>
        <styleUrl>#icon-1899-0288D1-labelson</styleUrl>
        <ExtendedData>
          <Data name="East">
            <value>614693.964</value>
          </Data>
          <Data name="North">
            <value>3399462.587</value>
          </Data>
          <Data name="Longitude">
            <value>76.1979140</value>
          </Data>
          <Data name="Latitude">
            <value>30.7225124</value>
          </Data>
        </ExtendedData>
        <Point>
          <coordinates>
            76.197914,30.7225124,0
          </coordinates>
        </Point>
      </Placemark>
      <Placemark>
        <name>km 337000</name>
        <description><![CDATA[East: 613,860.763<br>North: 3,399,961.807<br>Longitude: 76.1892686<br>Latitude: 30.7270962]]></description>
        <styleUrl>#icon-1899-0288D1-labelson</styleUrl>
        <ExtendedData>
          <Data name="East">
            <value>613860.763</value>
          </Data>
          <Data name="North">
            <value>3399961.807</value>
          </Data>
          <Data name="Longitude">
            <value>76.1892686</value>
          </Data>
          <Data name="Latitude">
            <value>30.7270962</value>
          </Data>
        </ExtendedData>
        <Point>
          <coordinates>
            76.1892686,30.7270962,0
          </coordinates>
        </Point>
      </Placemark>
      <Placemark>
        <name>km 338000</name>
        <description><![CDATA[East: 612,968.261<br>North: 3,400,496.88<br>Longitude: 76.1800069<br>Latitude: 30.7320085]]></description>
        <styleUrl>#icon-1899-0288D1-labelson</styleUrl>
        <ExtendedData>
          <Data name="East">
            <value>612968.261</value>
          </Data>
          <Data name="North">
            <value>3400496.88</value>
          </Data>
          <Data name="Longitude">
            <value>76.1800069</value>
          </Data>
          <Data name="Latitude">
            <value>30.7320085</value>
          </Data>
        </ExtendedData>
        <Point>
          <coordinates>
            76.1800069,30.7320085,0
          </coordinates>
        </Point>
      </Placemark>
      <Placemark>
        <name>km 339000</name>
        <description><![CDATA[East: 612,110.941<br>North: 3,401,011.661<br>Longitude: 76.1711096<br>Latitude: 30.7367338]]></description>
        <styleUrl>#icon-1899-0288D1-labelson</styleUrl>
        <ExtendedData>
          <Data name="East">
            <value>612110.941</value>
          </Data>
          <Data name="North">
            <value>3401011.661</value>
          </Data>
          <Data name="Longitude">
            <value>76.1711096</value>
          </Data>
          <Data name="Latitude">
            <value>30.7367338</value>
          </Data>
        </ExtendedData>
        <Point>
          <coordinates>
            76.1711096,30.7367338,0
          </coordinates>
        </Point>
      </Placemark>
      <Placemark>
        <name>km 340000</name>
        <description><![CDATA[East: 611,253.649<br>North: 3,401,526.489<br>Longitude: 76.1622116<br>Latitude: 30.7414589]]></description>
        <styleUrl>#icon-1899-0288D1-labelson</styleUrl>
        <ExtendedData>
          <Data name="East">
            <value>611253.649</value>
          </Data>
          <Data name="North">
            <value>3401526.489</value>
          </Data>
          <Data name="Longitude">
            <value>76.1622116</value>
          </Data>
          <Data name="Latitude">
            <value>30.7414589</value>
          </Data>
        </ExtendedData>
        <Point>
          <coordinates>
            76.1622116,30.7414589,0
          </coordinates>
        </Point>
      </Placemark>
      <Placemark>
        <name>km 341000</name>
        <description><![CDATA[East: 610,405.11<br>North: 3,402,035.529<br>Longitude: 76.1534036<br>Latitude: 30.7461304]]></description>
        <styleUrl>#icon-1899-0288D1-labelson</styleUrl>
        <ExtendedData>
          <Data name="East">
            <value>610405.11</value>
          </Data>
          <Data name="North">
            <value>3402035.529</value>
          </Data>
          <Data name="Longitude">
            <value>76.1534036</value>
          </Data>
          <Data name="Latitude">
            <value>30.7461304</value>
          </Data>
        </ExtendedData>
        <Point>
          <coordinates>
            76.1534036,30.7461304,0
          </coordinates>
        </Point>
      </Placemark>
      <Placemark>
        <name>km 342000</name>
        <description><![CDATA[East: 609,547.568<br>North: 3,402,549.94<br>Longitude: 76.1445013<br>Latitude: 30.7508507]]></description>
        <styleUrl>#icon-1899-0288D1-labelson</styleUrl>
        <ExtendedData>
          <Data name="East">
            <value>609547.568</value>
          </Data>
          <Data name="North">
            <value>3402549.94</value>
          </Data>
          <Data name="Longitude">
            <value>76.1445013</value>
          </Data>
          <Data name="Latitude">
            <value>30.7508507</value>
          </Data>
        </ExtendedData>
        <Point>
          <coordinates>
            76.1445013,30.7508507,0
          </coordinates>
        </Point>
      </Placemark>
      <Placemark>
        <name>km 343000</name>
        <description><![CDATA[East: 608,689.737<br>North: 3,403,063.87<br>Longitude: 76.1355949<br>Latitude: 30.7555660]]></description>
        <styleUrl>#icon-1899-0288D1-labelson</styleUrl>
        <ExtendedData>
          <Data name="East">
            <value>608689.737</value>
          </Data>
          <Data name="North">
            <value>3403063.87</value>
          </Data>
          <Data name="Longitude">
            <value>76.1355949</value>
          </Data>
          <Data name="Latitude">
            <value>30.7555660</value>
          </Data>
        </ExtendedData>
        <Point>
          <coordinates>
            76.1355949,30.755566,0
          </coordinates>
        </Point>
      </Placemark>
      <Placemark>
        <name>km 344000</name>
        <description><![CDATA[East: 607,831.613<br>North: 3,403,577.312<br>Longitude: 76.1266846<br>Latitude: 30.7602763]]></description>
        <styleUrl>#icon-1899-0288D1-labelson</styleUrl>
        <ExtendedData>
          <Data name="East">
            <value>607831.613</value>
          </Data>
          <Data name="North">
            <value>3403577.312</value>
          </Data>
          <Data name="Longitude">
            <value>76.1266846</value>
          </Data>
          <Data name="Latitude">
            <value>30.7602763</value>
          </Data>
        </ExtendedData>
        <Point>
          <coordinates>
            76.1266846,30.7602763,0
          </coordinates>
        </Point>
      </Placemark>
      <Placemark>
        <name>km 345000</name>
        <description><![CDATA[East: 606,973.542<br>North: 3,404,090.84<br>Longitude: 76.1177740<br>Latitude: 30.7649868]]></description>
        <styleUrl>#icon-1899-0288D1-labelson</styleUrl>
        <ExtendedData>
          <Data name="East">
            <value>606973.542</value>
          </Data>
          <Data name="North">
            <value>3404090.84</value>
          </Data>
          <Data name="Longitude">
            <value>76.1177740</value>
          </Data>
          <Data name="Latitude">
            <value>30.7649868</value>
          </Data>
        </ExtendedData>
        <Point>
          <coordinates>
            76.117774,30.7649868,0
          </coordinates>
        </Point>
      </Placemark>
      <Placemark>
        <name>km 346000</name>
        <description><![CDATA[East: 606,115.16<br>North: 3,404,603.85<br>Longitude: 76.1088592<br>Latitude: 30.7696921]]></description>
        <styleUrl>#icon-1899-0288D1-labelson</styleUrl>
        <ExtendedData>
          <Data name="East">
            <value>606115.16</value>
          </Data>
          <Data name="North">
            <value>3404603.85</value>
          </Data>
          <Data name="Longitude">
            <value>76.1088592</value>
          </Data>
          <Data name="Latitude">
            <value>30.7696921</value>
          </Data>
        </ExtendedData>
        <Point>
          <coordinates>
            76.1088592,30.7696921,0
          </coordinates>
        </Point>
      </Placemark>
      <Placemark>
        <name>km 347000</name>
        <description><![CDATA[East: 605,256.587<br>North: 3,405,116.541<br>Longitude: 76.0999415<br>Latitude: 30.7743939]]></description>
        <styleUrl>#icon-1899-0288D1-labelson</styleUrl>
        <ExtendedData>
          <Data name="East">
            <value>605256.587</value>
          </Data>
          <Data name="North">
            <value>3405116.541</value>
          </Data>
          <Data name="Longitude">
            <value>76.0999415</value>
          </Data>
          <Data name="Latitude">
            <value>30.7743939</value>
          </Data>
        </ExtendedData>
        <Point>
          <coordinates>
            76.0999415,30.7743939,0
          </coordinates>
        </Point>
      </Placemark>
      <Placemark>
        <name>km 348000</name>
        <description><![CDATA[East: 604,420.853<br>North: 3,405,616.222<br>Longitude: 76.0912602<br>Latitude: 30.7789758]]></description>
        <styleUrl>#icon-1899-0288D1-labelson</styleUrl>
        <ExtendedData>
          <Data name="East">
            <value>604420.853</value>
          </Data>
          <Data name="North">
            <value>3405616.222</value>
          </Data>
          <Data name="Longitude">
            <value>76.0912602</value>
          </Data>
          <Data name="Latitude">
            <value>30.7789758</value>
          </Data>
        </ExtendedData>
        <Point>
          <coordinates>
            76.0912602,30.7789758,0
          </coordinates>
        </Point>
      </Placemark>
      <Placemark>
        <name>km 349000</name>
        <description><![CDATA[East: 603,541.101<br>North: 3,406,142.585<br>Longitude: 76.0821209<br>Latitude: 30.7838016]]></description>
        <styleUrl>#icon-1899-0288D1-labelson</styleUrl>
        <ExtendedData>
          <Data name="East">
            <value>603541.101</value>
          </Data>
          <Data name="North">
            <value>3406142.585</value>
          </Data>
          <Data name="Longitude">
            <value>76.0821209</value>
          </Data>
          <Data name="Latitude">
            <value>30.7838016</value>
          </Data>
        </ExtendedData>
        <Point>
          <coordinates>
            76.0821209,30.7838016,0
          </coordinates>
        </Point>
      </Placemark>
      <Placemark>
        <name>km 350000</name>
        <description><![CDATA[East: 602,682.833<br>North: 3,406,655.786<br>Longitude: 76.0732037<br>Latitude: 30.7885063]]></description>
        <styleUrl>#icon-1899-0288D1-labelson</styleUrl>
        <ExtendedData>
          <Data name="East">
            <value>602682.833</value>
          </Data>
          <Data name="North">
            <value>3406655.786</value>
          </Data>
          <Data name="Longitude">
            <value>76.0732037</value>
          </Data>
          <Data name="Latitude">
            <value>30.7885063</value>
          </Data>
        </ExtendedData>
        <Point>
          <coordinates>
            76.0732037,30.7885063,0
          </coordinates>
        </Point>
      </Placemark>
      <Placemark>
        <name>km 351000</name>
        <description><![CDATA[East: 601,824.776<br>North: 3,407,169.34<br>Longitude: 76.0642880<br>Latitude: 30.7932134]]></description>
        <styleUrl>#icon-1899-0288D1-labelson</styleUrl>
        <ExtendedData>
          <Data name="East">
            <value>601824.776</value>
          </Data>
          <Data name="North">
            <value>3407169.34</value>
          </Data>
          <Data name="Longitude">
            <value>76.0642880</value>
          </Data>
          <Data name="Latitude">
            <value>30.7932134</value>
          </Data>
        </ExtendedData>
        <Point>
          <coordinates>
            76.064288,30.7932134,0
          </coordinates>
        </Point>
      </Placemark>
      <Placemark>
        <name>km 352000</name>
        <description><![CDATA[East: 600,966.595<br>North: 3,407,682.682<br>Longitude: 76.0553700<br>Latitude: 30.7979181]]></description>
        <styleUrl>#icon-1899-0288D1-labelson</styleUrl>
        <ExtendedData>
          <Data name="East">
            <value>600966.595</value>
          </Data>
          <Data name="North">
            <value>3407682.682</value>
          </Data>
          <Data name="Longitude">
            <value>76.0553700</value>
          </Data>
          <Data name="Latitude">
            <value>30.7979181</value>
          </Data>
        </ExtendedData>
        <Point>
          <coordinates>
            76.05537,30.7979181,0
          </coordinates>
        </Point>
      </Placemark>
      <Placemark>
        <name>km 353000</name>
        <description><![CDATA[East: 600,129.41<br>North: 3,408,188.899<br>Longitude: 76.0466700<br>Latitude: 30.8025561]]></description>
        <styleUrl>#icon-1899-0288D1-labelson</styleUrl>
        <ExtendedData>
          <Data name="East">
            <value>600129.41</value>
          </Data>
          <Data name="North">
            <value>3408188.899</value>
          </Data>
          <Data name="Longitude">
            <value>76.0466700</value>
          </Data>
          <Data name="Latitude">
            <value>30.8025561</value>
          </Data>
        </ExtendedData>
        <Point>
          <coordinates>
            76.04667,30.8025561,0
          </coordinates>
        </Point>
      </Placemark>
      <Placemark>
        <name>km 354000</name>
        <description><![CDATA[East: 599,266.953<br>North: 3,408,694.76<br>Longitude: 76.0377048<br>Latitude: 30.8071925]]></description>
        <styleUrl>#icon-1899-0288D1-labelson</styleUrl>
        <ExtendedData>
          <Data name="East">
            <value>599266.953</value>
          </Data>
          <Data name="North">
            <value>3408694.76</value>
          </Data>
          <Data name="Longitude">
            <value>76.0377048</value>
          </Data>
          <Data name="Latitude">
            <value>30.8071925</value>
          </Data>
        </ExtendedData>
        <Point>
          <coordinates>
            76.0377048,30.8071925,0
          </coordinates>
        </Point>
      </Placemark>
      <Placemark>
        <name>km 355000</name>
        <description><![CDATA[East: 598,392.243<br>North: 3,409,222.802<br>Longitude: 76.0286129<br>Latitude: 30.8120294]]></description>
        <styleUrl>#icon-1899-0288D1-labelson</styleUrl>
        <ExtendedData>
          <Data name="East">
            <value>598392.243</value>
          </Data>
          <Data name="North">
            <value>3409222.802</value>
          </Data>
          <Data name="Longitude">
            <value>76.0286129</value>
          </Data>
          <Data name="Latitude">
            <value>30.8120294</value>
          </Data>
        </ExtendedData>
        <Point>
          <coordinates>
            76.0286129,30.8120294,0
          </coordinates>
        </Point>
      </Placemark>
      <Placemark>
        <name>km 356000</name>
        <description><![CDATA[East: 597,534.104<br>North: 3,409,736.212<br>Longitude: 76.0196919<br>Latitude: 30.8167323]]></description>
        <styleUrl>#icon-1899-0288D1-labelson</styleUrl>
        <ExtendedData>
          <Data name="East">
            <value>597534.104</value>
          </Data>
          <Data name="North">
            <value>3409736.212</value>
          </Data>
          <Data name="Longitude">
            <value>76.0196919</value>
          </Data>
          <Data name="Latitude">
            <value>30.8167323</value>
          </Data>
        </ExtendedData>
        <Point>
          <coordinates>
            76.0196919,30.8167323,0
          </coordinates>
        </Point>
      </Placemark>
      <Placemark>
        <name>km 357000</name>
        <description><![CDATA[East: 596,675.638<br>North: 3,410,249.08<br>Longitude: 76.0107665<br>Latitude: 30.8214298]]></description>
        <styleUrl>#icon-1899-0288D1-labelson</styleUrl>
        <ExtendedData>
          <Data name="East">
            <value>596675.638</value>
          </Data>
          <Data name="North">
            <value>3410249.08</value>
          </Data>
          <Data name="Longitude">
            <value>76.0107665</value>
          </Data>
          <Data name="Latitude">
            <value>30.8214298</value>
          </Data>
        </ExtendedData>
        <Point>
          <coordinates>
            76.0107665,30.8214298,0
          </coordinates>
        </Point>
      </Placemark>
      <Placemark>
        <name>km 358000</name>
        <description><![CDATA[East: 595,817.08<br>North: 3,410,761.797<br>Longitude: 76.0018393<br>Latitude: 30.8261252]]></description>
        <styleUrl>#icon-1899-0288D1-labelson</styleUrl>
        <ExtendedData>
          <Data name="East">
            <value>595817.08</value>
          </Data>
          <Data name="North">
            <value>3410761.797</value>
          </Data>
          <Data name="Longitude">
            <value>76.0018393</value>
          </Data>
          <Data name="Latitude">
            <value>30.8261252</value>
          </Data>
        </ExtendedData>
        <Point>
          <coordinates>
            76.0018393,30.8261252,0
          </coordinates>
        </Point>
      </Placemark>
      <Placemark>
        <name>km 359000</name>
        <description><![CDATA[East: 594,960.356<br>North: 3,411,273.895<br>Longitude: 75.9929303<br>Latitude: 30.8308144]]></description>
        <styleUrl>#icon-1899-0288D1-labelson</styleUrl>
        <ExtendedData>
          <Data name="East">
            <value>594960.356</value>
          </Data>
          <Data name="North">
            <value>3411273.895</value>
          </Data>
          <Data name="Longitude">
            <value>75.9929303</value>
          </Data>
          <Data name="Latitude">
            <value>30.8308144</value>
          </Data>
        </ExtendedData>
        <Point>
          <coordinates>
            75.9929303,30.8308144,0
          </coordinates>
        </Point>
      </Placemark>
      <Placemark>
        <name>km 360000</name>
        <description><![CDATA[East: 594,104.077<br>North: 3,411,790.319<br>Longitude: 75.9840254<br>Latitude: 30.8355420]]></description>
        <styleUrl>#icon-1899-0288D1-labelson</styleUrl>
        <ExtendedData>
          <Data name="East">
            <value>594104.077</value>
          </Data>
          <Data name="North">
            <value>3411790.319</value>
          </Data>
          <Data name="Longitude">
            <value>75.9840254</value>
          </Data>
          <Data name="Latitude">
            <value>30.8355420</value>
          </Data>
        </ExtendedData>
        <Point>
          <coordinates>
            75.9840254,30.835542,0
          </coordinates>
        </Point>
      </Placemark>
    </Folder>
    <Folder>
      <name>proposed station location</name>
      <Placemark>
        <name>New Piikhani Jn.</name>
        <description><![CDATA[East: 736,537.263<br>North: 3,322,218.343<br>Longitude: 77.45231573<br>Latitude: 30.00812562]]></description>
        <styleUrl>#icon-1899-817717-labelson</styleUrl>
        <ExtendedData>
          <Data name="East">
            <value>736537.2631</value>
          </Data>
          <Data name="North">
            <value>3322218.343</value>
          </Data>
          <Data name="Longitude">
            <value>77.45231573</value>
          </Data>
          <Data name="Latitude">
            <value>30.00812562</value>
          </Data>
        </ExtendedData>
        <Point>
          <coordinates>
            77.45231573,30.00812562,0
          </coordinates>
        </Point>
      </Placemark>
      <Placemark>
        <name>New Kalanaur Jn.</name>
        <description><![CDATA[East: 725,396.56<br>North: 3,330,335.9<br>Longitude: 77.3392062<br>Latitude: 30.0830391]]></description>
        <styleUrl>#icon-1899-817717-labelson</styleUrl>
        <ExtendedData>
          <Data name="East">
            <value>725396.56</value>
          </Data>
          <Data name="North">
            <value>3330335.9</value>
          </Data>
          <Data name="Longitude">
            <value>77.3392062</value>
          </Data>
          <Data name="Latitude">
            <value>30.0830391</value>
          </Data>
        </ExtendedData>
        <Point>
          <coordinates>
            77.3392062,30.0830391,0
          </coordinates>
        </Point>
      </Placemark>
      <Placemark>
        <name>New jagadhari workshop</name>
        <description><![CDATA[East: 714,535.31<br>North: 3,336,481.302<br>Longitude: 77.22724067<br>Latitude: 30.14079619]]></description>
        <styleUrl>#icon-1899-817717-labelson</styleUrl>
        <ExtendedData>
          <Data name="East">
            <value>714535.31</value>
          </Data>
          <Data name="North">
            <value>3336481.302</value>
          </Data>
          <Data name="Longitude">
            <value>77.22724067</value>
          </Data>
          <Data name="Latitude">
            <value>30.14079619</value>
          </Data>
        </ExtendedData>
        <Point>
          <coordinates>
            77.22724067,30.14079619,0
          </coordinates>
        </Point>
      </Placemark>
      <Placemark>
        <name>New Darazpur</name>
        <description><![CDATA[East: 708,294.882<br>North: 3,339,056.916<br>Longitude: 77.16300067<br>Latitude: 30.16510596]]></description>
        <styleUrl>#icon-1899-817717-labelson</styleUrl>
        <ExtendedData>
          <Data name="East">
            <value>708294.882</value>
          </Data>
          <Data name="North">
            <value>3339056.916</value>
          </Data>
          <Data name="Longitude">
            <value>77.16300067</value>
          </Data>
          <Data name="Latitude">
            <value>30.16510596</value>
          </Data>
        </ExtendedData>
        <Point>
          <coordinates>
            77.16300067,30.16510596,0
          </coordinates>
        </Point>
      </Placemark>
      <Placemark>
        <name>New Barara</name>
        <description><![CDATA[East: 698,486.926<br>North: 3,343,130.264<br>Longitude: 77.0619736<br>Latitude: 30.20348062]]></description>
        <styleUrl>#icon-1899-817717-labelson</styleUrl>
        <ExtendedData>
          <Data name="East">
            <value>698486.926</value>
          </Data>
          <Data name="North">
            <value>3343130.264</value>
          </Data>
          <Data name="Longitude">
            <value>77.0619736</value>
          </Data>
          <Data name="Latitude">
            <value>30.20348062</value>
          </Data>
        </ExtendedData>
        <Point>
          <coordinates>
            77.0619736,30.20348062,0
          </coordinates>
        </Point>
      </Placemark>
      <Placemark>
        <name>New Kesri</name>
        <description><![CDATA[East: 687,913.547<br>North: 3,348,414.04<br>Longitude: 76.95312937<br>Latitude: 30.25281641]]></description>
        <styleUrl>#icon-1899-817717-labelson</styleUrl>
        <ExtendedData>
          <Data name="East">
            <value>687913.547</value>
          </Data>
          <Data name="North">
            <value>3348414.04</value>
          </Data>
          <Data name="Longitude">
            <value>76.95312937</value>
          </Data>
          <Data name="Latitude">
            <value>30.25281641</value>
          </Data>
        </ExtendedData>
        <Point>
          <coordinates>
            76.95312937,30.25281641,0
          </coordinates>
        </Point>
      </Placemark>
      <Placemark>
        <name>New Dukhcri</name>
        <description><![CDATA[East: 680,340.814<br>North: 3,353,586.413<br>Longitude: 76.87534333<br>Latitude: 30.30061785]]></description>
        <styleUrl>#icon-1899-817717-labelson</styleUrl>
        <ExtendedData>
          <Data name="East">
            <value>680340.814</value>
          </Data>
          <Data name="North">
            <value>3353586.413</value>
          </Data>
          <Data name="Longitude">
            <value>76.87534333</value>
          </Data>
          <Data name="Latitude">
            <value>30.30061785</value>
          </Data>
        </ExtendedData>
        <Point>
          <coordinates>
            76.87534333,30.30061785,0
          </coordinates>
        </Point>
      </Placemark>
      <Placemark>
        <name>New Ambala City</name>
        <description><![CDATA[East: 671,463.673<br>North: 3,360,559.151<br>Longitude: 76.7842097<br>Latitude: 30.36480047]]></description>
        <styleUrl>#icon-1899-817717-labelson</styleUrl>
        <ExtendedData>
          <Data name="East">
            <value>671463.673</value>
          </Data>
          <Data name="North">
            <value>3360559.151</value>
          </Data>
          <Data name="Longitude">
            <value>76.7842097</value>
          </Data>
          <Data name="Latitude">
            <value>30.36480047</value>
          </Data>
        </ExtendedData>
        <Point>
          <coordinates>
            76.7842097,30.36480047,0
          </coordinates>
        </Point>
      </Placemark>
      <Placemark>
        <name>New Shambhu Jn.</name>
        <description><![CDATA[East: 660,132.974<br>North: 3,368,552.096<br>Longitude: 76.66757351<br>Latitude: 30.43845483]]></description>
        <styleUrl>#icon-1899-817717-labelson</styleUrl>
        <ExtendedData>
          <Data name="East">
            <value>660132.974</value>
          </Data>
          <Data name="North">
            <value>3368552.096</value>
          </Data>
          <Data name="Longitude">
            <value>76.66757351</value>
          </Data>
          <Data name="Latitude">
            <value>30.43845483</value>
          </Data>
        </ExtendedData>
        <Point>
          <coordinates>
            76.66757351,30.43845483,0
          </coordinates>
        </Point>
      </Placemark>
      <Placemark>
        <name>New Sarai Banjara</name>
        <description><![CDATA[East: 645,550.306<br>North: 3,379,320.061<br>Longitude: 76.51726774<br>Latitude: 30.53744193]]></description>
        <styleUrl>#icon-1899-817717-labelson</styleUrl>
        <ExtendedData>
          <Data name="East">
            <value>645550.306</value>
          </Data>
          <Data name="North">
            <value>3379320.061</value>
          </Data>
          <Data name="Longitude">
            <value>76.51726774</value>
          </Data>
          <Data name="Latitude">
            <value>30.53744193</value>
          </Data>
        </ExtendedData>
        <Point>
          <coordinates>
            76.51726774,30.53744193,0
          </coordinates>
        </Point>
      </Placemark>
      <Placemark>
        <name>New Sirhind Jn.</name>
        <description><![CDATA[East: 634,786.894<br>North: 3,387,276.22<br>Longitude: 76.40613096<br>Latitude: 30.61047362]]></description>
        <styleUrl>#icon-1899-817717-labelson</styleUrl>
        <ExtendedData>
          <Data name="East">
            <value>634786.894</value>
          </Data>
          <Data name="North">
            <value>3387276.22</value>
          </Data>
          <Data name="Longitude">
            <value>76.40613096</value>
          </Data>
          <Data name="Latitude">
            <value>30.61047362</value>
          </Data>
        </ExtendedData>
        <Point>
          <coordinates>
            76.40613096,30.61047362,0
          </coordinates>
        </Point>
      </Placemark>
      <Placemark>
        <name>New Mandi Gobindgarh</name>
        <description><![CDATA[East: 626,410.283<br>North: 3,392,422.108<br>Longitude: 76.31939408<br>Latitude: 30.65781158]]></description>
        <styleUrl>#icon-1899-817717-labelson</styleUrl>
        <ExtendedData>
          <Data name="East">
            <value>626410.283</value>
          </Data>
          <Data name="North">
            <value>3392422.108</value>
          </Data>
          <Data name="Longitude">
            <value>76.31939408</value>
          </Data>
          <Data name="Latitude">
            <value>30.65781158</value>
          </Data>
        </ExtendedData>
        <Point>
          <coordinates>
            76.31939408,30.65781158,0
          </coordinates>
        </Point>
      </Placemark>
      <Placemark>
        <name>New Khanna</name>
        <description><![CDATA[East: 612,798.913<br>North: 3,400,538.507<br>Longitude: 76.17824291<br>Latitude: 30.7324001]]></description>
        <styleUrl>#icon-1899-817717-labelson</styleUrl>
        <ExtendedData>
          <Data name="East">
            <value>612798.913</value>
          </Data>
          <Data name="North">
            <value>3400538.507</value>
          </Data>
          <Data name="Longitude">
            <value>76.17824291</value>
          </Data>
          <Data name="Latitude">
            <value>30.7324001</value>
          </Data>
        </ExtendedData>
        <Point>
          <coordinates>
            76.17824291,30.7324001,0
          </coordinates>
        </Point>
      </Placemark>
      <Placemark>
        <name>New Chawa Pail Jn.</name>
        <description><![CDATA[East: 605,521.641<br>North: 3,404,908.38<br>Longitude: 76.1026895<br>Latitude: 30.77249243]]></description>
        <styleUrl>#icon-1899-817717-labelson</styleUrl>
        <ExtendedData>
          <Data name="East">
            <value>605521.641</value>
          </Data>
          <Data name="North">
            <value>3404908.38</value>
          </Data>
          <Data name="Longitude">
            <value>76.1026895</value>
          </Data>
          <Data name="Latitude">
            <value>30.77249243</value>
          </Data>
        </ExtendedData>
        <Point>
          <coordinates>
            76.1026895,30.77249243,0
          </coordinates>
        </Point>
      </Placemark>
    </Folder>
    <Folder>
      <name>Exiting station location</name>
      <Placemark>
        <name>Pilkhani/PKY</name>
        <description><![CDATA[East: 738,557.872<br>North: 3,321,112.971<br>Longitude: 77.473001<br>Latitude: 29.9977675]]></description>
        <styleUrl>#icon-1899-9C27B0-labelson</styleUrl>
        <ExtendedData>
          <Data name="East">
            <value>738557.872</value>
          </Data>
          <Data name="North">
            <value>3321112.971</value>
          </Data>
          <Data name="Longitude">
            <value>77.473001</value>
          </Data>
          <Data name="Latitude">
            <value>29.9977675</value>
          </Data>
        </ExtendedData>
        <Point>
          <coordinates>
            77.473001,29.9977675,0
          </coordinates>
        </Point>
      </Placemark>
      <Placemark>
        <name>Sarsawa/SSW</name>
        <description><![CDATA[East: 733,736.207<br>North: 3,323,899.266<br>Longitude: 77.4236662<br>Latitude: 30.0238194]]></description>
        <styleUrl>#icon-1899-9C27B0-labelson</styleUrl>
        <ExtendedData>
          <Data name="East">
            <value>733736.207</value>
          </Data>
          <Data name="North">
            <value>3323899.266</value>
          </Data>
          <Data name="Longitude">
            <value>77.4236662</value>
          </Data>
          <Data name="Latitude">
            <value>30.0238194</value>
          </Data>
        </ExtendedData>
        <Point>
          <coordinates>
            77.4236662,30.0238194,0
          </coordinates>
        </Point>
      </Placemark>
      <Placemark>
        <name>Kalanour/KNZ</name>
        <description><![CDATA[East: 725,512.983<br>North: 3,330,262.575<br>Longitude: 77.3398074<br>Latitude: 30.08274]]></description>
        <styleUrl>#icon-1899-9C27B0-labelson</styleUrl>
        <ExtendedData>
          <Data name="East">
            <value>725512.983</value>
          </Data>
          <Data name="North">
            <value>3330262.575</value>
          </Data>
          <Data name="Longitude">
            <value>77.3398074</value>
          </Data>
          <Data name="Latitude">
            <value>30.08274</value>
          </Data>
        </ExtendedData>
        <Point>
          <coordinates>
            77.3398074,30.08274,0
          </coordinates>
        </Point>
      </Placemark>
      <Placemark>
        <name>Yamunanagar Jagadhri/JUD</name>
        <description><![CDATA[East: 720,398.186<br>North: 3,334,024.216<br>Longitude: 77.2875561<br>Latitude: 30.1175936]]></description>
        <styleUrl>#icon-1899-9C27B0-labelson</styleUrl>
        <ExtendedData>
          <Data name="East">
            <value>720398.186</value>
          </Data>
          <Data name="North">
            <value>3334024.216</value>
          </Data>
          <Data name="Longitude">
            <value>77.2875561</value>
          </Data>
          <Data name="Latitude">
            <value>30.1175936</value>
          </Data>
        </ExtendedData>
        <Point>
          <coordinates>
            77.2875561,30.1175936,0
          </coordinates>
        </Point>
      </Placemark>
      <Placemark>
        <name>Jagadhri Workshop/JUDW</name>
        <description><![CDATA[East: 716,004.117<br>North: 3,335,986.162<br>Longitude: 77.2423786<br>Latitude: 30.1360717]]></description>
        <styleUrl>#icon-1899-9C27B0-labelson</styleUrl>
        <ExtendedData>
          <Data name="East">
            <value>716004.117</value>
          </Data>
          <Data name="North">
            <value>3335986.162</value>
          </Data>
          <Data name="Longitude">
            <value>77.2423786</value>
          </Data>
          <Data name="Latitude">
            <value>30.1360717</value>
          </Data>
        </ExtendedData>
        <Point>
          <coordinates>
            77.2423786,30.1360717,0
          </coordinates>
        </Point>
      </Placemark>
      <Placemark>
        <name>Darazpur/DZP</name>
        <description><![CDATA[East: 711,520.216<br>North: 3,337,742.76<br>Longitude: 77.1962103<br>Latitude: 30.152699]]></description>
        <styleUrl>#icon-1899-9C27B0-labelson</styleUrl>
        <ExtendedData>
          <Data name="East">
            <value>711520.216</value>
          </Data>
          <Data name="North">
            <value>3337742.76</value>
          </Data>
          <Data name="Longitude">
            <value>77.1962103</value>
          </Data>
          <Data name="Latitude">
            <value>30.152699</value>
          </Data>
        </ExtendedData>
        <Point>
          <coordinates>
            77.1962103,30.152699,0
          </coordinates>
        </Point>
      </Placemark>
      <Placemark>
        <name>Mustafabad/MFB</name>
        <description><![CDATA[East: 704,343.905<br>North: 3,340,805.15<br>Longitude: 77.1223342<br>Latitude: 30.1815416]]></description>
        <styleUrl>#icon-1899-9C27B0-labelson</styleUrl>
        <ExtendedData>
          <Data name="East">
            <value>704343.905</value>
          </Data>
          <Data name="North">
            <value>3340805.15</value>
          </Data>
          <Data name="Longitude">
            <value>77.1223342</value>
          </Data>
          <Data name="Latitude">
            <value>30.1815416</value>
          </Data>
        </ExtendedData>
        <Point>
          <coordinates>
            77.1223342,30.1815416,0
          </coordinates>
        </Point>
      </Placemark>
      <Placemark>
        <name>Barara/RAA</name>
        <description><![CDATA[East: 696,218.258<br>North: 3,344,161.86<br>Longitude: 77.03861<br>Latitude: 30.2131526]]></description>
        <styleUrl>#icon-1899-9C27B0-labelson</styleUrl>
        <ExtendedData>
          <Data name="East">
            <value>696218.258</value>
          </Data>
          <Data name="North">
            <value>3344161.86</value>
          </Data>
          <Data name="Longitude">
            <value>77.03861</value>
          </Data>
          <Data name="Latitude">
            <value>30.2131526</value>
          </Data>
        </ExtendedData>
        <Point>
          <coordinates>
            77.03861,30.2131526,0
          </coordinates>
        </Point>
      </Placemark>
      <Placemark>
        <name>Tandwal/TDW</name>
        <description><![CDATA[East: 691,369.451<br>North: 3,346,383.508<br>Longitude: 76.9886623<br>Latitude: 30.233963]]></description>
        <styleUrl>#icon-1899-9C27B0-labelson</styleUrl>
        <ExtendedData>
          <Data name="East">
            <value>691369.451</value>
          </Data>
          <Data name="North">
            <value>3346383.508</value>
          </Data>
          <Data name="Longitude">
            <value>76.9886623</value>
          </Data>
          <Data name="Latitude">
            <value>30.233963</value>
          </Data>
        </ExtendedData>
        <Point>
          <coordinates>
            76.9886623,30.233963,0
          </coordinates>
        </Point>
      </Placemark>
      <Placemark>
        <name>Kesri/KES</name>
        <description><![CDATA[East: 686,041.881<br>North: 3,349,804.126<br>Longitude: 76.9339308<br>Latitude: 30.2656423]]></description>
        <styleUrl>#icon-1899-9C27B0-labelson</styleUrl>
        <ExtendedData>
          <Data name="East">
            <value>686041.881</value>
          </Data>
          <Data name="North">
            <value>3349804.126</value>
          </Data>
          <Data name="Longitude">
            <value>76.9339308</value>
          </Data>
          <Data name="Latitude">
            <value>30.2656423</value>
          </Data>
        </ExtendedData>
        <Point>
          <coordinates>
            76.9339308,30.2656423,0
          </coordinates>
        </Point>
      </Placemark>
      <Placemark>
        <name>Dukheri/DOKY</name>
        <description><![CDATA[East: 681,323.615<br>North: 3,352,955.787<br>Longitude: 76.8854499<br>Latitude: 30.2947832]]></description>
        <styleUrl>#icon-1899-9C27B0-labelson</styleUrl>
        <ExtendedData>
          <Data name="East">
            <value>681323.615</value>
          </Data>
          <Data name="North">
            <value>3352955.787</value>
          </Data>
          <Data name="Longitude">
            <value>76.8854499</value>
          </Data>
          <Data name="Latitude">
            <value>30.2947832</value>
          </Data>
        </ExtendedData>
        <Point>
          <coordinates>
            76.8854499,30.2947832,0
          </coordinates>
        </Point>
      </Placemark>
      <Placemark>
        <name>Ambala Cantt Jn/UMB</name>
        <description><![CDATA[East: 675,797.004<br>North: 3,357,698.752<br>Longitude: 76.8288022<br>Latitude: 30.3383778]]></description>
        <styleUrl>#icon-1899-9C27B0-labelson</styleUrl>
        <ExtendedData>
          <Data name="East">
            <value>675797.004</value>
          </Data>
          <Data name="North">
            <value>3357698.752</value>
          </Data>
          <Data name="Longitude">
            <value>76.8288022</value>
          </Data>
          <Data name="Latitude">
            <value>30.3383778</value>
          </Data>
        </ExtendedData>
        <Point>
          <coordinates>
            76.8288022,30.3383778,0
          </coordinates>
        </Point>
      </Placemark>
      <Placemark>
        <name>Ambala City/UBC</name>
        <description><![CDATA[East: 669,524.594<br>North: 3,362,037.029<br>Longitude: 76.7642796<br>Latitude: 30.3784045]]></description>
        <styleUrl>#icon-1899-9C27B0-labelson</styleUrl>
        <ExtendedData>
          <Data name="East">
            <value>669524.594</value>
          </Data>
          <Data name="North">
            <value>3362037.029</value>
          </Data>
          <Data name="Longitude">
            <value>76.7642796</value>
          </Data>
          <Data name="Latitude">
            <value>30.3784045</value>
          </Data>
        </ExtendedData>
        <Point>
          <coordinates>
            76.7642796,30.3784045,0
          </coordinates>
        </Point>
      </Placemark>
      <Placemark>
        <name>Shambhu/SMU</name>
        <description><![CDATA[East: 661,717.134<br>North: 3,367,524.22<br>Longitude: 76.6839051<br>Latitude: 30.4289715]]></description>
        <styleUrl>#icon-1899-9C27B0-labelson</styleUrl>
        <ExtendedData>
          <Data name="East">
            <value>661717.134</value>
          </Data>
          <Data name="North">
            <value>3367524.22</value>
          </Data>
          <Data name="Longitude">
            <value>76.6839051</value>
          </Data>
          <Data name="Latitude">
            <value>30.4289715</value>
          </Data>
        </ExtendedData>
        <Point>
          <coordinates>
            76.6839051,30.4289715,0
          </coordinates>
        </Point>
      </Placemark>
      <Placemark>
        <name>Rajpura Jn/RPJ</name>
        <description><![CDATA[East: 652,972.162<br>North: 3,373,724.461<br>Longitude: 76.5937875<br>Latitude: 30.4860434]]></description>
        <styleUrl>#icon-1899-9C27B0-labelson</styleUrl>
        <ExtendedData>
          <Data name="East">
            <value>652972.162</value>
          </Data>
          <Data name="North">
            <value>3373724.461</value>
          </Data>
          <Data name="Longitude">
            <value>76.5937875</value>
          </Data>
          <Data name="Latitude">
            <value>30.4860434</value>
          </Data>
        </ExtendedData>
        <Point>
          <coordinates>
            76.5937875,30.4860434,0
          </coordinates>
        </Point>
      </Placemark>
      <Placemark>
        <name>Sarai Banjara/SBJ</name>
        <description><![CDATA[East: 645,339.533<br>North: 3,379,366.542<br>Longitude: 76.5150777<br>Latitude: 30.5378868]]></description>
        <styleUrl>#icon-1899-9C27B0-labelson</styleUrl>
        <ExtendedData>
          <Data name="East">
            <value>645339.533</value>
          </Data>
          <Data name="North">
            <value>3379366.542</value>
          </Data>
          <Data name="Longitude">
            <value>76.5150777</value>
          </Data>
          <Data name="Latitude">
            <value>30.5378868</value>
          </Data>
        </ExtendedData>
        <Point>
          <coordinates>
            76.5150777,30.5378868,0
          </coordinates>
        </Point>
      </Placemark>
      <Placemark>
        <name>Sadhoogarh/SDY</name>
        <description><![CDATA[East: 638,877.713<br>North: 3,384,262.633<br>Longitude: 76.4483916<br>Latitude: 30.5828201]]></description>
        <styleUrl>#icon-1899-9C27B0-labelson</styleUrl>
        <ExtendedData>
          <Data name="East">
            <value>638877.713</value>
          </Data>
          <Data name="North">
            <value>3384262.633</value>
          </Data>
          <Data name="Longitude">
            <value>76.4483916</value>
          </Data>
          <Data name="Latitude">
            <value>30.5828201</value>
          </Data>
        </ExtendedData>
        <Point>
          <coordinates>
            76.4483916,30.5828201,0
          </coordinates>
        </Point>
      </Placemark>
      <Placemark>
        <name>Sirhind Jn/SIR</name>
        <description><![CDATA[East: 632,480.611<br>North: 3,388,712.591<br>Longitude: 76.3822613<br>Latitude: 30.6236891]]></description>
        <styleUrl>#icon-1899-9C27B0-labelson</styleUrl>
        <ExtendedData>
          <Data name="East">
            <value>632480.611</value>
          </Data>
          <Data name="North">
            <value>3388712.591</value>
          </Data>
          <Data name="Longitude">
            <value>76.3822613</value>
          </Data>
          <Data name="Latitude">
            <value>30.6236891</value>
          </Data>
        </ExtendedData>
        <Point>
          <coordinates>
            76.3822613,30.6236891,0
          </coordinates>
        </Point>
      </Placemark>
      <Placemark>
        <name>Mandi Gobindgarh/GVG</name>
        <description><![CDATA[East: 624,260.683<br>North: 3,393,693.697<br>Longitude: 76.297116<br>Latitude: 30.6695089]]></description>
        <styleUrl>#icon-1899-9C27B0-labelson</styleUrl>
        <ExtendedData>
          <Data name="East">
            <value>624260.683</value>
          </Data>
          <Data name="North">
            <value>3393693.697</value>
          </Data>
          <Data name="Longitude">
            <value>76.297116</value>
          </Data>
          <Data name="Latitude">
            <value>30.6695089</value>
          </Data>
        </ExtendedData>
        <Point>
          <coordinates>
            76.297116,30.6695089,0
          </coordinates>
        </Point>
      </Placemark>
      <Placemark>
        <name>Khanna/KNN</name>
        <description><![CDATA[East: 617,148.298<br>North: 3,397,895.242<br>Longitude: 76.2233648<br>Latitude: 30.7081334]]></description>
        <styleUrl>#icon-1899-9C27B0-labelson</styleUrl>
        <ExtendedData>
          <Data name="East">
            <value>617148.298</value>
          </Data>
          <Data name="North">
            <value>3397895.242</value>
          </Data>
          <Data name="Longitude">
            <value>76.2233648</value>
          </Data>
          <Data name="Latitude">
            <value>30.7081334</value>
          </Data>
        </ExtendedData>
        <Point>
          <coordinates>
            76.2233648,30.7081334,0
          </coordinates>
        </Point>
      </Placemark>
      <Placemark>
        <name>Chawa Pail/CHA</name>
        <description><![CDATA[East: 607,900.633<br>North: 3,403,498.798<br>Longitude: 76.1273974<br>Latitude: 30.7595617]]></description>
        <styleUrl>#icon-1899-9C27B0-labelson</styleUrl>
        <ExtendedData>
          <Data name="East">
            <value>607900.633</value>
          </Data>
          <Data name="North">
            <value>3403498.798</value>
          </Data>
          <Data name="Longitude">
            <value>76.1273974</value>
          </Data>
          <Data name="Latitude">
            <value>30.7595617</value>
          </Data>
        </ExtendedData>
        <Point>
          <coordinates>
            76.1273974,30.7595617,0
          </coordinates>
        </Point>
      </Placemark>
      <Placemark>
        <name>Doraha/DOA</name>
        <description><![CDATA[East: 599,843.787<br>North: 3,408,315.325<br>Longitude: 76.043697<br>Latitude: 30.8037208]]></description>
        <styleUrl>#icon-1899-9C27B0-labelson</styleUrl>
        <ExtendedData>
          <Data name="East">
            <value>599843.787</value>
          </Data>
          <Data name="North">
            <value>3408315.325</value>
          </Data>
          <Data name="Longitude">
            <value>76.043697</value>
          </Data>
          <Data name="Latitude">
            <value>30.8037208</value>
          </Data>
        </ExtendedData>
        <Point>
          <coordinates>
            76.043697,30.8037208,0
          </coordinates>
        </Point>
      </Placemark>
      <Placemark>
        <name>Sanehwal/SNL</name>
        <description><![CDATA[East: 593,617.393<br>North: 3,412,040.519<br>Longitude: 75.9789598<br>Latitude: 30.8378379]]></description>
        <styleUrl>#icon-1899-9C27B0-labelson</styleUrl>
        <ExtendedData>
          <Data name="East">
            <value>593617.393</value>
          </Data>
          <Data name="North">
            <value>3412040.519</value>
          </Data>
          <Data name="Longitude">
            <value>75.9789598</value>
          </Data>
          <Data name="Latitude">
            <value>30.8378379</value>
          </Data>
        </ExtendedData>
        <Point>
          <coordinates>
            75.9789598,30.8378379,0
          </coordinates>
        </Point>
      </Placemark>
    </Folder>
    <Folder>
      <name>DFCC CHAINAGE</name>
      <Placemark>
        <name>CH: 116435</name>
        <description><![CDATA[EAST: 739,492.778<br>NORT: 3,320,511.718<br>Longitude: 77.48255007<br>Latitude: 29.99216418]]></description>
        <styleUrl>#icon-1899-AFB42B-labelson</styleUrl>
        <ExtendedData>
          <Data name="EAST">
            <value>739492.778</value>
          </Data>
          <Data name="NORT">
            <value>3320511.718</value>
          </Data>
          <Data name="Longitude">
            <value>77.48255007</value>
          </Data>
          <Data name="Latitude">
            <value>29.99216418</value>
          </Data>
        </ExtendedData>
        <Point>
          <coordinates>
            77.48255007,29.99216418,0
          </coordinates>
        </Point>
      </Placemark>
      <Placemark>
        <name>CH: 117</name>
        <description><![CDATA[EAST: 739,006.078<br>NORT: 3,320,797.716<br>Longitude: 77.47757303<br>Latitude: 29.99483779]]></description>
        <styleUrl>#icon-1899-AFB42B-labelson</styleUrl>
        <ExtendedData>
          <Data name="EAST">
            <value>739006.078</value>
          </Data>
          <Data name="NORT">
            <value>3320797.716</value>
          </Data>
          <Data name="Longitude">
            <value>77.47757303</value>
          </Data>
          <Data name="Latitude">
            <value>29.99483779</value>
          </Data>
        </ExtendedData>
        <Point>
          <coordinates>
            77.47757303,29.99483779,0
          </coordinates>
        </Point>
      </Placemark>
      <Placemark>
        <name>CH: 118</name>
        <description><![CDATA[EAST: 738,139.907<br>NORT: 3,321,297.122<br>Longitude: 77.46871265<br>Latitude: 29.99950916]]></description>
        <styleUrl>#icon-1899-AFB42B-labelson</styleUrl>
        <ExtendedData>
          <Data name="EAST">
            <value>738139.907</value>
          </Data>
          <Data name="NORT">
            <value>3321297.122</value>
          </Data>
          <Data name="Longitude">
            <value>77.46871265</value>
          </Data>
          <Data name="Latitude">
            <value>29.99950916</value>
          </Data>
        </ExtendedData>
        <Point>
          <coordinates>
            77.46871265,29.99950916,0
          </coordinates>
        </Point>
      </Placemark>
      <Placemark>
        <name>CH: 119</name>
        <description><![CDATA[EAST: 737,284.009<br>NORT: 3,321,814.188<br>Longitude: 77.45996176<br>Latitude: 30.00433722]]></description>
        <styleUrl>#icon-1899-AFB42B-labelson</styleUrl>
        <ExtendedData>
          <Data name="EAST">
            <value>737284.009</value>
          </Data>
          <Data name="NORT">
            <value>3321814.188</value>
          </Data>
          <Data name="Longitude">
            <value>77.45996176</value>
          </Data>
          <Data name="Latitude">
            <value>30.00433722</value>
          </Data>
        </ExtendedData>
        <Point>
          <coordinates>
            77.45996176,30.00433722,0
          </coordinates>
        </Point>
      </Placemark>
      <Placemark>
        <name>CH: 120</name>
        <description><![CDATA[EAST: 736,423.537<br>NORT: 3,322,323.685<br>Longitude: 77.45116094<br>Latitude: 30.00909737]]></description>
        <styleUrl>#icon-1899-AFB42B-labelson</styleUrl>
        <ExtendedData>
          <Data name="EAST">
            <value>736423.537</value>
          </Data>
          <Data name="NORT">
            <value>3322323.685</value>
          </Data>
          <Data name="Longitude">
            <value>77.45116094</value>
          </Data>
          <Data name="Latitude">
            <value>30.00909737</value>
          </Data>
        </ExtendedData>
        <Point>
          <coordinates>
            77.45116094,30.00909737,0
          </coordinates>
        </Point>
      </Placemark>
      <Placemark>
        <name>CH: 0</name>
        <description><![CDATA[EAST: 735,649.867<br>NORT: 3,322,781.786<br>Longitude: 77.44324717<br>Latitude: 30.01337688]]></description>
        <styleUrl>#icon-1899-AFB42B-labelson</styleUrl>
        <ExtendedData>
          <Data name="EAST">
            <value>735649.867</value>
          </Data>
          <Data name="NORT">
            <value>3322781.786</value>
          </Data>
          <Data name="Longitude">
            <value>77.44324717</value>
          </Data>
          <Data name="Latitude">
            <value>30.01337688</value>
          </Data>
        </ExtendedData>
        <Point>
          <coordinates>
            77.44324717,30.01337688,0
          </coordinates>
        </Point>
      </Placemark>
      <Placemark>
        <name>CH: 1</name>
        <description><![CDATA[EAST: 734,789.395<br>NORT: 3,323,291.284<br>Longitude: 77.4344447<br>Latitude: 30.01813601]]></description>
        <styleUrl>#icon-1899-AFB42B-labelson</styleUrl>
        <ExtendedData>
          <Data name="EAST">
            <value>734789.395</value>
          </Data>
          <Data name="NORT">
            <value>3323291.284</value>
          </Data>
          <Data name="Longitude">
            <value>77.4344447</value>
          </Data>
          <Data name="Latitude">
            <value>30.01813601</value>
          </Data>
        </ExtendedData>
        <Point>
          <coordinates>
            77.4344447,30.01813601,0
          </coordinates>
        </Point>
      </Placemark>
      <Placemark>
        <name>CH: 2</name>
        <description><![CDATA[EAST: 733,927.146<br>NORT: 3,323,797.351<br>Longitude: 77.42562219<br>Latitude: 30.022864]]></description>
        <styleUrl>#icon-1899-AFB42B-labelson</styleUrl>
        <ExtendedData>
          <Data name="EAST">
            <value>733927.146</value>
          </Data>
          <Data name="NORT">
            <value>3323797.351</value>
          </Data>
          <Data name="Longitude">
            <value>77.42562219</value>
          </Data>
          <Data name="Latitude">
            <value>30.022864</value>
          </Data>
        </ExtendedData>
        <Point>
          <coordinates>
            77.42562219,30.022864,0
          </coordinates>
        </Point>
      </Placemark>
      <Placemark>
        <name>CH: 3</name>
        <description><![CDATA[EAST: 733,072.403<br>NORT: 3,324,316.198<br>Longitude: 77.41687939<br>Latitude: 30.02770524]]></description>
        <styleUrl>#icon-1899-AFB42B-labelson</styleUrl>
        <ExtendedData>
          <Data name="EAST">
            <value>733072.403</value>
          </Data>
          <Data name="NORT">
            <value>3324316.198</value>
          </Data>
          <Data name="Longitude">
            <value>77.41687939</value>
          </Data>
          <Data name="Latitude">
            <value>30.02770524</value>
          </Data>
        </ExtendedData>
        <Point>
          <coordinates>
            77.41687939,30.02770524,0
          </coordinates>
        </Point>
      </Placemark>
      <Placemark>
        <name>CH: 4</name>
        <description><![CDATA[EAST: 732,209.976<br>NORT: 3,324,822.345<br>Longitude: 77.40805332<br>Latitude: 30.03243289]]></description>
        <styleUrl>#icon-1899-AFB42B-labelson</styleUrl>
        <ExtendedData>
          <Data name="EAST">
            <value>732209.976</value>
          </Data>
          <Data name="NORT">
            <value>3324822.345</value>
          </Data>
          <Data name="Longitude">
            <value>77.40805332</value>
          </Data>
          <Data name="Latitude">
            <value>30.03243289</value>
          </Data>
        </ExtendedData>
        <Point>
          <coordinates>
            77.40805332,30.03243289,0
          </coordinates>
        </Point>
      </Placemark>
      <Placemark>
        <name>CH: 5</name>
        <description><![CDATA[EAST: 731,351.222<br>NORT: 3,325,334.68<br>Longitude: 77.39926579<br>Latitude: 30.03721509]]></description>
        <styleUrl>#icon-1899-AFB42B-labelson</styleUrl>
        <ExtendedData>
          <Data name="EAST">
            <value>731351.222</value>
          </Data>
          <Data name="NORT">
            <value>3325334.68</value>
          </Data>
          <Data name="Longitude">
            <value>77.39926579</value>
          </Data>
          <Data name="Latitude">
            <value>30.03721509</value>
          </Data>
        </ExtendedData>
        <Point>
          <coordinates>
            77.39926579,30.03721509,0
          </coordinates>
        </Point>
      </Placemark>
      <Placemark>
        <name>CH: 6</name>
        <description><![CDATA[EAST: 730,488.794<br>NORT: 3,325,840.825<br>Longitude: 77.39043798<br>Latitude: 30.04194162]]></description>
        <styleUrl>#icon-1899-AFB42B-labelson</styleUrl>
        <ExtendedData>
          <Data name="EAST">
            <value>730488.794</value>
          </Data>
          <Data name="NORT">
            <value>3325840.825</value>
          </Data>
          <Data name="Longitude">
            <value>77.39043798</value>
          </Data>
          <Data name="Latitude">
            <value>30.04194162</value>
          </Data>
        </ExtendedData>
        <Point>
          <coordinates>
            77.39043798,30.04194162,0
          </coordinates>
        </Point>
      </Placemark>
      <Placemark>
        <name>CH: 7</name>
        <description><![CDATA[EAST: 729,630.03<br>NORT: 3,326,353.168<br>Longitude: 77.38164861<br>Latitude: 30.04672281]]></description>
        <styleUrl>#icon-1899-AFB42B-labelson</styleUrl>
        <ExtendedData>
          <Data name="EAST">
            <value>729630.03</value>
          </Data>
          <Data name="NORT">
            <value>3326353.168</value>
          </Data>
          <Data name="Longitude">
            <value>77.38164861</value>
          </Data>
          <Data name="Latitude">
            <value>30.04672281</value>
          </Data>
        </ExtendedData>
        <Point>
          <coordinates>
            77.38164861,30.04672281,0
          </coordinates>
        </Point>
      </Placemark>
      <Placemark>
        <name>CH: 8</name>
        <description><![CDATA[EAST: 728,769.415<br>NORT: 3,326,862.424<br>Longitude: 77.37283852<br>Latitude: 30.05147595]]></description>
        <styleUrl>#icon-1899-AFB42B-labelson</styleUrl>
        <ExtendedData>
          <Data name="EAST">
            <value>728769.415</value>
          </Data>
          <Data name="NORT">
            <value>3326862.424</value>
          </Data>
          <Data name="Longitude">
            <value>77.37283852</value>
          </Data>
          <Data name="Latitude">
            <value>30.05147595</value>
          </Data>
        </ExtendedData>
        <Point>
          <coordinates>
            77.37283852,30.05147595,0
          </coordinates>
        </Point>
      </Placemark>
      <Placemark>
        <name>CH: 9</name>
        <description><![CDATA[EAST: 727,953.733<br>NORT: 3,327,436.058<br>Longitude: 77.3645071<br>Latitude: 30.05680066]]></description>
        <styleUrl>#icon-1899-AFB42B-labelson</styleUrl>
        <ExtendedData>
          <Data name="EAST">
            <value>727953.733</value>
          </Data>
          <Data name="NORT">
            <value>3327436.058</value>
          </Data>
          <Data name="Longitude">
            <value>77.3645071</value>
          </Data>
          <Data name="Latitude">
            <value>30.05680066</value>
          </Data>
        </ExtendedData>
        <Point>
          <coordinates>
            77.3645071,30.05680066,0
          </coordinates>
        </Point>
      </Placemark>
      <Placemark>
        <name>CH: 10</name>
        <description><![CDATA[EAST: 727,344.269<br>NORT: 3,328,224.588<br>Longitude: 77.35835839<br>Latitude: 30.06402422]]></description>
        <styleUrl>#icon-1899-AFB42B-labelson</styleUrl>
        <ExtendedData>
          <Data name="EAST">
            <value>727344.269</value>
          </Data>
          <Data name="NORT">
            <value>3328224.588</value>
          </Data>
          <Data name="Longitude">
            <value>77.35835839</value>
          </Data>
          <Data name="Latitude">
            <value>30.06402422</value>
          </Data>
        </ExtendedData>
        <Point>
          <coordinates>
            77.35835839,30.06402422,0
          </coordinates>
        </Point>
      </Placemark>
      <Placemark>
        <name>CH: 11</name>
        <description><![CDATA[EAST: 726,709.309<br>NORT: 3,328,996.549<br>Longitude: 77.35194095<br>Latitude: 30.07110287]]></description>
        <styleUrl>#icon-1899-AFB42B-labelson</styleUrl>
        <ExtendedData>
          <Data name="EAST">
            <value>726709.309</value>
          </Data>
          <Data name="NORT">
            <value>3328996.549</value>
          </Data>
          <Data name="Longitude">
            <value>77.35194095</value>
          </Data>
          <Data name="Latitude">
            <value>30.07110287</value>
          </Data>
        </ExtendedData>
        <Point>
          <coordinates>
            77.35194095,30.07110287,0
          </coordinates>
        </Point>
      </Placemark>
      <Placemark>
        <name>CH: 12</name>
        <description><![CDATA[EAST: 725,999.696<br>NORT: 3,329,700.218<br>Longitude: 77.34473409<br>Latitude: 30.07757928]]></description>
        <styleUrl>#icon-1899-AFB42B-labelson</styleUrl>
        <ExtendedData>
          <Data name="EAST">
            <value>725999.696</value>
          </Data>
          <Data name="NORT">
            <value>3329700.218</value>
          </Data>
          <Data name="Longitude">
            <value>77.34473409</value>
          </Data>
          <Data name="Latitude">
            <value>30.07757928</value>
          </Data>
        </ExtendedData>
        <Point>
          <coordinates>
            77.34473409,30.07757928,0
          </coordinates>
        </Point>
      </Placemark>
      <Placemark>
        <name>CH: 13</name>
        <description><![CDATA[EAST: 725,351.563<br>NORT: 3,330,461.695<br>Longitude: 77.33817601<br>Latitude: 30.08456524]]></description>
        <styleUrl>#icon-1899-AFB42B-labelson</styleUrl>
        <ExtendedData>
          <Data name="EAST">
            <value>725351.563</value>
          </Data>
          <Data name="NORT">
            <value>3330461.695</value>
          </Data>
          <Data name="Longitude">
            <value>77.33817601</value>
          </Data>
          <Data name="Latitude">
            <value>30.08456524</value>
          </Data>
        </ExtendedData>
        <Point>
          <coordinates>
            77.33817601,30.08456524,0
          </coordinates>
        </Point>
      </Placemark>
      <Placemark>
        <name>CH: 14</name>
        <description><![CDATA[EAST: 724,705.297<br>NORT: 3,331,224.807<br>Longitude: 77.33163673<br>Latitude: 30.09156532]]></description>
        <styleUrl>#icon-1899-AFB42B-labelson</styleUrl>
        <ExtendedData>
          <Data name="EAST">
            <value>724705.297</value>
          </Data>
          <Data name="NORT">
            <value>3331224.807</value>
          </Data>
          <Data name="Longitude">
            <value>77.33163673</value>
          </Data>
          <Data name="Latitude">
            <value>30.09156532</value>
          </Data>
        </ExtendedData>
        <Point>
          <coordinates>
            77.33163673,30.09156532,0
          </coordinates>
        </Point>
      </Placemark>
      <Placemark>
        <name>CH: 15</name>
        <description><![CDATA[EAST: 723,951.201<br>NORT: 3,331,874.551<br>Longitude: 77.32395441<br>Latitude: 30.09756267]]></description>
        <styleUrl>#icon-1899-AFB42B-labelson</styleUrl>
        <ExtendedData>
          <Data name="EAST">
            <value>723951.201</value>
          </Data>
          <Data name="NORT">
            <value>3331874.551</value>
          </Data>
          <Data name="Longitude">
            <value>77.32395441</value>
          </Data>
          <Data name="Latitude">
            <value>30.09756267</value>
          </Data>
        </ExtendedData>
        <Point>
          <coordinates>
            77.32395441,30.09756267,0
          </coordinates>
        </Point>
      </Placemark>
      <Placemark>
        <name>CH: 16</name>
        <description><![CDATA[EAST: 723,089.425<br>NORT: 3,332,381.839<br>Longitude: 77.31512449<br>Latitude: 30.10229476]]></description>
        <styleUrl>#icon-1899-AFB42B-labelson</styleUrl>
        <ExtendedData>
          <Data name="EAST">
            <value>723089.425</value>
          </Data>
          <Data name="NORT">
            <value>3332381.839</value>
          </Data>
          <Data name="Longitude">
            <value>77.31512449</value>
          </Data>
          <Data name="Latitude">
            <value>30.10229476</value>
          </Data>
        </ExtendedData>
        <Point>
          <coordinates>
            77.31512449,30.10229476,0
          </coordinates>
        </Point>
      </Placemark>
      <Placemark>
        <name>CH: 17</name>
        <description><![CDATA[EAST: 722,227.511<br>NORT: 3,332,888.892<br>Longitude: 77.30629222<br>Latitude: 30.10702421]]></description>
        <styleUrl>#icon-1899-AFB42B-labelson</styleUrl>
        <ExtendedData>
          <Data name="EAST">
            <value>722227.511</value>
          </Data>
          <Data name="NORT">
            <value>3332888.892</value>
          </Data>
          <Data name="Longitude">
            <value>77.30629222</value>
          </Data>
          <Data name="Latitude">
            <value>30.10702421</value>
          </Data>
        </ExtendedData>
        <Point>
          <coordinates>
            77.30629222,30.10702421,0
          </coordinates>
        </Point>
      </Placemark>
      <Placemark>
        <name>CH: 18</name>
        <description><![CDATA[EAST: 721,362.083<br>NORT: 3,333,389.545<br>Longitude: 77.29742131<br>Latitude: 30.11169604]]></description>
        <styleUrl>#icon-1899-AFB42B-labelson</styleUrl>
        <ExtendedData>
          <Data name="EAST">
            <value>721362.083</value>
          </Data>
          <Data name="NORT">
            <value>3333389.545</value>
          </Data>
          <Data name="Longitude">
            <value>77.29742131</value>
          </Data>
          <Data name="Latitude">
            <value>30.11169604</value>
          </Data>
        </ExtendedData>
        <Point>
          <coordinates>
            77.29742131,30.11169604,0
          </coordinates>
        </Point>
      </Placemark>
      <Placemark>
        <name>CH: 19</name>
        <description><![CDATA[EAST: 720,471.599<br>NORT: 3,333,840.555<br>Longitude: 77.28827932<br>Latitude: 30.11592419]]></description>
        <styleUrl>#icon-1899-AFB42B-labelson</styleUrl>
        <ExtendedData>
          <Data name="EAST">
            <value>720471.599</value>
          </Data>
          <Data name="NORT">
            <value>3333840.555</value>
          </Data>
          <Data name="Longitude">
            <value>77.28827932</value>
          </Data>
          <Data name="Latitude">
            <value>30.11592419</value>
          </Data>
        </ExtendedData>
        <Point>
          <coordinates>
            77.28827932,30.11592419,0
          </coordinates>
        </Point>
      </Placemark>
      <Placemark>
        <name>CH: 20</name>
        <description><![CDATA[EAST: 719,641.584<br>NORT: 3,334,392.176<br>Longitude: 77.27978459<br>Latitude: 30.12104809]]></description>
        <styleUrl>#icon-1899-AFB42B-labelson</styleUrl>
        <ExtendedData>
          <Data name="EAST">
            <value>719641.584</value>
          </Data>
          <Data name="NORT">
            <value>3334392.176</value>
          </Data>
          <Data name="Longitude">
            <value>77.27978459</value>
          </Data>
          <Data name="Latitude">
            <value>30.12104809</value>
          </Data>
        </ExtendedData>
        <Point>
          <coordinates>
            77.27978459,30.12104809,0
          </coordinates>
        </Point>
      </Placemark>
      <Placemark>
        <name>CH: 21</name>
        <description><![CDATA[EAST: 718,720.278<br>NORT: 3,334,780.889<br>Longitude: 77.27030836<br>Latitude: 30.12471887]]></description>
        <styleUrl>#icon-1899-AFB42B-labelson</styleUrl>
        <ExtendedData>
          <Data name="EAST">
            <value>718720.278</value>
          </Data>
          <Data name="NORT">
            <value>3334780.889</value>
          </Data>
          <Data name="Longitude">
            <value>77.27030836</value>
          </Data>
          <Data name="Latitude">
            <value>30.12471887</value>
          </Data>
        </ExtendedData>
        <Point>
          <coordinates>
            77.27030836,30.12471887,0
          </coordinates>
        </Point>
      </Placemark>
      <Placemark>
        <name>CH: 22</name>
        <description><![CDATA[EAST: 717,796.789<br>NORT: 3,335,164.481<br>Longitude: 77.26080768<br>Latitude: 30.12834321]]></description>
        <styleUrl>#icon-1899-AFB42B-labelson</styleUrl>
        <ExtendedData>
          <Data name="EAST">
            <value>717796.789</value>
          </Data>
          <Data name="NORT">
            <value>3335164.481</value>
          </Data>
          <Data name="Longitude">
            <value>77.26080768</value>
          </Data>
          <Data name="Latitude">
            <value>30.12834321</value>
          </Data>
        </ExtendedData>
        <Point>
          <coordinates>
            77.26080768,30.12834321,0
          </coordinates>
        </Point>
      </Placemark>
      <Placemark>
        <name>CH: 23</name>
        <description><![CDATA[EAST: 716,870.605<br>NORT: 3,335,541.443<br>Longitude: 77.25127696<br>Latitude: 30.13190759]]></description>
        <styleUrl>#icon-1899-AFB42B-labelson</styleUrl>
        <ExtendedData>
          <Data name="EAST">
            <value>716870.605</value>
          </Data>
          <Data name="NORT">
            <value>3335541.443</value>
          </Data>
          <Data name="Longitude">
            <value>77.25127696</value>
          </Data>
          <Data name="Latitude">
            <value>30.13190759</value>
          </Data>
        </ExtendedData>
        <Point>
          <coordinates>
            77.25127696,30.13190759,0
          </coordinates>
        </Point>
      </Placemark>
      <Placemark>
        <name>CH: 24</name>
        <description><![CDATA[EAST: 715,946.395<br>NORT: 3,335,923.243<br>Longitude: 77.24176697<br>Latitude: 30.13551459]]></description>
        <styleUrl>#icon-1899-AFB42B-labelson</styleUrl>
        <ExtendedData>
          <Data name="EAST">
            <value>715946.395</value>
          </Data>
          <Data name="NORT">
            <value>3335923.243</value>
          </Data>
          <Data name="Longitude">
            <value>77.24176697</value>
          </Data>
          <Data name="Latitude">
            <value>30.13551459</value>
          </Data>
        </ExtendedData>
        <Point>
          <coordinates>
            77.24176697,30.13551459,0
          </coordinates>
        </Point>
      </Placemark>
      <Placemark>
        <name>CH: 25</name>
        <description><![CDATA[EAST: 715,021.744<br>NORT: 3,336,304.051<br>Longitude: 77.23225149<br>Latitude: 30.13911206]]></description>
        <styleUrl>#icon-1899-AFB42B-labelson</styleUrl>
        <ExtendedData>
          <Data name="EAST">
            <value>715021.744</value>
          </Data>
          <Data name="NORT">
            <value>3336304.051</value>
          </Data>
          <Data name="Longitude">
            <value>77.23225149</value>
          </Data>
          <Data name="Latitude">
            <value>30.13911206</value>
          </Data>
        </ExtendedData>
        <Point>
          <coordinates>
            77.23225149,30.13911206,0
          </coordinates>
        </Point>
      </Placemark>
      <Placemark>
        <name>CH: 26</name>
        <description><![CDATA[EAST: 714,097.686<br>NORT: 3,336,686.302<br>Longitude: 77.22274171<br>Latitude: 30.14272179]]></description>
        <styleUrl>#icon-1899-AFB42B-labelson</styleUrl>
        <ExtendedData>
          <Data name="EAST">
            <value>714097.686</value>
          </Data>
          <Data name="NORT">
            <value>3336686.302</value>
          </Data>
          <Data name="Longitude">
            <value>77.22274171</value>
          </Data>
          <Data name="Latitude">
            <value>30.14272179</value>
          </Data>
        </ExtendedData>
        <Point>
          <coordinates>
            77.22274171,30.14272179,0
          </coordinates>
        </Point>
      </Placemark>
      <Placemark>
        <name>CH: 27</name>
        <description><![CDATA[EAST: 713,173.627<br>NORT: 3,337,068.552<br>Longitude: 77.2132312<br>Latitude: 30.14633085]]></description>
        <styleUrl>#icon-1899-AFB42B-labelson</styleUrl>
        <ExtendedData>
          <Data name="EAST">
            <value>713173.627</value>
          </Data>
          <Data name="NORT">
            <value>3337068.552</value>
          </Data>
          <Data name="Longitude">
            <value>77.2132312</value>
          </Data>
          <Data name="Latitude">
            <value>30.14633085</value>
          </Data>
        </ExtendedData>
        <Point>
          <coordinates>
            77.2132312,30.14633085,0
          </coordinates>
        </Point>
      </Placemark>
      <Placemark>
        <name>CH: 28</name>
        <description><![CDATA[EAST: 712,249.382<br>NORT: 3,337,450.342<br>Longitude: 77.20371793<br>Latitude: 30.14993514]]></description>
        <styleUrl>#icon-1899-AFB42B-labelson</styleUrl>
        <ExtendedData>
          <Data name="EAST">
            <value>712249.382</value>
          </Data>
          <Data name="NORT">
            <value>3337450.342</value>
          </Data>
          <Data name="Longitude">
            <value>77.20371793</value>
          </Data>
          <Data name="Latitude">
            <value>30.14993514</value>
          </Data>
        </ExtendedData>
        <Point>
          <coordinates>
            77.20371793,30.14993514,0
          </coordinates>
        </Point>
      </Placemark>
      <Placemark>
        <name>CH: 29</name>
        <description><![CDATA[EAST: 711,325.927<br>NORT: 3,337,834.043<br>Longitude: 77.19421252<br>Latitude: 30.15355586]]></description>
        <styleUrl>#icon-1899-AFB42B-labelson</styleUrl>
        <ExtendedData>
          <Data name="EAST">
            <value>711325.927</value>
          </Data>
          <Data name="NORT">
            <value>3337834.043</value>
          </Data>
          <Data name="Longitude">
            <value>77.19421252</value>
          </Data>
          <Data name="Latitude">
            <value>30.15355586</value>
          </Data>
        </ExtendedData>
        <Point>
          <coordinates>
            77.19421252,30.15355586,0
          </coordinates>
        </Point>
      </Placemark>
      <Placemark>
        <name>CH: 30</name>
        <description><![CDATA[EAST: 710,402.606<br>NORT: 3,338,218.06<br>Longitude: 77.18470782<br>Latitude: 30.15717876]]></description>
        <styleUrl>#icon-1899-AFB42B-labelson</styleUrl>
        <ExtendedData>
          <Data name="EAST">
            <value>710402.606</value>
          </Data>
          <Data name="NORT">
            <value>3338218.06</value>
          </Data>
          <Data name="Longitude">
            <value>77.18470782</value>
          </Data>
          <Data name="Latitude">
            <value>30.15717876</value>
          </Data>
        </ExtendedData>
        <Point>
          <coordinates>
            77.18470782,30.15717876,0
          </coordinates>
        </Point>
      </Placemark>
      <Placemark>
        <name>CH: 31</name>
        <description><![CDATA[EAST: 709,478.232<br>NORT: 3,338,599.544<br>Longitude: 77.17519097<br>Latitude: 30.16077834]]></description>
        <styleUrl>#icon-1899-AFB42B-labelson</styleUrl>
        <ExtendedData>
          <Data name="EAST">
            <value>709478.232</value>
          </Data>
          <Data name="NORT">
            <value>3338599.544</value>
          </Data>
          <Data name="Longitude">
            <value>77.17519097</value>
          </Data>
          <Data name="Latitude">
            <value>30.16077834</value>
          </Data>
        </ExtendedData>
        <Point>
          <coordinates>
            77.17519097,30.16077834,0
          </coordinates>
        </Point>
      </Placemark>
      <Placemark>
        <name>CH: 32</name>
        <description><![CDATA[EAST: 708,553.686<br>NORT: 3,338,980.611<br>Longitude: 77.16567152<br>Latitude: 30.16437353]]></description>
        <styleUrl>#icon-1899-AFB42B-labelson</styleUrl>
        <ExtendedData>
          <Data name="EAST">
            <value>708553.686</value>
          </Data>
          <Data name="NORT">
            <value>3338980.611</value>
          </Data>
          <Data name="Longitude">
            <value>77.16567152</value>
          </Data>
          <Data name="Latitude">
            <value>30.16437353</value>
          </Data>
        </ExtendedData>
        <Point>
          <coordinates>
            77.16567152,30.16437353,0
          </coordinates>
        </Point>
      </Placemark>
      <Placemark>
        <name>CH: 33</name>
        <description><![CDATA[EAST: 707,629.905<br>NORT: 3,339,363.527<br>Longitude: 77.15615964<br>Latitude: 30.1679846]]></description>
        <styleUrl>#icon-1899-AFB42B-labelson</styleUrl>
        <ExtendedData>
          <Data name="EAST">
            <value>707629.905</value>
          </Data>
          <Data name="NORT">
            <value>3339363.527</value>
          </Data>
          <Data name="Longitude">
            <value>77.15615964</value>
          </Data>
          <Data name="Latitude">
            <value>30.1679846</value>
          </Data>
        </ExtendedData>
        <Point>
          <coordinates>
            77.15615964,30.1679846,0
          </coordinates>
        </Point>
      </Placemark>
      <Placemark>
        <name>CH: 34</name>
        <description><![CDATA[EAST: 706,708.022<br>NORT: 3,339,750.982<br>Longitude: 77.14666762<br>Latitude: 30.17163562]]></description>
        <styleUrl>#icon-1899-AFB42B-labelson</styleUrl>
        <ExtendedData>
          <Data name="EAST">
            <value>706708.022</value>
          </Data>
          <Data name="NORT">
            <value>3339750.982</value>
          </Data>
          <Data name="Longitude">
            <value>77.14666762</value>
          </Data>
          <Data name="Latitude">
            <value>30.17163562</value>
          </Data>
        </ExtendedData>
        <Point>
          <coordinates>
            77.14666762,30.17163562,0
          </coordinates>
        </Point>
      </Placemark>
      <Placemark>
        <name>CH: 35</name>
        <description><![CDATA[EAST: 705,784.131<br>NORT: 3,340,133.64<br>Longitude: 77.13715309<br>Latitude: 30.17524307]]></description>
        <styleUrl>#icon-1899-AFB42B-labelson</styleUrl>
        <ExtendedData>
          <Data name="EAST">
            <value>705784.131</value>
          </Data>
          <Data name="NORT">
            <value>3340133.64</value>
          </Data>
          <Data name="Longitude">
            <value>77.13715309</value>
          </Data>
          <Data name="Latitude">
            <value>30.17524307</value>
          </Data>
        </ExtendedData>
        <Point>
          <coordinates>
            77.13715309,30.17524307,0
          </coordinates>
        </Point>
      </Placemark>
      <Placemark>
        <name>CH: 36</name>
        <description><![CDATA[EAST: 704,856.704<br>NORT: 3,340,507.436<br>Longitude: 77.1275994<br>Latitude: 30.17877054]]></description>
        <styleUrl>#icon-1899-AFB42B-labelson</styleUrl>
        <ExtendedData>
          <Data name="EAST">
            <value>704856.704</value>
          </Data>
          <Data name="NORT">
            <value>3340507.436</value>
          </Data>
          <Data name="Longitude">
            <value>77.1275994</value>
          </Data>
          <Data name="Latitude">
            <value>30.17877054</value>
          </Data>
        </ExtendedData>
        <Point>
          <coordinates>
            77.1275994,30.17877054,0
          </coordinates>
        </Point>
      </Placemark>
      <Placemark>
        <name>CH: 37</name>
        <description><![CDATA[EAST: 703,932.611<br>NORT: 3,340,889.591<br>Longitude: 77.11808122<br>Latitude: 30.18237217]]></description>
        <styleUrl>#icon-1899-AFB42B-labelson</styleUrl>
        <ExtendedData>
          <Data name="EAST">
            <value>703932.611</value>
          </Data>
          <Data name="NORT">
            <value>3340889.591</value>
          </Data>
          <Data name="Longitude">
            <value>77.11808122</value>
          </Data>
          <Data name="Latitude">
            <value>30.18237217</value>
          </Data>
        </ExtendedData>
        <Point>
          <coordinates>
            77.11808122,30.18237217,0
          </coordinates>
        </Point>
      </Placemark>
      <Placemark>
        <name>CH: 38</name>
        <description><![CDATA[EAST: 703,012.207<br>NORT: 3,341,280.344<br>Longitude: 77.10860226<br>Latitude: 30.18605005]]></description>
        <styleUrl>#icon-1899-AFB42B-labelson</styleUrl>
        <ExtendedData>
          <Data name="EAST">
            <value>703012.207</value>
          </Data>
          <Data name="NORT">
            <value>3341280.344</value>
          </Data>
          <Data name="Longitude">
            <value>77.10860226</value>
          </Data>
          <Data name="Latitude">
            <value>30.18605005</value>
          </Data>
        </ExtendedData>
        <Point>
          <coordinates>
            77.10860226,30.18605005,0
          </coordinates>
        </Point>
      </Placemark>
      <Placemark>
        <name>CH: 39</name>
        <description><![CDATA[EAST: 702,088.649<br>NORT: 3,341,663.801<br>Longitude: 77.09908842<br>Latitude: 30.18966202]]></description>
        <styleUrl>#icon-1899-AFB42B-labelson</styleUrl>
        <ExtendedData>
          <Data name="EAST">
            <value>702088.649</value>
          </Data>
          <Data name="NORT">
            <value>3341663.801</value>
          </Data>
          <Data name="Longitude">
            <value>77.09908842</value>
          </Data>
          <Data name="Latitude">
            <value>30.18966202</value>
          </Data>
        </ExtendedData>
        <Point>
          <coordinates>
            77.09908842,30.18966202,0
          </coordinates>
        </Point>
      </Placemark>
      <Placemark>
        <name>CH: 40</name>
        <description><![CDATA[EAST: 701,165.09<br>NORT: 3,342,047.259<br>Longitude: 77.08957384<br>Latitude: 30.19327333]]></description>
        <styleUrl>#icon-1899-AFB42B-labelson</styleUrl>
        <ExtendedData>
          <Data name="EAST">
            <value>701165.09</value>
          </Data>
          <Data name="NORT">
            <value>3342047.259</value>
          </Data>
          <Data name="Longitude">
            <value>77.08957384</value>
          </Data>
          <Data name="Latitude">
            <value>30.19327333</value>
          </Data>
        </ExtendedData>
        <Point>
          <coordinates>
            77.08957384,30.19327333,0
          </coordinates>
        </Point>
      </Placemark>
      <Placemark>
        <name>CH: 41</name>
        <description><![CDATA[EAST: 700,241.532<br>NORT: 3,342,430.717<br>Longitude: 77.08005854<br>Latitude: 30.19688398]]></description>
        <styleUrl>#icon-1899-AFB42B-labelson</styleUrl>
        <ExtendedData>
          <Data name="EAST">
            <value>700241.532</value>
          </Data>
          <Data name="NORT">
            <value>3342430.717</value>
          </Data>
          <Data name="Longitude">
            <value>77.08005854</value>
          </Data>
          <Data name="Latitude">
            <value>30.19688398</value>
          </Data>
        </ExtendedData>
        <Point>
          <coordinates>
            77.08005854,30.19688398,0
          </coordinates>
        </Point>
      </Placemark>
      <Placemark>
        <name>CH: 42</name>
        <description><![CDATA[EAST: 699,317.46<br>NORT: 3,342,812.926<br>Longitude: 77.07053694<br>Latitude: 30.20048279]]></description>
        <styleUrl>#icon-1899-AFB42B-labelson</styleUrl>
        <ExtendedData>
          <Data name="EAST">
            <value>699317.46</value>
          </Data>
          <Data name="NORT">
            <value>3342812.926</value>
          </Data>
          <Data name="Longitude">
            <value>77.07053694</value>
          </Data>
          <Data name="Latitude">
            <value>30.20048279</value>
          </Data>
        </ExtendedData>
        <Point>
          <coordinates>
            77.07053694,30.20048279,0
          </coordinates>
        </Point>
      </Placemark>
      <Placemark>
        <name>CH: 43</name>
        <description><![CDATA[EAST: 698,393.902<br>NORT: 3,343,196.383<br>Longitude: 77.06102018<br>Latitude: 30.20409211]]></description>
        <styleUrl>#icon-1899-AFB42B-labelson</styleUrl>
        <ExtendedData>
          <Data name="EAST">
            <value>698393.902</value>
          </Data>
          <Data name="NORT">
            <value>3343196.383</value>
          </Data>
          <Data name="Longitude">
            <value>77.06102018</value>
          </Data>
          <Data name="Latitude">
            <value>30.20409211</value>
          </Data>
        </ExtendedData>
        <Point>
          <coordinates>
            77.06102018,30.20409211,0
          </coordinates>
        </Point>
      </Placemark>
      <Placemark>
        <name>CH: 44</name>
        <description><![CDATA[EAST: 697,470.343<br>NORT: 3,343,579.841<br>Longitude: 77.05150268<br>Latitude: 30.20770078]]></description>
        <styleUrl>#icon-1899-AFB42B-labelson</styleUrl>
        <ExtendedData>
          <Data name="EAST">
            <value>697470.343</value>
          </Data>
          <Data name="NORT">
            <value>3343579.841</value>
          </Data>
          <Data name="Longitude">
            <value>77.05150268</value>
          </Data>
          <Data name="Latitude">
            <value>30.20770078</value>
          </Data>
        </ExtendedData>
        <Point>
          <coordinates>
            77.05150268,30.20770078,0
          </coordinates>
        </Point>
      </Placemark>
      <Placemark>
        <name>CH: 45</name>
        <description><![CDATA[EAST: 696,543.523<br>NORT: 3,343,955.083<br>Longitude: 77.04194906<br>Latitude: 30.21123521]]></description>
        <styleUrl>#icon-1899-AFB42B-labelson</styleUrl>
        <ExtendedData>
          <Data name="EAST">
            <value>696543.523</value>
          </Data>
          <Data name="NORT">
            <value>3343955.083</value>
          </Data>
          <Data name="Longitude">
            <value>77.04194906</value>
          </Data>
          <Data name="Latitude">
            <value>30.21123521</value>
          </Data>
        </ExtendedData>
        <Point>
          <coordinates>
            77.04194906,30.21123521,0
          </coordinates>
        </Point>
      </Placemark>
      <Placemark>
        <name>CH: 46</name>
        <description><![CDATA[EAST: 695,623.546<br>NORT: 3,344,346.736<br>Longitude: 77.03246883<br>Latitude: 30.21491589]]></description>
        <styleUrl>#icon-1899-AFB42B-labelson</styleUrl>
        <ExtendedData>
          <Data name="EAST">
            <value>695623.546</value>
          </Data>
          <Data name="NORT">
            <value>3344346.736</value>
          </Data>
          <Data name="Longitude">
            <value>77.03246883</value>
          </Data>
          <Data name="Latitude">
            <value>30.21491589</value>
          </Data>
        </ExtendedData>
        <Point>
          <coordinates>
            77.03246883,30.21491589,0
          </coordinates>
        </Point>
      </Placemark>
      <Placemark>
        <name>CH: 47</name>
        <description><![CDATA[EAST: 694,700.367<br>NORT: 3,344,731.082<br>Longitude: 77.02295325<br>Latitude: 30.21853052]]></description>
        <styleUrl>#icon-1899-AFB42B-labelson</styleUrl>
        <ExtendedData>
          <Data name="EAST">
            <value>694700.367</value>
          </Data>
          <Data name="NORT">
            <value>3344731.082</value>
          </Data>
          <Data name="Longitude">
            <value>77.02295325</value>
          </Data>
          <Data name="Latitude">
            <value>30.21853052</value>
          </Data>
        </ExtendedData>
        <Point>
          <coordinates>
            77.02295325,30.21853052,0
          </coordinates>
        </Point>
      </Placemark>
      <Placemark>
        <name>CH: 48</name>
        <description><![CDATA[EAST: 693,776.749<br>NORT: 3,345,114.397<br>Longitude: 77.01343219<br>Latitude: 30.22213526]]></description>
        <styleUrl>#icon-1899-AFB42B-labelson</styleUrl>
        <ExtendedData>
          <Data name="EAST">
            <value>693776.749</value>
          </Data>
          <Data name="NORT">
            <value>3345114.397</value>
          </Data>
          <Data name="Longitude">
            <value>77.01343219</value>
          </Data>
          <Data name="Latitude">
            <value>30.22213526</value>
          </Data>
        </ExtendedData>
        <Point>
          <coordinates>
            77.01343219,30.22213526,0
          </coordinates>
        </Point>
      </Placemark>
      <Placemark>
        <name>CH: 49</name>
        <description><![CDATA[EAST: 692,853.144<br>NORT: 3,345,497.742<br>Longitude: 77.00391055<br>Latitude: 30.22573961]]></description>
        <styleUrl>#icon-1899-AFB42B-labelson</styleUrl>
        <ExtendedData>
          <Data name="EAST">
            <value>692853.144</value>
          </Data>
          <Data name="NORT">
            <value>3345497.742</value>
          </Data>
          <Data name="Longitude">
            <value>77.00391055</value>
          </Data>
          <Data name="Latitude">
            <value>30.22573961</value>
          </Data>
        </ExtendedData>
        <Point>
          <coordinates>
            77.00391055,30.22573961,0
          </coordinates>
        </Point>
      </Placemark>
      <Placemark>
        <name>CH: 50</name>
        <description><![CDATA[EAST: 691,976.503<br>NORT: 3,345,976.492<br>Longitude: 76.99489332<br>Latitude: 30.23019631]]></description>
        <styleUrl>#icon-1899-AFB42B-labelson</styleUrl>
        <ExtendedData>
          <Data name="EAST">
            <value>691976.503</value>
          </Data>
          <Data name="NORT">
            <value>3345976.492</value>
          </Data>
          <Data name="Longitude">
            <value>76.99489332</value>
          </Data>
          <Data name="Latitude">
            <value>30.23019631</value>
          </Data>
        </ExtendedData>
        <Point>
          <coordinates>
            76.99489332,30.23019631,0
          </coordinates>
        </Point>
      </Placemark>
      <Placemark>
        <name>CH: 51</name>
        <description><![CDATA[EAST: 691,119.809<br>NORT: 3,346,492.317<br>Longitude: 76.98608916<br>Latitude: 30.23498365]]></description>
        <styleUrl>#icon-1899-AFB42B-labelson</styleUrl>
        <ExtendedData>
          <Data name="EAST">
            <value>691119.809</value>
          </Data>
          <Data name="NORT">
            <value>3346492.317</value>
          </Data>
          <Data name="Longitude">
            <value>76.98608916</value>
          </Data>
          <Data name="Latitude">
            <value>30.23498365</value>
          </Data>
        </ExtendedData>
        <Point>
          <coordinates>
            76.98608916,30.23498365,0
          </coordinates>
        </Point>
      </Placemark>
      <Placemark>
        <name>CH: 52</name>
        <description><![CDATA[EAST: 690,263.115<br>NORT: 3,347,008.142<br>Longitude: 76.97728412<br>Latitude: 30.23977044]]></description>
        <styleUrl>#icon-1899-AFB42B-labelson</styleUrl>
        <ExtendedData>
          <Data name="EAST">
            <value>690263.115</value>
          </Data>
          <Data name="NORT">
            <value>3347008.142</value>
          </Data>
          <Data name="Longitude">
            <value>76.97728412</value>
          </Data>
          <Data name="Latitude">
            <value>30.23977044</value>
          </Data>
        </ExtendedData>
        <Point>
          <coordinates>
            76.97728412,30.23977044,0
          </coordinates>
        </Point>
      </Placemark>
      <Placemark>
        <name>CH: 53</name>
        <description><![CDATA[EAST: 689,427.2<br>NORT: 3,347,551.892<br>Longitude: 76.96869908<br>Latitude: 30.24480527]]></description>
        <styleUrl>#icon-1899-AFB42B-labelson</styleUrl>
        <ExtendedData>
          <Data name="EAST">
            <value>689427.2</value>
          </Data>
          <Data name="NORT">
            <value>3347551.892</value>
          </Data>
          <Data name="Longitude">
            <value>76.96869908</value>
          </Data>
          <Data name="Latitude">
            <value>30.24480527</value>
          </Data>
        </ExtendedData>
        <Point>
          <coordinates>
            76.96869908,30.24480527,0
          </coordinates>
        </Point>
      </Placemark>
      <Placemark>
        <name>CH: 54</name>
        <description><![CDATA[EAST: 688,576.566<br>NORT: 3,348,068.297<br>Longitude: 76.95995534<br>Latitude: 30.24959525]]></description>
        <styleUrl>#icon-1899-AFB42B-labelson</styleUrl>
        <ExtendedData>
          <Data name="EAST">
            <value>688576.566</value>
          </Data>
          <Data name="NORT">
            <value>3348068.297</value>
          </Data>
          <Data name="Longitude">
            <value>76.95995534</value>
          </Data>
          <Data name="Latitude">
            <value>30.24959525</value>
          </Data>
        </ExtendedData>
        <Point>
          <coordinates>
            76.95995534,30.24959525,0
          </coordinates>
        </Point>
      </Placemark>
      <Placemark>
        <name>CH: 55</name>
        <description><![CDATA[EAST: 687,718.39<br>NORT: 3,348,577.407<br>Longitude: 76.95113107<br>Latitude: 30.25432004]]></description>
        <styleUrl>#icon-1899-AFB42B-labelson</styleUrl>
        <ExtendedData>
          <Data name="EAST">
            <value>687718.39</value>
          </Data>
          <Data name="NORT">
            <value>3348577.407</value>
          </Data>
          <Data name="Longitude">
            <value>76.95113107</value>
          </Data>
          <Data name="Latitude">
            <value>30.25432004</value>
          </Data>
        </ExtendedData>
        <Point>
          <coordinates>
            76.95113107,30.25432004,0
          </coordinates>
        </Point>
      </Placemark>
      <Placemark>
        <name>CH: 56</name>
        <description><![CDATA[EAST: 686,893.031<br>NORT: 3,349,142.015<br>Longitude: 76.94265674<br>Latitude: 30.25953976]]></description>
        <styleUrl>#icon-1899-AFB42B-labelson</styleUrl>
        <ExtendedData>
          <Data name="EAST">
            <value>686893.031</value>
          </Data>
          <Data name="NORT">
            <value>3349142.015</value>
          </Data>
          <Data name="Longitude">
            <value>76.94265674</value>
          </Data>
          <Data name="Latitude">
            <value>30.25953976</value>
          </Data>
        </ExtendedData>
        <Point>
          <coordinates>
            76.94265674,30.25953976,0
          </coordinates>
        </Point>
      </Placemark>
      <Placemark>
        <name>CH: 57</name>
        <description><![CDATA[EAST: 686,065.762<br>NORT: 3,349,703.653<br>Longitude: 76.93416113<br>Latitude: 30.26473247]]></description>
        <styleUrl>#icon-1899-AFB42B-labelson</styleUrl>
        <ExtendedData>
          <Data name="EAST">
            <value>686065.762</value>
          </Data>
          <Data name="NORT">
            <value>3349703.653</value>
          </Data>
          <Data name="Longitude">
            <value>76.93416113</value>
          </Data>
          <Data name="Latitude">
            <value>30.26473247</value>
          </Data>
        </ExtendedData>
        <Point>
          <coordinates>
            76.93416113,30.26473247,0
          </coordinates>
        </Point>
      </Placemark>
      <Placemark>
        <name>CH: 58</name>
        <description><![CDATA[EAST: 685,244.559<br>NORT: 3,350,274.29<br>Longitude: 76.92572923<br>Latitude: 30.2700049]]></description>
        <styleUrl>#icon-1899-AFB42B-labelson</styleUrl>
        <ExtendedData>
          <Data name="EAST">
            <value>685244.559</value>
          </Data>
          <Data name="NORT">
            <value>3350274.29</value>
          </Data>
          <Data name="Longitude">
            <value>76.92572923</value>
          </Data>
          <Data name="Latitude">
            <value>30.2700049</value>
          </Data>
        </ExtendedData>
        <Point>
          <coordinates>
            76.92572923,30.2700049,0
          </coordinates>
        </Point>
      </Placemark>
      <Placemark>
        <name>CH: 59</name>
        <description><![CDATA[EAST: 684,419.283<br>NORT: 3,350,839.011<br>Longitude: 76.91725304<br>Latitude: 30.27522409]]></description>
        <styleUrl>#icon-1899-AFB42B-labelson</styleUrl>
        <ExtendedData>
          <Data name="EAST">
            <value>684419.283</value>
          </Data>
          <Data name="NORT">
            <value>3350839.011</value>
          </Data>
          <Data name="Longitude">
            <value>76.91725304</value>
          </Data>
          <Data name="Latitude">
            <value>30.27522409</value>
          </Data>
        </ExtendedData>
        <Point>
          <coordinates>
            76.91725304,30.27522409,0
          </coordinates>
        </Point>
      </Placemark>
      <Placemark>
        <name>CH: 60</name>
        <description><![CDATA[EAST: 683,593.142<br>NORT: 3,351,402.474<br>Longitude: 76.90876674<br>Latitude: 30.28043154]]></description>
        <styleUrl>#icon-1899-AFB42B-labelson</styleUrl>
        <ExtendedData>
          <Data name="EAST">
            <value>683593.142</value>
          </Data>
          <Data name="NORT">
            <value>3351402.474</value>
          </Data>
          <Data name="Longitude">
            <value>76.90876674</value>
          </Data>
          <Data name="Latitude">
            <value>30.28043154</value>
          </Data>
        </ExtendedData>
        <Point>
          <coordinates>
            76.90876674,30.28043154,0
          </coordinates>
        </Point>
      </Placemark>
      <Placemark>
        <name>CH: 61</name>
        <description><![CDATA[EAST: 682,767.001<br>NORT: 3,351,965.937<br>Longitude: 76.90027952<br>Latitude: 30.28563848]]></description>
        <styleUrl>#icon-1899-AFB42B-labelson</styleUrl>
        <ExtendedData>
          <Data name="EAST">
            <value>682767.001</value>
          </Data>
          <Data name="NORT">
            <value>3351965.937</value>
          </Data>
          <Data name="Longitude">
            <value>76.90027952</value>
          </Data>
          <Data name="Latitude">
            <value>30.28563848</value>
          </Data>
        </ExtendedData>
        <Point>
          <coordinates>
            76.90027952,30.28563848,0
          </coordinates>
        </Point>
      </Placemark>
      <Placemark>
        <name>CH: 62</name>
        <description><![CDATA[EAST: 681,940.859<br>NORT: 3,352,529.4<br>Longitude: 76.89179137<br>Latitude: 30.2908449]]></description>
        <styleUrl>#icon-1899-AFB42B-labelson</styleUrl>
        <ExtendedData>
          <Data name="EAST">
            <value>681940.859</value>
          </Data>
          <Data name="NORT">
            <value>3352529.4</value>
          </Data>
          <Data name="Longitude">
            <value>76.89179137</value>
          </Data>
          <Data name="Latitude">
            <value>30.2908449</value>
          </Data>
        </ExtendedData>
        <Point>
          <coordinates>
            76.89179137,30.2908449,0
          </coordinates>
        </Point>
      </Placemark>
      <Placemark>
        <name>CH: 63</name>
        <description><![CDATA[EAST: 681,110.634<br>NORT: 3,353,086.265<br>Longitude: 76.88325874<br>Latitude: 30.29599191]]></description>
        <styleUrl>#icon-1899-AFB42B-labelson</styleUrl>
        <ExtendedData>
          <Data name="EAST">
            <value>681110.634</value>
          </Data>
          <Data name="NORT">
            <value>3353086.265</value>
          </Data>
          <Data name="Longitude">
            <value>76.88325874</value>
          </Data>
          <Data name="Latitude">
            <value>30.29599191</value>
          </Data>
        </ExtendedData>
        <Point>
          <coordinates>
            76.88325874,30.29599191,0
          </coordinates>
        </Point>
      </Placemark>
      <Placemark>
        <name>CH: 64</name>
        <description><![CDATA[EAST: 680,284.234<br>NORT: 3,353,649.021<br>Longitude: 76.87476597<br>Latitude: 30.30119096]]></description>
        <styleUrl>#icon-1899-AFB42B-labelson</styleUrl>
        <ExtendedData>
          <Data name="EAST">
            <value>680284.234</value>
          </Data>
          <Data name="NORT">
            <value>3353649.021</value>
          </Data>
          <Data name="Longitude">
            <value>76.87476597</value>
          </Data>
          <Data name="Latitude">
            <value>30.30119096</value>
          </Data>
        </ExtendedData>
        <Point>
          <coordinates>
            76.87476597,30.30119096,0
          </coordinates>
        </Point>
      </Placemark>
      <Placemark>
        <name>CH: 65</name>
        <description><![CDATA[EAST: 679,427.907<br>NORT: 3,354,165.26<br>Longitude: 76.86595326<br>Latitude: 30.30597437]]></description>
        <styleUrl>#icon-1899-AFB42B-labelson</styleUrl>
        <ExtendedData>
          <Data name="EAST">
            <value>679427.907</value>
          </Data>
          <Data name="NORT">
            <value>3354165.26</value>
          </Data>
          <Data name="Longitude">
            <value>76.86595326</value>
          </Data>
          <Data name="Latitude">
            <value>30.30597437</value>
          </Data>
        </ExtendedData>
        <Point>
          <coordinates>
            76.86595326,30.30597437,0
          </coordinates>
        </Point>
      </Placemark>
      <Placemark>
        <name>CH: 66</name>
        <description><![CDATA[EAST: 678,612.775<br>NORT: 3,354,742.427<br>Longitude: 76.85757827<br>Latitude: 30.31130068]]></description>
        <styleUrl>#icon-1899-AFB42B-labelson</styleUrl>
        <ExtendedData>
          <Data name="EAST">
            <value>678612.775</value>
          </Data>
          <Data name="NORT">
            <value>3354742.427</value>
          </Data>
          <Data name="Longitude">
            <value>76.85757827</value>
          </Data>
          <Data name="Latitude">
            <value>30.31130068</value>
          </Data>
        </ExtendedData>
        <Point>
          <coordinates>
            76.85757827,30.31130068,0
          </coordinates>
        </Point>
      </Placemark>
      <Placemark>
        <name>CH: 67</name>
        <description><![CDATA[EAST: 677,893.452<br>NORT: 3,355,435.047<br>Longitude: 76.85021796<br>Latitude: 30.31765372]]></description>
        <styleUrl>#icon-1899-AFB42B-labelson</styleUrl>
        <ExtendedData>
          <Data name="EAST">
            <value>677893.452</value>
          </Data>
          <Data name="NORT">
            <value>3355435.047</value>
          </Data>
          <Data name="Longitude">
            <value>76.85021796</value>
          </Data>
          <Data name="Latitude">
            <value>30.31765372</value>
          </Data>
        </ExtendedData>
        <Point>
          <coordinates>
            76.85021796,30.31765372,0
          </coordinates>
        </Point>
      </Placemark>
      <Placemark>
        <name>CH: 68</name>
        <description><![CDATA[EAST: 677,227.932<br>NORT: 3,356,160.72<br>Longitude: 76.84342168<br>Latitude: 30.32429661]]></description>
        <styleUrl>#icon-1899-AFB42B-labelson</styleUrl>
        <ExtendedData>
          <Data name="EAST">
            <value>677227.932</value>
          </Data>
          <Data name="NORT">
            <value>3356160.72</value>
          </Data>
          <Data name="Longitude">
            <value>76.84342168</value>
          </Data>
          <Data name="Latitude">
            <value>30.32429661</value>
          </Data>
        </ExtendedData>
        <Point>
          <coordinates>
            76.84342168,30.32429661,0
          </coordinates>
        </Point>
      </Placemark>
      <Placemark>
        <name>CH: 69</name>
        <description><![CDATA[EAST: 676,246.075<br>NORT: 3,356,077.274<br>Longitude: 76.83319935<br>Latitude: 30.32368748]]></description>
        <styleUrl>#icon-1899-AFB42B-labelson</styleUrl>
        <ExtendedData>
          <Data name="EAST">
            <value>676246.075</value>
          </Data>
          <Data name="NORT">
            <value>3356077.274</value>
          </Data>
          <Data name="Longitude">
            <value>76.83319935</value>
          </Data>
          <Data name="Latitude">
            <value>30.32368748</value>
          </Data>
        </ExtendedData>
        <Point>
          <coordinates>
            76.83319935,30.32368748,0
          </coordinates>
        </Point>
      </Placemark>
      <Placemark>
        <name>CH: 70</name>
        <description><![CDATA[EAST: 675,440.476<br>NORT: 3,356,517.09<br>Longitude: 76.82489716<br>Latitude: 30.32777158]]></description>
        <styleUrl>#icon-1899-AFB42B-labelson</styleUrl>
        <ExtendedData>
          <Data name="EAST">
            <value>675440.476</value>
          </Data>
          <Data name="NORT">
            <value>3356517.09</value>
          </Data>
          <Data name="Longitude">
            <value>76.82489716</value>
          </Data>
          <Data name="Latitude">
            <value>30.32777158</value>
          </Data>
        </ExtendedData>
        <Point>
          <coordinates>
            76.82489716,30.32777158,0
          </coordinates>
        </Point>
      </Placemark>
      <Placemark>
        <name>CH: 71</name>
        <description><![CDATA[EAST: 675,473.793<br>NORT: 3,357,507.027<br>Longitude: 76.82540923<br>Latitude: 30.33669554]]></description>
        <styleUrl>#icon-1899-AFB42B-labelson</styleUrl>
        <ExtendedData>
          <Data name="EAST">
            <value>675473.793</value>
          </Data>
          <Data name="NORT">
            <value>3357507.027</value>
          </Data>
          <Data name="Longitude">
            <value>76.82540923</value>
          </Data>
          <Data name="Latitude">
            <value>30.33669554</value>
          </Data>
        </ExtendedData>
        <Point>
          <coordinates>
            76.82540923,30.33669554,0
          </coordinates>
        </Point>
      </Placemark>
      <Placemark>
        <name>CH: 72</name>
        <description><![CDATA[EAST: 674,877.604<br>NORT: 3,358,250.596<br>Longitude: 76.81933392<br>Latitude: 30.34348863]]></description>
        <styleUrl>#icon-1899-AFB42B-labelson</styleUrl>
        <ExtendedData>
          <Data name="EAST">
            <value>674877.604</value>
          </Data>
          <Data name="NORT">
            <value>3358250.596</value>
          </Data>
          <Data name="Longitude">
            <value>76.81933392</value>
          </Data>
          <Data name="Latitude">
            <value>30.34348863</value>
          </Data>
        </ExtendedData>
        <Point>
          <coordinates>
            76.81933392,30.34348863,0
          </coordinates>
        </Point>
      </Placemark>
      <Placemark>
        <name>CH: 73</name>
        <description><![CDATA[EAST: 674,048.858<br>NORT: 3,358,810.214<br>Longitude: 76.81080866<br>Latitude: 30.34865583]]></description>
        <styleUrl>#icon-1899-AFB42B-labelson</styleUrl>
        <ExtendedData>
          <Data name="EAST">
            <value>674048.858</value>
          </Data>
          <Data name="NORT">
            <value>3358810.214</value>
          </Data>
          <Data name="Longitude">
            <value>76.81080866</value>
          </Data>
          <Data name="Latitude">
            <value>30.34865583</value>
          </Data>
        </ExtendedData>
        <Point>
          <coordinates>
            76.81080866,30.34865583,0
          </coordinates>
        </Point>
      </Placemark>
      <Placemark>
        <name>CH: 74</name>
        <description><![CDATA[EAST: 673,228.888<br>NORT: 3,359,382.493<br>Longitude: 76.80237586<br>Latitude: 30.35393544]]></description>
        <styleUrl>#icon-1899-AFB42B-labelson</styleUrl>
        <ExtendedData>
          <Data name="EAST">
            <value>673228.888</value>
          </Data>
          <Data name="NORT">
            <value>3359382.493</value>
          </Data>
          <Data name="Longitude">
            <value>76.80237586</value>
          </Data>
          <Data name="Latitude">
            <value>30.35393544</value>
          </Data>
        </ExtendedData>
        <Point>
          <coordinates>
            76.80237586,30.35393544,0
          </coordinates>
        </Point>
      </Placemark>
      <Placemark>
        <name>CH: 75</name>
        <description><![CDATA[EAST: 672,410.504<br>NORT: 3,359,956.959<br>Longitude: 76.79395899<br>Latitude: 30.35923405]]></description>
        <styleUrl>#icon-1899-AFB42B-labelson</styleUrl>
        <ExtendedData>
          <Data name="EAST">
            <value>672410.504</value>
          </Data>
          <Data name="NORT">
            <value>3359956.959</value>
          </Data>
          <Data name="Longitude">
            <value>76.79395899</value>
          </Data>
          <Data name="Latitude">
            <value>30.35923405</value>
          </Data>
        </ExtendedData>
        <Point>
          <coordinates>
            76.79395899,30.35923405,0
          </coordinates>
        </Point>
      </Placemark>
      <Placemark>
        <name>CH: 76</name>
        <description><![CDATA[EAST: 671,592.209<br>NORT: 3,360,531.758<br>Longitude: 76.78554218<br>Latitude: 30.36453513]]></description>
        <styleUrl>#icon-1899-AFB42B-labelson</styleUrl>
        <ExtendedData>
          <Data name="EAST">
            <value>671592.209</value>
          </Data>
          <Data name="NORT">
            <value>3360531.758</value>
          </Data>
          <Data name="Longitude">
            <value>76.78554218</value>
          </Data>
          <Data name="Latitude">
            <value>30.36453513</value>
          </Data>
        </ExtendedData>
        <Point>
          <coordinates>
            76.78554218,30.36453513,0
          </coordinates>
        </Point>
      </Placemark>
      <Placemark>
        <name>CH: 77</name>
        <description><![CDATA[EAST: 670,773.914<br>NORT: 3,361,106.557<br>Longitude: 76.77712445<br>Latitude: 30.36983571]]></description>
        <styleUrl>#icon-1899-AFB42B-labelson</styleUrl>
        <ExtendedData>
          <Data name="EAST">
            <value>670773.914</value>
          </Data>
          <Data name="NORT">
            <value>3361106.557</value>
          </Data>
          <Data name="Longitude">
            <value>76.77712445</value>
          </Data>
          <Data name="Latitude">
            <value>30.36983571</value>
          </Data>
        </ExtendedData>
        <Point>
          <coordinates>
            76.77712445,30.36983571,0
          </coordinates>
        </Point>
      </Placemark>
      <Placemark>
        <name>CH: 78</name>
        <description><![CDATA[EAST: 669,956.45<br>NORT: 3,361,682.481<br>Longitude: 76.76871462<br>Latitude: 30.3751458]]></description>
        <styleUrl>#icon-1899-AFB42B-labelson</styleUrl>
        <ExtendedData>
          <Data name="EAST">
            <value>669956.45</value>
          </Data>
          <Data name="NORT">
            <value>3361682.481</value>
          </Data>
          <Data name="Longitude">
            <value>76.76871462</value>
          </Data>
          <Data name="Latitude">
            <value>30.3751458</value>
          </Data>
        </ExtendedData>
        <Point>
          <coordinates>
            76.76871462,30.3751458,0
          </coordinates>
        </Point>
      </Placemark>
      <Placemark>
        <name>CH: 79</name>
        <description><![CDATA[EAST: 669,130.757<br>NORT: 3,362,245.203<br>Longitude: 76.76021613<br>Latitude: 30.38033746]]></description>
        <styleUrl>#icon-1899-AFB42B-labelson</styleUrl>
        <ExtendedData>
          <Data name="EAST">
            <value>669130.757</value>
          </Data>
          <Data name="NORT">
            <value>3362245.203</value>
          </Data>
          <Data name="Longitude">
            <value>76.76021613</value>
          </Data>
          <Data name="Latitude">
            <value>30.38033746</value>
          </Data>
        </ExtendedData>
        <Point>
          <coordinates>
            76.76021613,30.38033746,0
          </coordinates>
        </Point>
      </Placemark>
      <Placemark>
        <name>CH: 80</name>
        <description><![CDATA[EAST: 668,322.192<br>NORT: 3,362,833.278<br>Longitude: 76.751899<br>Latitude: 30.38575489]]></description>
        <styleUrl>#icon-1899-AFB42B-labelson</styleUrl>
        <ExtendedData>
          <Data name="EAST">
            <value>668322.192</value>
          </Data>
          <Data name="NORT">
            <value>3362833.278</value>
          </Data>
          <Data name="Longitude">
            <value>76.751899</value>
          </Data>
          <Data name="Latitude">
            <value>30.38575489</value>
          </Data>
        </ExtendedData>
        <Point>
          <coordinates>
            76.751899,30.38575489,0
          </coordinates>
        </Point>
      </Placemark>
      <Placemark>
        <name>CH: 81</name>
        <description><![CDATA[EAST: 667,502.167<br>NORT: 3,363,405.539<br>Longitude: 76.74345917<br>Latitude: 30.39103077]]></description>
        <styleUrl>#icon-1899-AFB42B-labelson</styleUrl>
        <ExtendedData>
          <Data name="EAST">
            <value>667502.167</value>
          </Data>
          <Data name="NORT">
            <value>3363405.539</value>
          </Data>
          <Data name="Longitude">
            <value>76.74345917</value>
          </Data>
          <Data name="Latitude">
            <value>30.39103077</value>
          </Data>
        </ExtendedData>
        <Point>
          <coordinates>
            76.74345917,30.39103077,0
          </coordinates>
        </Point>
      </Placemark>
      <Placemark>
        <name>CH: 82</name>
        <description><![CDATA[EAST: 666,682.614<br>NORT: 3,363,978.403<br>Longitude: 76.73502343<br>Latitude: 30.39631151]]></description>
        <styleUrl>#icon-1899-AFB42B-labelson</styleUrl>
        <ExtendedData>
          <Data name="EAST">
            <value>666682.614</value>
          </Data>
          <Data name="NORT">
            <value>3363978.403</value>
          </Data>
          <Data name="Longitude">
            <value>76.73502343</value>
          </Data>
          <Data name="Latitude">
            <value>30.39631151</value>
          </Data>
        </ExtendedData>
        <Point>
          <coordinates>
            76.73502343,30.39631151,0
          </coordinates>
        </Point>
      </Placemark>
      <Placemark>
        <name>CH: 83</name>
        <description><![CDATA[EAST: 665,845.462<br>NORT: 3,364,523.584<br>Longitude: 76.72639924<br>Latitude: 30.40134446]]></description>
        <styleUrl>#icon-1899-AFB42B-labelson</styleUrl>
        <ExtendedData>
          <Data name="EAST">
            <value>665845.462</value>
          </Data>
          <Data name="NORT">
            <value>3364523.584</value>
          </Data>
          <Data name="Longitude">
            <value>76.72639924</value>
          </Data>
          <Data name="Latitude">
            <value>30.40134446</value>
          </Data>
        </ExtendedData>
        <Point>
          <coordinates>
            76.72639924,30.40134446,0
          </coordinates>
        </Point>
      </Placemark>
      <Placemark>
        <name>CH: 84</name>
        <description><![CDATA[EAST: 665,049.769<br>NORT: 3,365,128.606<br>Longitude: 76.71821504<br>Latitude: 30.40691095]]></description>
        <styleUrl>#icon-1899-AFB42B-labelson</styleUrl>
        <ExtendedData>
          <Data name="EAST">
            <value>665049.769</value>
          </Data>
          <Data name="NORT">
            <value>3365128.606</value>
          </Data>
          <Data name="Longitude">
            <value>76.71821504</value>
          </Data>
          <Data name="Latitude">
            <value>30.40691095</value>
          </Data>
        </ExtendedData>
        <Point>
          <coordinates>
            76.71821504,30.40691095,0
          </coordinates>
        </Point>
      </Placemark>
      <Placemark>
        <name>CH: 85</name>
        <description><![CDATA[EAST: 664,232.435<br>NORT: 3,365,704.765<br>Longitude: 76.70980015<br>Latitude: 30.41221957]]></description>
        <styleUrl>#icon-1899-AFB42B-labelson</styleUrl>
        <ExtendedData>
          <Data name="EAST">
            <value>664232.435</value>
          </Data>
          <Data name="NORT">
            <value>3365704.765</value>
          </Data>
          <Data name="Longitude">
            <value>76.70980015</value>
          </Data>
          <Data name="Latitude">
            <value>30.41221957</value>
          </Data>
        </ExtendedData>
        <Point>
          <coordinates>
            76.70980015,30.41221957,0
          </coordinates>
        </Point>
      </Placemark>
      <Placemark>
        <name>CH: 86</name>
        <description><![CDATA[EAST: 663,414.214<br>NORT: 3,366,279.611<br>Longitude: 76.70137489<br>Latitude: 30.41751595]]></description>
        <styleUrl>#icon-1899-AFB42B-labelson</styleUrl>
        <ExtendedData>
          <Data name="EAST">
            <value>663414.214</value>
          </Data>
          <Data name="NORT">
            <value>3366279.611</value>
          </Data>
          <Data name="Longitude">
            <value>76.70137489</value>
          </Data>
          <Data name="Latitude">
            <value>30.41751595</value>
          </Data>
        </ExtendedData>
        <Point>
          <coordinates>
            76.70137489,30.41751595,0
          </coordinates>
        </Point>
      </Placemark>
      <Placemark>
        <name>CH: 87</name>
        <description><![CDATA[EAST: 662,596.852<br>NORT: 3,366,855.735<br>Longitude: 76.69295785<br>Latitude: 30.42282324]]></description>
        <styleUrl>#icon-1899-AFB42B-labelson</styleUrl>
        <ExtendedData>
          <Data name="EAST">
            <value>662596.852</value>
          </Data>
          <Data name="NORT">
            <value>3366855.735</value>
          </Data>
          <Data name="Longitude">
            <value>76.69295785</value>
          </Data>
          <Data name="Latitude">
            <value>30.42282324</value>
          </Data>
        </ExtendedData>
        <Point>
          <coordinates>
            76.69295785,30.42282324,0
          </coordinates>
        </Point>
      </Placemark>
      <Placemark>
        <name>CH: 88</name>
        <description><![CDATA[EAST: 661,766.616<br>NORT: 3,367,412.586<br>Longitude: 76.6844029<br>Latitude: 30.42795789]]></description>
        <styleUrl>#icon-1899-AFB42B-labelson</styleUrl>
        <ExtendedData>
          <Data name="EAST">
            <value>661766.616</value>
          </Data>
          <Data name="NORT">
            <value>3367412.586</value>
          </Data>
          <Data name="Longitude">
            <value>76.6844029</value>
          </Data>
          <Data name="Latitude">
            <value>30.42795789</value>
          </Data>
        </ExtendedData>
        <Point>
          <coordinates>
            76.6844029,30.42795789,0
          </coordinates>
        </Point>
      </Placemark>
      <Placemark>
        <name>CH: 89</name>
        <description><![CDATA[EAST: 660,955.309<br>NORT: 3,367,997.206<br>Longitude: 76.67604835<br>Latitude: 30.43333996]]></description>
        <styleUrl>#icon-1899-AFB42B-labelson</styleUrl>
        <ExtendedData>
          <Data name="EAST">
            <value>660955.309</value>
          </Data>
          <Data name="NORT">
            <value>3367997.206</value>
          </Data>
          <Data name="Longitude">
            <value>76.67604835</value>
          </Data>
          <Data name="Latitude">
            <value>30.43333996</value>
          </Data>
        </ExtendedData>
        <Point>
          <coordinates>
            76.67604835,30.43333996,0
          </coordinates>
        </Point>
      </Placemark>
      <Placemark>
        <name>CH: 90</name>
        <description><![CDATA[EAST: 660,139.066<br>NORT: 3,368,574.902<br>Longitude: 76.66764043<br>Latitude: 30.43865973]]></description>
        <styleUrl>#icon-1899-AFB42B-labelson</styleUrl>
        <ExtendedData>
          <Data name="EAST">
            <value>660139.066</value>
          </Data>
          <Data name="NORT">
            <value>3368574.902</value>
          </Data>
          <Data name="Longitude">
            <value>76.66764043</value>
          </Data>
          <Data name="Latitude">
            <value>30.43865973</value>
          </Data>
        </ExtendedData>
        <Point>
          <coordinates>
            76.66764043,30.43865973,0
          </coordinates>
        </Point>
      </Placemark>
      <Placemark>
        <name>CH: 91</name>
        <description><![CDATA[EAST: 659,321.733<br>NORT: 3,369,151.067<br>Longitude: 76.65922<br>Latitude: 30.44396532]]></description>
        <styleUrl>#icon-1899-AFB42B-labelson</styleUrl>
        <ExtendedData>
          <Data name="EAST">
            <value>659321.733</value>
          </Data>
          <Data name="NORT">
            <value>3369151.067</value>
          </Data>
          <Data name="Longitude">
            <value>76.65922</value>
          </Data>
          <Data name="Latitude">
            <value>30.44396532</value>
          </Data>
        </ExtendedData>
        <Point>
          <coordinates>
            76.65922,30.44396532,0
          </coordinates>
        </Point>
      </Placemark>
      <Placemark>
        <name>CH: 92</name>
        <description><![CDATA[EAST: 658,503.91<br>NORT: 3,369,726.53<br>Longitude: 76.65079344<br>Latitude: 30.44926413]]></description>
        <styleUrl>#icon-1899-AFB42B-labelson</styleUrl>
        <ExtendedData>
          <Data name="EAST">
            <value>658503.91</value>
          </Data>
          <Data name="NORT">
            <value>3369726.53</value>
          </Data>
          <Data name="Longitude">
            <value>76.65079344</value>
          </Data>
          <Data name="Latitude">
            <value>30.44926413</value>
          </Data>
        </ExtendedData>
        <Point>
          <coordinates>
            76.65079344,30.44926413,0
          </coordinates>
        </Point>
      </Placemark>
      <Placemark>
        <name>CH: 93</name>
        <description><![CDATA[EAST: 657,684.326<br>NORT: 3,370,299.464<br>Longitude: 76.64234724<br>Latitude: 30.45453985]]></description>
        <styleUrl>#icon-1899-AFB42B-labelson</styleUrl>
        <ExtendedData>
          <Data name="EAST">
            <value>657684.326</value>
          </Data>
          <Data name="NORT">
            <value>3370299.464</value>
          </Data>
          <Data name="Longitude">
            <value>76.64234724</value>
          </Data>
          <Data name="Latitude">
            <value>30.45453985</value>
          </Data>
        </ExtendedData>
        <Point>
          <coordinates>
            76.64234724,30.45453985,0
          </coordinates>
        </Point>
      </Placemark>
      <Placemark>
        <name>CH: 94</name>
        <description><![CDATA[EAST: 656,861.608<br>NORT: 3,370,867.914<br>Longitude: 76.6338668<br>Latitude: 30.459775]]></description>
        <styleUrl>#icon-1899-AFB42B-labelson</styleUrl>
        <ExtendedData>
          <Data name="EAST">
            <value>656861.608</value>
          </Data>
          <Data name="NORT">
            <value>3370867.914</value>
          </Data>
          <Data name="Longitude">
            <value>76.6338668</value>
          </Data>
          <Data name="Latitude">
            <value>30.459775</value>
          </Data>
        </ExtendedData>
        <Point>
          <coordinates>
            76.6338668,30.459775,0
          </coordinates>
        </Point>
      </Placemark>
      <Placemark>
        <name>CH: 95</name>
        <description><![CDATA[EAST: 655,996.763<br>NORT: 3,371,360.038<br>Longitude: 76.62493534<br>Latitude: 30.46432662]]></description>
        <styleUrl>#icon-1899-AFB42B-labelson</styleUrl>
        <ExtendedData>
          <Data name="EAST">
            <value>655996.763</value>
          </Data>
          <Data name="NORT">
            <value>3371360.038</value>
          </Data>
          <Data name="Longitude">
            <value>76.62493534</value>
          </Data>
          <Data name="Latitude">
            <value>30.46432662</value>
          </Data>
        </ExtendedData>
        <Point>
          <coordinates>
            76.62493534,30.46432662,0
          </coordinates>
        </Point>
      </Placemark>
      <Placemark>
        <name>CH: 96</name>
        <description><![CDATA[EAST: 655,378.355<br>NORT: 3,372,126.486<br>Longitude: 76.61861023<br>Latitude: 30.47132032]]></description>
        <styleUrl>#icon-1899-AFB42B-labelson</styleUrl>
        <ExtendedData>
          <Data name="EAST">
            <value>655378.355</value>
          </Data>
          <Data name="NORT">
            <value>3372126.486</value>
          </Data>
          <Data name="Longitude">
            <value>76.61861023</value>
          </Data>
          <Data name="Latitude">
            <value>30.47132032</value>
          </Data>
        </ExtendedData>
        <Point>
          <coordinates>
            76.61861023,30.47132032,0
          </coordinates>
        </Point>
      </Placemark>
      <Placemark>
        <name>CH: 97</name>
        <description><![CDATA[EAST: 654,513.213<br>NORT: 3,372,627.951<br>Longitude: 76.60967528<br>Latitude: 30.47595524]]></description>
        <styleUrl>#icon-1899-AFB42B-labelson</styleUrl>
        <ExtendedData>
          <Data name="EAST">
            <value>654513.213</value>
          </Data>
          <Data name="NORT">
            <value>3372627.951</value>
          </Data>
          <Data name="Longitude">
            <value>76.60967528</value>
          </Data>
          <Data name="Latitude">
            <value>30.47595524</value>
          </Data>
        </ExtendedData>
        <Point>
          <coordinates>
            76.60967528,30.47595524,0
          </coordinates>
        </Point>
      </Placemark>
      <Placemark>
        <name>CH: 98</name>
        <description><![CDATA[EAST: 653,711.906<br>NORT: 3,373,225.267<br>Longitude: 76.60141845<br>Latitude: 30.48144603]]></description>
        <styleUrl>#icon-1899-AFB42B-labelson</styleUrl>
        <ExtendedData>
          <Data name="EAST">
            <value>653711.906</value>
          </Data>
          <Data name="NORT">
            <value>3373225.267</value>
          </Data>
          <Data name="Longitude">
            <value>76.60141845</value>
          </Data>
          <Data name="Latitude">
            <value>30.48144603</value>
          </Data>
        </ExtendedData>
        <Point>
          <coordinates>
            76.60141845,30.48144603,0
          </coordinates>
        </Point>
      </Placemark>
      <Placemark>
        <name>CH: 99</name>
        <description><![CDATA[EAST: 652,922.099<br>NORT: 3,373,838.007<br>Longitude: 76.59328273<br>Latitude: 30.48707399]]></description>
        <styleUrl>#icon-1899-AFB42B-labelson</styleUrl>
        <ExtendedData>
          <Data name="EAST">
            <value>652922.099</value>
          </Data>
          <Data name="NORT">
            <value>3373838.007</value>
          </Data>
          <Data name="Longitude">
            <value>76.59328273</value>
          </Data>
          <Data name="Latitude">
            <value>30.48707399</value>
          </Data>
        </ExtendedData>
        <Point>
          <coordinates>
            76.59328273,30.48707399,0
          </coordinates>
        </Point>
      </Placemark>
      <Placemark>
        <name>CH: 100</name>
        <description><![CDATA[EAST: 652,108.787<br>NORT: 3,374,419.664<br>Longitude: 76.58489668<br>Latitude: 30.49242407]]></description>
        <styleUrl>#icon-1899-AFB42B-labelson</styleUrl>
        <ExtendedData>
          <Data name="EAST">
            <value>652108.787</value>
          </Data>
          <Data name="NORT">
            <value>3374419.664</value>
          </Data>
          <Data name="Longitude">
            <value>76.58489668</value>
          </Data>
          <Data name="Latitude">
            <value>30.49242407</value>
          </Data>
        </ExtendedData>
        <Point>
          <coordinates>
            76.58489668,30.49242407,0
          </coordinates>
        </Point>
      </Placemark>
      <Placemark>
        <name>CH: 110</name>
        <description><![CDATA[EAST: 652,100.69<br>NORT: 3,374,425.532<br>Longitude: 76.5848132<br>Latitude: 30.49247803]]></description>
        <styleUrl>#icon-1899-AFB42B-labelson</styleUrl>
        <ExtendedData>
          <Data name="EAST">
            <value>652100.69</value>
          </Data>
          <Data name="NORT">
            <value>3374425.532</value>
          </Data>
          <Data name="Longitude">
            <value>76.5848132</value>
          </Data>
          <Data name="Latitude">
            <value>30.49247803</value>
          </Data>
        </ExtendedData>
        <Point>
          <coordinates>
            76.5848132,30.49247803,0
          </coordinates>
        </Point>
      </Placemark>
      <Placemark>
        <name>CH: 120</name>
        <description><![CDATA[EAST: 652,092.592<br>NORT: 3,374,431.4<br>Longitude: 76.58472971<br>Latitude: 30.49253198]]></description>
        <styleUrl>#icon-1899-AFB42B-labelson</styleUrl>
        <ExtendedData>
          <Data name="EAST">
            <value>652092.592</value>
          </Data>
          <Data name="NORT">
            <value>3374431.4</value>
          </Data>
          <Data name="Longitude">
            <value>76.58472971</value>
          </Data>
          <Data name="Latitude">
            <value>30.49253198</value>
          </Data>
        </ExtendedData>
        <Point>
          <coordinates>
            76.58472971,30.49253198,0
          </coordinates>
        </Point>
      </Placemark>
      <Placemark>
        <name>CH: 130</name>
        <description><![CDATA[EAST: 652,084.495<br>NORT: 3,374,437.267<br>Longitude: 76.58464623<br>Latitude: 30.49258593]]></description>
        <styleUrl>#icon-1899-AFB42B-labelson</styleUrl>
        <ExtendedData>
          <Data name="EAST">
            <value>652084.495</value>
          </Data>
          <Data name="NORT">
            <value>3374437.267</value>
          </Data>
          <Data name="Longitude">
            <value>76.58464623</value>
          </Data>
          <Data name="Latitude">
            <value>30.49258593</value>
          </Data>
        </ExtendedData>
        <Point>
          <coordinates>
            76.58464623,30.49258593,0
          </coordinates>
        </Point>
      </Placemark>
      <Placemark>
        <name>CH: 140</name>
        <description><![CDATA[EAST: 652,076.397<br>NORT: 3,374,443.135<br>Longitude: 76.58456273<br>Latitude: 30.49263989]]></description>
        <styleUrl>#icon-1899-AFB42B-labelson</styleUrl>
        <ExtendedData>
          <Data name="EAST">
            <value>652076.397</value>
          </Data>
          <Data name="NORT">
            <value>3374443.135</value>
          </Data>
          <Data name="Longitude">
            <value>76.58456273</value>
          </Data>
          <Data name="Latitude">
            <value>30.49263989</value>
          </Data>
        </ExtendedData>
        <Point>
          <coordinates>
            76.58456273,30.49263989,0
          </coordinates>
        </Point>
      </Placemark>
      <Placemark>
        <name>CH: 150</name>
        <description><![CDATA[EAST: 652,068.3<br>NORT: 3,374,449.003<br>Longitude: 76.58447925<br>Latitude: 30.49269385]]></description>
        <styleUrl>#icon-1899-AFB42B-labelson</styleUrl>
        <ExtendedData>
          <Data name="EAST">
            <value>652068.3</value>
          </Data>
          <Data name="NORT">
            <value>3374449.003</value>
          </Data>
          <Data name="Longitude">
            <value>76.58447925</value>
          </Data>
          <Data name="Latitude">
            <value>30.49269385</value>
          </Data>
        </ExtendedData>
        <Point>
          <coordinates>
            76.58447925,30.49269385,0
          </coordinates>
        </Point>
      </Placemark>
      <Placemark>
        <name>CH: 160</name>
        <description><![CDATA[EAST: 652,060.203<br>NORT: 3,374,454.871<br>Longitude: 76.58439577<br>Latitude: 30.4927478]]></description>
        <styleUrl>#icon-1899-AFB42B-labelson</styleUrl>
        <ExtendedData>
          <Data name="EAST">
            <value>652060.203</value>
          </Data>
          <Data name="NORT">
            <value>3374454.871</value>
          </Data>
          <Data name="Longitude">
            <value>76.58439577</value>
          </Data>
          <Data name="Latitude">
            <value>30.4927478</value>
          </Data>
        </ExtendedData>
        <Point>
          <coordinates>
            76.58439577,30.4927478,0
          </coordinates>
        </Point>
      </Placemark>
      <Placemark>
        <name>CH: 170</name>
        <description><![CDATA[EAST: 652,052.105<br>NORT: 3,374,460.739<br>Longitude: 76.58431228<br>Latitude: 30.49280176]]></description>
        <styleUrl>#icon-1899-AFB42B-labelson</styleUrl>
        <ExtendedData>
          <Data name="EAST">
            <value>652052.105</value>
          </Data>
          <Data name="NORT">
            <value>3374460.739</value>
          </Data>
          <Data name="Longitude">
            <value>76.58431228</value>
          </Data>
          <Data name="Latitude">
            <value>30.49280176</value>
          </Data>
        </ExtendedData>
        <Point>
          <coordinates>
            76.58431228,30.49280176,0
          </coordinates>
        </Point>
      </Placemark>
      <Placemark>
        <name>CH: 180</name>
        <description><![CDATA[EAST: 652,044.008<br>NORT: 3,374,466.607<br>Longitude: 76.58422879<br>Latitude: 30.49285572]]></description>
        <styleUrl>#icon-1899-AFB42B-labelson</styleUrl>
        <ExtendedData>
          <Data name="EAST">
            <value>652044.008</value>
          </Data>
          <Data name="NORT">
            <value>3374466.607</value>
          </Data>
          <Data name="Longitude">
            <value>76.58422879</value>
          </Data>
          <Data name="Latitude">
            <value>30.49285572</value>
          </Data>
        </ExtendedData>
        <Point>
          <coordinates>
            76.58422879,30.49285572,0
          </coordinates>
        </Point>
      </Placemark>
      <Placemark>
        <name>CH: 190</name>
        <description><![CDATA[EAST: 652,035.91<br>NORT: 3,374,472.475<br>Longitude: 76.5841453<br>Latitude: 30.49290968]]></description>
        <styleUrl>#icon-1899-AFB42B-labelson</styleUrl>
        <ExtendedData>
          <Data name="EAST">
            <value>652035.91</value>
          </Data>
          <Data name="NORT">
            <value>3374472.475</value>
          </Data>
          <Data name="Longitude">
            <value>76.5841453</value>
          </Data>
          <Data name="Latitude">
            <value>30.49290968</value>
          </Data>
        </ExtendedData>
        <Point>
          <coordinates>
            76.5841453,30.49290968,0
          </coordinates>
        </Point>
      </Placemark>
      <Placemark>
        <name>CH: 101</name>
        <description><![CDATA[EAST: 651,298.655<br>NORT: 3,375,005.871<br>Longitude: 76.57654349<br>Latitude: 30.49781428]]></description>
        <styleUrl>#icon-1899-AFB42B-labelson</styleUrl>
        <ExtendedData>
          <Data name="EAST">
            <value>651298.655</value>
          </Data>
          <Data name="NORT">
            <value>3375005.871</value>
          </Data>
          <Data name="Longitude">
            <value>76.57654349</value>
          </Data>
          <Data name="Latitude">
            <value>30.49781428</value>
          </Data>
        </ExtendedData>
        <Point>
          <coordinates>
            76.57654349,30.49781428,0
          </coordinates>
        </Point>
      </Placemark>
      <Placemark>
        <name>CH: 102</name>
        <description><![CDATA[EAST: 650,494.865<br>NORT: 3,375,600.784<br>Longitude: 76.5682567<br>Latitude: 30.50328171]]></description>
        <styleUrl>#icon-1899-AFB42B-labelson</styleUrl>
        <ExtendedData>
          <Data name="EAST">
            <value>650494.865</value>
          </Data>
          <Data name="NORT">
            <value>3375600.784</value>
          </Data>
          <Data name="Longitude">
            <value>76.5682567</value>
          </Data>
          <Data name="Latitude">
            <value>30.50328171</value>
          </Data>
        </ExtendedData>
        <Point>
          <coordinates>
            76.5682567,30.50328171,0
          </coordinates>
        </Point>
      </Placemark>
      <Placemark>
        <name>CH: 103</name>
        <description><![CDATA[EAST: 649,691.075<br>NORT: 3,376,195.698<br>Longitude: 76.55996896<br>Latitude: 30.50874866]]></description>
        <styleUrl>#icon-1899-AFB42B-labelson</styleUrl>
        <ExtendedData>
          <Data name="EAST">
            <value>649691.075</value>
          </Data>
          <Data name="NORT">
            <value>3376195.698</value>
          </Data>
          <Data name="Longitude">
            <value>76.55996896</value>
          </Data>
          <Data name="Latitude">
            <value>30.50874866</value>
          </Data>
        </ExtendedData>
        <Point>
          <coordinates>
            76.55996896,30.50874866,0
          </coordinates>
        </Point>
      </Placemark>
      <Placemark>
        <name>CH: 104</name>
        <description><![CDATA[EAST: 648,887.285<br>NORT: 3,376,790.611<br>Longitude: 76.55168029<br>Latitude: 30.5142151]]></description>
        <styleUrl>#icon-1899-AFB42B-labelson</styleUrl>
        <ExtendedData>
          <Data name="EAST">
            <value>648887.285</value>
          </Data>
          <Data name="NORT">
            <value>3376790.611</value>
          </Data>
          <Data name="Longitude">
            <value>76.55168029</value>
          </Data>
          <Data name="Latitude">
            <value>30.5142151</value>
          </Data>
        </ExtendedData>
        <Point>
          <coordinates>
            76.55168029,30.5142151,0
          </coordinates>
        </Point>
      </Placemark>
      <Placemark>
        <name>CH: 105</name>
        <description><![CDATA[EAST: 648,083.495<br>NORT: 3,377,385.524<br>Longitude: 76.54339068<br>Latitude: 30.51968104]]></description>
        <styleUrl>#icon-1899-AFB42B-labelson</styleUrl>
        <ExtendedData>
          <Data name="EAST">
            <value>648083.495</value>
          </Data>
          <Data name="NORT">
            <value>3377385.524</value>
          </Data>
          <Data name="Longitude">
            <value>76.54339068</value>
          </Data>
          <Data name="Latitude">
            <value>30.51968104</value>
          </Data>
        </ExtendedData>
        <Point>
          <coordinates>
            76.54339068,30.51968104,0
          </coordinates>
        </Point>
      </Placemark>
      <Placemark>
        <name>CH: 106</name>
        <description><![CDATA[EAST: 647,279.705<br>NORT: 3,377,980.437<br>Longitude: 76.53510014<br>Latitude: 30.52514647]]></description>
        <styleUrl>#icon-1899-AFB42B-labelson</styleUrl>
        <ExtendedData>
          <Data name="EAST">
            <value>647279.705</value>
          </Data>
          <Data name="NORT">
            <value>3377980.437</value>
          </Data>
          <Data name="Longitude">
            <value>76.53510014</value>
          </Data>
          <Data name="Latitude">
            <value>30.52514647</value>
          </Data>
        </ExtendedData>
        <Point>
          <coordinates>
            76.53510014,30.52514647,0
          </coordinates>
        </Point>
      </Placemark>
      <Placemark>
        <name>CH: 107</name>
        <description><![CDATA[EAST: 646,478.733<br>NORT: 3,378,579.061<br>Longitude: 76.52683854<br>Latitude: 30.53064454]]></description>
        <styleUrl>#icon-1899-AFB42B-labelson</styleUrl>
        <ExtendedData>
          <Data name="EAST">
            <value>646478.733</value>
          </Data>
          <Data name="NORT">
            <value>3378579.061</value>
          </Data>
          <Data name="Longitude">
            <value>76.52683854</value>
          </Data>
          <Data name="Latitude">
            <value>30.53064454</value>
          </Data>
        </ExtendedData>
        <Point>
          <coordinates>
            76.52683854,30.53064454,0
          </coordinates>
        </Point>
      </Placemark>
      <Placemark>
        <name>CH: 108</name>
        <description><![CDATA[EAST: 645,687.6<br>NORT: 3,379,190.614<br>Longitude: 76.51868035<br>Latitude: 30.53625755]]></description>
        <styleUrl>#icon-1899-AFB42B-labelson</styleUrl>
        <ExtendedData>
          <Data name="EAST">
            <value>645687.6</value>
          </Data>
          <Data name="NORT">
            <value>3379190.614</value>
          </Data>
          <Data name="Longitude">
            <value>76.51868035</value>
          </Data>
          <Data name="Latitude">
            <value>30.53625755</value>
          </Data>
        </ExtendedData>
        <Point>
          <coordinates>
            76.51868035,30.53625755,0
          </coordinates>
        </Point>
      </Placemark>
      <Placemark>
        <name>CH: 109</name>
        <description><![CDATA[EAST: 644,884.509<br>NORT: 3,379,786.47<br>Longitude: 76.5103944<br>Latitude: 30.54172992]]></description>
        <styleUrl>#icon-1899-AFB42B-labelson</styleUrl>
        <ExtendedData>
          <Data name="EAST">
            <value>644884.509</value>
          </Data>
          <Data name="NORT">
            <value>3379786.47</value>
          </Data>
          <Data name="Longitude">
            <value>76.5103944</value>
          </Data>
          <Data name="Latitude">
            <value>30.54172992</value>
          </Data>
        </ExtendedData>
        <Point>
          <coordinates>
            76.5103944,30.54172992,0
          </coordinates>
        </Point>
      </Placemark>
      <Placemark>
        <name>CH: 110</name>
        <description><![CDATA[EAST: 644,067.904<br>NORT: 3,380,363.337<br>Longitude: 76.50196402<br>Latitude: 30.54703211]]></description>
        <styleUrl>#icon-1899-AFB42B-labelson</styleUrl>
        <ExtendedData>
          <Data name="EAST">
            <value>644067.904</value>
          </Data>
          <Data name="NORT">
            <value>3380363.337</value>
          </Data>
          <Data name="Longitude">
            <value>76.50196402</value>
          </Data>
          <Data name="Latitude">
            <value>30.54703211</value>
          </Data>
        </ExtendedData>
        <Point>
          <coordinates>
            76.50196402,30.54703211,0
          </coordinates>
        </Point>
      </Placemark>
      <Placemark>
        <name>CH: 111</name>
        <description><![CDATA[EAST: 643,264.433<br>NORT: 3,380,958.679<br>Longitude: 76.49367216<br>Latitude: 30.55249888]]></description>
        <styleUrl>#icon-1899-AFB42B-labelson</styleUrl>
        <ExtendedData>
          <Data name="EAST">
            <value>643264.433</value>
          </Data>
          <Data name="NORT">
            <value>3380958.679</value>
          </Data>
          <Data name="Longitude">
            <value>76.49367216</value>
          </Data>
          <Data name="Latitude">
            <value>30.55249888</value>
          </Data>
        </ExtendedData>
        <Point>
          <coordinates>
            76.49367216,30.55249888,0
          </coordinates>
        </Point>
      </Placemark>
      <Placemark>
        <name>CH: 112</name>
        <description><![CDATA[EAST: 642,461.158<br>NORT: 3,381,554.287<br>Longitude: 76.48538144<br>Latitude: 30.55796752]]></description>
        <styleUrl>#icon-1899-AFB42B-labelson</styleUrl>
        <ExtendedData>
          <Data name="EAST">
            <value>642461.158</value>
          </Data>
          <Data name="NORT">
            <value>3381554.287</value>
          </Data>
          <Data name="Longitude">
            <value>76.48538144</value>
          </Data>
          <Data name="Latitude">
            <value>30.55796752</value>
          </Data>
        </ExtendedData>
        <Point>
          <coordinates>
            76.48538144,30.55796752,0
          </coordinates>
        </Point>
      </Placemark>
      <Placemark>
        <name>CH: 113</name>
        <description><![CDATA[EAST: 641,660.029<br>NORT: 3,382,152.762<br>Longitude: 76.47711255<br>Latitude: 30.56346126]]></description>
        <styleUrl>#icon-1899-AFB42B-labelson</styleUrl>
        <ExtendedData>
          <Data name="EAST">
            <value>641660.029</value>
          </Data>
          <Data name="NORT">
            <value>3382152.762</value>
          </Data>
          <Data name="Longitude">
            <value>76.47711255</value>
          </Data>
          <Data name="Latitude">
            <value>30.56346126</value>
          </Data>
        </ExtendedData>
        <Point>
          <coordinates>
            76.47711255,30.56346126,0
          </coordinates>
        </Point>
      </Placemark>
      <Placemark>
        <name>CH: 114</name>
        <description><![CDATA[EAST: 640,857.229<br>NORT: 3,382,749.01<br>Longitude: 76.46882499<br>Latitude: 30.56893462]]></description>
        <styleUrl>#icon-1899-AFB42B-labelson</styleUrl>
        <ExtendedData>
          <Data name="EAST">
            <value>640857.229</value>
          </Data>
          <Data name="NORT">
            <value>3382749.01</value>
          </Data>
          <Data name="Longitude">
            <value>76.46882499</value>
          </Data>
          <Data name="Latitude">
            <value>30.56893462</value>
          </Data>
        </ExtendedData>
        <Point>
          <coordinates>
            76.46882499,30.56893462,0
          </coordinates>
        </Point>
      </Placemark>
      <Placemark>
        <name>CH: 115</name>
        <description><![CDATA[EAST: 640,054.429<br>NORT: 3,383,345.259<br>Longitude: 76.46053649<br>Latitude: 30.57440748]]></description>
        <styleUrl>#icon-1899-AFB42B-labelson</styleUrl>
        <ExtendedData>
          <Data name="EAST">
            <value>640054.429</value>
          </Data>
          <Data name="NORT">
            <value>3383345.259</value>
          </Data>
          <Data name="Longitude">
            <value>76.46053649</value>
          </Data>
          <Data name="Latitude">
            <value>30.57440748</value>
          </Data>
        </ExtendedData>
        <Point>
          <coordinates>
            76.46053649,30.57440748,0
          </coordinates>
        </Point>
      </Placemark>
      <Placemark>
        <name>CH: 116</name>
        <description><![CDATA[EAST: 639,253.56<br>NORT: 3,383,944.041<br>Longitude: 76.45226752<br>Latitude: 30.57990246]]></description>
        <styleUrl>#icon-1899-AFB42B-labelson</styleUrl>
        <ExtendedData>
          <Data name="EAST">
            <value>639253.56</value>
          </Data>
          <Data name="NORT">
            <value>3383944.041</value>
          </Data>
          <Data name="Longitude">
            <value>76.45226752</value>
          </Data>
          <Data name="Latitude">
            <value>30.57990246</value>
          </Data>
        </ExtendedData>
        <Point>
          <coordinates>
            76.45226752,30.57990246,0
          </coordinates>
        </Point>
      </Placemark>
      <Placemark>
        <name>CH: 117</name>
        <description><![CDATA[EAST: 638,450.443<br>NORT: 3,384,539.718<br>Longitude: 76.44397375<br>Latitude: 30.5853692]]></description>
        <styleUrl>#icon-1899-AFB42B-labelson</styleUrl>
        <ExtendedData>
          <Data name="EAST">
            <value>638450.443</value>
          </Data>
          <Data name="NORT">
            <value>3384539.718</value>
          </Data>
          <Data name="Longitude">
            <value>76.44397375</value>
          </Data>
          <Data name="Latitude">
            <value>30.5853692</value>
          </Data>
        </ExtendedData>
        <Point>
          <coordinates>
            76.44397375,30.5853692,0
          </coordinates>
        </Point>
      </Placemark>
      <Placemark>
        <name>CH: 118</name>
        <description><![CDATA[EAST: 637,645.294<br>NORT: 3,385,132.689<br>Longitude: 76.4356575<br>Latitude: 30.59081125]]></description>
        <styleUrl>#icon-1899-AFB42B-labelson</styleUrl>
        <ExtendedData>
          <Data name="EAST">
            <value>637645.294</value>
          </Data>
          <Data name="NORT">
            <value>3385132.689</value>
          </Data>
          <Data name="Longitude">
            <value>76.4356575</value>
          </Data>
          <Data name="Latitude">
            <value>30.59081125</value>
          </Data>
        </ExtendedData>
        <Point>
          <coordinates>
            76.4356575,30.59081125,0
          </coordinates>
        </Point>
      </Placemark>
      <Placemark>
        <name>CH: 119</name>
        <description><![CDATA[EAST: 636,843.222<br>NORT: 3,385,729.917<br>Longitude: 76.42737296<br>Latitude: 30.59629085]]></description>
        <styleUrl>#icon-1899-AFB42B-labelson</styleUrl>
        <ExtendedData>
          <Data name="EAST">
            <value>636843.222</value>
          </Data>
          <Data name="NORT">
            <value>3385729.917</value>
          </Data>
          <Data name="Longitude">
            <value>76.42737296</value>
          </Data>
          <Data name="Latitude">
            <value>30.59629085</value>
          </Data>
        </ExtendedData>
        <Point>
          <coordinates>
            76.42737296,30.59629085,0
          </coordinates>
        </Point>
      </Placemark>
      <Placemark>
        <name>CH: 120</name>
        <description><![CDATA[EAST: 636,041.476<br>NORT: 3,386,327.58<br>Longitude: 76.41909093<br>Latitude: 30.60177383]]></description>
        <styleUrl>#icon-1899-AFB42B-labelson</styleUrl>
        <ExtendedData>
          <Data name="EAST">
            <value>636041.476</value>
          </Data>
          <Data name="NORT">
            <value>3386327.58</value>
          </Data>
          <Data name="Longitude">
            <value>76.41909093</value>
          </Data>
          <Data name="Latitude">
            <value>30.60177383</value>
          </Data>
        </ExtendedData>
        <Point>
          <coordinates>
            76.41909093,30.60177383,0
          </coordinates>
        </Point>
      </Placemark>
      <Placemark>
        <name>CH: 121</name>
        <description><![CDATA[EAST: 635,238.462<br>NORT: 3,386,923.54<br>Longitude: 76.41079451<br>Latitude: 30.60724109]]></description>
        <styleUrl>#icon-1899-AFB42B-labelson</styleUrl>
        <ExtendedData>
          <Data name="EAST">
            <value>635238.462</value>
          </Data>
          <Data name="NORT">
            <value>3386923.54</value>
          </Data>
          <Data name="Longitude">
            <value>76.41079451</value>
          </Data>
          <Data name="Latitude">
            <value>30.60724109</value>
          </Data>
        </ExtendedData>
        <Point>
          <coordinates>
            76.41079451,30.60724109,0
          </coordinates>
        </Point>
      </Placemark>
      <Placemark>
        <name>CH: 122</name>
        <description><![CDATA[EAST: 634,416.953<br>NORT: 3,387,493.251<br>Longitude: 76.40230084<br>Latitude: 30.61247313]]></description>
        <styleUrl>#icon-1899-AFB42B-labelson</styleUrl>
        <ExtendedData>
          <Data name="EAST">
            <value>634416.953</value>
          </Data>
          <Data name="NORT">
            <value>3387493.251</value>
          </Data>
          <Data name="Longitude">
            <value>76.40230084</value>
          </Data>
          <Data name="Latitude">
            <value>30.61247313</value>
          </Data>
        </ExtendedData>
        <Point>
          <coordinates>
            76.40230084,30.61247313,0
          </coordinates>
        </Point>
      </Placemark>
      <Placemark>
        <name>CH: 123</name>
        <description><![CDATA[EAST: 633,581.04<br>NORT: 3,388,042.113<br>Longitude: 76.3936533<br>Latitude: 30.61751817]]></description>
        <styleUrl>#icon-1899-AFB42B-labelson</styleUrl>
        <ExtendedData>
          <Data name="EAST">
            <value>633581.04</value>
          </Data>
          <Data name="NORT">
            <value>3388042.113</value>
          </Data>
          <Data name="Longitude">
            <value>76.3936533</value>
          </Data>
          <Data name="Latitude">
            <value>30.61751817</value>
          </Data>
        </ExtendedData>
        <Point>
          <coordinates>
            76.3936533,30.61751817,0
          </coordinates>
        </Point>
      </Placemark>
      <Placemark>
        <name>CH: 124</name>
        <description><![CDATA[EAST: 632,761.275<br>NORT: 3,388,614.077<br>Longitude: 76.38517627<br>Latitude: 30.62276927]]></description>
        <styleUrl>#icon-1899-AFB42B-labelson</styleUrl>
        <ExtendedData>
          <Data name="EAST">
            <value>632761.275</value>
          </Data>
          <Data name="NORT">
            <value>3388614.077</value>
          </Data>
          <Data name="Longitude">
            <value>76.38517627</value>
          </Data>
          <Data name="Latitude">
            <value>30.62276927</value>
          </Data>
        </ExtendedData>
        <Point>
          <coordinates>
            76.38517627,30.62276927,0
          </coordinates>
        </Point>
      </Placemark>
      <Placemark>
        <name>CH: 125</name>
        <description><![CDATA[EAST: 632,174.236<br>NORT: 3,389,372.222<br>Longitude: 76.37914984<br>Latitude: 30.62967367]]></description>
        <styleUrl>#icon-1899-AFB42B-labelson</styleUrl>
        <ExtendedData>
          <Data name="EAST">
            <value>632174.236</value>
          </Data>
          <Data name="NORT">
            <value>3389372.222</value>
          </Data>
          <Data name="Longitude">
            <value>76.37914984</value>
          </Data>
          <Data name="Latitude">
            <value>30.62967367</value>
          </Data>
        </ExtendedData>
        <Point>
          <coordinates>
            76.37914984,30.62967367,0
          </coordinates>
        </Point>
      </Placemark>
      <Placemark>
        <name>CH: 126</name>
        <description><![CDATA[EAST: 631,832.135<br>NORT: 3,390,266.101<br>Longitude: 76.37569522<br>Latitude: 30.63777527]]></description>
        <styleUrl>#icon-1899-AFB42B-labelson</styleUrl>
        <ExtendedData>
          <Data name="EAST">
            <value>631832.135</value>
          </Data>
          <Data name="NORT">
            <value>3390266.101</value>
          </Data>
          <Data name="Longitude">
            <value>76.37569522</value>
          </Data>
          <Data name="Latitude">
            <value>30.63777527</value>
          </Data>
        </ExtendedData>
        <Point>
          <coordinates>
            76.37569522,30.63777527,0
          </coordinates>
        </Point>
      </Placemark>
      <Placemark>
        <name>CH: 127</name>
        <description><![CDATA[EAST: 630,919.542<br>NORT: 3,390,155.972<br>Longitude: 76.36616045<br>Latitude: 30.63688218]]></description>
        <styleUrl>#icon-1899-AFB42B-labelson</styleUrl>
        <ExtendedData>
          <Data name="EAST">
            <value>630919.542</value>
          </Data>
          <Data name="NORT">
            <value>3390155.972</value>
          </Data>
          <Data name="Longitude">
            <value>76.36616045</value>
          </Data>
          <Data name="Latitude">
            <value>30.63688218</value>
          </Data>
        </ExtendedData>
        <Point>
          <coordinates>
            76.36616045,30.63688218,0
          </coordinates>
        </Point>
      </Placemark>
      <Placemark>
        <name>CH: 128</name>
        <description><![CDATA[EAST: 630,106.027<br>NORT: 3,389,622.815<br>Longitude: 76.35760617<br>Latitude: 30.63216139]]></description>
        <styleUrl>#icon-1899-AFB42B-labelson</styleUrl>
        <ExtendedData>
          <Data name="EAST">
            <value>630106.027</value>
          </Data>
          <Data name="NORT">
            <value>3389622.815</value>
          </Data>
          <Data name="Longitude">
            <value>76.35760617</value>
          </Data>
          <Data name="Latitude">
            <value>30.63216139</value>
          </Data>
        </ExtendedData>
        <Point>
          <coordinates>
            76.35760617,30.63216139,0
          </coordinates>
        </Point>
      </Placemark>
      <Placemark>
        <name>CH: 129</name>
        <description><![CDATA[EAST: 629,365.577<br>NORT: 3,390,187.844<br>Longitude: 76.34995245<br>Latitude: 30.63733907]]></description>
        <styleUrl>#icon-1899-AFB42B-labelson</styleUrl>
        <ExtendedData>
          <Data name="EAST">
            <value>629365.577</value>
          </Data>
          <Data name="NORT">
            <value>3390187.844</value>
          </Data>
          <Data name="Longitude">
            <value>76.34995245</value>
          </Data>
          <Data name="Latitude">
            <value>30.63733907</value>
          </Data>
        </ExtendedData>
        <Point>
          <coordinates>
            76.34995245,30.63733907,0
          </coordinates>
        </Point>
      </Placemark>
      <Placemark>
        <name>CH: 130</name>
        <description><![CDATA[EAST: 628,783.015<br>NORT: 3,390,971.584<br>Longitude: 76.34397249<br>Latitude: 30.64447234]]></description>
        <styleUrl>#icon-1899-AFB42B-labelson</styleUrl>
        <ExtendedData>
          <Data name="EAST">
            <value>628783.015</value>
          </Data>
          <Data name="NORT">
            <value>3390971.584</value>
          </Data>
          <Data name="Longitude">
            <value>76.34397249</value>
          </Data>
          <Data name="Latitude">
            <value>30.64447234</value>
          </Data>
        </ExtendedData>
        <Point>
          <coordinates>
            76.34397249,30.64447234,0
          </coordinates>
        </Point>
      </Placemark>
      <Placemark>
        <name>CH: 131</name>
        <description><![CDATA[EAST: 627,931.66<br>NORT: 3,391,495.922<br>Longitude: 76.33515483<br>Latitude: 30.64929407]]></description>
        <styleUrl>#icon-1899-AFB42B-labelson</styleUrl>
        <ExtendedData>
          <Data name="EAST">
            <value>627931.66</value>
          </Data>
          <Data name="NORT">
            <value>3391495.922</value>
          </Data>
          <Data name="Longitude">
            <value>76.33515483</value>
          </Data>
          <Data name="Latitude">
            <value>30.64929407</value>
          </Data>
        </ExtendedData>
        <Point>
          <coordinates>
            76.33515483,30.64929407,0
          </coordinates>
        </Point>
      </Placemark>
      <Placemark>
        <name>CH: 132</name>
        <description><![CDATA[EAST: 627,116.382<br>NORT: 3,392,069.321<br>Longitude: 76.32671878<br>Latitude: 30.65455397]]></description>
        <styleUrl>#icon-1899-AFB42B-labelson</styleUrl>
        <ExtendedData>
          <Data name="EAST">
            <value>627116.382</value>
          </Data>
          <Data name="NORT">
            <value>3392069.321</value>
          </Data>
          <Data name="Longitude">
            <value>76.32671878</value>
          </Data>
          <Data name="Latitude">
            <value>30.65455397</value>
          </Data>
        </ExtendedData>
        <Point>
          <coordinates>
            76.32671878,30.65455397,0
          </coordinates>
        </Point>
      </Placemark>
      <Placemark>
        <name>CH: 133</name>
        <description><![CDATA[EAST: 626,259.629<br>NORT: 3,392,585.048<br>Longitude: 76.31784194<br>Latitude: 30.65929746]]></description>
        <styleUrl>#icon-1899-AFB42B-labelson</styleUrl>
        <ExtendedData>
          <Data name="EAST">
            <value>626259.629</value>
          </Data>
          <Data name="NORT">
            <value>3392585.048</value>
          </Data>
          <Data name="Longitude">
            <value>76.31784194</value>
          </Data>
          <Data name="Latitude">
            <value>30.65929746</value>
          </Data>
        </ExtendedData>
        <Point>
          <coordinates>
            76.31784194,30.65929746,0
          </coordinates>
        </Point>
      </Placemark>
      <Placemark>
        <name>CH: 134</name>
        <description><![CDATA[EAST: 625,402.876<br>NORT: 3,393,100.775<br>Longitude: 76.30896422<br>Latitude: 30.66404037]]></description>
        <styleUrl>#icon-1899-AFB42B-labelson</styleUrl>
        <ExtendedData>
          <Data name="EAST">
            <value>625402.876</value>
          </Data>
          <Data name="NORT">
            <value>3393100.775</value>
          </Data>
          <Data name="Longitude">
            <value>76.30896422</value>
          </Data>
          <Data name="Latitude">
            <value>30.66404037</value>
          </Data>
        </ExtendedData>
        <Point>
          <coordinates>
            76.30896422,30.66404037,0
          </coordinates>
        </Point>
      </Placemark>
      <Placemark>
        <name>CH: 135</name>
        <description><![CDATA[EAST: 624,510.743<br>NORT: 3,393,546.919<br>Longitude: 76.29970797<br>Latitude: 30.66815865]]></description>
        <styleUrl>#icon-1899-AFB42B-labelson</styleUrl>
        <ExtendedData>
          <Data name="EAST">
            <value>624510.743</value>
          </Data>
          <Data name="NORT">
            <value>3393546.919</value>
          </Data>
          <Data name="Longitude">
            <value>76.29970797</value>
          </Data>
          <Data name="Latitude">
            <value>30.66815865</value>
          </Data>
        </ExtendedData>
        <Point>
          <coordinates>
            76.29970797,30.66815865,0
          </coordinates>
        </Point>
      </Placemark>
      <Placemark>
        <name>CH: 136</name>
        <description><![CDATA[EAST: 623,658.425<br>NORT: 3,394,069.12<br>Longitude: 76.29087558<br>Latitude: 30.67295831]]></description>
        <styleUrl>#icon-1899-AFB42B-labelson</styleUrl>
        <ExtendedData>
          <Data name="EAST">
            <value>623658.425</value>
          </Data>
          <Data name="NORT">
            <value>3394069.12</value>
          </Data>
          <Data name="Longitude">
            <value>76.29087558</value>
          </Data>
          <Data name="Latitude">
            <value>30.67295831</value>
          </Data>
        </ExtendedData>
        <Point>
          <coordinates>
            76.29087558,30.67295831,0
          </coordinates>
        </Point>
      </Placemark>
      <Placemark>
        <name>CH: 137</name>
        <description><![CDATA[EAST: 622,801.901<br>NORT: 3,394,585.223<br>Longitude: 76.28199768<br>Latitude: 30.6777028]]></description>
        <styleUrl>#icon-1899-AFB42B-labelson</styleUrl>
        <ExtendedData>
          <Data name="EAST">
            <value>622801.901</value>
          </Data>
          <Data name="NORT">
            <value>3394585.223</value>
          </Data>
          <Data name="Longitude">
            <value>76.28199768</value>
          </Data>
          <Data name="Latitude">
            <value>30.6777028</value>
          </Data>
        </ExtendedData>
        <Point>
          <coordinates>
            76.28199768,30.6777028,0
          </coordinates>
        </Point>
      </Placemark>
      <Placemark>
        <name>CH: 138</name>
        <description><![CDATA[EAST: 621,944.768<br>NORT: 3,395,100.319<br>Longitude: 76.27311243<br>Latitude: 30.68243769]]></description>
        <styleUrl>#icon-1899-AFB42B-labelson</styleUrl>
        <ExtendedData>
          <Data name="EAST">
            <value>621944.768</value>
          </Data>
          <Data name="NORT">
            <value>3395100.319</value>
          </Data>
          <Data name="Longitude">
            <value>76.27311243</value>
          </Data>
          <Data name="Latitude">
            <value>30.68243769</value>
          </Data>
        </ExtendedData>
        <Point>
          <coordinates>
            76.27311243,30.68243769,0
          </coordinates>
        </Point>
      </Placemark>
      <Placemark>
        <name>CH: 139</name>
        <description><![CDATA[EAST: 621,087.636<br>NORT: 3,395,615.415<br>Longitude: 76.2642263<br>Latitude: 30.68717199]]></description>
        <styleUrl>#icon-1899-AFB42B-labelson</styleUrl>
        <ExtendedData>
          <Data name="EAST">
            <value>621087.636</value>
          </Data>
          <Data name="NORT">
            <value>3395615.415</value>
          </Data>
          <Data name="Longitude">
            <value>76.2642263</value>
          </Data>
          <Data name="Latitude">
            <value>30.68717199</value>
          </Data>
        </ExtendedData>
        <Point>
          <coordinates>
            76.2642263,30.68717199,0
          </coordinates>
        </Point>
      </Placemark>
      <Placemark>
        <name>CH: 140</name>
        <description><![CDATA[EAST: 620,230.503<br>NORT: 3,396,130.511<br>Longitude: 76.25533927<br>Latitude: 30.6919057]]></description>
        <styleUrl>#icon-1899-AFB42B-labelson</styleUrl>
        <ExtendedData>
          <Data name="EAST">
            <value>620230.503</value>
          </Data>
          <Data name="NORT">
            <value>3396130.511</value>
          </Data>
          <Data name="Longitude">
            <value>76.25533927</value>
          </Data>
          <Data name="Latitude">
            <value>30.6919057</value>
          </Data>
        </ExtendedData>
        <Point>
          <coordinates>
            76.25533927,30.6919057,0
          </coordinates>
        </Point>
      </Placemark>
      <Placemark>
        <name>CH: 141</name>
        <description><![CDATA[EAST: 619,373.371<br>NORT: 3,396,645.607<br>Longitude: 76.24645138<br>Latitude: 30.69663882]]></description>
        <styleUrl>#icon-1899-AFB42B-labelson</styleUrl>
        <ExtendedData>
          <Data name="EAST">
            <value>619373.371</value>
          </Data>
          <Data name="NORT">
            <value>3396645.607</value>
          </Data>
          <Data name="Longitude">
            <value>76.24645138</value>
          </Data>
          <Data name="Latitude">
            <value>30.69663882</value>
          </Data>
        </ExtendedData>
        <Point>
          <coordinates>
            76.24645138,30.69663882,0
          </coordinates>
        </Point>
      </Placemark>
      <Placemark>
        <name>CH: 142</name>
        <description><![CDATA[EAST: 618,516.238<br>NORT: 3,397,160.703<br>Longitude: 76.2375626<br>Latitude: 30.70137136]]></description>
        <styleUrl>#icon-1899-AFB42B-labelson</styleUrl>
        <ExtendedData>
          <Data name="EAST">
            <value>618516.238</value>
          </Data>
          <Data name="NORT">
            <value>3397160.703</value>
          </Data>
          <Data name="Longitude">
            <value>76.2375626</value>
          </Data>
          <Data name="Latitude">
            <value>30.70137136</value>
          </Data>
        </ExtendedData>
        <Point>
          <coordinates>
            76.2375626,30.70137136,0
          </coordinates>
        </Point>
      </Placemark>
      <Placemark>
        <name>CH: 143</name>
        <description><![CDATA[EAST: 617,656.782<br>NORT: 3,397,671.741<br>Longitude: 76.22864821<br>Latitude: 30.70606693]]></description>
        <styleUrl>#icon-1899-AFB42B-labelson</styleUrl>
        <ExtendedData>
          <Data name="EAST">
            <value>617656.782</value>
          </Data>
          <Data name="NORT">
            <value>3397671.741</value>
          </Data>
          <Data name="Longitude">
            <value>76.22864821</value>
          </Data>
          <Data name="Latitude">
            <value>30.70606693</value>
          </Data>
        </ExtendedData>
        <Point>
          <coordinates>
            76.22864821,30.70606693,0
          </coordinates>
        </Point>
      </Placemark>
      <Placemark>
        <name>CH: 144</name>
        <description><![CDATA[EAST: 616,798.698<br>NORT: 3,398,184.655<br>Longitude: 76.21974749<br>Latitude: 30.71077869]]></description>
        <styleUrl>#icon-1899-AFB42B-labelson</styleUrl>
        <ExtendedData>
          <Data name="EAST">
            <value>616798.698</value>
          </Data>
          <Data name="NORT">
            <value>3398184.655</value>
          </Data>
          <Data name="Longitude">
            <value>76.21974749</value>
          </Data>
          <Data name="Latitude">
            <value>30.71077869</value>
          </Data>
        </ExtendedData>
        <Point>
          <coordinates>
            76.21974749,30.71077869,0
          </coordinates>
        </Point>
      </Placemark>
      <Placemark>
        <name>CH: 145</name>
        <description><![CDATA[EAST: 615,943.941<br>NORT: 3,398,703.199<br>Longitude: 76.21088126<br>Latitude: 30.71554034]]></description>
        <styleUrl>#icon-1899-AFB42B-labelson</styleUrl>
        <ExtendedData>
          <Data name="EAST">
            <value>615943.941</value>
          </Data>
          <Data name="NORT">
            <value>3398703.199</value>
          </Data>
          <Data name="Longitude">
            <value>76.21088126</value>
          </Data>
          <Data name="Latitude">
            <value>30.71554034</value>
          </Data>
        </ExtendedData>
        <Point>
          <coordinates>
            76.21088126,30.71554034,0
          </coordinates>
        </Point>
      </Placemark>
      <Placemark>
        <name>CH: 146</name>
        <description><![CDATA[EAST: 615,086.063<br>NORT: 3,399,217.051<br>Longitude: 76.20198103<br>Latitude: 30.72025937]]></description>
        <styleUrl>#icon-1899-AFB42B-labelson</styleUrl>
        <ExtendedData>
          <Data name="EAST">
            <value>615086.063</value>
          </Data>
          <Data name="NORT">
            <value>3399217.051</value>
          </Data>
          <Data name="Longitude">
            <value>76.20198103</value>
          </Data>
          <Data name="Latitude">
            <value>30.72025937</value>
          </Data>
        </ExtendedData>
        <Point>
          <coordinates>
            76.20198103,30.72025937,0
          </coordinates>
        </Point>
      </Placemark>
      <Placemark>
        <name>CH: 147</name>
        <description><![CDATA[EAST: 614,227.338<br>NORT: 3,399,729.464<br>Longitude: 76.19307092<br>Latitude: 30.7249649]]></description>
        <styleUrl>#icon-1899-AFB42B-labelson</styleUrl>
        <ExtendedData>
          <Data name="EAST">
            <value>614227.338</value>
          </Data>
          <Data name="NORT">
            <value>3399729.464</value>
          </Data>
          <Data name="Longitude">
            <value>76.19307092</value>
          </Data>
          <Data name="Latitude">
            <value>30.7249649</value>
          </Data>
        </ExtendedData>
        <Point>
          <coordinates>
            76.19307092,30.7249649,0
          </coordinates>
        </Point>
      </Placemark>
      <Placemark>
        <name>CH: 148</name>
        <description><![CDATA[EAST: 613,367.723<br>NORT: 3,400,240.355<br>Longitude: 76.18415047<br>Latitude: 30.7296562]]></description>
        <styleUrl>#icon-1899-AFB42B-labelson</styleUrl>
        <ExtendedData>
          <Data name="EAST">
            <value>613367.723</value>
          </Data>
          <Data name="NORT">
            <value>3400240.355</value>
          </Data>
          <Data name="Longitude">
            <value>76.18415047</value>
          </Data>
          <Data name="Latitude">
            <value>30.7296562</value>
          </Data>
        </ExtendedData>
        <Point>
          <coordinates>
            76.18415047,30.7296562,0
          </coordinates>
        </Point>
      </Placemark>
      <Placemark>
        <name>CH: 149</name>
        <description><![CDATA[EAST: 612,510.369<br>NORT: 3,400,755.082<br>Longitude: 76.17525317<br>Latitude: 30.7343813]]></description>
        <styleUrl>#icon-1899-AFB42B-labelson</styleUrl>
        <ExtendedData>
          <Data name="EAST">
            <value>612510.369</value>
          </Data>
          <Data name="NORT">
            <value>3400755.082</value>
          </Data>
          <Data name="Longitude">
            <value>76.17525317</value>
          </Data>
          <Data name="Latitude">
            <value>30.7343813</value>
          </Data>
        </ExtendedData>
        <Point>
          <coordinates>
            76.17525317,30.7343813,0
          </coordinates>
        </Point>
      </Placemark>
      <Placemark>
        <name>CH: 150</name>
        <description><![CDATA[EAST: 611,653.015<br>NORT: 3,401,269.809<br>Longitude: 76.16635498<br>Latitude: 30.7391058]]></description>
        <styleUrl>#icon-1899-AFB42B-labelson</styleUrl>
        <ExtendedData>
          <Data name="EAST">
            <value>611653.015</value>
          </Data>
          <Data name="NORT">
            <value>3401269.809</value>
          </Data>
          <Data name="Longitude">
            <value>76.16635498</value>
          </Data>
          <Data name="Latitude">
            <value>30.7391058</value>
          </Data>
        </ExtendedData>
        <Point>
          <coordinates>
            76.16635498,30.7391058,0
          </coordinates>
        </Point>
      </Placemark>
      <Placemark>
        <name>CH: 151</name>
        <description><![CDATA[EAST: 610,798.931<br>NORT: 3,401,789.814<br>Longitude: 76.15749065<br>Latitude: 30.74387703]]></description>
        <styleUrl>#icon-1899-AFB42B-labelson</styleUrl>
        <ExtendedData>
          <Data name="EAST">
            <value>610798.931</value>
          </Data>
          <Data name="NORT">
            <value>3401789.814</value>
          </Data>
          <Data name="Longitude">
            <value>76.15749065</value>
          </Data>
          <Data name="Latitude">
            <value>30.74387703</value>
          </Data>
        </ExtendedData>
        <Point>
          <coordinates>
            76.15749065,30.74387703,0
          </coordinates>
        </Point>
      </Placemark>
      <Placemark>
        <name>CH: 152</name>
        <description><![CDATA[EAST: 609,941.306<br>NORT: 3,402,304.088<br>Longitude: 76.14858782<br>Latitude: 30.74859629]]></description>
        <styleUrl>#icon-1899-AFB42B-labelson</styleUrl>
        <ExtendedData>
          <Data name="EAST">
            <value>609941.306</value>
          </Data>
          <Data name="NORT">
            <value>3402304.088</value>
          </Data>
          <Data name="Longitude">
            <value>76.14858782</value>
          </Data>
          <Data name="Latitude">
            <value>30.74859629</value>
          </Data>
        </ExtendedData>
        <Point>
          <coordinates>
            76.14858782,30.74859629,0
          </coordinates>
        </Point>
      </Placemark>
      <Placemark>
        <name>CH: 153</name>
        <description><![CDATA[EAST: 609,083.773<br>NORT: 3,402,818.517<br>Longitude: 76.13968509<br>Latitude: 30.75331636]]></description>
        <styleUrl>#icon-1899-AFB42B-labelson</styleUrl>
        <ExtendedData>
          <Data name="EAST">
            <value>609083.773</value>
          </Data>
          <Data name="NORT">
            <value>3402818.517</value>
          </Data>
          <Data name="Longitude">
            <value>76.13968509</value>
          </Data>
          <Data name="Latitude">
            <value>30.75331636</value>
          </Data>
        </ExtendedData>
        <Point>
          <coordinates>
            76.13968509,30.75331636,0
          </coordinates>
        </Point>
      </Placemark>
      <Placemark>
        <name>CH: 154</name>
        <description><![CDATA[EAST: 608,223.385<br>NORT: 3,403,327.97<br>Longitude: 76.13075113<br>Latitude: 30.75799119]]></description>
        <styleUrl>#icon-1899-AFB42B-labelson</styleUrl>
        <ExtendedData>
          <Data name="EAST">
            <value>608223.385</value>
          </Data>
          <Data name="NORT">
            <value>3403327.97</value>
          </Data>
          <Data name="Longitude">
            <value>76.13075113</value>
          </Data>
          <Data name="Latitude">
            <value>30.75799119</value>
          </Data>
        </ExtendedData>
        <Point>
          <coordinates>
            76.13075113,30.75799119,0
          </coordinates>
        </Point>
      </Placemark>
      <Placemark>
        <name>CH: 155</name>
        <description><![CDATA[EAST: 607,355.671<br>NORT: 3,403,824.229<br>Longitude: 76.12173838<br>Latitude: 30.76254706]]></description>
        <styleUrl>#icon-1899-AFB42B-labelson</styleUrl>
        <ExtendedData>
          <Data name="EAST">
            <value>607355.671</value>
          </Data>
          <Data name="NORT">
            <value>3403824.229</value>
          </Data>
          <Data name="Longitude">
            <value>76.12173838</value>
          </Data>
          <Data name="Latitude">
            <value>30.76254706</value>
          </Data>
        </ExtendedData>
        <Point>
          <coordinates>
            76.12173838,30.76254706,0
          </coordinates>
        </Point>
      </Placemark>
      <Placemark>
        <name>CH: 156</name>
        <description><![CDATA[EAST: 606,506.972<br>NORT: 3,404,352.635<br>Longitude: 76.11292676<br>Latitude: 30.76739063]]></description>
        <styleUrl>#icon-1899-AFB42B-labelson</styleUrl>
        <ExtendedData>
          <Data name="EAST">
            <value>606506.972</value>
          </Data>
          <Data name="NORT">
            <value>3404352.635</value>
          </Data>
          <Data name="Longitude">
            <value>76.11292676</value>
          </Data>
          <Data name="Latitude">
            <value>30.76739063</value>
          </Data>
        </ExtendedData>
        <Point>
          <coordinates>
            76.11292676,30.76739063,0
          </coordinates>
        </Point>
      </Placemark>
      <Placemark>
        <name>CH: 157</name>
        <description><![CDATA[EAST: 605,648.57<br>NORT: 3,404,865.612<br>Longitude: 76.10401128<br>Latitude: 30.7720953]]></description>
        <styleUrl>#icon-1899-AFB42B-labelson</styleUrl>
        <ExtendedData>
          <Data name="EAST">
            <value>605648.57</value>
          </Data>
          <Data name="NORT">
            <value>3404865.612</value>
          </Data>
          <Data name="Longitude">
            <value>76.10401128</value>
          </Data>
          <Data name="Latitude">
            <value>30.7720953</value>
          </Data>
        </ExtendedData>
        <Point>
          <coordinates>
            76.10401128,30.7720953,0
          </coordinates>
        </Point>
      </Placemark>
      <Placemark>
        <name>CH: 158</name>
        <description><![CDATA[EAST: 604,790.167<br>NORT: 3,405,378.589<br>Longitude: 76.09509491<br>Latitude: 30.77679936]]></description>
        <styleUrl>#icon-1899-AFB42B-labelson</styleUrl>
        <ExtendedData>
          <Data name="EAST">
            <value>604790.167</value>
          </Data>
          <Data name="NORT">
            <value>3405378.589</value>
          </Data>
          <Data name="Longitude">
            <value>76.09509491</value>
          </Data>
          <Data name="Latitude">
            <value>30.77679936</value>
          </Data>
        </ExtendedData>
        <Point>
          <coordinates>
            76.09509491,30.77679936,0
          </coordinates>
        </Point>
      </Placemark>
      <Placemark>
        <name>CH: 159</name>
        <description><![CDATA[EAST: 603,935.223<br>NORT: 3,405,897.192<br>Longitude: 76.08621437<br>Latitude: 30.78155329]]></description>
        <styleUrl>#icon-1899-AFB42B-labelson</styleUrl>
        <ExtendedData>
          <Data name="EAST">
            <value>603935.223</value>
          </Data>
          <Data name="NORT">
            <value>3405897.192</value>
          </Data>
          <Data name="Longitude">
            <value>76.08621437</value>
          </Data>
          <Data name="Latitude">
            <value>30.78155329</value>
          </Data>
        </ExtendedData>
        <Point>
          <coordinates>
            76.08621437,30.78155329,0
          </coordinates>
        </Point>
      </Placemark>
      <Placemark>
        <name>CH: 160</name>
        <description><![CDATA[EAST: 603,077.069<br>NORT: 3,406,410.585<br>Longitude: 76.07729888<br>Latitude: 30.7862599]]></description>
        <styleUrl>#icon-1899-AFB42B-labelson</styleUrl>
        <ExtendedData>
          <Data name="EAST">
            <value>603077.069</value>
          </Data>
          <Data name="NORT">
            <value>3406410.585</value>
          </Data>
          <Data name="Longitude">
            <value>76.07729888</value>
          </Data>
          <Data name="Latitude">
            <value>30.7862599</value>
          </Data>
        </ExtendedData>
        <Point>
          <coordinates>
            76.07729888,30.7862599,0
          </coordinates>
        </Point>
      </Placemark>
      <Placemark>
        <name>CH: 161</name>
        <description><![CDATA[EAST: 602,218.915<br>NORT: 3,406,923.977<br>Longitude: 76.06838251<br>Latitude: 30.7909659]]></description>
        <styleUrl>#icon-1899-AFB42B-labelson</styleUrl>
        <ExtendedData>
          <Data name="EAST">
            <value>602218.915</value>
          </Data>
          <Data name="NORT">
            <value>3406923.977</value>
          </Data>
          <Data name="Longitude">
            <value>76.06838251</value>
          </Data>
          <Data name="Latitude">
            <value>30.7909659</value>
          </Data>
        </ExtendedData>
        <Point>
          <coordinates>
            76.06838251,30.7909659,0
          </coordinates>
        </Point>
      </Placemark>
      <Placemark>
        <name>CH: 162</name>
        <description><![CDATA[EAST: 601,360.762<br>NORT: 3,407,437.37<br>Longitude: 76.05946527<br>Latitude: 30.79567131]]></description>
        <styleUrl>#icon-1899-AFB42B-labelson</styleUrl>
        <ExtendedData>
          <Data name="EAST">
            <value>601360.762</value>
          </Data>
          <Data name="NORT">
            <value>3407437.37</value>
          </Data>
          <Data name="Longitude">
            <value>76.05946527</value>
          </Data>
          <Data name="Latitude">
            <value>30.79567131</value>
          </Data>
        </ExtendedData>
        <Point>
          <coordinates>
            76.05946527,30.79567131,0
          </coordinates>
        </Point>
      </Placemark>
      <Placemark>
        <name>CH: 163</name>
        <description><![CDATA[EAST: 600,502.608<br>NORT: 3,407,950.763<br>Longitude: 76.05054714<br>Latitude: 30.80037613]]></description>
        <styleUrl>#icon-1899-AFB42B-labelson</styleUrl>
        <ExtendedData>
          <Data name="EAST">
            <value>600502.608</value>
          </Data>
          <Data name="NORT">
            <value>3407950.763</value>
          </Data>
          <Data name="Longitude">
            <value>76.05054714</value>
          </Data>
          <Data name="Latitude">
            <value>30.80037613</value>
          </Data>
        </ExtendedData>
        <Point>
          <coordinates>
            76.05054714,30.80037613,0
          </coordinates>
        </Point>
      </Placemark>
      <Placemark>
        <name>CH: 164</name>
        <description><![CDATA[EAST: 599,633.934<br>NORT: 3,408,445.573<br>Longitude: 76.04151637<br>Latitude: 30.80491358]]></description>
        <styleUrl>#icon-1899-AFB42B-labelson</styleUrl>
        <ExtendedData>
          <Data name="EAST">
            <value>599633.934</value>
          </Data>
          <Data name="NORT">
            <value>3408445.573</value>
          </Data>
          <Data name="Longitude">
            <value>76.04151637</value>
          </Data>
          <Data name="Latitude">
            <value>30.80491358</value>
          </Data>
        </ExtendedData>
        <Point>
          <coordinates>
            76.04151637,30.80491358,0
          </coordinates>
        </Point>
      </Placemark>
      <Placemark>
        <name>CH: 165</name>
        <description><![CDATA[EAST: 598,781.044<br>NORT: 3,408,967.394<br>Longitude: 76.03265232<br>Latitude: 30.8096928]]></description>
        <styleUrl>#icon-1899-AFB42B-labelson</styleUrl>
        <ExtendedData>
          <Data name="EAST">
            <value>598781.044</value>
          </Data>
          <Data name="NORT">
            <value>3408967.394</value>
          </Data>
          <Data name="Longitude">
            <value>76.03265232</value>
          </Data>
          <Data name="Latitude">
            <value>30.8096928</value>
          </Data>
        </ExtendedData>
        <Point>
          <coordinates>
            76.03265232,30.8096928,0
          </coordinates>
        </Point>
      </Placemark>
      <Placemark>
        <name>CH: 166</name>
        <description><![CDATA[EAST: 597,928.642<br>NORT: 3,409,489.948<br>Longitude: 76.02379255<br>Latitude: 30.81447799]]></description>
        <styleUrl>#icon-1899-AFB42B-labelson</styleUrl>
        <ExtendedData>
          <Data name="EAST">
            <value>597928.642</value>
          </Data>
          <Data name="NORT">
            <value>3409489.948</value>
          </Data>
          <Data name="Longitude">
            <value>76.02379255</value>
          </Data>
          <Data name="Latitude">
            <value>30.81447799</value>
          </Data>
        </ExtendedData>
        <Point>
          <coordinates>
            76.02379255,30.81447799,0
          </coordinates>
        </Point>
      </Placemark>
      <Placemark>
        <name>CH: 167</name>
        <description><![CDATA[EAST: 597,070.34<br>NORT: 3,410,003.092<br>Longitude: 76.01486933<br>Latitude: 30.81917819]]></description>
        <styleUrl>#icon-1899-AFB42B-labelson</styleUrl>
        <ExtendedData>
          <Data name="EAST">
            <value>597070.34</value>
          </Data>
          <Data name="NORT">
            <value>3410003.092</value>
          </Data>
          <Data name="Longitude">
            <value>76.01486933</value>
          </Data>
          <Data name="Latitude">
            <value>30.81917819</value>
          </Data>
        </ExtendedData>
        <Point>
          <coordinates>
            76.01486933,30.81917819,0
          </coordinates>
        </Point>
      </Placemark>
      <Placemark>
        <name>CH: 168</name>
        <description><![CDATA[EAST: 596,212.037<br>NORT: 3,410,516.235<br>Longitude: 76.00594521<br>Latitude: 30.82387777]]></description>
        <styleUrl>#icon-1899-AFB42B-labelson</styleUrl>
        <ExtendedData>
          <Data name="EAST">
            <value>596212.037</value>
          </Data>
          <Data name="NORT">
            <value>3410516.235</value>
          </Data>
          <Data name="Longitude">
            <value>76.00594521</value>
          </Data>
          <Data name="Latitude">
            <value>30.82387777</value>
          </Data>
        </ExtendedData>
        <Point>
          <coordinates>
            76.00594521,30.82387777,0
          </coordinates>
        </Point>
      </Placemark>
      <Placemark>
        <name>CH: 169</name>
        <description><![CDATA[EAST: 595,353.734<br>NORT: 3,411,029.379<br>Longitude: 75.99702021<br>Latitude: 30.82857677]]></description>
        <styleUrl>#icon-1899-AFB42B-labelson</styleUrl>
        <ExtendedData>
          <Data name="EAST">
            <value>595353.734</value>
          </Data>
          <Data name="NORT">
            <value>3411029.379</value>
          </Data>
          <Data name="Longitude">
            <value>75.99702021</value>
          </Data>
          <Data name="Latitude">
            <value>30.82857677</value>
          </Data>
        </ExtendedData>
        <Point>
          <coordinates>
            75.99702021,30.82857677,0
          </coordinates>
        </Point>
      </Placemark>
      <Placemark>
        <name>CH: 170</name>
        <description><![CDATA[EAST: 594,495.431<br>NORT: 3,411,542.523<br>Longitude: 75.98809433<br>Latitude: 30.83327516]]></description>
        <styleUrl>#icon-1899-AFB42B-labelson</styleUrl>
        <ExtendedData>
          <Data name="EAST">
            <value>594495.431</value>
          </Data>
          <Data name="NORT">
            <value>3411542.523</value>
          </Data>
          <Data name="Longitude">
            <value>75.98809433</value>
          </Data>
          <Data name="Latitude">
            <value>30.83327516</value>
          </Data>
        </ExtendedData>
        <Point>
          <coordinates>
            75.98809433,30.83327516,0
          </coordinates>
        </Point>
      </Placemark>
    </Folder>
    <Folder>
      <name>TSS, SP,SSP</name>
      <Placemark>
        <name>TSS JAGADHARI</name>
        <description><![CDATA[EAST: 715,780.032<br>NORT: 3,335,896.795<br>Longitude: 77.2400357<br>Latitude: 30.1353056]]></description>
        <styleUrl>#icon-1899-795548-labelson</styleUrl>
        <ExtendedData>
          <Data name="EAST">
            <value>715780.032</value>
          </Data>
          <Data name="NORT">
            <value>3335896.795</value>
          </Data>
          <Data name="Longitude">
            <value>77.2400357</value>
          </Data>
          <Data name="Latitude">
            <value>30.1353056</value>
          </Data>
        </ExtendedData>
        <Point>
          <coordinates>
            77.2400357,30.1353056,0
          </coordinates>
        </Point>
      </Placemark>
      <Placemark>
        <name>TSS SHAMBHU</name>
        <description><![CDATA[EAST: 665,906.647<br>NORT: 3,364,526.028<br>Longitude: 76.7252392<br>Latitude: 30.4027069]]></description>
        <styleUrl>#icon-1899-795548-labelson</styleUrl>
        <ExtendedData>
          <Data name="EAST">
            <value>665906.647</value>
          </Data>
          <Data name="NORT">
            <value>3364526.028</value>
          </Data>
          <Data name="Longitude">
            <value>76.7252392</value>
          </Data>
          <Data name="Latitude">
            <value>30.4027069</value>
          </Data>
        </ExtendedData>
        <Point>
          <coordinates>
            76.7252392,30.4027069,0
          </coordinates>
        </Point>
      </Placemark>
      <Placemark>
        <name>TSS KHANNA</name>
        <description><![CDATA[EAST: 611,722.962<br>NORT: 3,401,181.114<br>Longitude: 76.1670759<br>Latitude: 30.7382991]]></description>
        <styleUrl>#icon-1899-0288D1-labelson</styleUrl>
        <ExtendedData>
          <Data name="EAST">
            <value>611722.962</value>
          </Data>
          <Data name="NORT">
            <value>3401181.114</value>
          </Data>
          <Data name="Longitude">
            <value>76.1670759</value>
          </Data>
          <Data name="Latitude">
            <value>30.7382991</value>
          </Data>
        </ExtendedData>
        <Point>
          <coordinates>
            76.1670759,30.7382991,0
          </coordinates>
        </Point>
      </Placemark>
      <Placemark>
        <name>SP PILKHANI</name>
        <description><![CDATA[EAST: 738,369.604<br>NORT: 3,321,145.972<br>Longitude: 77.4710582<br>Latitude: 29.9981017]]></description>
        <styleUrl>#icon-1899-1A237E-labelson</styleUrl>
        <ExtendedData>
          <Data name="EAST">
            <value>738369.604</value>
          </Data>
          <Data name="NORT">
            <value>3321145.972</value>
          </Data>
          <Data name="Longitude">
            <value>77.4710582</value>
          </Data>
          <Data name="Latitude">
            <value>29.9981017</value>
          </Data>
        </ExtendedData>
        <Point>
          <coordinates>
            77.4710582,29.9981017,0
          </coordinates>
        </Point>
      </Placemark>
      <Placemark>
        <name>SP KESRI</name>
        <description><![CDATA[EAST: 687,964.5<br>NORT: 3,348,385.903<br>Longitude: 76.9536537<br>Latitude: 30.2525547]]></description>
        <styleUrl>#icon-1899-1A237E-labelson</styleUrl>
        <ExtendedData>
          <Data name="EAST">
            <value>687964.5</value>
          </Data>
          <Data name="NORT">
            <value>3348385.903</value>
          </Data>
          <Data name="Longitude">
            <value>76.9536537</value>
          </Data>
          <Data name="Latitude">
            <value>30.2525547</value>
          </Data>
        </ExtendedData>
        <Point>
          <coordinates>
            76.9536537,30.2525547,0
          </coordinates>
        </Point>
      </Placemark>
      <Placemark>
        <name>SP SIRHIND </name>
        <description><![CDATA[EAST: 636,640.354<br>NORT: 3,385,911.139<br>Longitude: 76.4252814<br>Latitude: 30.5979488]]></description>
        <styleUrl>#icon-1899-1A237E-labelson</styleUrl>
        <ExtendedData>
          <Data name="EAST">
            <value>636640.354</value>
          </Data>
          <Data name="NORT">
            <value>3385911.139</value>
          </Data>
          <Data name="Longitude">
            <value>76.4252814</value>
          </Data>
          <Data name="Latitude">
            <value>30.5979488</value>
          </Data>
        </ExtendedData>
        <Point>
          <coordinates>
            76.4252814,30.5979488,0
          </coordinates>
        </Point>
      </Placemark>
      <Placemark>
        <name>SSP KALANAUR</name>
        <description><![CDATA[EAST: 727,637.665<br>NORT: 3,327,733.183<br>Longitude: 77.3612946<br>Latitude: 30.0595387]]></description>
        <styleUrl>#icon-1899-FFD600-labelson</styleUrl>
        <ExtendedData>
          <Data name="EAST">
            <value>727637.665</value>
          </Data>
          <Data name="NORT">
            <value>3327733.183</value>
          </Data>
          <Data name="Longitude">
            <value>77.3612946</value>
          </Data>
          <Data name="Latitude">
            <value>30.0595387</value>
          </Data>
        </ExtendedData>
        <Point>
          <coordinates>
            77.3612946,30.0595387,0
          </coordinates>
        </Point>
      </Placemark>
      <Placemark>
        <name>SSP MUSTAFABAD</name>
        <description><![CDATA[EAST: 703,650.874<br>NORT: 3,340,992.148<br>Longitude: 77.1151765<br>Latitude: 30.1833443]]></description>
        <styleUrl>#icon-1899-FFD600-labelson</styleUrl>
        <ExtendedData>
          <Data name="EAST">
            <value>703650.874</value>
          </Data>
          <Data name="NORT">
            <value>3340992.148</value>
          </Data>
          <Data name="Longitude">
            <value>77.1151765</value>
          </Data>
          <Data name="Latitude">
            <value>30.1833443</value>
          </Data>
        </ExtendedData>
        <Point>
          <coordinates>
            77.1151765,30.1833443,0
          </coordinates>
        </Point>
      </Placemark>
      <Placemark>
        <name>SSP AMBALA CANT</name>
        <description><![CDATA[EAST: 675,309.797<br>NORT: 3,357,912.602<br>Longitude: 76.8248742<br>Latitude: 30.3355277]]></description>
        <styleUrl>#icon-1899-FFD600-labelson</styleUrl>
        <ExtendedData>
          <Data name="EAST">
            <value>675309.797</value>
          </Data>
          <Data name="NORT">
            <value>3357912.602</value>
          </Data>
          <Data name="Longitude">
            <value>76.8248742</value>
          </Data>
          <Data name="Latitude">
            <value>30.3355277</value>
          </Data>
        </ExtendedData>
        <Point>
          <coordinates>
            76.8248742,30.3355277,0
          </coordinates>
        </Point>
      </Placemark>
      <Placemark>
        <name>SSP SARAI BANJARA</name>
        <description><![CDATA[EAST: 651,766.712<br>NORT: 3,374,702.109<br>Longitude: 76.5813748<br>Latitude: 30.4950151]]></description>
        <styleUrl>#icon-1899-FFD600-labelson</styleUrl>
        <ExtendedData>
          <Data name="EAST">
            <value>651766.712</value>
          </Data>
          <Data name="NORT">
            <value>3374702.109</value>
          </Data>
          <Data name="Longitude">
            <value>76.5813748</value>
          </Data>
          <Data name="Latitude">
            <value>30.4950151</value>
          </Data>
        </ExtendedData>
        <Point>
          <coordinates>
            76.5813748,30.4950151,0
          </coordinates>
        </Point>
      </Placemark>
      <Placemark>
        <name>SSP MANDI GOBINDGARH</name>
        <description><![CDATA[EAST: 623,509.862<br>NORT: 3,394,148.445<br>Longitude: 76.2893346<br>Latitude: 30.6736893]]></description>
        <styleUrl>#icon-1899-FFD600-labelson</styleUrl>
        <ExtendedData>
          <Data name="EAST">
            <value>623509.862</value>
          </Data>
          <Data name="NORT">
            <value>3394148.445</value>
          </Data>
          <Data name="Longitude">
            <value>76.2893346</value>
          </Data>
          <Data name="Latitude">
            <value>30.6736893</value>
          </Data>
        </ExtendedData>
        <Point>
          <coordinates>
            76.2893346,30.6736893,0
          </coordinates>
        </Point>
      </Placemark>
    </Folder>
    <Folder>
      <name>Level Cossing</name>
      <Placemark>
        <name>LC - 96</name>
        <description><![CDATA[EAST: 739,492.778<br>NORT: 3,320,511.718<br>Longitude: 77.3681951<br>Latitude: 30.0539844]]></description>
        <styleUrl>#icon-1502-7CB342-labelson</styleUrl>
        <ExtendedData>
          <Data name="EAST">
            <value>739492.778</value>
          </Data>
          <Data name="NORT">
            <value>3320511.718</value>
          </Data>
          <Data name="Longitude">
            <value>77.3681951</value>
          </Data>
          <Data name="Latitude">
            <value>30.0539844</value>
          </Data>
        </ExtendedData>
        <Point>
          <coordinates>
            77.3681951,30.0539844,0
          </coordinates>
        </Point>
      </Placemark>
      <Placemark>
        <name>LC - 97</name>
        <description><![CDATA[EAST: 739,006.078<br>NORT: 3,320,797.716<br>Longitude: 77.307595<br>Latitude: 30.1063531]]></description>
        <styleUrl>#icon-1502-7CB342-labelson</styleUrl>
        <ExtendedData>
          <Data name="EAST">
            <value>739006.078</value>
          </Data>
          <Data name="NORT">
            <value>3320797.716</value>
          </Data>
          <Data name="Longitude">
            <value>77.307595</value>
          </Data>
          <Data name="Latitude">
            <value>30.1063531</value>
          </Data>
        </ExtendedData>
        <Point>
          <coordinates>
            77.307595,30.1063531,0
          </coordinates>
        </Point>
      </Placemark>
      <Placemark>
        <name>LC - 98</name>
        <description><![CDATA[EAST: 738,139.907<br>NORT: 3,321,297.122<br>Longitude: 77.2815788<br>Latitude: 30.120059]]></description>
        <styleUrl>#icon-1502-7CB342-labelson</styleUrl>
        <ExtendedData>
          <Data name="EAST">
            <value>738139.907</value>
          </Data>
          <Data name="NORT">
            <value>3321297.122</value>
          </Data>
          <Data name="Longitude">
            <value>77.2815788</value>
          </Data>
          <Data name="Latitude">
            <value>30.120059</value>
          </Data>
        </ExtendedData>
        <Point>
          <coordinates>
            77.2815788,30.120059,0
          </coordinates>
        </Point>
      </Placemark>
      <Placemark>
        <name>LC - 103</name>
        <description><![CDATA[EAST: 737,284.009<br>NORT: 3,321,814.188<br>Longitude: 77.1996023<br>Latitude: 30.1514308]]></description>
        <styleUrl>#icon-1502-7CB342-labelson</styleUrl>
        <ExtendedData>
          <Data name="EAST">
            <value>737284.009</value>
          </Data>
          <Data name="NORT">
            <value>3321814.188</value>
          </Data>
          <Data name="Longitude">
            <value>77.1996023</value>
          </Data>
          <Data name="Latitude">
            <value>30.1514308</value>
          </Data>
        </ExtendedData>
        <Point>
          <coordinates>
            77.1996023,30.1514308,0
          </coordinates>
        </Point>
      </Placemark>
      <Placemark>
        <name>LC - 106</name>
        <description><![CDATA[EAST: 736,423.537<br>NORT: 3,322,323.685<br>Longitude: 77.1469076<br>Latitude: 30.1715618]]></description>
        <styleUrl>#icon-1502-7CB342-labelson</styleUrl>
        <ExtendedData>
          <Data name="EAST">
            <value>736423.537</value>
          </Data>
          <Data name="NORT">
            <value>3322323.685</value>
          </Data>
          <Data name="Longitude">
            <value>77.1469076</value>
          </Data>
          <Data name="Latitude">
            <value>30.1715618</value>
          </Data>
        </ExtendedData>
        <Point>
          <coordinates>
            77.1469076,30.1715618,0
          </coordinates>
        </Point>
      </Placemark>
      <Placemark>
        <name>LC - 118</name>
        <description><![CDATA[EAST: 735,649.867<br>NORT: 3,322,781.786<br>Longitude: 76.9211549<br>Latitude: 30.2728437]]></description>
        <styleUrl>#icon-1502-7CB342-labelson</styleUrl>
        <ExtendedData>
          <Data name="EAST">
            <value>735649.867</value>
          </Data>
          <Data name="NORT">
            <value>3322781.786</value>
          </Data>
          <Data name="Longitude">
            <value>76.9211549</value>
          </Data>
          <Data name="Latitude">
            <value>30.2728437</value>
          </Data>
        </ExtendedData>
        <Point>
          <coordinates>
            76.9211549,30.2728437,0
          </coordinates>
        </Point>
      </Placemark>
      <Placemark>
        <name>LC - 124</name>
        <description><![CDATA[EAST: 734,789.395<br>NORT: 3,323,291.284<br>Longitude: 76.7971289<br>Latitude: 30.3572496]]></description>
        <styleUrl>#icon-1502-7CB342-labelson</styleUrl>
        <ExtendedData>
          <Data name="EAST">
            <value>734789.395</value>
          </Data>
          <Data name="NORT">
            <value>3323291.284</value>
          </Data>
          <Data name="Longitude">
            <value>76.7971289</value>
          </Data>
          <Data name="Latitude">
            <value>30.3572496</value>
          </Data>
        </ExtendedData>
        <Point>
          <coordinates>
            76.7971289,30.3572496,0
          </coordinates>
        </Point>
      </Placemark>
      <Placemark>
        <name>LC - 127</name>
        <description><![CDATA[EAST: 733,927.146<br>NORT: 3,323,797.351<br>Longitude: 76.7548037<br>Latitude: 30.3837502]]></description>
        <styleUrl>#icon-1502-7CB342-labelson</styleUrl>
        <ExtendedData>
          <Data name="EAST">
            <value>733927.146</value>
          </Data>
          <Data name="NORT">
            <value>3323797.351</value>
          </Data>
          <Data name="Longitude">
            <value>76.7548037</value>
          </Data>
          <Data name="Latitude">
            <value>30.3837502</value>
          </Data>
        </ExtendedData>
        <Point>
          <coordinates>
            76.7548037,30.3837502,0
          </coordinates>
        </Point>
      </Placemark>
      <Placemark>
        <name>LC - 151</name>
        <description><![CDATA[EAST: 733,072.403<br>NORT: 3,324,316.198<br>Longitude: 76.2947697<br>Latitude: 30.6710004]]></description>
        <styleUrl>#icon-1502-7CB342-labelson</styleUrl>
        <ExtendedData>
          <Data name="EAST">
            <value>733072.403</value>
          </Data>
          <Data name="NORT">
            <value>3324316.198</value>
          </Data>
          <Data name="Longitude">
            <value>76.2947697</value>
          </Data>
          <Data name="Latitude">
            <value>30.6710004</value>
          </Data>
        </ExtendedData>
        <Point>
          <coordinates>
            76.2947697,30.6710004,0
          </coordinates>
        </Point>
      </Placemark>
      <Placemark>
        <name>LC - 159</name>
        <description><![CDATA[EAST: 732,209.976<br>NORT: 3,324,822.345<br>Longitude: 76.1514448<br>Latitude: 30.7471837]]></description>
        <styleUrl>#icon-1502-7CB342-labelson</styleUrl>
        <ExtendedData>
          <Data name="EAST">
            <value>732209.976</value>
          </Data>
          <Data name="NORT">
            <value>3324822.345</value>
          </Data>
          <Data name="Longitude">
            <value>76.1514448</value>
          </Data>
          <Data name="Latitude">
            <value>30.7471837</value>
          </Data>
        </ExtendedData>
        <Point>
          <coordinates>
            76.1514448,30.7471837,0
          </coordinates>
        </Point>
      </Placemark>
      <Placemark>
        <name>LC - 163</name>
        <description><![CDATA[EAST: 731,351.222<br>NORT: 3,325,334.68<br>Longitude: 76.0825458<br>Latitude: 30.783406]]></description>
        <styleUrl>#icon-1502-7CB342-labelson</styleUrl>
        <ExtendedData>
          <Data name="EAST">
            <value>731351.222</value>
          </Data>
          <Data name="NORT">
            <value>3325334.68</value>
          </Data>
          <Data name="Longitude">
            <value>76.0825458</value>
          </Data>
          <Data name="Latitude">
            <value>30.783406</value>
          </Data>
        </ExtendedData>
        <Point>
          <coordinates>
            76.0825458,30.783406,0
          </coordinates>
        </Point>
      </Placemark>
      <Placemark>
        <name>LC - 164</name>
        <description><![CDATA[EAST: 730,488.794<br>NORT: 3,325,840.825<br>Longitude: 76.0377932<br>Latitude: 30.8069694]]></description>
        <styleUrl>#icon-1502-7CB342-labelson</styleUrl>
        <ExtendedData>
          <Data name="EAST">
            <value>730488.794</value>
          </Data>
          <Data name="NORT">
            <value>3325840.825</value>
          </Data>
          <Data name="Longitude">
            <value>76.0377932</value>
          </Data>
          <Data name="Latitude">
            <value>30.8069694</value>
          </Data>
        </ExtendedData>
        <Point>
          <coordinates>
            76.0377932,30.8069694,0
          </coordinates>
        </Point>
      </Placemark>
      <Placemark>
        <name>LC - 157</name>
        <description><![CDATA[EAST: <br>NORT: <br>Longitude: 76.19286<br>Latitude: 30.72516]]></description>
        <styleUrl>#icon-1502-7CB342-labelson</styleUrl>
        <ExtendedData>
          <Data name="EAST">
            <value/>
          </Data>
          <Data name="NORT">
            <value/>
          </Data>
          <Data name="Longitude">
            <value>76.19286</value>
          </Data>
          <Data name="Latitude">
            <value>30.72516</value>
          </Data>
        </ExtendedData>
        <Point>
          <coordinates>
            76.19286,30.72516,0
          </coordinates>
        </Point>
      </Placemark>
      <Placemark>
        <name>LC - 158</name>
        <description><![CDATA[EAST: <br>NORT: <br>Longitude: 76.1802756<br>Latitude: 30.73187]]></description>
        <styleUrl>#icon-1502-7CB342-labelson</styleUrl>
        <ExtendedData>
          <Data name="EAST">
            <value/>
          </Data>
          <Data name="NORT">
            <value/>
          </Data>
          <Data name="Longitude">
            <value>76.1802756</value>
          </Data>
          <Data name="Latitude">
            <value>30.73187</value>
          </Data>
        </ExtendedData>
        <Point>
          <coordinates>
            76.1802756,30.73187,0
          </coordinates>
        </Point>
      </Placemark>
    </Folder>
  </Document>
</kml>
