<?xml version="1.0" encoding="UTF-8"?>
<kml xmlns="http://www.opengis.net/kml/2.2">
  <Document>
    <name>DFCCIL PKY-SNL Master (Main Line, Link Line Bifurcation, Bridges, Stations, LCs)</name>
    <description>DFCCIL Eastern Dedicated Freight Corridor with clean Main Line (10m Resolution), SMUN KM 1173 Link Line Bifurcation, 206 Main Line Bridges, 6 Link Line Bridges, Stations, and Level Crossings.</description>

    <Style id="trackStyle"><LineStyle><color>ff0000ff</color><width>4</width></LineStyle></Style>
    <Style id="linkTrackStyle"><LineStyle><color>ff0055ff</color><width>4</width></LineStyle></Style>
    <Style id="bridgeStyle"><IconStyle><scale>1.1</scale><Icon><href>https://maps.google.com/mapfiles/kml/shapes/rail.png</href></Icon></IconStyle></Style>
    <Style id="linkBridgeStyle"><IconStyle><scale>1.1</scale><Icon><href>https://maps.google.com/mapfiles/kml/paddle/red-circle.png</href></Icon></IconStyle></Style>
    <Style id="kmStyle"><IconStyle><scale>0.9</scale><Icon><href>https://maps.google.com/mapfiles/kml/paddle/grn-circle.png</href></Icon></IconStyle></Style>
    <Style id="propStnStyle"><IconStyle><scale>1.2</scale><Icon><href>https://maps.google.com/mapfiles/kml/paddle/orange-stars.png</href></Icon></IconStyle></Style>
    <Style id="exitStnStyle"><IconStyle><scale>1.0</scale><Icon><href>https://maps.google.com/mapfiles/kml/paddle/blu-blank.png</href></Icon></IconStyle></Style>
    <Style id="lcStyle"><IconStyle><scale>1.0</scale><Icon><href>https://maps.google.com/mapfiles/kml/paddle/ylw-blank.png</href></Icon></IconStyle></Style>

    <Folder>
      <name>Main Line Bridges (206)</name>
      <Placemark>
        <name><![CDATA[Br. No. 1]]></name>
        <description><![CDATA[
<b>Structure:</b> Br. No. 1 (Main Line)<br>
<b>DFCC Chainage:</b> CH 1076+200<br>
<b>UTM Easting:</b> 739,277.133 m<br>
<b>UTM Northing:</b> 3,320,638.562 m<br>
<b>UTM Zone:</b> 43N (43 R)<br>
<b>Latitude:</b> 29.99334994°<br>
<b>Longitude:</b> 77.48034492°
]]></description>
        <styleUrl>#bridgeStyle</styleUrl>
        <Point>
          <coordinates>77.48034492,29.99334994,0</coordinates>
        </Point>
      </Placemark>
      <Placemark>
        <name><![CDATA[Br. No. 2]]></name>
        <description><![CDATA[
<b>Structure:</b> Br. No. 2 (Main Line)<br>
<b>DFCC Chainage:</b> CH 1077+721<br>
<b>UTM Easting:</b> 737,963.977 m<br>
<b>UTM Northing:</b> 3,321,405.837 m<br>
<b>UTM Zone:</b> 43N (43 R)<br>
<b>Latitude:</b> 30.00052354°<br>
<b>Longitude:</b> 77.46691452°
]]></description>
        <styleUrl>#bridgeStyle</styleUrl>
        <Point>
          <coordinates>77.46691452,30.00052354,0</coordinates>
        </Point>
      </Placemark>
      <Placemark>
        <name><![CDATA[Br. No. 3]]></name>
        <description><![CDATA[
<b>Structure:</b> Br. No. 3 (Main Line)<br>
<b>DFCC Chainage:</b> CH 1077+770<br>
<b>UTM Easting:</b> 737,921.949 m<br>
<b>UTM Northing:</b> 3,321,431.809 m<br>
<b>UTM Zone:</b> 43N (43 R)<br>
<b>Latitude:</b> 30.00076587°<br>
<b>Longitude:</b> 77.46648495°
]]></description>
        <styleUrl>#bridgeStyle</styleUrl>
        <Point>
          <coordinates>77.46648495,30.00076587,0</coordinates>
        </Point>
      </Placemark>
      <Placemark>
        <name><![CDATA[Br. No. 4]]></name>
        <description><![CDATA[
<b>Structure:</b> Br. No. 4 (Main Line)<br>
<b>DFCC Chainage:</b> CH 1077+824<br>
<b>UTM Easting:</b> 737,875.991 m<br>
<b>UTM Northing:</b> 3,321,460.210 m<br>
<b>UTM Zone:</b> 43N (43 R)<br>
<b>Latitude:</b> 30.00103087°<br>
<b>Longitude:</b> 77.46601522°
]]></description>
        <styleUrl>#bridgeStyle</styleUrl>
        <Point>
          <coordinates>77.46601522,30.00103087,0</coordinates>
        </Point>
      </Placemark>
      <Placemark>
        <name><![CDATA[Br. No. 5]]></name>
        <description><![CDATA[
<b>Structure:</b> Br. No. 5 (Main Line)<br>
<b>DFCC Chainage:</b> CH 1078+843<br>
<b>UTM Easting:</b> 737,002.038 m<br>
<b>UTM Northing:</b> 3,321,983.761 m<br>
<b>UTM Zone:</b> 43N (43 R)<br>
<b>Latitude:</b> 30.00592072°<br>
<b>Longitude:</b> 77.45707847°
]]></description>
        <styleUrl>#bridgeStyle</styleUrl>
        <Point>
          <coordinates>77.45707847,30.00592072,0</coordinates>
        </Point>
      </Placemark>
      <Placemark>
        <name><![CDATA[Br. No. 6]]></name>
        <description><![CDATA[
<b>Structure:</b> Br. No. 6 (Main Line)<br>
<b>DFCC Chainage:</b> CH 1081+891<br>
<b>UTM Easting:</b> 734,379.430 m<br>
<b>UTM Northing:</b> 3,323,536.373 m<br>
<b>UTM Zone:</b> 43N (43 R)<br>
<b>Latitude:</b> 30.02042439°<br>
<b>Longitude:</b> 77.43025104°
]]></description>
        <styleUrl>#bridgeStyle</styleUrl>
        <Point>
          <coordinates>77.43025104,30.02042439,0</coordinates>
        </Point>
      </Placemark>
      <Placemark>
        <name><![CDATA[Br. No. 7]]></name>
        <description><![CDATA[
<b>Structure:</b> Br. No. 7 (Main Line)<br>
<b>DFCC Chainage:</b> CH 1082+594<br>
<b>UTM Easting:</b> 733,770.743 m<br>
<b>UTM Northing:</b> 3,323,889.319 m<br>
<b>UTM Zone:</b> 43N (43 R)<br>
<b>Latitude:</b> 30.02372310°<br>
<b>Longitude:</b> 77.42402183°
]]></description>
        <styleUrl>#bridgeStyle</styleUrl>
        <Point>
          <coordinates>77.42402183,30.02372310,0</coordinates>
        </Point>
      </Placemark>
      <Placemark>
        <name><![CDATA[Br. No. 8]]></name>
        <description><![CDATA[
<b>Structure:</b> Br. No. 8 (Main Line)<br>
<b>DFCC Chainage:</b> CH 1084+102<br>
<b>UTM Easting:</b> 732,478.092 m<br>
<b>UTM Northing:</b> 3,324,665.946 m<br>
<b>UTM Zone:</b> 43N (43 R)<br>
<b>Latitude:</b> 30.03097180°<br>
<b>Longitude:</b> 77.41079752°
]]></description>
        <styleUrl>#bridgeStyle</styleUrl>
        <Point>
          <coordinates>77.41079752,30.03097180,0</coordinates>
        </Point>
      </Placemark>
      <Placemark>
        <name><![CDATA[Br. No. 9]]></name>
        <description><![CDATA[
<b>Structure:</b> Br. No. 9 (Main Line)<br>
<b>DFCC Chainage:</b> CH 1084+428<br>
<b>UTM Easting:</b> 732,196.626 m<br>
<b>UTM Northing:</b> 3,324,830.244 m<br>
<b>UTM Zone:</b> 43N (43 R)<br>
<b>Latitude:</b> 30.03250664°<br>
<b>Longitude:</b> 77.40791670°
]]></description>
        <styleUrl>#bridgeStyle</styleUrl>
        <Point>
          <coordinates>77.40791670,30.03250664,0</coordinates>
        </Point>
      </Placemark>
      <Placemark>
        <name><![CDATA[Br. No. 10]]></name>
        <description><![CDATA[
<b>Structure:</b> Br. No. 10 (Main Line)<br>
<b>DFCC Chainage:</b> CH 1086+281<br>
<b>UTM Easting:</b> 730,602.303 m<br>
<b>UTM Northing:</b> 3,325,773.658 m<br>
<b>UTM Zone:</b> 43N (43 R)<br>
<b>Latitude:</b> 30.04131461°<br>
<b>Longitude:</b> 77.39159979°
]]></description>
        <styleUrl>#bridgeStyle</styleUrl>
        <Point>
          <coordinates>77.39159979,30.04131461,0</coordinates>
        </Point>
      </Placemark>
      <Placemark>
        <name><![CDATA[Br. No. 11]]></name>
        <description><![CDATA[
<b>Structure:</b> Br. No. 11 (Main Line)<br>
<b>DFCC Chainage:</b> CH 1087+184<br>
<b>UTM Easting:</b> 729,827.078 m<br>
<b>UTM Northing:</b> 3,326,236.568 m<br>
<b>UTM Zone:</b> 43N (43 R)<br>
<b>Latitude:</b> 30.04563444°<br>
<b>Longitude:</b> 77.38366566°
]]></description>
        <styleUrl>#bridgeStyle</styleUrl>
        <Point>
          <coordinates>77.38366566,30.04563444,0</coordinates>
        </Point>
      </Placemark>
      <Placemark>
        <name><![CDATA[Br. No. 12]]></name>
        <description><![CDATA[
<b>Structure:</b> Br. No. 12 (Main Line)<br>
<b>DFCC Chainage:</b> CH 1088+530<br>
<b>UTM Easting:</b> 728,667.912 m<br>
<b>UTM Northing:</b> 3,326,922.486 m<br>
<b>UTM Zone:</b> 43N (43 R)<br>
<b>Latitude:</b> 30.05203651°<br>
<b>Longitude:</b> 77.37179938°
]]></description>
        <styleUrl>#bridgeStyle</styleUrl>
        <Point>
          <coordinates>77.37179938,30.05203651,0</coordinates>
        </Point>
      </Placemark>
      <Placemark>
        <name><![CDATA[Br. No. 13]]></name>
        <description><![CDATA[
<b>Structure:</b> Br. No. 13 (Main Line)<br>
<b>DFCC Chainage:</b> CH 1090+965<br>
<b>UTM Easting:</b> 726,994.128 m<br>
<b>UTM Northing:</b> 3,328,659.511 m<br>
<b>UTM Zone:</b> 43N (43 R)<br>
<b>Latitude:</b> 30.06801096°<br>
<b>Longitude:</b> 77.35482165°
]]></description>
        <styleUrl>#bridgeStyle</styleUrl>
        <Point>
          <coordinates>77.35482165,30.06801096,0</coordinates>
        </Point>
      </Placemark>
      <Placemark>
        <name><![CDATA[Br. No. 14]]></name>
        <description><![CDATA[
<b>Structure:</b> Br. No. 14 (Main Line)<br>
<b>DFCC Chainage:</b> CH 1093+411<br>
<b>UTM Easting:</b> 725,346.795 m<br>
<b>UTM Northing:</b> 3,330,467.324 m<br>
<b>UTM Zone:</b> 43N (43 R)<br>
<b>Latitude:</b> 30.08461688°<br>
<b>Longitude:</b> 77.33812777°
]]></description>
        <styleUrl>#bridgeStyle</styleUrl>
        <Point>
          <coordinates>77.33812777,30.08461688,0</coordinates>
        </Point>
      </Placemark>
      <Placemark>
        <name><![CDATA[Br. No. 15]]></name>
        <description><![CDATA[
<b>Structure:</b> Br. No. 15 (Main Line)<br>
<b>DFCC Chainage:</b> CH 1095+611<br>
<b>UTM Easting:</b> 723,770.121 m<br>
<b>UTM Northing:</b> 3,331,981.395 m<br>
<b>UTM Zone:</b> 43N (43 R)<br>
<b>Latitude:</b> 30.09855930°<br>
<b>Longitude:</b> 77.32209915°
]]></description>
        <styleUrl>#bridgeStyle</styleUrl>
        <Point>
          <coordinates>77.32209915,30.09855930,0</coordinates>
        </Point>
      </Placemark>
      <Placemark>
        <name><![CDATA[Br. No. 16]]></name>
        <description><![CDATA[
<b>Structure:</b> Br. No. 16 (Main Line)<br>
<b>DFCC Chainage:</b> CH 1095+636<br>
<b>UTM Easting:</b> 723,748.813 m<br>
<b>UTM Northing:</b> 3,331,993.930 m<br>
<b>UTM Zone:</b> 43N (43 R)<br>
<b>Latitude:</b> 30.09867623°<br>
<b>Longitude:</b> 77.32188083°
]]></description>
        <styleUrl>#bridgeStyle</styleUrl>
        <Point>
          <coordinates>77.32188083,30.09867623,0</coordinates>
        </Point>
      </Placemark>
      <Placemark>
        <name><![CDATA[Br. No. 17]]></name>
        <description><![CDATA[
<b>Structure:</b> Br. No. 17 (Main Line)<br>
<b>DFCC Chainage:</b> CH 1097+620<br>
<b>UTM Easting:</b> 722,038.325 m<br>
<b>UTM Northing:</b> 3,333,000.188 m<br>
<b>UTM Zone:</b> 43N (43 R)<br>
<b>Latitude:</b> 30.10806223°<br>
<b>Longitude:</b> 77.30435347°
]]></description>
        <styleUrl>#bridgeStyle</styleUrl>
        <Point>
          <coordinates>77.30435347,30.10806223,0</coordinates>
        </Point>
      </Placemark>
      <Placemark>
        <name><![CDATA[Br. No. 18]]></name>
        <description><![CDATA[
<b>Structure:</b> Br. No. 18 (Main Line)<br>
<b>DFCC Chainage:</b> CH 1098+755<br>
<b>UTM Easting:</b> 721,033.911 m<br>
<b>UTM Northing:</b> 3,333,527.097 m<br>
<b>UTM Zone:</b> 43N (43 R)<br>
<b>Latitude:</b> 30.11299589°<br>
<b>Longitude:</b> 77.29404631°
]]></description>
        <styleUrl>#bridgeStyle</styleUrl>
        <Point>
          <coordinates>77.29404631,30.11299589,0</coordinates>
        </Point>
      </Placemark>
      <Placemark>
        <name><![CDATA[Br. No. 19]]></name>
        <description><![CDATA[
<b>Structure:</b> Br. No. 19 (Main Line)<br>
<b>DFCC Chainage:</b> CH 1098+934<br>
<b>UTM Easting:</b> 720,873.893 m<br>
<b>UTM Northing:</b> 3,333,606.945 m<br>
<b>UTM Zone:</b> 43N (43 R)<br>
<b>Latitude:</b> 30.11374488°<br>
<b>Longitude:</b> 77.29240328°
]]></description>
        <styleUrl>#bridgeStyle</styleUrl>
        <Point>
          <coordinates>77.29240328,30.11374488,0</coordinates>
        </Point>
      </Placemark>
      <Placemark>
        <name><![CDATA[Br. No. 20]]></name>
        <description><![CDATA[
<b>Structure:</b> Br. No. 20 (Main Line)<br>
<b>DFCC Chainage:</b> CH 1099+056<br>
<b>UTM Easting:</b> 720,768.076 m<br>
<b>UTM Northing:</b> 3,333,668.775 m<br>
<b>UTM Zone:</b> 43N (43 R)<br>
<b>Latitude:</b> 30.11432158°<br>
<b>Longitude:</b> 77.29131864°
]]></description>
        <styleUrl>#bridgeStyle</styleUrl>
        <Point>
          <coordinates>77.29131864,30.11432158,0</coordinates>
        </Point>
      </Placemark>
      <Placemark>
        <name><![CDATA[Br. No. 21]]></name>
        <description><![CDATA[
<b>Structure:</b> Br. No. 21 (Main Line)<br>
<b>DFCC Chainage:</b> CH 1099+593<br>
<b>UTM Easting:</b> 720,302.779 m<br>
<b>UTM Northing:</b> 3,333,937.340 m<br>
<b>UTM Zone:</b> 43N (43 R)<br>
<b>Latitude:</b> 30.11682743°<br>
<b>Longitude:</b> 77.28654842°
]]></description>
        <styleUrl>#bridgeStyle</styleUrl>
        <Point>
          <coordinates>77.28654842,30.11682743,0</coordinates>
        </Point>
      </Placemark>
      <Placemark>
        <name><![CDATA[Br. No. 22]]></name>
        <description><![CDATA[
<b>Structure:</b> Br. No. 22 (Main Line)<br>
<b>DFCC Chainage:</b> CH 1100+252<br>
<b>UTM Easting:</b> 719,767.061 m<br>
<b>UTM Northing:</b> 3,334,327.473 m<br>
<b>UTM Zone:</b> 43N (43 R)<br>
<b>Latitude:</b> 30.12044203°<br>
<b>Longitude:</b> 77.28107271°
]]></description>
        <styleUrl>#bridgeStyle</styleUrl>
        <Point>
          <coordinates>77.28107271,30.12044203,0</coordinates>
        </Point>
      </Placemark>
      <Placemark>
        <name><![CDATA[Br. No. 23]]></name>
        <description><![CDATA[
<b>Structure:</b> Br. No. 23 (Main Line)<br>
<b>DFCC Chainage:</b> CH 1101+404<br>
<b>UTM Easting:</b> 718,708.752 m<br>
<b>UTM Northing:</b> 3,334,786.972 m<br>
<b>UTM Zone:</b> 43N (43 R)<br>
<b>Latitude:</b> 30.12477579°<br>
<b>Longitude:</b> 77.27019005°
]]></description>
        <styleUrl>#bridgeStyle</styleUrl>
        <Point>
          <coordinates>77.27019005,30.12477579,0</coordinates>
        </Point>
      </Placemark>
      <Placemark>
        <name><![CDATA[Br. No. 24]]></name>
        <description><![CDATA[
<b>Structure:</b> Br. No. 24 (Main Line)<br>
<b>DFCC Chainage:</b> CH 1101+550<br>
<b>UTM Easting:</b> 718,574.159 m<br>
<b>UTM Northing:</b> 3,334,842.687 m<br>
<b>UTM Zone:</b> 43N (43 R)<br>
<b>Latitude:</b> 30.12530233°<br>
<b>Longitude:</b> 77.26880539°
]]></description>
        <styleUrl>#bridgeStyle</styleUrl>
        <Point>
          <coordinates>77.26880539,30.12530233,0</coordinates>
        </Point>
      </Placemark>
      <Placemark>
        <name><![CDATA[Br. No. 25]]></name>
        <description><![CDATA[
<b>Structure:</b> Br. No. 25 (Main Line)<br>
<b>DFCC Chainage:</b> CH 1101+677<br>
<b>UTM Easting:</b> 718,456.978 m<br>
<b>UTM Northing:</b> 3,334,891.282 m<br>
<b>UTM Zone:</b> 43N (43 R)<br>
<b>Latitude:</b> 30.12576153°<br>
<b>Longitude:</b> 77.26759987°
]]></description>
        <styleUrl>#bridgeStyle</styleUrl>
        <Point>
          <coordinates>77.26759987,30.12576153,0</coordinates>
        </Point>
      </Placemark>
      <Placemark>
        <name><![CDATA[Br. No. 26]]></name>
        <description><![CDATA[
<b>Structure:</b> Br. No. 26 (Main Line)<br>
<b>DFCC Chainage:</b> CH 1101+755<br>
<b>UTM Easting:</b> 718,384.142 m<br>
<b>UTM Northing:</b> 3,334,921.345 m<br>
<b>UTM Zone:</b> 43N (43 R)<br>
<b>Latitude:</b> 30.12604567°<br>
<b>Longitude:</b> 77.26685051°
]]></description>
        <styleUrl>#bridgeStyle</styleUrl>
        <Point>
          <coordinates>77.26685051,30.12604567,0</coordinates>
        </Point>
      </Placemark>
      <Placemark>
        <name><![CDATA[Br. No. 27]]></name>
        <description><![CDATA[
<b>Structure:</b> Br. No. 27 (Main Line)<br>
<b>DFCC Chainage:</b> CH 1103+078<br>
<b>UTM Easting:</b> 717,162.289 m<br>
<b>UTM Northing:</b> 3,335,427.134 m<br>
<b>UTM Zone:</b> 43N (43 R)<br>
<b>Latitude:</b> 30.13082488°<br>
<b>Longitude:</b> 77.25427946°
]]></description>
        <styleUrl>#bridgeStyle</styleUrl>
        <Point>
          <coordinates>77.25427946,30.13082488,0</coordinates>
        </Point>
      </Placemark>
      <Placemark>
        <name><![CDATA[Br. No. 28]]></name>
        <description><![CDATA[
<b>Structure:</b> Br. No. 28 (Main Line)<br>
<b>DFCC Chainage:</b> CH 1104+693<br>
<b>UTM Easting:</b> 715,666.435 m<br>
<b>UTM Northing:</b> 3,336,037.366 m<br>
<b>UTM Zone:</b> 43N (43 R)<br>
<b>Latitude:</b> 30.13659328°<br>
<b>Longitude:</b> 77.23888577°
]]></description>
        <styleUrl>#bridgeStyle</styleUrl>
        <Point>
          <coordinates>77.23888577,30.13659328,0</coordinates>
        </Point>
      </Placemark>
      <Placemark>
        <name><![CDATA[Br. No. 29]]></name>
        <description><![CDATA[
<b>Structure:</b> Br. No. 29 (Main Line)<br>
<b>DFCC Chainage:</b> CH 1104+875<br>
<b>UTM Easting:</b> 715,499.007 m<br>
<b>UTM Northing:</b> 3,336,106.625 m<br>
<b>UTM Zone:</b> 43N (43 R)<br>
<b>Latitude:</b> 30.13724745°<br>
<b>Longitude:</b> 77.23716286°
]]></description>
        <styleUrl>#bridgeStyle</styleUrl>
        <Point>
          <coordinates>77.23716286,30.13724745,0</coordinates>
        </Point>
      </Placemark>
      <Placemark>
        <name><![CDATA[Br. No. 30]]></name>
        <description><![CDATA[
<b>Structure:</b> Br. No. 30 (Main Line)<br>
<b>DFCC Chainage:</b> CH 1106+728<br>
<b>UTM Easting:</b> 713,786.243 m<br>
<b>UTM Northing:</b> 3,336,815.134 m<br>
<b>UTM Zone:</b> 43N (43 R)<br>
<b>Latitude:</b> 30.14393825°<br>
<b>Longitude:</b> 77.21953639°
]]></description>
        <styleUrl>#bridgeStyle</styleUrl>
        <Point>
          <coordinates>77.21953639,30.14393825,0</coordinates>
        </Point>
      </Placemark>
      <Placemark>
        <name><![CDATA[Br. No. 31]]></name>
        <description><![CDATA[
<b>Structure:</b> Br. No. 31 (Main Line)<br>
<b>DFCC Chainage:</b> CH 1108+061<br>
<b>UTM Easting:</b> 712,553.758 m<br>
<b>UTM Northing:</b> 3,337,324.131 m<br>
<b>UTM Zone:</b> 43N (43 R)<br>
<b>Latitude:</b> 30.14874392°<br>
<b>Longitude:</b> 77.20685087°
]]></description>
        <styleUrl>#bridgeStyle</styleUrl>
        <Point>
          <coordinates>77.20685087,30.14874392,0</coordinates>
        </Point>
      </Placemark>
      <Placemark>
        <name><![CDATA[Br. No. 32]]></name>
        <description><![CDATA[
<b>Structure:</b> Br. No. 32 (Main Line)<br>
<b>DFCC Chainage:</b> CH 1109+650<br>
<b>UTM Easting:</b> 711,086.543 m<br>
<b>UTM Northing:</b> 3,337,933.050 m<br>
<b>UTM Zone:</b> 43N (43 R)<br>
<b>Latitude:</b> 30.15449021°<br>
<b>Longitude:</b> 77.19174825°
]]></description>
        <styleUrl>#bridgeStyle</styleUrl>
        <Point>
          <coordinates>77.19174825,30.15449021,0</coordinates>
        </Point>
      </Placemark>
      <Placemark>
        <name><![CDATA[Br. No. 33]]></name>
        <description><![CDATA[
<b>Structure:</b> Br. No. 33 (Main Line)<br>
<b>DFCC Chainage:</b> CH 1109+824<br>
<b>UTM Easting:</b> 710,926.157 m<br>
<b>UTM Northing:</b> 3,337,999.420 m<br>
<b>UTM Zone:</b> 43N (43 R)<br>
<b>Latitude:</b> 30.15511652°<br>
<b>Longitude:</b> 77.19009719°
]]></description>
        <styleUrl>#bridgeStyle</styleUrl>
        <Point>
          <coordinates>77.19009719,30.15511652,0</coordinates>
        </Point>
      </Placemark>
      <Placemark>
        <name><![CDATA[Br. No. 33A]]></name>
        <description><![CDATA[
<b>Structure:</b> Br. No. 33A (Main Line)<br>
<b>DFCC Chainage:</b> CH 1110+715<br>
<b>UTM Easting:</b> 710,103.351 m<br>
<b>UTM Northing:</b> 3,338,342.005 m<br>
<b>UTM Zone:</b> 43N (43 R)<br>
<b>Latitude:</b> 30.15834816°<br>
<b>Longitude:</b> 77.18162702°
]]></description>
        <styleUrl>#bridgeStyle</styleUrl>
        <Point>
          <coordinates>77.18162702,30.15834816,0</coordinates>
        </Point>
      </Placemark>
      <Placemark>
        <name><![CDATA[Br. No. 34]]></name>
        <description><![CDATA[
<b>Structure:</b> Br. No. 34 (Main Line)<br>
<b>DFCC Chainage:</b> CH 1110+839<br>
<b>UTM Easting:</b> 709,988.578 m<br>
<b>UTM Northing:</b> 3,338,389.542 m<br>
<b>UTM Zone:</b> 43N (43 R)<br>
<b>Latitude:</b> 30.15879664°<br>
<b>Longitude:</b> 77.18044543°
]]></description>
        <styleUrl>#bridgeStyle</styleUrl>
        <Point>
          <coordinates>77.18044543,30.15879664,0</coordinates>
        </Point>
      </Placemark>
      <Placemark>
        <name><![CDATA[Br. No. 35]]></name>
        <description><![CDATA[
<b>Structure:</b> Br. No. 35 (Main Line)<br>
<b>DFCC Chainage:</b> CH 1112+852<br>
<b>UTM Easting:</b> 708,127.421 m<br>
<b>UTM Northing:</b> 3,339,156.910 m<br>
<b>UTM Zone:</b> 43N (43 R)<br>
<b>Latitude:</b> 30.16603635°<br>
<b>Longitude:</b> 77.16128242°
]]></description>
        <styleUrl>#bridgeStyle</styleUrl>
        <Point>
          <coordinates>77.16128242,30.16603635,0</coordinates>
        </Point>
      </Placemark>
      <Placemark>
        <name><![CDATA[Br. No. 36]]></name>
        <description><![CDATA[
<b>Structure:</b> Br. No. 36 (Main Line)<br>
<b>DFCC Chainage:</b> CH 1113+774<br>
<b>UTM Easting:</b> 707,276.725 m<br>
<b>UTM Northing:</b> 3,339,512.735 m<br>
<b>UTM Zone:</b> 43N (43 R)<br>
<b>Latitude:</b> 30.16939036°<br>
<b>Longitude:</b> 77.15252342°
]]></description>
        <styleUrl>#bridgeStyle</styleUrl>
        <Point>
          <coordinates>77.15252342,30.16939036,0</coordinates>
        </Point>
      </Placemark>
      <Placemark>
        <name><![CDATA[Br. No. 37]]></name>
        <description><![CDATA[
<b>Structure:</b> Br. No. 37 (Main Line)<br>
<b>DFCC Chainage:</b> CH 1115+077<br>
<b>UTM Easting:</b> 706,079.611 m<br>
<b>UTM Northing:</b> 3,340,026.982 m<br>
<b>UTM Zone:</b> 43N (43 R)<br>
<b>Latitude:</b> 30.17423121°<br>
<b>Longitude:</b> 77.14019918°
]]></description>
        <styleUrl>#bridgeStyle</styleUrl>
        <Point>
          <coordinates>77.14019918,30.17423121,0</coordinates>
        </Point>
      </Placemark>
      <Placemark>
        <name><![CDATA[Br. No. 38]]></name>
        <description><![CDATA[
<b>Structure:</b> Br. No. 38 (Main Line)<br>
<b>DFCC Chainage:</b> CH 1115+601<br>
<b>UTM Easting:</b> 705,595.534 m<br>
<b>UTM Northing:</b> 3,340,227.438 m<br>
<b>UTM Zone:</b> 43N (43 R)<br>
<b>Latitude:</b> 30.17612084°<br>
<b>Longitude:</b> 77.13521381°
]]></description>
        <styleUrl>#bridgeStyle</styleUrl>
        <Point>
          <coordinates>77.13521381,30.17612084,0</coordinates>
        </Point>
      </Placemark>
      <Placemark>
        <name><![CDATA[Br. No. 39]]></name>
        <description><![CDATA[
<b>Structure:</b> Br. No. 39 (Main Line)<br>
<b>DFCC Chainage:</b> CH 1116+247<br>
<b>UTM Easting:</b> 704,991.128 m<br>
<b>UTM Northing:</b> 3,340,455.889 m<br>
<b>UTM Zone:</b> 43N (43 R)<br>
<b>Latitude:</b> 30.17828304°<br>
<b>Longitude:</b> 77.12898470°
]]></description>
        <styleUrl>#bridgeStyle</styleUrl>
        <Point>
          <coordinates>77.12898470,30.17828304,0</coordinates>
        </Point>
      </Placemark>
      <Placemark>
        <name><![CDATA[Br. No. 40]]></name>
        <description><![CDATA[
<b>Structure:</b> Br. No. 40 (Main Line)<br>
<b>DFCC Chainage:</b> CH 1117+255<br>
<b>UTM Easting:</b> 704,058.589 m<br>
<b>UTM Northing:</b> 3,340,837.319 m<br>
<b>UTM Zone:</b> 43N (43 R)<br>
<b>Latitude:</b> 30.18187964°<br>
<b>Longitude:</b> 77.11937881°
]]></description>
        <styleUrl>#bridgeStyle</styleUrl>
        <Point>
          <coordinates>77.11937881,30.18187964,0</coordinates>
        </Point>
      </Placemark>
      <Placemark>
        <name><![CDATA[Br. No. 41]]></name>
        <description><![CDATA[
<b>Structure:</b> Br. No. 41 (Main Line)<br>
<b>DFCC Chainage:</b> CH 1118+315<br>
<b>UTM Easting:</b> 703,081.787 m<br>
<b>UTM Northing:</b> 3,341,251.454 m<br>
<b>UTM Zone:</b> 43N (43 R)<br>
<b>Latitude:</b> 30.18577790°<br>
<b>Longitude:</b> 77.10931900°
]]></description>
        <styleUrl>#bridgeStyle</styleUrl>
        <Point>
          <coordinates>77.10931900,30.18577790,0</coordinates>
        </Point>
      </Placemark>
      <Placemark>
        <name><![CDATA[Br. No. 42]]></name>
        <description><![CDATA[
<b>Structure:</b> Br. No. 42 (Main Line)<br>
<b>DFCC Chainage:</b> CH 1119+211<br>
<b>UTM Easting:</b> 702,254.786 m<br>
<b>UTM Northing:</b> 3,341,594.822 m<br>
<b>UTM Zone:</b> 43N (43 R)<br>
<b>Latitude:</b> 30.18901232°<br>
<b>Longitude:</b> 77.10079990°
]]></description>
        <styleUrl>#bridgeStyle</styleUrl>
        <Point>
          <coordinates>77.10079990,30.18901232,0</coordinates>
        </Point>
      </Placemark>
      <Placemark>
        <name><![CDATA[Br. No. 43]]></name>
        <description><![CDATA[
<b>Structure:</b> Br. No. 43 (Main Line)<br>
<b>DFCC Chainage:</b> CH 1119+582<br>
<b>UTM Easting:</b> 701,912.163 m<br>
<b>UTM Northing:</b> 3,341,737.077 m<br>
<b>UTM Zone:</b> 43N (43 R)<br>
<b>Latitude:</b> 30.19035216°<br>
<b>Longitude:</b> 77.09727030°
]]></description>
        <styleUrl>#bridgeStyle</styleUrl>
        <Point>
          <coordinates>77.09727030,30.19035216,0</coordinates>
        </Point>
      </Placemark>
      <Placemark>
        <name><![CDATA[Br. No. 44]]></name>
        <description><![CDATA[
<b>Structure:</b> Br. No. 44 (Main Line)<br>
<b>DFCC Chainage:</b> CH 1121+187<br>
<b>UTM Easting:</b> 700,429.779 m<br>
<b>UTM Northing:</b> 3,342,352.556 m<br>
<b>UTM Zone:</b> 43N (43 R)<br>
<b>Latitude:</b> 30.19614807°<br>
<b>Longitude:</b> 77.08199809°
]]></description>
        <styleUrl>#bridgeStyle</styleUrl>
        <Point>
          <coordinates>77.08199809,30.19614807,0</coordinates>
        </Point>
      </Placemark>
      <Placemark>
        <name><![CDATA[Br. No. 45]]></name>
        <description><![CDATA[
<b>Structure:</b> Br. No. 45 (Main Line)<br>
<b>DFCC Chainage:</b> CH 1121+816<br>
<b>UTM Easting:</b> 699,848.733 m<br>
<b>UTM Northing:</b> 3,342,593.347 m<br>
<b>UTM Zone:</b> 43N (43 R)<br>
<b>Latitude:</b> 30.19841529°<br>
<b>Longitude:</b> 77.07601128°
]]></description>
        <styleUrl>#bridgeStyle</styleUrl>
        <Point>
          <coordinates>77.07601128,30.19841529,0</coordinates>
        </Point>
      </Placemark>
      <Placemark>
        <name><![CDATA[Br. No. 46]]></name>
        <description><![CDATA[
<b>Structure:</b> Br. No. 46 (Main Line)<br>
<b>DFCC Chainage:</b> CH 1122+271<br>
<b>UTM Easting:</b> 699,428.098 m<br>
<b>UTM Northing:</b> 3,342,766.989 m<br>
<b>UTM Zone:</b> 43N (43 R)<br>
<b>Latitude:</b> 30.20005036°<br>
<b>Longitude:</b> 77.07167695°
]]></description>
        <styleUrl>#bridgeStyle</styleUrl>
        <Point>
          <coordinates>77.07167695,30.20005036,0</coordinates>
        </Point>
      </Placemark>
      <Placemark>
        <name><![CDATA[Br. No. 47]]></name>
        <description><![CDATA[
<b>Structure:</b> Br. No. 47 (Main Line)<br>
<b>DFCC Chainage:</b> CH 1123+671<br>
<b>UTM Easting:</b> 698,135.334 m<br>
<b>UTM Northing:</b> 3,343,303.739 m<br>
<b>UTM Zone:</b> 43N (43 R)<br>
<b>Latitude:</b> 30.20510249°<br>
<b>Longitude:</b> 77.05835565°
]]></description>
        <styleUrl>#bridgeStyle</styleUrl>
        <Point>
          <coordinates>77.05835565,30.20510249,0</coordinates>
        </Point>
      </Placemark>
      <Placemark>
        <name><![CDATA[Br. No. 48]]></name>
        <description><![CDATA[
<b>Structure:</b> Br. No. 48 (Main Line)<br>
<b>DFCC Chainage:</b> CH 1124+481<br>
<b>UTM Easting:</b> 697,387.278 m<br>
<b>UTM Northing:</b> 3,343,614.329 m<br>
<b>UTM Zone:</b> 43N (43 R)<br>
<b>Latitude:</b> 30.20802531°<br>
<b>Longitude:</b> 77.05064664°
]]></description>
        <styleUrl>#bridgeStyle</styleUrl>
        <Point>
          <coordinates>77.05064664,30.20802531,0</coordinates>
        </Point>
      </Placemark>
      <Placemark>
        <name><![CDATA[Br. No. 49]]></name>
        <description><![CDATA[
<b>Structure:</b> Br. No. 49 (Main Line)<br>
<b>DFCC Chainage:</b> CH 1124+925<br>
<b>UTM Easting:</b> 696,976.803 m<br>
<b>UTM Northing:</b> 3,343,784.605 m<br>
<b>UTM Zone:</b> 43N (43 R)<br>
<b>Latitude:</b> 30.20962757°<br>
<b>Longitude:</b> 77.04641631°
]]></description>
        <styleUrl>#bridgeStyle</styleUrl>
        <Point>
          <coordinates>77.04641631,30.20962757,0</coordinates>
        </Point>
      </Placemark>
      <Placemark>
        <name><![CDATA[Br. No. 50]]></name>
        <description><![CDATA[
<b>Structure:</b> Br. No. 50 (Main Line)<br>
<b>DFCC Chainage:</b> CH 1126+171<br>
<b>UTM Easting:</b> 695,823.470 m<br>
<b>UTM Northing:</b> 3,344,254.774 m<br>
<b>UTM Zone:</b> 43N (43 R)<br>
<b>Latitude:</b> 30.21405430°<br>
<b>Longitude:</b> 77.03452781°
]]></description>
        <styleUrl>#bridgeStyle</styleUrl>
        <Point>
          <coordinates>77.03452781,30.21405430,0</coordinates>
        </Point>
      </Placemark>
      <Placemark>
        <name><![CDATA[Br. No. 51]]></name>
        <description><![CDATA[
<b>Structure:</b> Br. No. 51 (Main Line)<br>
<b>DFCC Chainage:</b> CH 1127+062<br>
<b>UTM Easting:</b> 695,004.224 m<br>
<b>UTM Northing:</b> 3,344,604.977 m<br>
<b>UTM Zone:</b> 43N (43 R)<br>
<b>Latitude:</b> 30.21734447°<br>
<b>Longitude:</b> 77.02608538°
]]></description>
        <styleUrl>#bridgeStyle</styleUrl>
        <Point>
          <coordinates>77.02608538,30.21734447,0</coordinates>
        </Point>
      </Placemark>
      <Placemark>
        <name><![CDATA[Br. No. 52]]></name>
        <description><![CDATA[
<b>Structure:</b> Br. No. 52 (Main Line)<br>
<b>DFCC Chainage:</b> CH 1127+431<br>
<b>UTM Easting:</b> 694,662.653 m<br>
<b>UTM Northing:</b> 3,344,746.733 m<br>
<b>UTM Zone:</b> 43N (43 R)<br>
<b>Latitude:</b> 30.21867772°<br>
<b>Longitude:</b> 77.02256449°
]]></description>
        <styleUrl>#bridgeStyle</styleUrl>
        <Point>
          <coordinates>77.02256449,30.21867772,0</coordinates>
        </Point>
      </Placemark>
      <Placemark>
        <name><![CDATA[Br. No. 53]]></name>
        <description><![CDATA[
<b>Structure:</b> Br. No. 53 (Main Line)<br>
<b>DFCC Chainage:</b> CH 1128+246<br>
<b>UTM Easting:</b> 693,910.711 m<br>
<b>UTM Northing:</b> 3,345,058.800 m<br>
<b>UTM Zone:</b> 43N (43 R)<br>
<b>Latitude:</b> 30.22161246°<br>
<b>Longitude:</b> 77.01481318°
]]></description>
        <styleUrl>#bridgeStyle</styleUrl>
        <Point>
          <coordinates>77.01481318,30.22161246,0</coordinates>
        </Point>
      </Placemark>
      <Placemark>
        <name><![CDATA[Br. No. 54]]></name>
        <description><![CDATA[
<b>Structure:</b> Br. No. 54 (Main Line)<br>
<b>DFCC Chainage:</b> CH 1131+899<br>
<b>UTM Easting:</b> 690,683.221 m<br>
<b>UTM Northing:</b> 3,346,755.190 m<br>
<b>UTM Zone:</b> 43N (43 R)<br>
<b>Latitude:</b> 30.23742315°<br>
<b>Longitude:</b> 76.98160205°
]]></description>
        <styleUrl>#bridgeStyle</styleUrl>
        <Point>
          <coordinates>76.98160205,30.23742315,0</coordinates>
        </Point>
      </Placemark>
      <Placemark>
        <name><![CDATA[Br. No. 55]]></name>
        <description><![CDATA[
<b>Structure:</b> Br. No. 55 (Main Line)<br>
<b>DFCC Chainage:</b> CH 1133+243<br>
<b>UTM Easting:</b> 689,540.964 m<br>
<b>UTM Northing:</b> 3,347,461.152 m<br>
<b>UTM Zone:</b> 43N (43 R)<br>
<b>Latitude:</b> 30.24396913°<br>
<b>Longitude:</b> 76.96986450°
]]></description>
        <styleUrl>#bridgeStyle</styleUrl>
        <Point>
          <coordinates>76.96986450,30.24396913,0</coordinates>
        </Point>
      </Placemark>
      <Placemark>
        <name><![CDATA[Br. No. 56]]></name>
        <description><![CDATA[
<b>Structure:</b> Br. No. 56 (Main Line)<br>
<b>DFCC Chainage:</b> CH 1133+847<br>
<b>UTM Easting:</b> 689,061.948 m<br>
<b>UTM Northing:</b> 3,347,828.363 m<br>
<b>UTM Zone:</b> 43N (43 R)<br>
<b>Latitude:</b> 30.24735573°<br>
<b>Longitude:</b> 76.96495455°
]]></description>
        <styleUrl>#bridgeStyle</styleUrl>
        <Point>
          <coordinates>76.96495455,30.24735573,0</coordinates>
        </Point>
      </Placemark>
      <Placemark>
        <name><![CDATA[Br. No. 57]]></name>
        <description><![CDATA[
<b>Structure:</b> Br. No. 57 (Main Line)<br>
<b>DFCC Chainage:</b> CH 1135+971<br>
<b>UTM Easting:</b> 687,235.507 m<br>
<b>UTM Northing:</b> 3,348,907.736 m<br>
<b>UTM Zone:</b> 43N (43 R)<br>
<b>Latitude:</b> 30.25737395°<br>
<b>Longitude:</b> 76.94617321°
]]></description>
        <styleUrl>#bridgeStyle</styleUrl>
        <Point>
          <coordinates>76.94617321,30.25737395,0</coordinates>
        </Point>
      </Placemark>
      <Placemark>
        <name><![CDATA[Br. No. 58]]></name>
        <description><![CDATA[
<b>Structure:</b> Br. No. 58 (Main Line)<br>
<b>DFCC Chainage:</b> CH 1136+268<br>
<b>UTM Easting:</b> 686,990.532 m<br>
<b>UTM Northing:</b> 3,349,075.317 m<br>
<b>UTM Zone:</b> 43N (43 R)<br>
<b>Latitude:</b> 30.25892318°<br>
<b>Longitude:</b> 76.94365788°
]]></description>
        <styleUrl>#bridgeStyle</styleUrl>
        <Point>
          <coordinates>76.94365788,30.25892318,0</coordinates>
        </Point>
      </Placemark>
      <Placemark>
        <name><![CDATA[Br. No. 59]]></name>
        <description><![CDATA[
<b>Structure:</b> Br. No. 59 (Main Line)<br>
<b>DFCC Chainage:</b> CH 1137+033<br>
<b>UTM Easting:</b> 686,358.563 m<br>
<b>UTM Northing:</b> 3,349,506.910 m<br>
<b>UTM Zone:</b> 43N (43 R)<br>
<b>Latitude:</b> 30.26291305°<br>
<b>Longitude:</b> 76.93716851°
]]></description>
        <styleUrl>#bridgeStyle</styleUrl>
        <Point>
          <coordinates>76.93716851,30.26291305,0</coordinates>
        </Point>
      </Placemark>
      <Placemark>
        <name><![CDATA[Br. No. 60]]></name>
        <description><![CDATA[
<b>Structure:</b> Br. No. 60 (Main Line)<br>
<b>DFCC Chainage:</b> CH 1139+783<br>
<b>UTM Easting:</b> 684,091.565 m<br>
<b>UTM Northing:</b> 3,351,062.528 m<br>
<b>UTM Zone:</b> 43N (43 R)<br>
<b>Latitude:</b> 30.27728987°<br>
<b>Longitude:</b> 76.91388676°
]]></description>
        <styleUrl>#bridgeStyle</styleUrl>
        <Point>
          <coordinates>76.91388676,30.27728987,0</coordinates>
        </Point>
      </Placemark>
      <Placemark>
        <name><![CDATA[Br. No. 61]]></name>
        <description><![CDATA[
<b>Structure:</b> Br. No. 61 (Main Line)<br>
<b>DFCC Chainage:</b> CH 1141+603<br>
<b>UTM Easting:</b> 682,587.891 m<br>
<b>UTM Northing:</b> 3,352,088.097 m<br>
<b>UTM Zone:</b> 43N (43 R)<br>
<b>Latitude:</b> 30.28676729°<br>
<b>Longitude:</b> 76.89843934°
]]></description>
        <styleUrl>#bridgeStyle</styleUrl>
        <Point>
          <coordinates>76.89843934,30.28676729,0</coordinates>
        </Point>
      </Placemark>
      <Placemark>
        <name><![CDATA[Br. No. 62]]></name>
        <description><![CDATA[
<b>Structure:</b> Br. No. 62 (Main Line)<br>
<b>DFCC Chainage:</b> CH 1142+373<br>
<b>UTM Easting:</b> 681,951.126 m<br>
<b>UTM Northing:</b> 3,352,522.397 m<br>
<b>UTM Zone:</b> 43N (43 R)<br>
<b>Latitude:</b> 30.29078020°<br>
<b>Longitude:</b> 76.89189687°
]]></description>
        <styleUrl>#bridgeStyle</styleUrl>
        <Point>
          <coordinates>76.89189687,30.29078020,0</coordinates>
        </Point>
      </Placemark>
      <Placemark>
        <name><![CDATA[Br. No. 63]]></name>
        <description><![CDATA[
<b>Structure:</b> Br. No. 63 (Main Line)<br>
<b>DFCC Chainage:</b> CH 1142+686<br>
<b>UTM Easting:</b> 681,693.048 m<br>
<b>UTM Northing:</b> 3,352,698.329 m<br>
<b>UTM Zone:</b> 43N (43 R)<br>
<b>Latitude:</b> 30.29240573°<br>
<b>Longitude:</b> 76.88924506°
]]></description>
        <styleUrl>#bridgeStyle</styleUrl>
        <Point>
          <coordinates>76.88924506,30.29240573,0</coordinates>
        </Point>
      </Placemark>
      <Placemark>
        <name><![CDATA[Br. No. 64]]></name>
        <description><![CDATA[
<b>Structure:</b> Br. No. 64 (Main Line)<br>
<b>DFCC Chainage:</b> CH 1144+729<br>
<b>UTM Easting:</b> 679,993.183 m<br>
<b>UTM Northing:</b> 3,353,830.739 m<br>
<b>UTM Zone:</b> 43N (43 R)<br>
<b>Latitude:</b> 30.30287326°<br>
<b>Longitude:</b> 76.87177185°
]]></description>
        <styleUrl>#bridgeStyle</styleUrl>
        <Point>
          <coordinates>76.87177185,30.30287326,0</coordinates>
        </Point>
      </Placemark>
      <Placemark>
        <name><![CDATA[Br. No. 65]]></name>
        <description><![CDATA[
<b>Structure:</b> Br. No. 65 (Main Line)<br>
<b>DFCC Chainage:</b> CH 1145+885<br>
<b>UTM Easting:</b> 679,009.920 m<br>
<b>UTM Northing:</b> 3,354,438.680 m<br>
<b>UTM Zone:</b> 43N (43 R)<br>
<b>Latitude:</b> 30.30850236°<br>
<b>Longitude:</b> 76.86165496°
]]></description>
        <styleUrl>#bridgeStyle</styleUrl>
        <Point>
          <coordinates>76.86165496,30.30850236,0</coordinates>
        </Point>
      </Placemark>
      <Placemark>
        <name><![CDATA[Br. No. 66]]></name>
        <description><![CDATA[
<b>Structure:</b> Br. No. 66 (Main Line)<br>
<b>DFCC Chainage:</b> CH 1148+372<br>
<b>UTM Easting:</b> 677,201.773 m<br>
<b>UTM Northing:</b> 3,356,170.228 m<br>
<b>UTM Zone:</b> 43N (43 R)<br>
<b>Latitude:</b> 30.32438620°<br>
<b>Longitude:</b> 76.84315131°
]]></description>
        <styleUrl>#bridgeStyle</styleUrl>
        <Point>
          <coordinates>76.84315131,30.32438620,0</coordinates>
        </Point>
      </Placemark>
      <Placemark>
        <name><![CDATA[Br. No. 67]]></name>
        <description><![CDATA[
<b>Structure:</b> Br. No. 67 (Main Line)<br>
<b>DFCC Chainage:</b> CH 1148+621<br>
<b>UTM Easting:</b> 676,953.386 m<br>
<b>UTM Northing:</b> 3,356,207.359 m<br>
<b>UTM Zone:</b> 43N (43 R)<br>
<b>Latitude:</b> 30.32475748°<br>
<b>Longitude:</b> 76.84057511°
]]></description>
        <styleUrl>#bridgeStyle</styleUrl>
        <Point>
          <coordinates>76.84057511,30.32475748,0</coordinates>
        </Point>
      </Placemark>
      <Placemark>
        <name><![CDATA[Br. No. 68]]></name>
        <description><![CDATA[
<b>Structure:</b> Br. No. 68 (Main Line)<br>
<b>DFCC Chainage:</b> CH 1148+895<br>
<b>UTM Easting:</b> 676,656.776 m<br>
<b>UTM Northing:</b> 3,356,159.198 m<br>
<b>UTM Zone:</b> 43N (43 R)<br>
<b>Latitude:</b> 30.32436646°<br>
<b>Longitude:</b> 76.83748316°
]]></description>
        <styleUrl>#bridgeStyle</styleUrl>
        <Point>
          <coordinates>76.83748316,30.32436646,0</coordinates>
        </Point>
      </Placemark>
      <Placemark>
        <name><![CDATA[Br. No. 69]]></name>
        <description><![CDATA[
<b>Structure:</b> Br. No. 69 (Main Line)<br>
<b>DFCC Chainage:</b> CH 1149+075<br>
<b>UTM Easting:</b> 676,474.295 m<br>
<b>UTM Northing:</b> 3,356,122.605 m<br>
<b>UTM Zone:</b> 43N (43 R)<br>
<b>Latitude:</b> 30.32406306°<br>
<b>Longitude:</b> 76.83557976°
]]></description>
        <styleUrl>#bridgeStyle</styleUrl>
        <Point>
          <coordinates>76.83557976,30.32406306,0</coordinates>
        </Point>
      </Placemark>
      <Placemark>
        <name><![CDATA[Br. No. 70]]></name>
        <description><![CDATA[
<b>Structure:</b> Br. No. 70 (Main Line)<br>
<b>DFCC Chainage:</b> CH 1150+131<br>
<b>UTM Easting:</b> 675,486.415 m<br>
<b>UTM Northing:</b> 3,356,414.653 m<br>
<b>UTM Zone:</b> 43N (43 R)<br>
<b>Latitude:</b> 30.32684097°<br>
<b>Longitude:</b> 76.82535767°
]]></description>
        <styleUrl>#bridgeStyle</styleUrl>
        <Point>
          <coordinates>76.82535767,30.32684097,0</coordinates>
        </Point>
      </Placemark>
      <Placemark>
        <name><![CDATA[Br. No. 71]]></name>
        <description><![CDATA[
<b>Structure:</b> Br. No. 71 (Main Line)<br>
<b>DFCC Chainage:</b> CH 1150+369<br>
<b>UTM Easting:</b> 675,405.590 m<br>
<b>UTM Northing:</b> 3,356,638.552 m<br>
<b>UTM Zone:</b> 43N (43 R)<br>
<b>Latitude:</b> 30.32887217°<br>
<b>Longitude:</b> 76.82455475°
]]></description>
        <styleUrl>#bridgeStyle</styleUrl>
        <Point>
          <coordinates>76.82455475,30.32887217,0</coordinates>
        </Point>
      </Placemark>
      <Placemark>
        <name><![CDATA[Br. No. 71A]]></name>
        <description><![CDATA[
<b>Structure:</b> Br. No. 71A (Main Line)<br>
<b>DFCC Chainage:</b> CH 1150+437<br>
<b>UTM Easting:</b> 675,398.296 m<br>
<b>UTM Northing:</b> 3,356,707.437 m<br>
<b>UTM Zone:</b> 43N (43 R)<br>
<b>Latitude:</b> 30.32949455°<br>
<b>Longitude:</b> 76.82449043°
]]></description>
        <styleUrl>#bridgeStyle</styleUrl>
        <Point>
          <coordinates>76.82449043,30.32949455,0</coordinates>
        </Point>
      </Placemark>
      <Placemark>
        <name><![CDATA[Br. No. 72]]></name>
        <description><![CDATA[
<b>Structure:</b> Br. No. 72 (Main Line)<br>
<b>DFCC Chainage:</b> CH 1150+841<br>
<b>UTM Easting:</b> 675,437.966 m<br>
<b>UTM Northing:</b> 3,357,137.932 m<br>
<b>UTM Zone:</b> 43N (43 R)<br>
<b>Latitude:</b> 30.33337167°<br>
<b>Longitude:</b> 76.82497493°
]]></description>
        <styleUrl>#bridgeStyle</styleUrl>
        <Point>
          <coordinates>76.82497493,30.33337167,0</coordinates>
        </Point>
      </Placemark>
      <Placemark>
        <name><![CDATA[Br. No. 72A]]></name>
        <description><![CDATA[
<b>Structure:</b> Br. No. 72A (Main Line)<br>
<b>DFCC Chainage:</b> CH 1150+995<br>
<b>UTM Easting:</b> 675,459.309 m<br>
<b>UTM Northing:</b> 3,357,300.425 m<br>
<b>UTM Zone:</b> 43N (43 R)<br>
<b>Latitude:</b> 30.33483418°<br>
<b>Longitude:</b> 76.82522405°
]]></description>
        <styleUrl>#bridgeStyle</styleUrl>
        <Point>
          <coordinates>76.82522405,30.33483418,0</coordinates>
        </Point>
      </Placemark>
      <Placemark>
        <name><![CDATA[Br. No. 72B]]></name>
        <description><![CDATA[
<b>Structure:</b> Br. No. 72B (Main Line)<br>
<b>DFCC Chainage:</b> CH 1151+133<br>
<b>UTM Easting:</b> 675,474.040 m<br>
<b>UTM Northing:</b> 3,357,446.267 m<br>
<b>UTM Zone:</b> 43N (43 R)<br>
<b>Latitude:</b> 30.33614747°<br>
<b>Longitude:</b> 76.82540163°
]]></description>
        <styleUrl>#bridgeStyle</styleUrl>
        <Point>
          <coordinates>76.82540163,30.33614747,0</coordinates>
        </Point>
      </Placemark>
      <Placemark>
        <name><![CDATA[Br. No. 72C]]></name>
        <description><![CDATA[
<b>Structure:</b> Br. No. 72C (Main Line)<br>
<b>DFCC Chainage:</b> CH 1150+908<br>
<b>UTM Easting:</b> 675,447.214 m<br>
<b>UTM Northing:</b> 3,357,208.336 m<br>
<b>UTM Zone:</b> 43N (43 R)<br>
<b>Latitude:</b> 30.33400534°<br>
<b>Longitude:</b> 76.82508287°
]]></description>
        <styleUrl>#bridgeStyle</styleUrl>
        <Point>
          <coordinates>76.82508287,30.33400534,0</coordinates>
        </Point>
      </Placemark>
      <Placemark>
        <name><![CDATA[Br. No. 73]]></name>
        <description><![CDATA[
<b>Structure:</b> Br. No. 73 (Main Line)<br>
<b>DFCC Chainage:</b> CH 1151+170<br>
<b>UTM Easting:</b> 675,474.501 m<br>
<b>UTM Northing:</b> 3,357,484.131 m<br>
<b>UTM Zone:</b> 43N (43 R)<br>
<b>Latitude:</b> 30.33648892°<br>
<b>Longitude:</b> 76.82541276°
]]></description>
        <styleUrl>#bridgeStyle</styleUrl>
        <Point>
          <coordinates>76.82541276,30.33648892,0</coordinates>
        </Point>
      </Placemark>
      <Placemark>
        <name><![CDATA[Br. No. 74]]></name>
        <description><![CDATA[
<b>Structure:</b> Br. No. 74 (Main Line)<br>
<b>DFCC Chainage:</b> CH 1152+780<br>
<b>UTM Easting:</b> 674,363.522 m<br>
<b>UTM Northing:</b> 3,358,598.391 m<br>
<b>UTM Zone:</b> 43N (43 R)<br>
<b>Latitude:</b> 30.34669989°<br>
<b>Longitude:</b> 76.81404580°
]]></description>
        <styleUrl>#bridgeStyle</styleUrl>
        <Point>
          <coordinates>76.81404580,30.34669989,0</coordinates>
        </Point>
      </Placemark>
      <Placemark>
        <name><![CDATA[Br. No. 75]]></name>
        <description><![CDATA[
<b>Structure:</b> Br. No. 75 (Main Line)<br>
<b>DFCC Chainage:</b> CH 1153+589<br>
<b>UTM Easting:</b> 673,694.085 m<br>
<b>UTM Northing:</b> 3,359,051.623 m<br>
<b>UTM Zone:</b> 43N (43 R)<br>
<b>Latitude:</b> 30.35088431°<br>
<b>Longitude:</b> 76.80715916°
]]></description>
        <styleUrl>#bridgeStyle</styleUrl>
        <Point>
          <coordinates>76.80715916,30.35088431,0</coordinates>
        </Point>
      </Placemark>
      <Placemark>
        <name><![CDATA[Br. No. 76]]></name>
        <description><![CDATA[
<b>Structure:</b> Br. No. 76 (Main Line)<br>
<b>DFCC Chainage:</b> CH 1153+840<br>
<b>UTM Easting:</b> 673,488.647 m<br>
<b>UTM Northing:</b> 3,359,196.295 m<br>
<b>UTM Zone:</b> 43N (43 R)<br>
<b>Latitude:</b> 30.35221872°<br>
<b>Longitude:</b> 76.80504658°
]]></description>
        <styleUrl>#bridgeStyle</styleUrl>
        <Point>
          <coordinates>76.80504658,30.35221872,0</coordinates>
        </Point>
      </Placemark>
      <Placemark>
        <name><![CDATA[Br. No. 77]]></name>
        <description><![CDATA[
<b>Structure:</b> Br. No. 77 (Main Line)<br>
<b>DFCC Chainage:</b> CH 1155+805<br>
<b>UTM Easting:</b> 671,881.912 m<br>
<b>UTM Northing:</b> 3,360,328.261 m<br>
<b>UTM Zone:</b> 43N (43 R)<br>
<b>Latitude:</b> 30.36265844°<br>
<b>Longitude:</b> 76.78852211°
]]></description>
        <styleUrl>#bridgeStyle</styleUrl>
        <Point>
          <coordinates>76.78852211,30.36265844,0</coordinates>
        </Point>
      </Placemark>
      <Placemark>
        <name><![CDATA[Br. No. 78]]></name>
        <description><![CDATA[
<b>Structure:</b> Br. No. 78 (Main Line)<br>
<b>DFCC Chainage:</b> CH 1156+556<br>
<b>UTM Easting:</b> 671,267.674 m<br>
<b>UTM Northing:</b> 3,360,759.723 m<br>
<b>UTM Zone:</b> 43N (43 R)<br>
<b>Latitude:</b> 30.36663740°<br>
<b>Longitude:</b> 76.78220383°
]]></description>
        <styleUrl>#bridgeStyle</styleUrl>
        <Point>
          <coordinates>76.78220383,30.36663740,0</coordinates>
        </Point>
      </Placemark>
      <Placemark>
        <name><![CDATA[Br. No. 79]]></name>
        <description><![CDATA[
<b>Structure:</b> Br. No. 79 (Main Line)<br>
<b>DFCC Chainage:</b> CH 1157+048<br>
<b>UTM Easting:</b> 670,865.380 m<br>
<b>UTM Northing:</b> 3,361,042.308 m<br>
<b>UTM Zone:</b> 43N (43 R)<br>
<b>Latitude:</b> 30.36924325°<br>
<b>Longitude:</b> 76.77806540°
]]></description>
        <styleUrl>#bridgeStyle</styleUrl>
        <Point>
          <coordinates>76.77806540,30.36924325,0</coordinates>
        </Point>
      </Placemark>
      <Placemark>
        <name><![CDATA[Br. No. 80]]></name>
        <description><![CDATA[
<b>Structure:</b> Br. No. 80 (Main Line)<br>
<b>DFCC Chainage:</b> CH 1157+940<br>
<b>UTM Easting:</b> 670,133.994 m<br>
<b>UTM Northing:</b> 3,361,554.017 m<br>
<b>UTM Zone:</b> 43N (43 R)<br>
<b>Latitude:</b> 30.37396206°<br>
<b>Longitude:</b> 76.77054067°
]]></description>
        <styleUrl>#bridgeStyle</styleUrl>
        <Point>
          <coordinates>76.77054067,30.37396206,0</coordinates>
        </Point>
      </Placemark>
      <Placemark>
        <name><![CDATA[Br. No. 81]]></name>
        <description><![CDATA[
<b>Structure:</b> Br. No. 81 (Main Line)<br>
<b>DFCC Chainage:</b> CH 1158+025<br>
<b>UTM Easting:</b> 670,064.905 m<br>
<b>UTM Northing:</b> 3,361,603.471 m<br>
<b>UTM Zone:</b> 43N (43 R)<br>
<b>Latitude:</b> 30.37441787°<br>
<b>Longitude:</b> 76.76983000°
]]></description>
        <styleUrl>#bridgeStyle</styleUrl>
        <Point>
          <coordinates>76.76983000,30.37441787,0</coordinates>
        </Point>
      </Placemark>
      <Placemark>
        <name><![CDATA[Br. No. 82]]></name>
        <description><![CDATA[
<b>Structure:</b> Br. No. 82 (Main Line)<br>
<b>DFCC Chainage:</b> CH 1158+532<br>
<b>UTM Easting:</b> 669,641.145 m<br>
<b>UTM Northing:</b> 3,361,882.046 m<br>
<b>UTM Zone:</b> 43N (43 R)<br>
<b>Latitude:</b> 30.37699020°<br>
<b>Longitude:</b> 76.76546695°
]]></description>
        <styleUrl>#bridgeStyle</styleUrl>
        <Point>
          <coordinates>76.76546695,30.37699020,0</coordinates>
        </Point>
      </Placemark>
      <Placemark>
        <name><![CDATA[Br. No. 83]]></name>
        <description><![CDATA[
<b>Structure:</b> Br. No. 83 (Main Line)<br>
<b>DFCC Chainage:</b> CH 1159+067<br>
<b>UTM Easting:</b> 669,203.335 m<br>
<b>UTM Northing:</b> 3,362,189.405 m<br>
<b>UTM Zone:</b> 43N (43 R)<br>
<b>Latitude:</b> 30.37982400°<br>
<b>Longitude:</b> 76.76096215°
]]></description>
        <styleUrl>#bridgeStyle</styleUrl>
        <Point>
          <coordinates>76.76096215,30.37982400,0</coordinates>
        </Point>
      </Placemark>
      <Placemark>
        <name><![CDATA[Br. No. 84]]></name>
        <description><![CDATA[
<b>Structure:</b> Br. No. 84 (Main Line)<br>
<b>DFCC Chainage:</b> CH 1159+183<br>
<b>UTM Easting:</b> 669,111.892 m<br>
<b>UTM Northing:</b> 3,362,259.707 m<br>
<b>UTM Zone:</b> 43N (43 R)<br>
<b>Latitude:</b> 30.38047093°<br>
<b>Longitude:</b> 76.76002222°
]]></description>
        <styleUrl>#bridgeStyle</styleUrl>
        <Point>
          <coordinates>76.76002222,30.38047093,0</coordinates>
        </Point>
      </Placemark>
      <Placemark>
        <name><![CDATA[Br. No. 85]]></name>
        <description><![CDATA[
<b>Structure:</b> Br. No. 85 (Main Line)<br>
<b>DFCC Chainage:</b> CH 1159+296<br>
<b>UTM Easting:</b> 669,022.277 m<br>
<b>UTM Northing:</b> 3,362,328.602 m<br>
<b>UTM Zone:</b> 43N (43 R)<br>
<b>Latitude:</b> 30.38110491°<br>
<b>Longitude:</b> 76.75910105°
]]></description>
        <styleUrl>#bridgeStyle</styleUrl>
        <Point>
          <coordinates>76.75910105,30.38110491,0</coordinates>
        </Point>
      </Placemark>
      <Placemark>
        <name><![CDATA[Br. No. 86]]></name>
        <description><![CDATA[
<b>Structure:</b> Br. No. 86 (Main Line)<br>
<b>DFCC Chainage:</b> CH 1159+877<br>
<b>UTM Easting:</b> 668,553.011 m<br>
<b>UTM Northing:</b> 3,362,671.146 m<br>
<b>UTM Zone:</b> 43N (43 R)<br>
<b>Latitude:</b> 30.38426025°<br>
<b>Longitude:</b> 76.75427429°
]]></description>
        <styleUrl>#bridgeStyle</styleUrl>
        <Point>
          <coordinates>76.75427429,30.38426025,0</coordinates>
        </Point>
      </Placemark>
      <Placemark>
        <name><![CDATA[Br. No. 87]]></name>
        <description><![CDATA[
<b>Structure:</b> Br. No. 87 (Main Line)<br>
<b>DFCC Chainage:</b> CH 1160+095<br>
<b>UTM Easting:</b> 668,374.531 m<br>
<b>UTM Northing:</b> 3,362,796.514 m<br>
<b>UTM Zone:</b> 43N (43 R)<br>
<b>Latitude:</b> 30.38541598°<br>
<b>Longitude:</b> 76.75243761°
]]></description>
        <styleUrl>#bridgeStyle</styleUrl>
        <Point>
          <coordinates>76.75243761,30.38541598,0</coordinates>
        </Point>
      </Placemark>
      <Placemark>
        <name><![CDATA[Br. No. 88]]></name>
        <description><![CDATA[
<b>Structure:</b> Br. No. 88 (Main Line)<br>
<b>DFCC Chainage:</b> CH 1160+457<br>
<b>UTM Easting:</b> 668,078.031 m<br>
<b>UTM Northing:</b> 3,363,004.782 m<br>
<b>UTM Zone:</b> 43N (43 R)<br>
<b>Latitude:</b> 30.38733588°<br>
<b>Longitude:</b> 76.74938633°
]]></description>
        <styleUrl>#bridgeStyle</styleUrl>
        <Point>
          <coordinates>76.74938633,30.38733588,0</coordinates>
        </Point>
      </Placemark>
      <Placemark>
        <name><![CDATA[Br. No. 89]]></name>
        <description><![CDATA[
<b>Structure:</b> Br. No. 89 (Main Line)<br>
<b>DFCC Chainage:</b> CH 1160+886<br>
<b>UTM Easting:</b> 667,724.878 m<br>
<b>UTM Northing:</b> 3,363,247.962 m<br>
<b>UTM Zone:</b> 43N (43 R)<br>
<b>Latitude:</b> 30.38957849°<br>
<b>Longitude:</b> 76.74575110°
]]></description>
        <styleUrl>#bridgeStyle</styleUrl>
        <Point>
          <coordinates>76.74575110,30.38957849,0</coordinates>
        </Point>
      </Placemark>
      <Placemark>
        <name><![CDATA[Br. No. 90]]></name>
        <description><![CDATA[
<b>Structure:</b> Br. No. 90 (Main Line)<br>
<b>DFCC Chainage:</b> CH 1160+903<br>
<b>UTM Easting:</b> 667,710.793 m<br>
<b>UTM Northing:</b> 3,363,257.850 m<br>
<b>UTM Zone:</b> 43N (43 R)<br>
<b>Latitude:</b> 30.38966964°<br>
<b>Longitude:</b> 76.74560614°
]]></description>
        <styleUrl>#bridgeStyle</styleUrl>
        <Point>
          <coordinates>76.74560614,30.38966964,0</coordinates>
        </Point>
      </Placemark>
      <Placemark>
        <name><![CDATA[Br. No. 91]]></name>
        <description><![CDATA[
<b>Structure:</b> Br. No. 91 (Main Line)<br>
<b>DFCC Chainage:</b> CH 1162+769<br>
<b>UTM Easting:</b> 666,163.213 m<br>
<b>UTM Northing:</b> 3,364,299.064 m<br>
<b>UTM Zone:</b> 43N (43 R)<br>
<b>Latitude:</b> 30.39927554°<br>
<b>Longitude:</b> 76.72966997°
]]></description>
        <styleUrl>#bridgeStyle</styleUrl>
        <Point>
          <coordinates>76.72966997,30.39927554,0</coordinates>
        </Point>
      </Placemark>
      <Placemark>
        <name><![CDATA[Br. No. 92]]></name>
        <description><![CDATA[
<b>Structure:</b> Br. No. 92 (Main Line)<br>
<b>DFCC Chainage:</b> CH 1164+344<br>
<b>UTM Easting:</b> 664,896.674 m<br>
<b>UTM Northing:</b> 3,365,236.354 m<br>
<b>UTM Zone:</b> 43N (43 R)<br>
<b>Latitude:</b> 30.40790379°<br>
<b>Longitude:</b> 76.71663889°
]]></description>
        <styleUrl>#bridgeStyle</styleUrl>
        <Point>
          <coordinates>76.71663889,30.40790379,0</coordinates>
        </Point>
      </Placemark>
      <Placemark>
        <name><![CDATA[Br. No. 93]]></name>
        <description><![CDATA[
<b>Structure:</b> Br. No. 93 (Main Line)<br>
<b>DFCC Chainage:</b> CH 1164+493<br>
<b>UTM Easting:</b> 664,774.789 m<br>
<b>UTM Northing:</b> 3,365,322.136 m<br>
<b>UTM Zone:</b> 43N (43 R)<br>
<b>Latitude:</b> 30.40869422°<br>
<b>Longitude:</b> 76.71538403°
]]></description>
        <styleUrl>#bridgeStyle</styleUrl>
        <Point>
          <coordinates>76.71538403,30.40869422,0</coordinates>
        </Point>
      </Placemark>
      <Placemark>
        <name><![CDATA[Br. No. 94]]></name>
        <description><![CDATA[
<b>Structure:</b> Br. No. 94 (Main Line)<br>
<b>DFCC Chainage:</b> CH 1164+690<br>
<b>UTM Easting:</b> 664,614.083 m<br>
<b>UTM Northing:</b> 3,365,435.240 m<br>
<b>UTM Zone:</b> 43N (43 R)<br>
<b>Latitude:</b> 30.40973638°<br>
<b>Longitude:</b> 76.71372946°
]]></description>
        <styleUrl>#bridgeStyle</styleUrl>
        <Point>
          <coordinates>76.71372946,30.40973638,0</coordinates>
        </Point>
      </Placemark>
      <Placemark>
        <name><![CDATA[Br. No. 95]]></name>
        <description><![CDATA[
<b>Structure:</b> Br. No. 95 (Main Line)<br>
<b>DFCC Chainage:</b> CH 1166+416<br>
<b>UTM Easting:</b> 663,202.279 m<br>
<b>UTM Northing:</b> 3,366,428.995 m<br>
<b>UTM Zone:</b> 43N (43 R)<br>
<b>Latitude:</b> 30.41889214°<br>
<b>Longitude:</b> 76.69919251°
]]></description>
        <styleUrl>#bridgeStyle</styleUrl>
        <Point>
          <coordinates>76.69919251,30.41889214,0</coordinates>
        </Point>
      </Placemark>
      <Placemark>
        <name><![CDATA[Br. No. 96]]></name>
        <description><![CDATA[
<b>Structure:</b> Br. No. 96 (Main Line)<br>
<b>DFCC Chainage:</b> CH 1167+289<br>
<b>UTM Easting:</b> 662,489.144 m<br>
<b>UTM Northing:</b> 3,366,931.654 m<br>
<b>UTM Zone:</b> 43N (43 R)<br>
<b>Latitude:</b> 30.42352257°<br>
<b>Longitude:</b> 76.69184863°
]]></description>
        <styleUrl>#bridgeStyle</styleUrl>
        <Point>
          <coordinates>76.69184863,30.42352257,0</coordinates>
        </Point>
      </Placemark>
      <Placemark>
        <name><![CDATA[Br. No. 97]]></name>
        <description><![CDATA[
<b>Structure:</b> Br. No. 97 (Main Line)<br>
<b>DFCC Chainage:</b> CH 1167+632<br>
<b>UTM Easting:</b> 662,203.190 m<br>
<b>UTM Northing:</b> 3,367,121.635 m<br>
<b>UTM Zone:</b> 43N (43 R)<br>
<b>Latitude:</b> 30.42527476°<br>
<b>Longitude:</b> 76.68890186°
]]></description>
        <styleUrl>#bridgeStyle</styleUrl>
        <Point>
          <coordinates>76.68890186,30.42527476,0</coordinates>
        </Point>
      </Placemark>
      <Placemark>
        <name><![CDATA[Br. No. 98]]></name>
        <description><![CDATA[
<b>Structure:</b> Br. No. 98 (Main Line)<br>
<b>DFCC Chainage:</b> CH 1169+595<br>
<b>UTM Easting:</b> 660,598.192 m<br>
<b>UTM Northing:</b> 3,368,251.248 m<br>
<b>UTM Zone:</b> 43N (43 R)<br>
<b>Latitude:</b> 30.43567915°<br>
<b>Longitude:</b> 76.67237009°
]]></description>
        <styleUrl>#bridgeStyle</styleUrl>
        <Point>
          <coordinates>76.67237009,30.43567915,0</coordinates>
        </Point>
      </Placemark>
      <Placemark>
        <name><![CDATA[Br. No. 99]]></name>
        <description><![CDATA[
<b>Structure:</b> Br. No. 99 (Main Line)<br>
<b>DFCC Chainage:</b> CH 1169+821<br>
<b>UTM Easting:</b> 660,413.626 m<br>
<b>UTM Northing:</b> 3,368,381.355 m<br>
<b>UTM Zone:</b> 43N (43 R)<br>
<b>Latitude:</b> 30.43687735°<br>
<b>Longitude:</b> 76.67046883°
]]></description>
        <styleUrl>#bridgeStyle</styleUrl>
        <Point>
          <coordinates>76.67046883,30.43687735,0</coordinates>
        </Point>
      </Placemark>
      <Placemark>
        <name><![CDATA[Br. No. 100]]></name>
        <description><![CDATA[
<b>Structure:</b> Br. No. 100 (Main Line)<br>
<b>DFCC Chainage:</b> CH 1170+245<br>
<b>UTM Easting:</b> 660,067.995 m<br>
<b>UTM Northing:</b> 3,368,627.449 m<br>
<b>UTM Zone:</b> 43N (43 R)<br>
<b>Latitude:</b> 30.43914317°<br>
<b>Longitude:</b> 76.66690865°
]]></description>
        <styleUrl>#bridgeStyle</styleUrl>
        <Point>
          <coordinates>76.66690865,30.43914317,0</coordinates>
        </Point>
      </Placemark>
      <Placemark>
        <name><![CDATA[Br. No. 101]]></name>
        <description><![CDATA[
<b>Structure:</b> Br. No. 101 (Main Line)<br>
<b>DFCC Chainage:</b> CH 1170+655<br>
<b>UTM Easting:</b> 659,731.413 m<br>
<b>UTM Northing:</b> 3,368,862.269 m<br>
<b>UTM Zone:</b> 43N (43 R)<br>
<b>Latitude:</b> 30.44130600°<br>
<b>Longitude:</b> 76.66344077°
]]></description>
        <styleUrl>#bridgeStyle</styleUrl>
        <Point>
          <coordinates>76.66344077,30.44130600,0</coordinates>
        </Point>
      </Placemark>
      <Placemark>
        <name><![CDATA[Br. No. 102]]></name>
        <description><![CDATA[
<b>Structure:</b> Br. No. 102 (Main Line)<br>
<b>DFCC Chainage:</b> CH 1172+140<br>
<b>UTM Easting:</b> 658,519.270 m<br>
<b>UTM Northing:</b> 3,369,719.194 m<br>
<b>UTM Zone:</b> 43N (43 R)<br>
<b>Latitude:</b> 30.44919594°<br>
<b>Longitude:</b> 76.65095224°
]]></description>
        <styleUrl>#bridgeStyle</styleUrl>
        <Point>
          <coordinates>76.65095224,30.44919594,0</coordinates>
        </Point>
      </Placemark>
      <Placemark>
        <name><![CDATA[Br. No. 103]]></name>
        <description><![CDATA[
<b>Structure:</b> Br. No. 103 (Main Line)<br>
<b>DFCC Chainage:</b> CH 1172+532<br>
<b>UTM Easting:</b> 658,195.764 m<br>
<b>UTM Northing:</b> 3,369,940.411 m<br>
<b>UTM Zone:</b> 43N (43 R)<br>
<b>Latitude:</b> 30.45123395°<br>
<b>Longitude:</b> 76.64761772°
]]></description>
        <styleUrl>#bridgeStyle</styleUrl>
        <Point>
          <coordinates>76.64761772,30.45123395,0</coordinates>
        </Point>
      </Placemark>
      <Placemark>
        <name><![CDATA[Br. No. 104]]></name>
        <description><![CDATA[
<b>Structure:</b> Br. No. 104 (Main Line)<br>
<b>DFCC Chainage:</b> CH 1174+613<br>
<b>UTM Easting:</b> 656,486.051 m<br>
<b>UTM Northing:</b> 3,371,127.259 m<br>
<b>UTM Zone:</b> 43N (43 R)<br>
<b>Latitude:</b> 30.46216330°<br>
<b>Longitude:</b> 76.62999530°
]]></description>
        <styleUrl>#bridgeStyle</styleUrl>
        <Point>
          <coordinates>76.62999530,30.46216330,0</coordinates>
        </Point>
      </Placemark>
      <Placemark>
        <name><![CDATA[Br. No. 106]]></name>
        <description><![CDATA[
<b>Structure:</b> Br. No. 106 (Main Line)<br>
<b>DFCC Chainage:</b> CH 1174+979<br>
<b>UTM Easting:</b> 656,142.758 m<br>
<b>UTM Northing:</b> 3,371,288.121 m<br>
<b>UTM Zone:</b> 43N (43 R)<br>
<b>Latitude:</b> 30.46365895°<br>
<b>Longitude:</b> 76.62644480°
]]></description>
        <styleUrl>#bridgeStyle</styleUrl>
        <Point>
          <coordinates>76.62644480,30.46365895,0</coordinates>
        </Point>
      </Placemark>
      <Placemark>
        <name><![CDATA[Br. No. 108]]></name>
        <description><![CDATA[
<b>Structure:</b> Br. No. 108 (Main Line)<br>
<b>DFCC Chainage:</b> CH 1175+615<br>
<b>UTM Easting:</b> 655,693.735 m<br>
<b>UTM Northing:</b> 3,371,741.029 m<br>
<b>UTM Zone:</b> 43N (43 R)<br>
<b>Latitude:</b> 30.46780256°<br>
<b>Longitude:</b> 76.62183688°
]]></description>
        <styleUrl>#bridgeStyle</styleUrl>
        <Point>
          <coordinates>76.62183688,30.46780256,0</coordinates>
        </Point>
      </Placemark>
      <Placemark>
        <name><![CDATA[Br. No. 109]]></name>
        <description><![CDATA[
<b>Structure:</b> Br. No. 109 (Main Line)<br>
<b>DFCC Chainage:</b> CH 1176+287<br>
<b>UTM Easting:</b> 655,217.437 m<br>
<b>UTM Northing:</b> 3,372,219.723 m<br>
<b>UTM Zone:</b> 43N (43 R)<br>
<b>Latitude:</b> 30.47218214°<br>
<b>Longitude:</b> 76.61694838°
]]></description>
        <styleUrl>#bridgeStyle</styleUrl>
        <Point>
          <coordinates>76.61694838,30.47218214,0</coordinates>
        </Point>
      </Placemark>
      <Placemark>
        <name><![CDATA[Br. No. 110]]></name>
        <description><![CDATA[
<b>Structure:</b> Br. No. 110 (Main Line)<br>
<b>DFCC Chainage:</b> CH 1176+312<br>
<b>UTM Easting:</b> 655,195.462 m<br>
<b>UTM Northing:</b> 3,372,232.368 m<br>
<b>UTM Zone:</b> 43N (43 R)<br>
<b>Latitude:</b> 30.47229904°<br>
<b>Longitude:</b> 76.61672142°
]]></description>
        <styleUrl>#bridgeStyle</styleUrl>
        <Point>
          <coordinates>76.61672142,30.47229904,0</coordinates>
        </Point>
      </Placemark>
      <Placemark>
        <name><![CDATA[Br. No. 112]]></name>
        <description><![CDATA[
<b>Structure:</b> Br. No. 112 (Main Line)<br>
<b>DFCC Chainage:</b> CH 1176+525<br>
<b>UTM Easting:</b> 655,009.044 m<br>
<b>UTM Northing:</b> 3,372,339.640 m<br>
<b>UTM Zone:</b> 43N (43 R)<br>
<b>Latitude:</b> 30.47329073°<br>
<b>Longitude:</b> 76.61479606°
]]></description>
        <styleUrl>#bridgeStyle</styleUrl>
        <Point>
          <coordinates>76.61479606,30.47329073,0</coordinates>
        </Point>
      </Placemark>
      <Placemark>
        <name><![CDATA[Br. No. 114]]></name>
        <description><![CDATA[
<b>Structure:</b> Br. No. 114 (Main Line)<br>
<b>DFCC Chainage:</b> CH 1176+767<br>
<b>UTM Easting:</b> 654,797.831 m<br>
<b>UTM Northing:</b> 3,372,461.178 m<br>
<b>UTM Zone:</b> 43N (43 R)<br>
<b>Latitude:</b> 30.47441426°<br>
<b>Longitude:</b> 76.61261457°
]]></description>
        <styleUrl>#bridgeStyle</styleUrl>
        <Point>
          <coordinates>76.61261457,30.47441426,0</coordinates>
        </Point>
      </Placemark>
      <Placemark>
        <name><![CDATA[Br. No. 116]]></name>
        <description><![CDATA[
<b>Structure:</b> Br. No. 116 (Main Line)<br>
<b>DFCC Chainage:</b> CH 1178+031<br>
<b>UTM Easting:</b> 653,763.051 m<br>
<b>UTM Northing:</b> 3,373,186.430 m<br>
<b>UTM Zone:</b> 43N (43 R)<br>
<b>Latitude:</b> 30.48108920°<br>
<b>Longitude:</b> 76.60194540°
]]></description>
        <styleUrl>#bridgeStyle</styleUrl>
        <Point>
          <coordinates>76.60194540,30.48108920,0</coordinates>
        </Point>
      </Placemark>
      <Placemark>
        <name><![CDATA[Br. No. 118]]></name>
        <description><![CDATA[
<b>Structure:</b> Br. No. 118 (Main Line)<br>
<b>DFCC Chainage:</b> CH 1178+669<br>
<b>UTM Easting:</b> 653,262.687 m<br>
<b>UTM Northing:</b> 3,373,581.013 m<br>
<b>UTM Zone:</b> 43N (43 R)<br>
<b>Latitude:</b> 30.48471239°<br>
<b>Longitude:</b> 76.59679227°
]]></description>
        <styleUrl>#bridgeStyle</styleUrl>
        <Point>
          <coordinates>76.59679227,30.48471239,0</coordinates>
        </Point>
      </Placemark>
      <Placemark>
        <name><![CDATA[Br. No. 119]]></name>
        <description><![CDATA[
<b>Structure:</b> Br. No. 119 (Main Line)<br>
<b>DFCC Chainage:</b> CH 1180+219<br>
<b>UTM Easting:</b> 652,006.680 m<br>
<b>UTM Northing:</b> 3,374,490.569 m<br>
<b>UTM Zone:</b> 43N (43 R)<br>
<b>Latitude:</b> 30.49307659°<br>
<b>Longitude:</b> 76.58384348°
]]></description>
        <styleUrl>#bridgeStyle</styleUrl>
        <Point>
          <coordinates>76.58384348,30.49307659,0</coordinates>
        </Point>
      </Placemark>
      <Placemark>
        <name><![CDATA[Br. No. 120]]></name>
        <description><![CDATA[
<b>Structure:</b> Br. No. 120 (Main Line)<br>
<b>DFCC Chainage:</b> CH 1180+285<br>
<b>UTM Easting:</b> 651,953.480 m<br>
<b>UTM Northing:</b> 3,374,529.121 m<br>
<b>UTM Zone:</b> 43N (43 R)<br>
<b>Latitude:</b> 30.49343108°<br>
<b>Longitude:</b> 76.58329497°
]]></description>
        <styleUrl>#bridgeStyle</styleUrl>
        <Point>
          <coordinates>76.58329497,30.49343108,0</coordinates>
        </Point>
      </Placemark>
      <Placemark>
        <name><![CDATA[Br. No. 121]]></name>
        <description><![CDATA[
<b>Structure:</b> Br. No. 121 (Main Line)<br>
<b>DFCC Chainage:</b> CH 1180+640<br>
<b>UTM Easting:</b> 651,666.452 m<br>
<b>UTM Northing:</b> 3,374,737.118 m<br>
<b>UTM Zone:</b> 43N (43 R)<br>
<b>Latitude:</b> 30.49534360°<br>
<b>Longitude:</b> 76.58033554°
]]></description>
        <styleUrl>#bridgeStyle</styleUrl>
        <Point>
          <coordinates>76.58033554,30.49534360,0</coordinates>
        </Point>
      </Placemark>
      <Placemark>
        <name><![CDATA[Br. No. 122]]></name>
        <description><![CDATA[
<b>Structure:</b> Br. No. 122 (Main Line)<br>
<b>DFCC Chainage:</b> CH 1180+915<br>
<b>UTM Easting:</b> 651,443.404 m<br>
<b>UTM Northing:</b> 3,374,898.862 m<br>
<b>UTM Zone:</b> 43N (43 R)<br>
<b>Latitude:</b> 30.49683076°<br>
<b>Longitude:</b> 76.57803572°
]]></description>
        <styleUrl>#bridgeStyle</styleUrl>
        <Point>
          <coordinates>76.57803572,30.49683076,0</coordinates>
        </Point>
      </Placemark>
      <Placemark>
        <name><![CDATA[Br. No. 123]]></name>
        <description><![CDATA[
<b>Structure:</b> Br. No. 123 (Main Line)<br>
<b>DFCC Chainage:</b> CH 1181+166<br>
<b>UTM Easting:</b> 651,242.011 m<br>
<b>UTM Northing:</b> 3,375,047.795 m<br>
<b>UTM Zone:</b> 43N (43 R)<br>
<b>Latitude:</b> 30.49819959°<br>
<b>Longitude:</b> 76.57595954°
]]></description>
        <styleUrl>#bridgeStyle</styleUrl>
        <Point>
          <coordinates>76.57595954,30.49819959,0</coordinates>
        </Point>
      </Placemark>
      <Placemark>
        <name><![CDATA[Br. No. 124]]></name>
        <description><![CDATA[
<b>Structure:</b> Br. No. 124 (Main Line)<br>
<b>DFCC Chainage:</b> CH 1182+599<br>
<b>UTM Easting:</b> 650,089.747 m<br>
<b>UTM Northing:</b> 3,375,900.626 m<br>
<b>UTM Zone:</b> 43N (43 R)<br>
<b>Latitude:</b> 30.50603717°<br>
<b>Longitude:</b> 76.56407971°
]]></description>
        <styleUrl>#bridgeStyle</styleUrl>
        <Point>
          <coordinates>76.56407971,30.50603717,0</coordinates>
        </Point>
      </Placemark>
      <Placemark>
        <name><![CDATA[Br. No. 125]]></name>
        <description><![CDATA[
<b>Structure:</b> Br. No. 125 (Main Line)<br>
<b>DFCC Chainage:</b> CH 1183+271<br>
<b>UTM Easting:</b> 649,549.445 m<br>
<b>UTM Northing:</b> 3,376,300.523 m<br>
<b>UTM Zone:</b> 43N (43 R)<br>
<b>Latitude:</b> 30.50971189°<br>
<b>Longitude:</b> 76.55850854°
]]></description>
        <styleUrl>#bridgeStyle</styleUrl>
        <Point>
          <coordinates>76.55850854,30.50971189,0</coordinates>
        </Point>
      </Placemark>
      <Placemark>
        <name><![CDATA[Br. No. 126]]></name>
        <description><![CDATA[
<b>Structure:</b> Br. No. 126 (Main Line)<br>
<b>DFCC Chainage:</b> CH 1183+643<br>
<b>UTM Easting:</b> 649,250.424 m<br>
<b>UTM Northing:</b> 3,376,521.839 m<br>
<b>UTM Zone:</b> 43N (43 R)<br>
<b>Latitude:</b> 30.51174551°<br>
<b>Longitude:</b> 76.55542509°
]]></description>
        <styleUrl>#bridgeStyle</styleUrl>
        <Point>
          <coordinates>76.55542509,30.51174551,0</coordinates>
        </Point>
      </Placemark>
      <Placemark>
        <name><![CDATA[Br. No. 127]]></name>
        <description><![CDATA[
<b>Structure:</b> Br. No. 127 (Main Line)<br>
<b>DFCC Chainage:</b> CH 1184+451<br>
<b>UTM Easting:</b> 648,601.299 m<br>
<b>UTM Northing:</b> 3,377,002.278 m<br>
<b>UTM Zone:</b> 43N (43 R)<br>
<b>Latitude:</b> 30.51615991°<br>
<b>Longitude:</b> 76.54873098°
]]></description>
        <styleUrl>#bridgeStyle</styleUrl>
        <Point>
          <coordinates>76.54873098,30.51615991,0</coordinates>
        </Point>
      </Placemark>
      <Placemark>
        <name><![CDATA[Br. No. 128]]></name>
        <description><![CDATA[
<b>Structure:</b> Br. No. 128 (Main Line)<br>
<b>DFCC Chainage:</b> CH 1184+652<br>
<b>UTM Easting:</b> 648,439.626 m<br>
<b>UTM Northing:</b> 3,377,121.938 m<br>
<b>UTM Zone:</b> 43N (43 R)<br>
<b>Latitude:</b> 30.51725932°<br>
<b>Longitude:</b> 76.54706363°
]]></description>
        <styleUrl>#bridgeStyle</styleUrl>
        <Point>
          <coordinates>76.54706363,30.51725932,0</coordinates>
        </Point>
      </Placemark>
      <Placemark>
        <name><![CDATA[Br. No. 129]]></name>
        <description><![CDATA[
<b>Structure:</b> Br. No. 129 (Main Line)<br>
<b>DFCC Chainage:</b> CH 1185+429<br>
<b>UTM Easting:</b> 647,815.174 m<br>
<b>UTM Northing:</b> 3,377,584.116 m<br>
<b>UTM Zone:</b> 43N (43 R)<br>
<b>Latitude:</b> 30.52150555°<br>
<b>Longitude:</b> 76.54062324°
]]></description>
        <styleUrl>#bridgeStyle</styleUrl>
        <Point>
          <coordinates>76.54062324,30.52150555,0</coordinates>
        </Point>
      </Placemark>
      <Placemark>
        <name><![CDATA[Br. No. 130]]></name>
        <description><![CDATA[
<b>Structure:</b> Br. No. 130 (Main Line)<br>
<b>DFCC Chainage:</b> CH 1186+905<br>
<b>UTM Easting:</b> 646,628.515 m<br>
<b>UTM Northing:</b> 3,378,462.527 m<br>
<b>UTM Zone:</b> 43N (43 R)<br>
<b>Latitude:</b> 30.52957503°<br>
<b>Longitude:</b> 76.52838288°
]]></description>
        <styleUrl>#bridgeStyle</styleUrl>
        <Point>
          <coordinates>76.52838288,30.52957503,0</coordinates>
        </Point>
      </Placemark>
      <Placemark>
        <name><![CDATA[Br. No. 131]]></name>
        <description><![CDATA[
<b>Structure:</b> Br. No. 131 (Main Line)<br>
<b>DFCC Chainage:</b> CH 1188+167<br>
<b>UTM Easting:</b> 645,629.989 m<br>
<b>UTM Northing:</b> 3,379,233.359 m<br>
<b>UTM Zone:</b> 43N (43 R)<br>
<b>Latitude:</b> 30.53665014°<br>
<b>Longitude:</b> 76.51808597°
]]></description>
        <styleUrl>#bridgeStyle</styleUrl>
        <Point>
          <coordinates>76.51808597,30.53665014,0</coordinates>
        </Point>
      </Placemark>
      <Placemark>
        <name><![CDATA[Br. No. 132]]></name>
        <description><![CDATA[
<b>Structure:</b> Br. No. 132 (Main Line)<br>
<b>DFCC Chainage:</b> CH 1188+181<br>
<b>UTM Easting:</b> 645,622.498 m<br>
<b>UTM Northing:</b> 3,379,246.700 m<br>
<b>UTM Zone:</b> 43N (43 R)<br>
<b>Latitude:</b> 30.53677139°<br>
<b>Longitude:</b> 76.51800978°
]]></description>
        <styleUrl>#bridgeStyle</styleUrl>
        <Point>
          <coordinates>76.51800978,30.53677139,0</coordinates>
        </Point>
      </Placemark>
      <Placemark>
        <name><![CDATA[Br. No. 133]]></name>
        <description><![CDATA[
<b>Structure:</b> Br. No. 133 (Main Line)<br>
<b>DFCC Chainage:</b> CH 1188+980<br>
<b>UTM Easting:</b> 644,976.613 m<br>
<b>UTM Northing:</b> 3,379,718.132 m<br>
<b>UTM Zone:</b> 43N (43 R)<br>
<b>Latitude:</b> 30.54110232°<br>
<b>Longitude:</b> 76.51134473°
]]></description>
        <styleUrl>#bridgeStyle</styleUrl>
        <Point>
          <coordinates>76.51134473,30.54110232,0</coordinates>
        </Point>
      </Placemark>
      <Placemark>
        <name><![CDATA[Br. No. 134]]></name>
        <description><![CDATA[
<b>Structure:</b> Br. No. 134 (Main Line)<br>
<b>DFCC Chainage:</b> CH 1189+734<br>
<b>UTM Easting:</b> 644,366.346 m<br>
<b>UTM Northing:</b> 3,380,159.816 m<br>
<b>UTM Zone:</b> 43N (43 R)<br>
<b>Latitude:</b> 30.54516029°<br>
<b>Longitude:</b> 76.50504617°
]]></description>
        <styleUrl>#bridgeStyle</styleUrl>
        <Point>
          <coordinates>76.50504617,30.54516029,0</coordinates>
        </Point>
      </Placemark>
      <Placemark>
        <name><![CDATA[Br. No. 135]]></name>
        <description><![CDATA[
<b>Structure:</b> Br. No. 135 (Main Line)<br>
<b>DFCC Chainage:</b> CH 1190+800<br>
<b>UTM Easting:</b> 643,501.375 m<br>
<b>UTM Northing:</b> 3,380,783.015 m<br>
<b>UTM Zone:</b> 43N (43 R)<br>
<b>Latitude:</b> 30.55088590°<br>
<b>Longitude:</b> 76.49611750°
]]></description>
        <styleUrl>#bridgeStyle</styleUrl>
        <Point>
          <coordinates>76.49611750,30.55088590,0</coordinates>
        </Point>
      </Placemark>
      <Placemark>
        <name><![CDATA[Br. No. 136]]></name>
        <description><![CDATA[
<b>Structure:</b> Br. No. 136 (Main Line)<br>
<b>DFCC Chainage:</b> CH 1191+058<br>
<b>UTM Easting:</b> 643,294.301 m<br>
<b>UTM Northing:</b> 3,380,936.535 m<br>
<b>UTM Zone:</b> 43N (43 R)<br>
<b>Latitude:</b> 30.55229555°<br>
<b>Longitude:</b> 76.49398041°
]]></description>
        <styleUrl>#bridgeStyle</styleUrl>
        <Point>
          <coordinates>76.49398041,30.55229555,0</coordinates>
        </Point>
      </Placemark>
      <Placemark>
        <name><![CDATA[Br. No. 137]]></name>
        <description><![CDATA[
<b>Structure:</b> Br. No. 137 (Main Line)<br>
<b>DFCC Chainage:</b> CH 1191+613<br>
<b>UTM Easting:</b> 642,847.899 m<br>
<b>UTM Northing:</b> 3,381,267.487 m<br>
<b>UTM Zone:</b> 43N (43 R)<br>
<b>Latitude:</b> 30.55533430°<br>
<b>Longitude:</b> 76.48937316°
]]></description>
        <styleUrl>#bridgeStyle</styleUrl>
        <Point>
          <coordinates>76.48937316,30.55533430,0</coordinates>
        </Point>
      </Placemark>
      <Placemark>
        <name><![CDATA[Br. No. 138]]></name>
        <description><![CDATA[
<b>Structure:</b> Br. No. 138 (Main Line)<br>
<b>DFCC Chainage:</b> CH 1192+511<br>
<b>UTM Easting:</b> 642,128.644 m<br>
<b>UTM Northing:</b> 3,381,804.715 m<br>
<b>UTM Zone:</b> 43N (43 R)<br>
<b>Latitude:</b> 30.56026608°<br>
<b>Longitude:</b> 76.48194977°
]]></description>
        <styleUrl>#bridgeStyle</styleUrl>
        <Point>
          <coordinates>76.48194977,30.56026608,0</coordinates>
        </Point>
      </Placemark>
      <Placemark>
        <name><![CDATA[Br. No. 139]]></name>
        <description><![CDATA[
<b>Structure:</b> Br. No. 139 (Main Line)<br>
<b>DFCC Chainage:</b> CH 1193+008<br>
<b>UTM Easting:</b> 641,729.505 m<br>
<b>UTM Northing:</b> 3,382,101.161 m<br>
<b>UTM Zone:</b> 43N (43 R)<br>
<b>Latitude:</b> 30.56298756°<br>
<b>Longitude:</b> 76.47782972°
]]></description>
        <styleUrl>#bridgeStyle</styleUrl>
        <Point>
          <coordinates>76.47782972,30.56298756,0</coordinates>
        </Point>
      </Placemark>
      <Placemark>
        <name><![CDATA[Br. No. 140]]></name>
        <description><![CDATA[
<b>Structure:</b> Br. No. 140 (Main Line)<br>
<b>DFCC Chainage:</b> CH 1193+251<br>
<b>UTM Easting:</b> 641,534.616 m<br>
<b>UTM Northing:</b> 3,382,245.908 m<br>
<b>UTM Zone:</b> 43N (43 R)<br>
<b>Latitude:</b> 30.56431634°<br>
<b>Longitude:</b> 76.47581793°
]]></description>
        <styleUrl>#bridgeStyle</styleUrl>
        <Point>
          <coordinates>76.47581793,30.56431634,0</coordinates>
        </Point>
      </Placemark>
      <Placemark>
        <name><![CDATA[Br. No. 141]]></name>
        <description><![CDATA[
<b>Structure:</b> Br. No. 141 (Main Line)<br>
<b>DFCC Chainage:</b> CH 1193+418<br>
<b>UTM Easting:</b> 641,398.926 m<br>
<b>UTM Northing:</b> 3,382,343.992 m<br>
<b>UTM Zone:</b> 43N (43 R)<br>
<b>Latitude:</b> 30.56521717°<br>
<b>Longitude:</b> 76.47441683°
]]></description>
        <styleUrl>#bridgeStyle</styleUrl>
        <Point>
          <coordinates>76.47441683,30.56521717,0</coordinates>
        </Point>
      </Placemark>
      <Placemark>
        <name><![CDATA[Br. No. 142]]></name>
        <description><![CDATA[
<b>Structure:</b> Br. No. 142 (Main Line)<br>
<b>DFCC Chainage:</b> CH 1193+514<br>
<b>UTM Easting:</b> 641,323.810 m<br>
<b>UTM Northing:</b> 3,382,402.475 m<br>
<b>UTM Zone:</b> 43N (43 R)<br>
<b>Latitude:</b> 30.56575360°<br>
<b>Longitude:</b> 76.47364176°
]]></description>
        <styleUrl>#bridgeStyle</styleUrl>
        <Point>
          <coordinates>76.47364176,30.56575360,0</coordinates>
        </Point>
      </Placemark>
      <Placemark>
        <name><![CDATA[Br. No. 143]]></name>
        <description><![CDATA[
<b>Structure:</b> Br. No. 143 (Main Line)<br>
<b>DFCC Chainage:</b> CH 1193+818<br>
<b>UTM Easting:</b> 641,079.540 m<br>
<b>UTM Northing:</b> 3,382,583.897 m<br>
<b>UTM Zone:</b> 43N (43 R)<br>
<b>Latitude:</b> 30.56741899°<br>
<b>Longitude:</b> 76.47112007°
]]></description>
        <styleUrl>#bridgeStyle</styleUrl>
        <Point>
          <coordinates>76.47112007,30.56741899,0</coordinates>
        </Point>
      </Placemark>
      <Placemark>
        <name><![CDATA[Br. No. 144]]></name>
        <description><![CDATA[
<b>Structure:</b> Br. No. 144 (Main Line)<br>
<b>DFCC Chainage:</b> CH 1194+419<br>
<b>UTM Easting:</b> 640,597.254 m<br>
<b>UTM Northing:</b> 3,382,942.097 m<br>
<b>UTM Zone:</b> 43N (43 R)<br>
<b>Latitude:</b> 30.57070698°<br>
<b>Longitude:</b> 76.46614098°
]]></description>
        <styleUrl>#bridgeStyle</styleUrl>
        <Point>
          <coordinates>76.46614098,30.57070698,0</coordinates>
        </Point>
      </Placemark>
      <Placemark>
        <name><![CDATA[Br. No. 145]]></name>
        <description><![CDATA[
<b>Structure:</b> Br. No. 145 (Main Line)<br>
<b>DFCC Chainage:</b> CH 1194+719<br>
<b>UTM Easting:</b> 640,356.456 m<br>
<b>UTM Northing:</b> 3,383,120.940 m<br>
<b>UTM Zone:</b> 43N (43 R)<br>
<b>Latitude:</b> 30.57234855°<br>
<b>Longitude:</b> 76.46365487°
]]></description>
        <styleUrl>#bridgeStyle</styleUrl>
        <Point>
          <coordinates>76.46365487,30.57234855,0</coordinates>
        </Point>
      </Placemark>
      <Placemark>
        <name><![CDATA[Br. No. 146]]></name>
        <description><![CDATA[
<b>Structure:</b> Br. No. 146 (Main Line)<br>
<b>DFCC Chainage:</b> CH 1194+920<br>
<b>UTM Easting:</b> 640,194.416 m<br>
<b>UTM Northing:</b> 3,383,241.289 m<br>
<b>UTM Zone:</b> 43N (43 R)<br>
<b>Latitude:</b> 30.57345319°<br>
<b>Longitude:</b> 76.46198185°
]]></description>
        <styleUrl>#bridgeStyle</styleUrl>
        <Point>
          <coordinates>76.46198185,30.57345319,0</coordinates>
        </Point>
      </Placemark>
      <Placemark>
        <name><![CDATA[Br. No. 147]]></name>
        <description><![CDATA[
<b>Structure:</b> Br. No. 147 (Main Line)<br>
<b>DFCC Chainage:</b> CH 1195+334<br>
<b>UTM Easting:</b> 639,862.599 m<br>
<b>UTM Northing:</b> 3,383,487.733 m<br>
<b>UTM Zone:</b> 43N (43 R)<br>
<b>Latitude:</b> 30.57571515°<br>
<b>Longitude:</b> 76.45855580°
]]></description>
        <styleUrl>#bridgeStyle</styleUrl>
        <Point>
          <coordinates>76.45855580,30.57571515,0</coordinates>
        </Point>
      </Placemark>
      <Placemark>
        <name><![CDATA[Br. No. 148]]></name>
        <description><![CDATA[
<b>Structure:</b> Br. No. 148 (Main Line)<br>
<b>DFCC Chainage:</b> CH 1195+633<br>
<b>UTM Easting:</b> 639,622.487 m<br>
<b>UTM Northing:</b> 3,383,666.067 m<br>
<b>UTM Zone:</b> 43N (43 R)<br>
<b>Latitude:</b> 30.57735191°<br>
<b>Longitude:</b> 76.45607651°
]]></description>
        <styleUrl>#bridgeStyle</styleUrl>
        <Point>
          <coordinates>76.45607651,30.57735191,0</coordinates>
        </Point>
      </Placemark>
      <Placemark>
        <name><![CDATA[Br. No. 149]]></name>
        <description><![CDATA[
<b>Structure:</b> Br. No. 149 (Main Line)<br>
<b>DFCC Chainage:</b> CH 1196+292<br>
<b>UTM Easting:</b> 639,097.189 m<br>
<b>UTM Northing:</b> 3,384,064.057 m<br>
<b>UTM Zone:</b> 43N (43 R)<br>
<b>Latitude:</b> 30.58100330°<br>
<b>Longitude:</b> 76.45065329°
]]></description>
        <styleUrl>#bridgeStyle</styleUrl>
        <Point>
          <coordinates>76.45065329,30.58100330,0</coordinates>
        </Point>
      </Placemark>
      <Placemark>
        <name><![CDATA[Br. No. 150]]></name>
        <description><![CDATA[
<b>Structure:</b> Br. No. 150 (Main Line)<br>
<b>DFCC Chainage:</b> CH 1196+847<br>
<b>UTM Easting:</b> 638,651.664 m<br>
<b>UTM Northing:</b> 3,384,395.095 m<br>
<b>UTM Zone:</b> 43N (43 R)<br>
<b>Latitude:</b> 30.58404126°<br>
<b>Longitude:</b> 76.44605246°
]]></description>
        <styleUrl>#bridgeStyle</styleUrl>
        <Point>
          <coordinates>76.44605246,30.58404126,0</coordinates>
        </Point>
      </Placemark>
      <Placemark>
        <name><![CDATA[Br. No. 151]]></name>
        <description><![CDATA[
<b>Structure:</b> Br. No. 151 (Main Line)<br>
<b>DFCC Chainage:</b> CH 1198+223<br>
<b>UTM Easting:</b> 637,541.833 m<br>
<b>UTM Northing:</b> 3,385,207.928 m<br>
<b>UTM Zone:</b> 43N (43 R)<br>
<b>Latitude:</b> 30.59150188°<br>
<b>Longitude:</b> 76.43458867°
]]></description>
        <styleUrl>#bridgeStyle</styleUrl>
        <Point>
          <coordinates>76.43458867,30.59150188,0</coordinates>
        </Point>
      </Placemark>
      <Placemark>
        <name><![CDATA[Br. No. 152]]></name>
        <description><![CDATA[
<b>Structure:</b> Br. No. 152 (Main Line)<br>
<b>DFCC Chainage:</b> CH 1198+745<br>
<b>UTM Easting:</b> 637,123.631 m<br>
<b>UTM Northing:</b> 3,385,521.122 m<br>
<b>UTM Zone:</b> 43N (43 R)<br>
<b>Latitude:</b> 30.59437520°<br>
<b>Longitude:</b> 76.43026939°
]]></description>
        <styleUrl>#bridgeStyle</styleUrl>
        <Point>
          <coordinates>76.43026939,30.59437520,0</coordinates>
        </Point>
      </Placemark>
      <Placemark>
        <name><![CDATA[Br. No. 153]]></name>
        <description><![CDATA[
<b>Structure:</b> Br. No. 153 (Main Line)<br>
<b>DFCC Chainage:</b> CH 1199+319<br>
<b>UTM Easting:</b> 636,662.866 m<br>
<b>UTM Northing:</b> 3,385,864.211 m<br>
<b>UTM Zone:</b> 43N (43 R)<br>
<b>Latitude:</b> 30.59752293°<br>
<b>Longitude:</b> 76.42550994°
]]></description>
        <styleUrl>#bridgeStyle</styleUrl>
        <Point>
          <coordinates>76.42550994,30.59752293,0</coordinates>
        </Point>
      </Placemark>
      <Placemark>
        <name><![CDATA[Br. No. 154]]></name>
        <description><![CDATA[
<b>Structure:</b> Br. No. 154 (Main Line)<br>
<b>DFCC Chainage:</b> CH 1199+918<br>
<b>UTM Easting:</b> 636,181.841 m<br>
<b>UTM Northing:</b> 3,386,220.777 m<br>
<b>UTM Zone:</b> 43N (43 R)<br>
<b>Latitude:</b> 30.60079438°<br>
<b>Longitude:</b> 76.42054068°
]]></description>
        <styleUrl>#bridgeStyle</styleUrl>
        <Point>
          <coordinates>76.42054068,30.60079438,0</coordinates>
        </Point>
      </Placemark>
      <Placemark>
        <name><![CDATA[Br. No. 155]]></name>
        <description><![CDATA[
<b>Structure:</b> Br. No. 155 (Main Line)<br>
<b>DFCC Chainage:</b> CH 1200+764<br>
<b>UTM Easting:</b> 635,503.741 m<br>
<b>UTM Northing:</b> 3,386,726.886 m<br>
<b>UTM Zone:</b> 43N (43 R)<br>
<b>Latitude:</b> 30.60543703°<br>
<b>Longitude:</b> 76.41353540°
]]></description>
        <styleUrl>#bridgeStyle</styleUrl>
        <Point>
          <coordinates>76.41353540,30.60543703,0</coordinates>
        </Point>
      </Placemark>
      <Placemark>
        <name><![CDATA[Br. No. 156]]></name>
        <description><![CDATA[
<b>Structure:</b> Br. No. 156 (Main Line)<br>
<b>DFCC Chainage:</b> CH 1201+351<br>
<b>UTM Easting:</b> 635,032.220 m<br>
<b>UTM Northing:</b> 3,387,076.431 m<br>
<b>UTM Zone:</b> 43N (43 R)<br>
<b>Latitude:</b> 30.60864363°<br>
<b>Longitude:</b> 76.40866352°
]]></description>
        <styleUrl>#bridgeStyle</styleUrl>
        <Point>
          <coordinates>76.40866352,30.60864363,0</coordinates>
        </Point>
      </Placemark>
      <Placemark>
        <name><![CDATA[Br. No. 157]]></name>
        <description><![CDATA[
<b>Structure:</b> Br. No. 157 (Main Line)<br>
<b>DFCC Chainage:</b> CH 1202+167<br>
<b>UTM Easting:</b> 634,356.650 m<br>
<b>UTM Northing:</b> 3,387,532.855 m<br>
<b>UTM Zone:</b> 43N (43 R)<br>
<b>Latitude:</b> 30.61283718°<br>
<b>Longitude:</b> 76.40167703°
]]></description>
        <styleUrl>#bridgeStyle</styleUrl>
        <Point>
          <coordinates>76.40167703,30.61283718,0</coordinates>
        </Point>
      </Placemark>
      <Placemark>
        <name><![CDATA[Br. No. 158]]></name>
        <description><![CDATA[
<b>Structure:</b> Br. No. 158 (Main Line)<br>
<b>DFCC Chainage:</b> CH 1202+882<br>
<b>UTM Easting:</b> 633,758.459 m<br>
<b>UTM Northing:</b> 3,387,925.731 m<br>
<b>UTM Zone:</b> 43N (43 R)<br>
<b>Latitude:</b> 30.61644843°<br>
<b>Longitude:</b> 76.39548880°
]]></description>
        <styleUrl>#bridgeStyle</styleUrl>
        <Point>
          <coordinates>76.39548880,30.61644843,0</coordinates>
        </Point>
      </Placemark>
      <Placemark>
        <name><![CDATA[Br. No. 159]]></name>
        <description><![CDATA[
<b>Structure:</b> Br. No. 159 (Main Line)<br>
<b>DFCC Chainage:</b> CH 1203+075<br>
<b>UTM Easting:</b> 633,597.616 m<br>
<b>UTM Northing:</b> 3,388,031.259 m<br>
<b>UTM Zone:</b> 43N (43 R)<br>
<b>Latitude:</b> 30.61741840°<br>
<b>Longitude:</b> 76.39382480°
]]></description>
        <styleUrl>#bridgeStyle</styleUrl>
        <Point>
          <coordinates>76.39382480,30.61741840,0</coordinates>
        </Point>
      </Placemark>
      <Placemark>
        <name><![CDATA[Br. No. 159a]]></name>
        <description><![CDATA[
<b>Structure:</b> Br. No. 159a (Main Line)<br>
<b>DFCC Chainage:</b> CH 1203+075<br>
<b>UTM Easting:</b> 633,585.899 m<br>
<b>UTM Northing:</b> 3,388,013.457 m<br>
<b>UTM Zone:</b> 43N (43 R)<br>
<b>Latitude:</b> 30.61725912°<br>
<b>Longitude:</b> 76.39370028°
]]></description>
        <styleUrl>#bridgeStyle</styleUrl>
        <Point>
          <coordinates>76.39370028,30.61725912,0</coordinates>
        </Point>
      </Placemark>
      <Placemark>
        <name><![CDATA[Br. No. 160]]></name>
        <description><![CDATA[
<b>Structure:</b> Br. No. 160 (Main Line)<br>
<b>DFCC Chainage:</b> CH 1204+711<br>
<b>UTM Easting:</b> 632,292.126 m<br>
<b>UTM Northing:</b> 3,389,017.424 m<br>
<b>UTM Zone:</b> 43N (43 R)<br>
<b>Latitude:</b> 30.62645995°<br>
<b>Longitude:</b> 76.38033421°
]]></description>
        <styleUrl>#bridgeStyle</styleUrl>
        <Point>
          <coordinates>76.38033421,30.62645995,0</coordinates>
        </Point>
      </Placemark>
      <Placemark>
        <name><![CDATA[Br. No. 161]]></name>
        <description><![CDATA[
<b>Structure:</b> Br. No. 161 (Main Line)<br>
<b>DFCC Chainage:</b> CH 1205+041<br>
<b>UTM Easting:</b> 632,179.059 m<br>
<b>UTM Northing:</b> 3,389,329.909 m<br>
<b>UTM Zone:</b> 43N (43 R)<br>
<b>Latitude:</b> 30.62929143°<br>
<b>Longitude:</b> 76.37919474°
]]></description>
        <styleUrl>#bridgeStyle</styleUrl>
        <Point>
          <coordinates>76.37919474,30.62929143,0</coordinates>
        </Point>
      </Placemark>
      <Placemark>
        <name><![CDATA[Br. No. 162]]></name>
        <description><![CDATA[
<b>Structure:</b> Br. No. 162 (Main Line)<br>
<b>DFCC Chainage:</b> CH 1205+189<br>
<b>UTM Easting:</b> 632,164.671 m<br>
<b>UTM Northing:</b> 3,389,478.537 m<br>
<b>UTM Zone:</b> 43N (43 R)<br>
<b>Latitude:</b> 30.63063381°<br>
<b>Longitude:</b> 76.37906366°
]]></description>
        <styleUrl>#bridgeStyle</styleUrl>
        <Point>
          <coordinates>76.37906366,30.63063381,0</coordinates>
        </Point>
      </Placemark>
      <Placemark>
        <name><![CDATA[Br. No. 163]]></name>
        <description><![CDATA[
<b>Structure:</b> Br. No. 163 (Main Line)<br>
<b>DFCC Chainage:</b> CH 1205+702<br>
<b>UTM Easting:</b> 632,070.868 m<br>
<b>UTM Northing:</b> 3,389,992.377 m<br>
<b>UTM Zone:</b> 43N (43 R)<br>
<b>Latitude:</b> 30.63527960°<br>
<b>Longitude:</b> 76.37815083°
]]></description>
        <styleUrl>#bridgeStyle</styleUrl>
        <Point>
          <coordinates>76.37815083,30.63527960,0</coordinates>
        </Point>
      </Placemark>
      <Placemark>
        <name><![CDATA[Br. No. 164]]></name>
        <description><![CDATA[
<b>Structure:</b> Br. No. 164 (Main Line)<br>
<b>DFCC Chainage:</b> CH 1206+145<br>
<b>UTM Easting:</b> 631,738.895 m<br>
<b>UTM Northing:</b> 3,390,318.287 m<br>
<b>UTM Zone:</b> 43N (43 R)<br>
<b>Latitude:</b> 30.63825634°<br>
<b>Longitude:</b> 76.37472913°
]]></description>
        <styleUrl>#bridgeStyle</styleUrl>
        <Point>
          <coordinates>76.37472913,30.63825634,0</coordinates>
        </Point>
      </Placemark>
      <Placemark>
        <name><![CDATA[Br. No. 164A]]></name>
        <description><![CDATA[
<b>Structure:</b> Br. No. 164A (Main Line)<br>
<b>DFCC Chainage:</b> CH 1206+589<br>
<b>UTM Easting:</b> 631,264.501 m<br>
<b>UTM Northing:</b> 3,390,362.003 m<br>
<b>UTM Zone:</b> 43N (43 R)<br>
<b>Latitude:</b> 30.63870295°<br>
<b>Longitude:</b> 76.36978546°
]]></description>
        <styleUrl>#bridgeStyle</styleUrl>
        <Point>
          <coordinates>76.36978546,30.63870295,0</coordinates>
        </Point>
      </Placemark>
      <Placemark>
        <name><![CDATA[Br. No. 164B]]></name>
        <description><![CDATA[
<b>Structure:</b> Br. No. 164B (Main Line)<br>
<b>DFCC Chainage:</b> CH 1207+021<br>
<b>UTM Easting:</b> 630,895.729 m<br>
<b>UTM Northing:</b> 3,390,133.082 m<br>
<b>UTM Zone:</b> 43N (43 R)<br>
<b>Latitude:</b> 30.63667830°<br>
<b>Longitude:</b> 76.36590911°
]]></description>
        <styleUrl>#bridgeStyle</styleUrl>
        <Point>
          <coordinates>76.36590911,30.63667830,0</coordinates>
        </Point>
      </Placemark>
      <Placemark>
        <name><![CDATA[Br. No. 165]]></name>
        <description><![CDATA[
<b>Structure:</b> Br. No. 165 (Main Line)<br>
<b>DFCC Chainage:</b> CH 1207+380<br>
<b>UTM Easting:</b> 630,635.221 m<br>
<b>UTM Northing:</b> 3,389,883.839 m<br>
<b>UTM Zone:</b> 43N (43 R)<br>
<b>Latitude:</b> 30.63445836°<br>
<b>Longitude:</b> 76.36315981°
]]></description>
        <styleUrl>#bridgeStyle</styleUrl>
        <Point>
          <coordinates>76.36315981,30.63445836,0</coordinates>
        </Point>
      </Placemark>
      <Placemark>
        <name><![CDATA[Br. No. 166]]></name>
        <description><![CDATA[
<b>Structure:</b> Br. No. 166 (Main Line)<br>
<b>DFCC Chainage:</b> CH 1207+410<br>
<b>UTM Easting:</b> 630,612.862 m<br>
<b>UTM Northing:</b> 3,389,862.447 m<br>
<b>UTM Zone:</b> 43N (43 R)<br>
<b>Latitude:</b> 30.63426783°<br>
<b>Longitude:</b> 76.36292384°
]]></description>
        <styleUrl>#bridgeStyle</styleUrl>
        <Point>
          <coordinates>76.36292384,30.63426783,0</coordinates>
        </Point>
      </Placemark>
      <Placemark>
        <name><![CDATA[Br. No. 167]]></name>
        <description><![CDATA[
<b>Structure:</b> Br. No. 167 (Main Line)<br>
<b>DFCC Chainage:</b> CH 1207+725<br>
<b>UTM Easting:</b> 630,330.468 m<br>
<b>UTM Northing:</b> 3,389,668.526 m<br>
<b>UTM Zone:</b> 43N (43 R)<br>
<b>Latitude:</b> 30.63254928°<br>
<b>Longitude:</b> 76.35995334°
]]></description>
        <styleUrl>#bridgeStyle</styleUrl>
        <Point>
          <coordinates>76.35995334,30.63254928,0</coordinates>
        </Point>
      </Placemark>
      <Placemark>
        <name><![CDATA[Br. No. 167A]]></name>
        <description><![CDATA[
<b>Structure:</b> Br. No. 167A (Main Line)<br>
<b>DFCC Chainage:</b> CH 1208+107<br>
<b>UTM Easting:</b> 629,944.108 m<br>
<b>UTM Northing:</b> 3,389,635.683 m<br>
<b>UTM Zone:</b> 43N (43 R)<br>
<b>Latitude:</b> 30.63229510°<br>
<b>Longitude:</b> 76.35591862°
]]></description>
        <styleUrl>#bridgeStyle</styleUrl>
        <Point>
          <coordinates>76.35591862,30.63229510,0</coordinates>
        </Point>
      </Placemark>
      <Placemark>
        <name><![CDATA[Br. No. 168]]></name>
        <description><![CDATA[
<b>Structure:</b> Br. No. 168 (Main Line)<br>
<b>DFCC Chainage:</b> CH 1208+554<br>
<b>UTM Easting:</b> 629,533.634 m<br>
<b>UTM Northing:</b> 3,389,885.296 m<br>
<b>UTM Zone:</b> 43N (43 R)<br>
<b>Latitude:</b> 30.63459150°<br>
<b>Longitude:</b> 76.35166779°
]]></description>
        <styleUrl>#bridgeStyle</styleUrl>
        <Point>
          <coordinates>76.35166779,30.63459150,0</coordinates>
        </Point>
      </Placemark>
      <Placemark>
        <name><![CDATA[Br. No. 168A]]></name>
        <description><![CDATA[
<b>Structure:</b> Br. No. 168A (Main Line)<br>
<b>DFCC Chainage:</b> CH 1208+923<br>
<b>UTM Easting:</b> 629,355.565 m<br>
<b>UTM Northing:</b> 3,390,208.084 m<br>
<b>UTM Zone:</b> 43N (43 R)<br>
<b>Latitude:</b> 30.63752274°<br>
<b>Longitude:</b> 76.34985053°
]]></description>
        <styleUrl>#bridgeStyle</styleUrl>
        <Point>
          <coordinates>76.34985053,30.63752274,0</coordinates>
        </Point>
      </Placemark>
      <Placemark>
        <name><![CDATA[Br. No. 169]]></name>
        <description><![CDATA[
<b>Structure:</b> Br. No. 169 (Main Line)<br>
<b>DFCC Chainage:</b> CH 1209+366<br>
<b>UTM Easting:</b> 629,158.573 m<br>
<b>UTM Northing:</b> 3,390,605.481 m<br>
<b>UTM Zone:</b> 43N (43 R)<br>
<b>Latitude:</b> 30.64112907°<br>
<b>Longitude:</b> 76.34784508°
]]></description>
        <styleUrl>#bridgeStyle</styleUrl>
        <Point>
          <coordinates>76.34784508,30.64112907,0</coordinates>
        </Point>
      </Placemark>
      <Placemark>
        <name><![CDATA[Br. No. 169A]]></name>
        <description><![CDATA[
<b>Structure:</b> Br. No. 169A (Main Line)<br>
<b>DFCC Chainage:</b> CH 1209+549<br>
<b>UTM Easting:</b> 629,057.345 m<br>
<b>UTM Northing:</b> 3,390,761.443 m<br>
<b>UTM Zone:</b> 43N (43 R)<br>
<b>Latitude:</b> 30.64254699°<br>
<b>Longitude:</b> 76.34680845°
]]></description>
        <styleUrl>#bridgeStyle</styleUrl>
        <Point>
          <coordinates>76.34680845,30.64254699,0</coordinates>
        </Point>
      </Placemark>
      <Placemark>
        <name><![CDATA[Br. No. 170]]></name>
        <description><![CDATA[
<b>Structure:</b> Br. No. 170 (Main Line)<br>
<b>DFCC Chainage:</b> CH 1210+265<br>
<b>UTM Easting:</b> 628,464.819 m<br>
<b>UTM Northing:</b> 3,391,162.744 m<br>
<b>UTM Zone:</b> 43N (43 R)<br>
<b>Latitude:</b> 30.64623113°<br>
<b>Longitude:</b> 76.34067638°
]]></description>
        <styleUrl>#bridgeStyle</styleUrl>
        <Point>
          <coordinates>76.34067638,30.64623113,0</coordinates>
        </Point>
      </Placemark>
      <Placemark>
        <name><![CDATA[Br. No. 171]]></name>
        <description><![CDATA[
<b>Structure:</b> Br. No. 171 (Main Line)<br>
<b>DFCC Chainage:</b> CH 1211+193<br>
<b>UTM Easting:</b> 627,687.545 m<br>
<b>UTM Northing:</b> 3,391,671.365 m<br>
<b>UTM Zone:</b> 43N (43 R)<br>
<b>Latitude:</b> 30.65090293°<br>
<b>Longitude:</b> 76.33262943°
]]></description>
        <styleUrl>#bridgeStyle</styleUrl>
        <Point>
          <coordinates>76.33262943,30.65090293,0</coordinates>
        </Point>
      </Placemark>
      <Placemark>
        <name><![CDATA[Br. No. 172]]></name>
        <description><![CDATA[
<b>Structure:</b> Br. No. 172 (Main Line)<br>
<b>DFCC Chainage:</b> CH 1212+204<br>
<b>UTM Easting:</b> 626,847.829 m<br>
<b>UTM Northing:</b> 3,392,230.978 m<br>
<b>UTM Zone:</b> 43N (43 R)<br>
<b>Latitude:</b> 30.65604090°<br>
<b>Longitude:</b> 76.32393639°
]]></description>
        <styleUrl>#bridgeStyle</styleUrl>
        <Point>
          <coordinates>76.32393639,30.65604090,0</coordinates>
        </Point>
      </Placemark>
      <Placemark>
        <name><![CDATA[Br. No. 173]]></name>
        <description><![CDATA[
<b>Structure:</b> Br. No. 173 (Main Line)<br>
<b>DFCC Chainage:</b> CH 1214+119<br>
<b>UTM Easting:</b> 625,203.098 m<br>
<b>UTM Northing:</b> 3,393,214.513 m<br>
<b>UTM Zone:</b> 43N (43 R)<br>
<b>Latitude:</b> 30.66508742°<br>
<b>Longitude:</b> 76.30689319°
]]></description>
        <styleUrl>#bridgeStyle</styleUrl>
        <Point>
          <coordinates>76.30689319,30.66508742,0</coordinates>
        </Point>
      </Placemark>
      <Placemark>
        <name><![CDATA[Br. No. 174]]></name>
        <description><![CDATA[
<b>Structure:</b> Br. No. 174 (Main Line)<br>
<b>DFCC Chainage:</b> CH 1216+151<br>
<b>UTM Easting:</b> 623,432.278 m<br>
<b>UTM Northing:</b> 3,394,206.343 m<br>
<b>UTM Zone:</b> 43N (43 R)<br>
<b>Latitude:</b> 30.67421968°<br>
<b>Longitude:</b> 76.28853176°
]]></description>
        <styleUrl>#bridgeStyle</styleUrl>
        <Point>
          <coordinates>76.28853176,30.67421968,0</coordinates>
        </Point>
      </Placemark>
      <Placemark>
        <name><![CDATA[Br. No. 175]]></name>
        <description><![CDATA[
<b>Structure:</b> Br. No. 175 (Main Line)<br>
<b>DFCC Chainage:</b> CH 1216+424<br>
<b>UTM Easting:</b> 623,198.432 m<br>
<b>UTM Northing:</b> 3,394,346.927 m<br>
<b>UTM Zone:</b> 43N (43 R)<br>
<b>Latitude:</b> 30.67551213°<br>
<b>Longitude:</b> 76.28610793°
]]></description>
        <styleUrl>#bridgeStyle</styleUrl>
        <Point>
          <coordinates>76.28610793,30.67551213,0</coordinates>
        </Point>
      </Placemark>
      <Placemark>
        <name><![CDATA[Br. No. 176]]></name>
        <description><![CDATA[
<b>Structure:</b> Br. No. 176 (Main Line)<br>
<b>DFCC Chainage:</b> CH 1219+399<br>
<b>UTM Easting:</b> 620,647.921 m<br>
<b>UTM Northing:</b> 3,395,879.663 m<br>
<b>UTM Zone:</b> 43N (43 R)<br>
<b>Latitude:</b> 30.68960049°<br>
<b>Longitude:</b> 76.25966730°
]]></description>
        <styleUrl>#bridgeStyle</styleUrl>
        <Point>
          <coordinates>76.25966730,30.68960049,0</coordinates>
        </Point>
      </Placemark>
      <Placemark>
        <name><![CDATA[Br. No. 177]]></name>
        <description><![CDATA[
<b>Structure:</b> Br. No. 177 (Main Line)<br>
<b>DFCC Chainage:</b> CH 1218+940<br>
<b>UTM Easting:</b> 621,041.825 m<br>
<b>UTM Northing:</b> 3,395,642.945 m<br>
<b>UTM Zone:</b> 43N (43 R)<br>
<b>Latitude:</b> 30.68742500°<br>
<b>Longitude:</b> 76.26375134°
]]></description>
        <styleUrl>#bridgeStyle</styleUrl>
        <Point>
          <coordinates>76.26375134,30.68742500,0</coordinates>
        </Point>
      </Placemark>
      <Placemark>
        <name><![CDATA[Br. No. 178]]></name>
        <description><![CDATA[
<b>Structure:</b> Br. No. 178 (Main Line)<br>
<b>DFCC Chainage:</b> CH 1222+435<br>
<b>UTM Easting:</b> 618,046.269 m<br>
<b>UTM Northing:</b> 3,397,443.132 m<br>
<b>UTM Zone:</b> 43N (43 R)<br>
<b>Latitude:</b> 30.70396598°<br>
<b>Longitude:</b> 76.23268847°
]]></description>
        <styleUrl>#bridgeStyle</styleUrl>
        <Point>
          <coordinates>76.23268847,30.70396598,0</coordinates>
        </Point>
      </Placemark>
      <Placemark>
        <name><![CDATA[Br. No. 179]]></name>
        <description><![CDATA[
<b>Structure:</b> Br. No. 179 (Main Line)<br>
<b>DFCC Chainage:</b> CH 1222+862<br>
<b>UTM Easting:</b> 617,676.928 m<br>
<b>UTM Northing:</b> 3,397,659.279 m<br>
<b>UTM Zone:</b> 43N (43 R)<br>
<b>Latitude:</b> 30.70595251°<br>
<b>Longitude:</b> 76.22885713°
]]></description>
        <styleUrl>#bridgeStyle</styleUrl>
        <Point>
          <coordinates>76.22885713,30.70595251,0</coordinates>
        </Point>
      </Placemark>
      <Placemark>
        <name><![CDATA[Br. No. 180]]></name>
        <description><![CDATA[
<b>Structure:</b> Br. No. 180 (Main Line)<br>
<b>DFCC Chainage:</b> CH 1223+841<br>
<b>UTM Easting:</b> 616,836.846 m<br>
<b>UTM Northing:</b> 3,398,161.506 m<br>
<b>UTM Zone:</b> 43N (43 R)<br>
<b>Latitude:</b> 30.71056611°<br>
<b>Longitude:</b> 76.22014317°
]]></description>
        <styleUrl>#bridgeStyle</styleUrl>
        <Point>
          <coordinates>76.22014317,30.71056611,0</coordinates>
        </Point>
      </Placemark>
      <Placemark>
        <name><![CDATA[Br. No. 181]]></name>
        <description><![CDATA[
<b>Structure:</b> Br. No. 181 (Main Line)<br>
<b>DFCC Chainage:</b> CH 1224+942<br>
<b>UTM Easting:</b> 615,896.610 m<br>
<b>UTM Northing:</b> 3,398,732.468 m<br>
<b>UTM Zone:</b> 43N (43 R)<br>
<b>Latitude:</b> 30.71580900°<br>
<b>Longitude:</b> 76.21039034°
]]></description>
        <styleUrl>#bridgeStyle</styleUrl>
        <Point>
          <coordinates>76.21039034,30.71580900,0</coordinates>
        </Point>
      </Placemark>
      <Placemark>
        <name><![CDATA[Br. No. 182]]></name>
        <description><![CDATA[
<b>Structure:</b> Br. No. 182 (Main Line)<br>
<b>DFCC Chainage:</b> CH 1226+188<br>
<b>UTM Easting:</b> 614,826.597 m<br>
<b>UTM Northing:</b> 3,399,372.536 m<br>
<b>UTM Zone:</b> 43N (43 R)<br>
<b>Latitude:</b> 30.72168716°<br>
<b>Longitude:</b> 76.19928899°
]]></description>
        <styleUrl>#bridgeStyle</styleUrl>
        <Point>
          <coordinates>76.19928899,30.72168716,0</coordinates>
        </Point>
      </Placemark>
      <Placemark>
        <name><![CDATA[Br. No. 183]]></name>
        <description><![CDATA[
<b>Structure:</b> Br. No. 183 (Main Line)<br>
<b>DFCC Chainage:</b> CH 1227+043<br>
<b>UTM Easting:</b> 614,091.247 m<br>
<b>UTM Northing:</b> 3,399,808.036 m<br>
<b>UTM Zone:</b> 43N (43 R)<br>
<b>Latitude:</b> 30.72568681°<br>
<b>Longitude:</b> 76.19165847°
]]></description>
        <styleUrl>#bridgeStyle</styleUrl>
        <Point>
          <coordinates>76.19165847,30.72568681,0</coordinates>
        </Point>
      </Placemark>
      <Placemark>
        <name><![CDATA[Br. No. 184]]></name>
        <description><![CDATA[
<b>Structure:</b> Br. No. 184 (Main Line)<br>
<b>DFCC Chainage:</b> CH 1228+499<br>
<b>UTM Easting:</b> 612,841.670 m<br>
<b>UTM Northing:</b> 3,400,556.180 m<br>
<b>UTM Zone:</b> 43N (43 R)<br>
<b>Latitude:</b> 30.73255549°<br>
<b>Longitude:</b> 76.17869139°
]]></description>
        <styleUrl>#bridgeStyle</styleUrl>
        <Point>
          <coordinates>76.17869139,30.73255549,0</coordinates>
        </Point>
      </Placemark>
      <Placemark>
        <name><![CDATA[Br. No. 185]]></name>
        <description><![CDATA[
<b>Structure:</b> Br. No. 185 (Main Line)<br>
<b>DFCC Chainage:</b> CH 1230+618<br>
<b>UTM Easting:</b> 611,028.201 m<br>
<b>UTM Northing:</b> 3,401,652.332 m<br>
<b>UTM Zone:</b> 43N (43 R)<br>
<b>Latitude:</b> 30.74261532°<br>
<b>Longitude:</b> 76.15987050°
]]></description>
        <styleUrl>#bridgeStyle</styleUrl>
        <Point>
          <coordinates>76.15987050,30.74261532,0</coordinates>
        </Point>
      </Placemark>
      <Placemark>
        <name><![CDATA[Br. No. 186]]></name>
        <description><![CDATA[
<b>Structure:</b> Br. No. 186 (Main Line)<br>
<b>DFCC Chainage:</b> CH 1230+998<br>
<b>UTM Easting:</b> 610,703.101 m<br>
<b>UTM Northing:</b> 3,401,847.279 m<br>
<b>UTM Zone:</b> 43N (43 R)<br>
<b>Latitude:</b> 30.74440439°<br>
<b>Longitude:</b> 76.15649590°
]]></description>
        <styleUrl>#bridgeStyle</styleUrl>
        <Point>
          <coordinates>76.15649590,30.74440439,0</coordinates>
        </Point>
      </Placemark>
      <Placemark>
        <name><![CDATA[Br. No. 187]]></name>
        <description><![CDATA[
<b>Structure:</b> Br. No. 187 (Main Line)<br>
<b>DFCC Chainage:</b> CH 1231+394<br>
<b>UTM Easting:</b> 610,363.102 m<br>
<b>UTM Northing:</b> 3,402,051.459 m<br>
<b>UTM Zone:</b> 43N (43 R)<br>
<b>Latitude:</b> 30.74627806°<br>
<b>Longitude:</b> 76.15296654°
]]></description>
        <styleUrl>#bridgeStyle</styleUrl>
        <Point>
          <coordinates>76.15296654,30.74627806,0</coordinates>
        </Point>
      </Placemark>
      <Placemark>
        <name><![CDATA[Br. No. 188]]></name>
        <description><![CDATA[
<b>Structure:</b> Br. No. 188 (Main Line)<br>
<b>DFCC Chainage:</b> CH 1231+809<br>
<b>UTM Easting:</b> 610,007.212 m<br>
<b>UTM Northing:</b> 3,402,264.568 m<br>
<b>UTM Zone:</b> 43N (43 R)<br>
<b>Latitude:</b> 30.74823366°<br>
<b>Longitude:</b> 76.14927201°
]]></description>
        <styleUrl>#bridgeStyle</styleUrl>
        <Point>
          <coordinates>76.14927201,30.74823366,0</coordinates>
        </Point>
      </Placemark>
      <Placemark>
        <name><![CDATA[Br. No. 188A]]></name>
        <description><![CDATA[
<b>Structure:</b> Br. No. 188A (Main Line)<br>
<b>DFCC Chainage:</b> CH 1234+021<br>
<b>UTM Easting:</b> 608,105.381 m<br>
<b>UTM Northing:</b> 3,403,394.015 m<br>
<b>UTM Zone:</b> 43N (43 R)<br>
<b>Latitude:</b> 30.75859778°<br>
<b>Longitude:</b> 76.12952534°
]]></description>
        <styleUrl>#bridgeStyle</styleUrl>
        <Point>
          <coordinates>76.12952534,30.75859778,0</coordinates>
        </Point>
      </Placemark>
      <Placemark>
        <name><![CDATA[Br. No. 189]]></name>
        <description><![CDATA[
<b>Structure:</b> Br. No. 189 (Main Line)<br>
<b>DFCC Chainage:</b> CH 1235+494<br>
<b>UTM Easting:</b> 606,842.957 m<br>
<b>UTM Northing:</b> 3,404,151.853 m<br>
<b>UTM Zone:</b> 43N (43 R)<br>
<b>Latitude:</b> 30.76554904°<br>
<b>Longitude:</b> 76.11641611°
]]></description>
        <styleUrl>#bridgeStyle</styleUrl>
        <Point>
          <coordinates>76.11641611,30.76554904,0</coordinates>
        </Point>
      </Placemark>
      <Placemark>
        <name><![CDATA[Br. No. 190]]></name>
        <description><![CDATA[
<b>Structure:</b> Br. No. 190 (Main Line)<br>
<b>DFCC Chainage:</b> CH 1236+194<br>
<b>UTM Easting:</b> 606,241.503 m<br>
<b>UTM Northing:</b> 3,404,511.278 m<br>
<b>UTM Zone:</b> 43N (43 R)<br>
<b>Latitude:</b> 30.76884566°<br>
<b>Longitude:</b> 76.11016966°
]]></description>
        <styleUrl>#bridgeStyle</styleUrl>
        <Point>
          <coordinates>76.11016966,30.76884566,0</coordinates>
        </Point>
      </Placemark>
      <Placemark>
        <name><![CDATA[Br. No. 191]]></name>
        <description><![CDATA[
<b>Structure:</b> Br. No. 191 (Main Line)<br>
<b>DFCC Chainage:</b> CH 1239+200<br>
<b>UTM Easting:</b> 603,664.805 m<br>
<b>UTM Northing:</b> 3,406,058.969 m<br>
<b>UTM Zone:</b> 43N (43 R)<br>
<b>Latitude:</b> 30.78303647°<br>
<b>Longitude:</b> 76.08340506°
]]></description>
        <styleUrl>#bridgeStyle</styleUrl>
        <Point>
          <coordinates>76.08340506,30.78303647,0</coordinates>
        </Point>
      </Placemark>
      <Placemark>
        <name><![CDATA[Br. No. 192]]></name>
        <description><![CDATA[
<b>Structure:</b> Br. No. 192 (Main Line)<br>
<b>DFCC Chainage:</b> CH 1239+384<br>
<b>UTM Easting:</b> 603,507.063 m<br>
<b>UTM Northing:</b> 3,406,153.339 m<br>
<b>UTM Zone:</b> 43N (43 R)<br>
<b>Latitude:</b> 30.78390163°<br>
<b>Longitude:</b> 76.08176627°
]]></description>
        <styleUrl>#bridgeStyle</styleUrl>
        <Point>
          <coordinates>76.08176627,30.78390163,0</coordinates>
        </Point>
      </Placemark>
      <Placemark>
        <name><![CDATA[Br. No. 193]]></name>
        <description><![CDATA[
<b>Structure:</b> Br. No. 193 (Main Line)<br>
<b>DFCC Chainage:</b> CH 1239+894<br>
<b>UTM Easting:</b> 603,069.400 m<br>
<b>UTM Northing:</b> 3,406,415.172 m<br>
<b>UTM Zone:</b> 43N (43 R)<br>
<b>Latitude:</b> 30.78630195°<br>
<b>Longitude:</b> 76.07721921°
]]></description>
        <styleUrl>#bridgeStyle</styleUrl>
        <Point>
          <coordinates>76.07721921,30.78630195,0</coordinates>
        </Point>
      </Placemark>
      <Placemark>
        <name><![CDATA[Br. No. 194]]></name>
        <description><![CDATA[
<b>Structure:</b> Br. No. 194 (Main Line)<br>
<b>DFCC Chainage:</b> CH 1241+073<br>
<b>UTM Easting:</b> 602,057.569 m<br>
<b>UTM Northing:</b> 3,407,020.504 m<br>
<b>UTM Zone:</b> 43N (43 R)<br>
<b>Latitude:</b> 30.79185064°<br>
<b>Longitude:</b> 76.06670600°
]]></description>
        <styleUrl>#bridgeStyle</styleUrl>
        <Point>
          <coordinates>76.06670600,30.79185064,0</coordinates>
        </Point>
      </Placemark>
      <Placemark>
        <name><![CDATA[Br. No. 195]]></name>
        <description><![CDATA[
<b>Structure:</b> Br. No. 195 (Main Line)<br>
<b>DFCC Chainage:</b> CH 1241+393<br>
<b>UTM Easting:</b> 601,782.729 m<br>
<b>UTM Northing:</b> 3,407,184.927 m<br>
<b>UTM Zone:</b> 43N (43 R)<br>
<b>Latitude:</b> 30.79335766°<br>
<b>Longitude:</b> 76.06385013°
]]></description>
        <styleUrl>#bridgeStyle</styleUrl>
        <Point>
          <coordinates>76.06385013,30.79335766,0</coordinates>
        </Point>
      </Placemark>
      <Placemark>
        <name><![CDATA[Br. No. 196]]></name>
        <description><![CDATA[
<b>Structure:</b> Br. No. 196 (Main Line)<br>
<b>DFCC Chainage:</b> CH 1241+893<br>
<b>UTM Easting:</b> 601,354.266 m<br>
<b>UTM Northing:</b> 3,407,441.256 m<br>
<b>UTM Zone:</b> 43N (43 R)<br>
<b>Latitude:</b> 30.79570693°<br>
<b>Longitude:</b> 76.05939777°
]]></description>
        <styleUrl>#bridgeStyle</styleUrl>
        <Point>
          <coordinates>76.05939777,30.79570693,0</coordinates>
        </Point>
      </Placemark>
      <Placemark>
        <name><![CDATA[Br. No. 197]]></name>
        <description><![CDATA[
<b>Structure:</b> Br. No. 197 (Main Line)<br>
<b>DFCC Chainage:</b> CH 1243+000<br>
<b>UTM Easting:</b> 600,404.044 m<br>
<b>UTM Northing:</b> 3,408,009.730 m<br>
<b>UTM Zone:</b> 43N (43 R)<br>
<b>Latitude:</b> 30.80091647°<br>
<b>Longitude:</b> 76.04952278°
]]></description>
        <styleUrl>#bridgeStyle</styleUrl>
        <Point>
          <coordinates>76.04952278,30.80091647,0</coordinates>
        </Point>
      </Placemark>
      <Placemark>
        <name><![CDATA[Br. No. 198]]></name>
        <description><![CDATA[
<b>Structure:</b> Br. No. 198 (Main Line)<br>
<b>DFCC Chainage:</b> CH 1244+270<br>
<b>UTM Easting:</b> 599,303.299 m<br>
<b>UTM Northing:</b> 3,408,644.130 m<br>
<b>UTM Zone:</b> 43N (43 R)<br>
<b>Latitude:</b> 30.80673269°<br>
<b>Longitude:</b> 76.03807983°
]]></description>
        <styleUrl>#bridgeStyle</styleUrl>
        <Point>
          <coordinates>76.03807983,30.80673269,0</coordinates>
        </Point>
      </Placemark>
      <Placemark>
        <name><![CDATA[Br. No. 199]]></name>
        <description><![CDATA[
<b>Structure:</b> Br. No. 199 (Main Line)<br>
<b>DFCC Chainage:</b> CH 1244+362<br>
<b>UTM Easting:</b> 599,224.762 m<br>
<b>UTM Northing:</b> 3,408,691.178 m<br>
<b>UTM Zone:</b> 43N (43 R)<br>
<b>Latitude:</b> 30.80716373°<br>
<b>Longitude:</b> 76.03726351°
]]></description>
        <styleUrl>#bridgeStyle</styleUrl>
        <Point>
          <coordinates>76.03726351,30.80716373,0</coordinates>
        </Point>
      </Placemark>
      <Placemark>
        <name><![CDATA[Br. No. 200]]></name>
        <description><![CDATA[
<b>Structure:</b> Br. No. 200 (Main Line)<br>
<b>DFCC Chainage:</b> CH 1249+471<br>
<b>UTM Easting:</b> 594,299.779 m<br>
<b>UTM Northing:</b> 3,411,660.374 m<br>
<b>UTM Zone:</b> 43N (43 R)<br>
<b>Latitude:</b> 30.83435402°<br>
<b>Longitude:</b> 75.98605962°
]]></description>
        <styleUrl>#bridgeStyle</styleUrl>
        <Point>
          <coordinates>75.98605962,30.83435402,0</coordinates>
        </Point>
      </Placemark>
    </Folder>

    <Folder>
      <name>Link Line Bridges (6 Bridges: 105, 107, 111, 113, 115, 117)</name>
      <Placemark>
        <name><![CDATA[Br. No. 105 [Link Line]]]></name>
        <description><![CDATA[
<b>Structure:</b> Br. No. 105 (SMUN-RPJ Link Line)<br>
<b>UTM Easting:</b> 656,498.942 m<br>
<b>UTM Northing:</b> 3,371,145.490 m<br>
<b>Latitude:</b> 30.46232607°<br>
<b>Longitude:</b> 76.63013226°
]]></description>
        <styleUrl>#linkBridgeStyle</styleUrl>
        <Point>
          <coordinates>76.63013226,30.46232607,0</coordinates>
        </Point>
      </Placemark>
      <Placemark>
        <name><![CDATA[Br. No. 107 [Link Line]]]></name>
        <description><![CDATA[
<b>Structure:</b> Br. No. 107 (SMUN-RPJ Link Line)<br>
<b>UTM Easting:</b> 656,198.670 m<br>
<b>UTM Northing:</b> 3,371,364.644 m<br>
<b>Latitude:</b> 30.46434195°<br>
<b>Longitude:</b> 76.62703848°
]]></description>
        <styleUrl>#linkBridgeStyle</styleUrl>
        <Point>
          <coordinates>76.62703848,30.46434195,0</coordinates>
        </Point>
      </Placemark>
      <Placemark>
        <name><![CDATA[Br. No. 111 [Link Line]]]></name>
        <description><![CDATA[
<b>Structure:</b> Br. No. 111 (SMUN-RPJ Link Line)<br>
<b>UTM Easting:</b> 655,089.224 m<br>
<b>UTM Northing:</b> 3,372,147.602 m<br>
<b>Latitude:</b> 30.47154813°<br>
<b>Longitude:</b> 76.61560245°
]]></description>
        <styleUrl>#linkBridgeStyle</styleUrl>
        <Point>
          <coordinates>76.61560245,30.47154813,0</coordinates>
        </Point>
      </Placemark>
      <Placemark>
        <name><![CDATA[Br. No. 113 [Link Line]]]></name>
        <description><![CDATA[
<b>Structure:</b> Br. No. 113 (SMUN-RPJ Link Line)<br>
<b>UTM Easting:</b> 654,945.003 m<br>
<b>UTM Northing:</b> 3,372,248.890 m<br>
<b>Latitude:</b> 30.47248039°<br>
<b>Longitude:</b> 76.61411564°
]]></description>
        <styleUrl>#linkBridgeStyle</styleUrl>
        <Point>
          <coordinates>76.61411564,30.47248039,0</coordinates>
        </Point>
      </Placemark>
      <Placemark>
        <name><![CDATA[Br. No. 115 [Link Line]]]></name>
        <description><![CDATA[
<b>Structure:</b> Br. No. 115 (SMUN-RPJ Link Line)<br>
<b>UTM Easting:</b> 654,748.637 m<br>
<b>UTM Northing:</b> 3,372,392.969 m<br>
<b>Latitude:</b> 30.47380533°<br>
<b>Longitude:</b> 76.61209212°
]]></description>
        <styleUrl>#linkBridgeStyle</styleUrl>
        <Point>
          <coordinates>76.61209212,30.47380533,0</coordinates>
        </Point>
      </Placemark>
      <Placemark>
        <name><![CDATA[Br. No. 117 [Link Line]]]></name>
        <description><![CDATA[
<b>Structure:</b> Br. No. 117 (SMUN-RPJ Link Line)<br>
<b>UTM Easting:</b> 653,745.143 m<br>
<b>UTM Northing:</b> 3,373,162.093 m<br>
<b>Latitude:</b> 30.48087192°<br>
<b>Longitude:</b> 76.60175528°
]]></description>
        <styleUrl>#linkBridgeStyle</styleUrl>
        <Point>
          <coordinates>76.60175528,30.48087192,0</coordinates>
        </Point>
      </Placemark>
    </Folder>

    <Folder>
      <name>Main Line Track (10m GPS Polyline)</name>
      <Placemark>
        <name>DFCCIL PKY-SNL Main Line (10m Resolution)</name>
        <description>Clean main line railway track with 17450 coordinate vertices spaced strictly 10m apart.</description>
        <styleUrl>#trackStyle</styleUrl>
        <LineString>
          <tessellate>1</tessellate>
          <coordinates>
            77.48210929,29.99240105,0 77.48202116,29.99244845,0 77.48193302,29.99249586,0 77.48184488,29.99254326,0 77.48175675,29.99259066,0 77.48166861,29.99263806,0 77.48158047,29.99268546,0 77.48149234,29.99273286,0 77.48140420,29.99278026,0 77.48131606,29.99282766,0 77.48122792,29.99287506,0 77.48113979,29.99292246,0 77.48105165,29.99296987,0 77.48096351,29.99301727,0 77.48087537,29.99306467,0 77.48078724,29.99311207,0 77.48069910,29.99315947,0 77.48061096,29.99320687,0 77.48052282,29.99325427,0 77.48043469,29.99330167,0 77.48034655,29.99334907,0 77.48025768,29.99339542,0 77.48016879,29.99344175,0 77.48007991,29.99348808,0 77.47999102,29.99353442,0 77.47990214,29.99358075,0 77.47981325,29.99362708,0 77.47972437,29.99367341,0 77.47963548,29.99371974,0 77.47954659,29.99376607,0 77.47945771,29.99381240,0 77.47936882,29.99385874,0 77.47927994,29.99390507,0 77.47919105,29.99395140,0 77.47910217,29.99399773,0 77.47901328,29.99404406,0 77.47892439,29.99409039,0 77.47883551,29.99413672,0 77.47874662,29.99418305,0 77.47865774,29.99422938,0 77.47856885,29.99427571,0 77.47847996,29.99432205,0 77.47839108,29.99436838,0 77.47830219,29.99441471,0 77.47821330,29.99446104,0 77.47812442,29.99450737,0 77.47803553,29.99455370,0 77.47794664,29.99460003,0 77.47785775,29.99464636,0 77.47776887,29.99469269,0 77.47767998,29.99473902,0 77.47759109,29.99478535,0 77.47750220,29.99483168,0 77.47741332,29.99487801,0 77.47732443,29.99492434,0 77.47723554,29.99497067,0 77.47714665,29.99501700,0 77.47705777,29.99506333,0 77.47696888,29.99510966,0 77.47687999,29.99515599,0 77.47679110,29.99520232,0 77.47670221,29.99524865,0 77.47661333,29.99529498,0 77.47652444,29.99534131,0 77.47643555,29.99538764,0 77.47634666,29.99543397,0 77.47625777,29.99548029,0 77.47616888,29.99552662,0 77.47607999,29.99557295,0 77.47599111,29.99561928,0 77.47590222,29.99566561,0 77.47581333,29.99571194,0 77.47572444,29.99575827,0 77.47563555,29.99580460,0 77.47554666,29.99585093,0 77.47545777,29.99589726,0 77.47536888,29.99594358,0 77.47527999,29.99598991,0 77.47519110,29.99603624,0 77.47510221,29.99608257,0 77.47501332,29.99612890,0 77.47492443,29.99617523,0 77.47483554,29.99622156,0 77.47474665,29.99626788,0 77.47465776,29.99631421,0 77.47456887,29.99636054,0 77.47447998,29.99640687,0 77.47439109,29.99645320,0 77.47430220,29.99649953,0 77.47421331,29.99654585,0 77.47412442,29.99659218,0 77.47403553,29.99663851,0 77.47394664,29.99668484,0 77.47385775,29.99673116,0 77.47376885,29.99677749,0 77.47367996,29.99682382,0 77.47359107,29.99687015,0 77.47350218,29.99691648,0 77.47341329,29.99696280,0 77.47332440,29.99700913,0 77.47323552,29.99705548,0 77.47314788,29.99710357,0 77.47306023,29.99715166,0 77.47297258,29.99719975,0 77.47288494,29.99724784,0 77.47279729,29.99729594,0 77.47270964,29.99734403,0 77.47262200,29.99739212,0 77.47253435,29.99744021,0 77.47244670,29.99748830,0 77.47235905,29.99753639,0 77.47227141,29.99758448,0 77.47218376,29.99763257,0 77.47209611,29.99768066,0 77.47200846,29.99772875,0 77.47192082,29.99777684,0 77.47183317,29.99782494,0 77.47174552,29.99787303,0 77.47165787,29.99792112,0 77.47157023,29.99796921,0 77.47148258,29.99801730,0 77.47139493,29.99806539,0 77.47130728,29.99811348,0 77.47121963,29.99816157,0 77.47113198,29.99820966,0 77.47104434,29.99825775,0 77.47095669,29.99830584,0 77.47086904,29.99835393,0 77.47078139,29.99840202,0 77.47069374,29.99845011,0 77.47060609,29.99849820,0 77.47051844,29.99854629,0 77.47043079,29.99859438,0 77.47034314,29.99864247,0 77.47025550,29.99869056,0 77.47016785,29.99873865,0 77.47008020,29.99878674,0 77.46999255,29.99883482,0 77.46990490,29.99888291,0 77.46981725,29.99893100,0 77.46972960,29.99897909,0 77.46964195,29.99902718,0 77.46955430,29.99907527,0 77.46946665,29.99912336,0 77.46937900,29.99917145,0 77.46929135,29.99921954,0 77.46920370,29.99926763,0 77.46911605,29.99931572,0 77.46902840,29.99936380,0 77.46894075,29.99941189,0 77.46885310,29.99945998,0 77.46876544,29.99950807,0 77.46867779,29.99955616,0 77.46859014,29.99960425,0 77.46850249,29.99965234,0 77.46841484,29.99970043,0 77.46832719,29.99974851,0 77.46823954,29.99979660,0 77.46815189,29.99984469,0 77.46806424,29.99989278,0 77.46797658,29.99994087,0 77.46788893,29.99998895,0 77.46780128,30.00003704,0 77.46771363,30.00008513,0 77.46762598,30.00013322,0 77.46753832,30.00018131,0 77.46745067,30.00022939,0 77.46736302,30.00027748,0 77.46727537,30.00032557,0 77.46718772,30.00037366,0 77.46710006,30.00042175,0 77.46701241,30.00046983,0 77.46692476,30.00051792,0 77.46683773,30.00056686,0 77.46675078,30.00061591,0 77.46666384,30.00066496,0 77.46657689,30.00071401,0 77.46648994,30.00076306,0 77.46640300,30.00081211,0 77.46631605,30.00086116,0 77.46622911,30.00091021,0 77.46614216,30.00095926,0 77.46605521,30.00100830,0 77.46596818,30.00105724,0 77.46588107,30.00110606,0 77.46579396,30.00115489,0 77.46570684,30.00120372,0 77.46561973,30.00125255,0 77.46553262,30.00130138,0 77.46544551,30.00135021,0 77.46535840,30.00139903,0 77.46527129,30.00144786,0 77.46518418,30.00149669,0 77.46509707,30.00154552,0 77.46500995,30.00159435,0 77.46492284,30.00164317,0 77.46483573,30.00169200,0 77.46474862,30.00174083,0 77.46466151,30.00178966,0 77.46457439,30.00183849,0 77.46448727,30.00188730,0 77.46439943,30.00193512,0 77.46431159,30.00198295,0 77.46422374,30.00203078,0 77.46413590,30.00207860,0 77.46404806,30.00212643,0 77.46396022,30.00217426,0 77.46387237,30.00222208,0 77.46378453,30.00226991,0 77.46369669,30.00231773,0 77.46360884,30.00236556,0 77.46352100,30.00241339,0 77.46343316,30.00246121,0 77.46334531,30.00250904,0 77.46325747,30.00255686,0 77.46316963,30.00260469,0 77.46308178,30.00265251,0 77.46299394,30.00270034,0 77.46290610,30.00274817,0 77.46281825,30.00279599,0 77.46273041,30.00284382,0 77.46264256,30.00289164,0 77.46255472,30.00293947,0 77.46246687,30.00298729,0 77.46237903,30.00303512,0 77.46229119,30.00308294,0 77.46220334,30.00313077,0 77.46211550,30.00317859,0 77.46202765,30.00322642,0 77.46193981,30.00327424,0 77.46185196,30.00332207,0 77.46176412,30.00336989,0 77.46167627,30.00341772,0 77.46158843,30.00346554,0 77.46150058,30.00351337,0 77.46141274,30.00356119,0 77.46132489,30.00360902,0 77.46123705,30.00365684,0 77.46114920,30.00370466,0 77.46106135,30.00375249,0 77.46097351,30.00380031,0 77.46088566,30.00384814,0 77.46079782,30.00389596,0 77.46070997,30.00394379,0 77.46062212,30.00399161,0 77.46053428,30.00403943,0 77.46044643,30.00408726,0 77.46035859,30.00413508,0 77.46027074,30.00418291,0 77.46018289,30.00423073,0 77.46009505,30.00427855,0 77.46000720,30.00432638,0 77.45991935,30.00437420,0 77.45983151,30.00442202,0 77.45974366,30.00446985,0 77.45965581,30.00451767,0 77.45956796,30.00456549,0 77.45948012,30.00461332,0 77.45939227,30.00466114,0 77.45930442,30.00470896,0 77.45921657,30.00475679,0 77.45912873,30.00480461,0 77.45904088,30.00485243,0 77.45895303,30.00490026,0 77.45886518,30.00494808,0 77.45877734,30.00499590,0 77.45868949,30.00504373,0 77.45860164,30.00509155,0 77.45851379,30.00513937,0 77.45842594,30.00518719,0 77.45833809,30.00523502,0 77.45825025,30.00528284,0 77.45816240,30.00533066,0 77.45807455,30.00537848,0 77.45798670,30.00542631,0 77.45789885,30.00547413,0 77.45781100,30.00552195,0 77.45772315,30.00556977,0 77.45763530,30.00561760,0 77.45754746,30.00566542,0 77.45745961,30.00571324,0 77.45737176,30.00576106,0 77.45728391,30.00580889,0 77.45719606,30.00585671,0 77.45710821,30.00590453,0 77.45701974,30.00595147,0 77.45693096,30.00599797,0 77.45684217,30.00604447,0 77.45675339,30.00609096,0 77.45666460,30.00613746,0 77.45657582,30.00618396,0 77.45648703,30.00623045,0 77.45639825,30.00627695,0 77.45630947,30.00632344,0 77.45622068,30.00636994,0 77.45613190,30.00641644,0 77.45604311,30.00646293,0 77.45595433,30.00650943,0 77.45586554,30.00655592,0 77.45577676,30.00660242,0 77.45568798,30.00664893,0 77.45559997,30.00669653,0 77.45551196,30.00674413,0 77.45542396,30.00679173,0 77.45533595,30.00683934,0 77.45524794,30.00688694,0 77.45515993,30.00693454,0 77.45507192,30.00698214,0 77.45498391,30.00702974,0 77.45489590,30.00707734,0 77.45480790,30.00712494,0 77.45471989,30.00717255,0 77.45463188,30.00722015,0 77.45454387,30.00726775,0 77.45445586,30.00731535,0 77.45436785,30.00736295,0 77.45427984,30.00741055,0 77.45419183,30.00745815,0 77.45410382,30.00750575,0 77.45401581,30.00755335,0 77.45392780,30.00760095,0 77.45383979,30.00764855,0 77.45375178,30.00769615,0 77.45366377,30.00774375,0 77.45357576,30.00779136,0 77.45348775,30.00783896,0 77.45339974,30.00788656,0 77.45331173,30.00793416,0 77.45322372,30.00798176,0 77.45313571,30.00802936,0 77.45304770,30.00807696,0 77.45295969,30.00812456,0 77.45287168,30.00817216,0 77.45278367,30.00821976,0 77.45269565,30.00826736,0 77.45260764,30.00831496,0 77.45251963,30.00836256,0 77.45243162,30.00841016,0 77.45234361,30.00845776,0 77.45225560,30.00850536,0 77.45216759,30.00855295,0 77.45207958,30.00860055,0 77.45199156,30.00864815,0 77.45190355,30.00869575,0 77.45181554,30.00874335,0 77.45172753,30.00879095,0 77.45163952,30.00883855,0 77.45155150,30.00888615,0 77.45146349,30.00893375,0 77.45137548,30.00898135,0 77.45128747,30.00902895,0 77.45119945,30.00907655,0 77.45111144,30.00912415,0 77.45102343,30.00917174,0 77.45093542,30.00921934,0 77.45084740,30.00926694,0 77.45075939,30.00931454,0 77.45067138,30.00936214,0 77.45058336,30.00940974,0 77.45049535,30.00945734,0 77.45040734,30.00950493,0 77.45031932,30.00955253,0 77.45023131,30.00960013,0 77.45014330,30.00964773,0 77.45005528,30.00969533,0 77.44996727,30.00974293,0 77.44987926,30.00979052,0 77.44979124,30.00983812,0 77.44970323,30.00988572,0 77.44961521,30.00993332,0 77.44952720,30.00998092,0 77.44943919,30.01002851,0 77.44935117,30.01007611,0 77.44926316,30.01012371,0 77.44917514,30.01017131,0 77.44908713,30.01021890,0 77.44899911,30.01026650,0 77.44891110,30.01031410,0 77.44882308,30.01036170,0 77.44873507,30.01040929,0 77.44864705,30.01045689,0 77.44855904,30.01050449,0 77.44847102,30.01055209,0 77.44838301,30.01059968,0 77.44829499,30.01064728,0 77.44820698,30.01069488,0 77.44811896,30.01074248,0 77.44803095,30.01079007,0 77.44794293,30.01083767,0 77.44785491,30.01088527,0 77.44776690,30.01093286,0 77.44767888,30.01098046,0 77.44759087,30.01102806,0 77.44750285,30.01107565,0 77.44741483,30.01112325,0 77.44732682,30.01117085,0 77.44723880,30.01121844,0 77.44715078,30.01126604,0 77.44706277,30.01131364,0 77.44697475,30.01136123,0 77.44688673,30.01140883,0 77.44679872,30.01145642,0 77.44671070,30.01150402,0 77.44662268,30.01155162,0 77.44653467,30.01159921,0 77.44644665,30.01164681,0 77.44635863,30.01169440,0 77.44627061,30.01174200,0 77.44618260,30.01178960,0 77.44609458,30.01183719,0 77.44600656,30.01188479,0 77.44591854,30.01193238,0 77.44583053,30.01197998,0 77.44574251,30.01202757,0 77.44565449,30.01207517,0 77.44556647,30.01212277,0 77.44547845,30.01217036,0 77.44539044,30.01221796,0 77.44530242,30.01226555,0 77.44521440,30.01231315,0 77.44512638,30.01236074,0 77.44503836,30.01240834,0 77.44495034,30.01245593,0 77.44486232,30.01250353,0 77.44477431,30.01255112,0 77.44468629,30.01259872,0 77.44459827,30.01264631,0 77.44451025,30.01269391,0 77.44442223,30.01274150,0 77.44433421,30.01278910,0 77.44424619,30.01283669,0 77.44415817,30.01288429,0 77.44407015,30.01293188,0 77.44398213,30.01297947,0 77.44389411,30.01302707,0 77.44380609,30.01307466,0 77.44371807,30.01312226,0 77.44363005,30.01316985,0 77.44354203,30.01321745,0 77.44345401,30.01326504,0 77.44336599,30.01331263,0 77.44327797,30.01336023,0 77.44318995,30.01340782,0 77.44310193,30.01345542,0 77.44301391,30.01350301,0 77.44292589,30.01355060,0 77.44283787,30.01359820,0 77.44274985,30.01364579,0 77.44266183,30.01369338,0 77.44257381,30.01374098,0 77.44248579,30.01378857,0 77.44239776,30.01383617,0 77.44230974,30.01388376,0 77.44222172,30.01393135,0 77.44213370,30.01397895,0 77.44204568,30.01402654,0 77.44195766,30.01407413,0 77.44186963,30.01412173,0 77.44178161,30.01416932,0 77.44169359,30.01421691,0 77.44160557,30.01426450,0 77.44151755,30.01431210,0 77.44142952,30.01435969,0 77.44134150,30.01440728,0 77.44125348,30.01445488,0 77.44116546,30.01450247,0 77.44107744,30.01455006,0 77.44098941,30.01459765,0 77.44090139,30.01464525,0 77.44081337,30.01469284,0 77.44072534,30.01474043,0 77.44063732,30.01478802,0 77.44054930,30.01483562,0 77.44046128,30.01488321,0 77.44037325,30.01493080,0 77.44028523,30.01497839,0 77.44019721,30.01502599,0 77.44010918,30.01507358,0 77.44002116,30.01512117,0 77.43993313,30.01516876,0 77.43984511,30.01521635,0 77.43975709,30.01526394,0 77.43966906,30.01531154,0 77.43958104,30.01535913,0 77.43949302,30.01540672,0 77.43940499,30.01545431,0 77.43931697,30.01550190,0 77.43922894,30.01554949,0 77.43914092,30.01559709,0 77.43905289,30.01564468,0 77.43896487,30.01569227,0 77.43887684,30.01573986,0 77.43878882,30.01578745,0 77.43870079,30.01583504,0 77.43861277,30.01588263,0 77.43852474,30.01593023,0 77.43843672,30.01597782,0 77.43834869,30.01602541,0 77.43826067,30.01607300,0 77.43817264,30.01612059,0 77.43808462,30.01616818,0 77.43799672,30.01621595,0 77.43790882,30.01626371,0 77.43782092,30.01631147,0 77.43773301,30.01635924,0 77.43764511,30.01640700,0 77.43755721,30.01645476,0 77.43746931,30.01650253,0 77.43738140,30.01655029,0 77.43729350,30.01659806,0 77.43720560,30.01664582,0 77.43711770,30.01669358,0 77.43702980,30.01674135,0 77.43694189,30.01678911,0 77.43685399,30.01683687,0 77.43676609,30.01688464,0 77.43667818,30.01693240,0 77.43659028,30.01698016,0 77.43650238,30.01702792,0 77.43641447,30.01707569,0 77.43632657,30.01712345,0 77.43623867,30.01717121,0 77.43615076,30.01721898,0 77.43606286,30.01726674,0 77.43597496,30.01731450,0 77.43588705,30.01736226,0 77.43579915,30.01741003,0 77.43571125,30.01745779,0 77.43562334,30.01750555,0 77.43553544,30.01755331,0 77.43544753,30.01760108,0 77.43535963,30.01764884,0 77.43527173,30.01769660,0 77.43518382,30.01774436,0 77.43509592,30.01779213,0 77.43500801,30.01783989,0 77.43492011,30.01788765,0 77.43483220,30.01793541,0 77.43474430,30.01798317,0 77.43465639,30.01803094,0 77.43456849,30.01807870,0 77.43448058,30.01812646,0 77.43439268,30.01817422,0 77.43430477,30.01822198,0 77.43421687,30.01826974,0 77.43412896,30.01831751,0 77.43404106,30.01836527,0 77.43395315,30.01841303,0 77.43386524,30.01846079,0 77.43377734,30.01850855,0 77.43368943,30.01855631,0 77.43360153,30.01860407,0 77.43351362,30.01865183,0 77.43342571,30.01869960,0 77.43333781,30.01874736,0 77.43324990,30.01879512,0 77.43316200,30.01884288,0 77.43307409,30.01889064,0 77.43298618,30.01893840,0 77.43289828,30.01898616,0 77.43281037,30.01903392,0 77.43272246,30.01908168,0 77.43263456,30.01912944,0 77.43254665,30.01917720,0 77.43245874,30.01922496,0 77.43237083,30.01927272,0 77.43228293,30.01932048,0 77.43219502,30.01936825,0 77.43210711,30.01941601,0 77.43201920,30.01946377,0 77.43193130,30.01951153,0 77.43184339,30.01955929,0 77.43175548,30.01960705,0 77.43166757,30.01965481,0 77.43157967,30.01970257,0 77.43149176,30.01975033,0 77.43140385,30.01979809,0 77.43131594,30.01984585,0 77.43122803,30.01989361,0 77.43114012,30.01994136,0 77.43105222,30.01998912,0 77.43096431,30.02003688,0 77.43087640,30.02008464,0 77.43078849,30.02013240,0 77.43070058,30.02018016,0 77.43061267,30.02022792,0 77.43052476,30.02027568,0 77.43043685,30.02032344,0 77.43034895,30.02037120,0 77.43026104,30.02041896,0 77.43017415,30.02046811,0 77.43008739,30.02051744,0 77.43000064,30.02056677,0 77.42991388,30.02061610,0 77.42982712,30.02066543,0 77.42974036,30.02071476,0 77.42965361,30.02076409,0 77.42956685,30.02081342,0 77.42948009,30.02086275,0 77.42939334,30.02091207,0 77.42930655,30.02096136,0 77.42921770,30.02100779,0 77.42912886,30.02105422,0 77.42904002,30.02110066,0 77.42895117,30.02114709,0 77.42886233,30.02119352,0 77.42877348,30.02123995,0 77.42868464,30.02128638,0 77.42859579,30.02133281,0 77.42850695,30.02137924,0 77.42841810,30.02142568,0 77.42832926,30.02147211,0 77.42824041,30.02151854,0 77.42815157,30.02156497,0 77.42806272,30.02161140,0 77.42797388,30.02165783,0 77.42788503,30.02170426,0 77.42779619,30.02175069,0 77.42770734,30.02179712,0 77.42761850,30.02184356,0 77.42752965,30.02188999,0 77.42744081,30.02193642,0 77.42735196,30.02198285,0 77.42726312,30.02202928,0 77.42717427,30.02207571,0 77.42708542,30.02212214,0 77.42699658,30.02216857,0 77.42690773,30.02221500,0 77.42681889,30.02226143,0 77.42673004,30.02230786,0 77.42664119,30.02235429,0 77.42655235,30.02240072,0 77.42646350,30.02244715,0 77.42637465,30.02249358,0 77.42628581,30.02254001,0 77.42619696,30.02258644,0 77.42610811,30.02263287,0 77.42601927,30.02267930,0 77.42593042,30.02272573,0 77.42584157,30.02277216,0 77.42575273,30.02281859,0 77.42566388,30.02286502,0 77.42557503,30.02291145,0 77.42548618,30.02295788,0 77.42539734,30.02300431,0 77.42530849,30.02305074,0 77.42521964,30.02309717,0 77.42513079,30.02314360,0 77.42504194,30.02319003,0 77.42495310,30.02323646,0 77.42486425,30.02328288,0 77.42477540,30.02332931,0 77.42468655,30.02337574,0 77.42459770,30.02342217,0 77.42450886,30.02346860,0 77.42442001,30.02351503,0 77.42433116,30.02356146,0 77.42424231,30.02360789,0 77.42415346,30.02365432,0 77.42406461,30.02370074,0 77.42397660,30.02374835,0 77.42388937,30.02379704,0 77.42380214,30.02384574,0 77.42371490,30.02389443,0 77.42362767,30.02394313,0 77.42354044,30.02399182,0 77.42345321,30.02404052,0 77.42336597,30.02408921,0 77.42327874,30.02413790,0 77.42319151,30.02418660,0 77.42310428,30.02423529,0 77.42301704,30.02428399,0 77.42292981,30.02433268,0 77.42284258,30.02438137,0 77.42275534,30.02443007,0 77.42266811,30.02447876,0 77.42258088,30.02452746,0 77.42249364,30.02457615,0 77.42240641,30.02462484,0 77.42231917,30.02467354,0 77.42223194,30.02472223,0 77.42214471,30.02477093,0 77.42205747,30.02481962,0 77.42197024,30.02486831,0 77.42188300,30.02491701,0 77.42179577,30.02496570,0 77.42170853,30.02501439,0 77.42162130,30.02506309,0 77.42153407,30.02511178,0 77.42144683,30.02516047,0 77.42135960,30.02520917,0 77.42127236,30.02525786,0 77.42118513,30.02530655,0 77.42109789,30.02535525,0 77.42101066,30.02540394,0 77.42092342,30.02545263,0 77.42083619,30.02550132,0 77.42074895,30.02555002,0 77.42066171,30.02559871,0 77.42057448,30.02564740,0 77.42048723,30.02569607,0 77.42039947,30.02574405,0 77.42031172,30.02579203,0 77.42022396,30.02584001,0 77.42013620,30.02588799,0 77.42004845,30.02593597,0 77.41996069,30.02598395,0 77.41987294,30.02603193,0 77.41978518,30.02607991,0 77.41969742,30.02612789,0 77.41960967,30.02617587,0 77.41952191,30.02622385,0 77.41943415,30.02627183,0 77.41934640,30.02631981,0 77.41925864,30.02636779,0 77.41917088,30.02641577,0 77.41908313,30.02646375,0 77.41899537,30.02651173,0 77.41890761,30.02655970,0 77.41881985,30.02660768,0 77.41873210,30.02665566,0 77.41864434,30.02670364,0 77.41855658,30.02675162,0 77.41846882,30.02679960,0 77.41838107,30.02684758,0 77.41829331,30.02689556,0 77.41820555,30.02694354,0 77.41811779,30.02699151,0 77.41803004,30.02703949,0 77.41794228,30.02708747,0 77.41785452,30.02713545,0 77.41776676,30.02718343,0 77.41767900,30.02723141,0 77.41759124,30.02727938,0 77.41750349,30.02732736,0 77.41741573,30.02737534,0 77.41732797,30.02742332,0 77.41724021,30.02747130,0 77.41715245,30.02751927,0 77.41706469,30.02756725,0 77.41697693,30.02761523,0 77.41688917,30.02766321,0 77.41680141,30.02771118,0 77.41671365,30.02775916,0 77.41662589,30.02780714,0 77.41653813,30.02785512,0 77.41645038,30.02790310,0 77.41636262,30.02795107,0 77.41627486,30.02799905,0 77.41618710,30.02804703,0 77.41609934,30.02809500,0 77.41601158,30.02814298,0 77.41592382,30.02819096,0 77.41583606,30.02823894,0 77.41574830,30.02828691,0 77.41566053,30.02833489,0 77.41557277,30.02838287,0 77.41548501,30.02843084,0 77.41539725,30.02847882,0 77.41530949,30.02852680,0 77.41522173,30.02857477,0 77.41513397,30.02862275,0 77.41504621,30.02867073,0 77.41495845,30.02871870,0 77.41487069,30.02876668,0 77.41478293,30.02881466,0 77.41469516,30.02886263,0 77.41460740,30.02891061,0 77.41451964,30.02895859,0 77.41443188,30.02900656,0 77.41434412,30.02905454,0 77.41425636,30.02910252,0 77.41416859,30.02915049,0 77.41408083,30.02919847,0 77.41399307,30.02924644,0 77.41390531,30.02929442,0 77.41381755,30.02934240,0 77.41372978,30.02939037,0 77.41364202,30.02943835,0 77.41355426,30.02948632,0 77.41346650,30.02953430,0 77.41337873,30.02958227,0 77.41329097,30.02963025,0 77.41320321,30.02967822,0 77.41311544,30.02972620,0 77.41302768,30.02977418,0 77.41293992,30.02982215,0 77.41285216,30.02987013,0 77.41276439,30.02991810,0 77.41267663,30.02996608,0 77.41258887,30.03001405,0 77.41250110,30.03006203,0 77.41241334,30.03011000,0 77.41232557,30.03015798,0 77.41223781,30.03020595,0 77.41215005,30.03025393,0 77.41206228,30.03030190,0 77.41197452,30.03034988,0 77.41188675,30.03039785,0 77.41179899,30.03044583,0 77.41171119,30.03049374,0 77.41162236,30.03054022,0 77.41153354,30.03058669,0 77.41144472,30.03063317,0 77.41135589,30.03067964,0 77.41126707,30.03072612,0 77.41117824,30.03077259,0 77.41108942,30.03081907,0 77.41100060,30.03086554,0 77.41091177,30.03091202,0 77.41082295,30.03095849,0 77.41073443,30.03100541,0 77.41064604,30.03105250,0 77.41055765,30.03109960,0 77.41046926,30.03114669,0 77.41038086,30.03119379,0 77.41029247,30.03124088,0 77.41020408,30.03128798,0 77.41011569,30.03133507,0 77.41002729,30.03138217,0 77.40993890,30.03142926,0 77.40985051,30.03147636,0 77.40976212,30.03152345,0 77.40967372,30.03157055,0 77.40958533,30.03161764,0 77.40949694,30.03166474,0 77.40940854,30.03171183,0 77.40932015,30.03175892,0 77.40923176,30.03180602,0 77.40914336,30.03185311,0 77.40905497,30.03190021,0 77.40896658,30.03194730,0 77.40887818,30.03199439,0 77.40878979,30.03204149,0 77.40870140,30.03208858,0 77.40861300,30.03213568,0 77.40852461,30.03218277,0 77.40843622,30.03222986,0 77.40834782,30.03227696,0 77.40825943,30.03232405,0 77.40817103,30.03237114,0 77.40808264,30.03241824,0 77.40799424,30.03246533,0 77.40790593,30.03251254,0 77.40781821,30.03256057,0 77.40773048,30.03260861,0 77.40764276,30.03265664,0 77.40755503,30.03270467,0 77.40746731,30.03275270,0 77.40737958,30.03280074,0 77.40729186,30.03284877,0 77.40720413,30.03289680,0 77.40711641,30.03294483,0 77.40702868,30.03299286,0 77.40694096,30.03304090,0 77.40685323,30.03308893,0 77.40676551,30.03313696,0 77.40667778,30.03318499,0 77.40659006,30.03323302,0 77.40650233,30.03328106,0 77.40641460,30.03332909,0 77.40632688,30.03337712,0 77.40623915,30.03342515,0 77.40615143,30.03347318,0 77.40606370,30.03352121,0 77.40597597,30.03356925,0 77.40588825,30.03361728,0 77.40580052,30.03366531,0 77.40571279,30.03371334,0 77.40562507,30.03376137,0 77.40553734,30.03380940,0 77.40544961,30.03385743,0 77.40536189,30.03390546,0 77.40527416,30.03395350,0 77.40518643,30.03400153,0 77.40509871,30.03404956,0 77.40501098,30.03409759,0 77.40492325,30.03414562,0 77.40483552,30.03419365,0 77.40474780,30.03424168,0 77.40466007,30.03428971,0 77.40457234,30.03433774,0 77.40448461,30.03438577,0 77.40439689,30.03443380,0 77.40430916,30.03448183,0 77.40422143,30.03452986,0 77.40413370,30.03457789,0 77.40404597,30.03462593,0 77.40395825,30.03467396,0 77.40387052,30.03472199,0 77.40378279,30.03477002,0 77.40369506,30.03481805,0 77.40360733,30.03486608,0 77.40351960,30.03491411,0 77.40343187,30.03496214,0 77.40334415,30.03501017,0 77.40325642,30.03505820,0 77.40316869,30.03510623,0 77.40308096,30.03515426,0 77.40299323,30.03520228,0 77.40290548,30.03525028,0 77.40281722,30.03529757,0 77.40272895,30.03534485,0 77.40264069,30.03539214,0 77.40255243,30.03543942,0 77.40246417,30.03548671,0 77.40237590,30.03553399,0 77.40228764,30.03558128,0 77.40219938,30.03562856,0 77.40211112,30.03567585,0 77.40202285,30.03572313,0 77.40193459,30.03577041,0 77.40184633,30.03581770,0 77.40175806,30.03586498,0 77.40166980,30.03591227,0 77.40158154,30.03595955,0 77.40149327,30.03600683,0 77.40140501,30.03605412,0 77.40131674,30.03610140,0 77.40122848,30.03614869,0 77.40114022,30.03619597,0 77.40105195,30.03624325,0 77.40096369,30.03629054,0 77.40087542,30.03633782,0 77.40078716,30.03638510,0 77.40069890,30.03643239,0 77.40061063,30.03647967,0 77.40052237,30.03652695,0 77.40043410,30.03657424,0 77.40034584,30.03662152,0 77.40025757,30.03666880,0 77.40016931,30.03671609,0 77.40008104,30.03676337,0 77.39999278,30.03681065,0 77.39990451,30.03685794,0 77.39981625,30.03690522,0 77.39972798,30.03695250,0 77.39963972,30.03699978,0 77.39955145,30.03704707,0 77.39946319,30.03709435,0 77.39937492,30.03714163,0 77.39928666,30.03718891,0 77.39919839,30.03723620,0 77.39911012,30.03728348,0 77.39902186,30.03733076,0 77.39893359,30.03737804,0 77.39884533,30.03742533,0 77.39875706,30.03747261,0 77.39866879,30.03751989,0 77.39858053,30.03756717,0 77.39849226,30.03761445,0 77.39840399,30.03766174,0 77.39831573,30.03770902,0 77.39822746,30.03775630,0 77.39813919,30.03780358,0 77.39805093,30.03785086,0 77.39796266,30.03789815,0 77.39787439,30.03794543,0 77.39778613,30.03799271,0 77.39769786,30.03803999,0 77.39760959,30.03808727,0 77.39752132,30.03813455,0 77.39743306,30.03818183,0 77.39734479,30.03822912,0 77.39725652,30.03827640,0 77.39716825,30.03832368,0 77.39707998,30.03837096,0 77.39699172,30.03841824,0 77.39690345,30.03846552,0 77.39681518,30.03851280,0 77.39672691,30.03856008,0 77.39663864,30.03860736,0 77.39655038,30.03865465,0 77.39646211,30.03870193,0 77.39637384,30.03874921,0 77.39628557,30.03879649,0 77.39619730,30.03884377,0 77.39610903,30.03889105,0 77.39602076,30.03893833,0 77.39593249,30.03898561,0 77.39584423,30.03903289,0 77.39575596,30.03908017,0 77.39566769,30.03912745,0 77.39557942,30.03917473,0 77.39549115,30.03922201,0 77.39540288,30.03926929,0 77.39531461,30.03931657,0 77.39522634,30.03936385,0 77.39513807,30.03941113,0 77.39504980,30.03945841,0 77.39496153,30.03950569,0 77.39487326,30.03955297,0 77.39478499,30.03960025,0 77.39469672,30.03964753,0 77.39460845,30.03969481,0 77.39452018,30.03974209,0 77.39443191,30.03978937,0 77.39434364,30.03983665,0 77.39425537,30.03988393,0 77.39416710,30.03993121,0 77.39407883,30.03997850,0 77.39399071,30.04002599,0 77.39390259,30.04007348,0 77.39381448,30.04012098,0 77.39372636,30.04016847,0 77.39363824,30.04021596,0 77.39355012,30.04026346,0 77.39346200,30.04031095,0 77.39337388,30.04035845,0 77.39328576,30.04040594,0 77.39319764,30.04045343,0 77.39310952,30.04050093,0 77.39302140,30.04054842,0 77.39293328,30.04059591,0 77.39284516,30.04064340,0 77.39275704,30.04069090,0 77.39266892,30.04073839,0 77.39258080,30.04078588,0 77.39249268,30.04083338,0 77.39240456,30.04088087,0 77.39231644,30.04092836,0 77.39222832,30.04097586,0 77.39214020,30.04102335,0 77.39205208,30.04107084,0 77.39196396,30.04111833,0 77.39187584,30.04116583,0 77.39178772,30.04121332,0 77.39169960,30.04126081,0 77.39161148,30.04130830,0 77.39152363,30.04135617,0 77.39143581,30.04140409,0 77.39134800,30.04145202,0 77.39126019,30.04149994,0 77.39117238,30.04154786,0 77.39108457,30.04159579,0 77.39099675,30.04164371,0 77.39090894,30.04169164,0 77.39082113,30.04173956,0 77.39073332,30.04178748,0 77.39064550,30.04183541,0 77.39055769,30.04188333,0 77.39046988,30.04193125,0 77.39038206,30.04197918,0 77.39029425,30.04202710,0 77.39020644,30.04207502,0 77.39011863,30.04212294,0 77.39003081,30.04217087,0 77.38994300,30.04221879,0 77.38985519,30.04226671,0 77.38976737,30.04231464,0 77.38967956,30.04236256,0 77.38959174,30.04241048,0 77.38950393,30.04245840,0 77.38941612,30.04250633,0 77.38932830,30.04255425,0 77.38924049,30.04260217,0 77.38915267,30.04265009,0 77.38906486,30.04269802,0 77.38897705,30.04274594,0 77.38888923,30.04279386,0 77.38880142,30.04284178,0 77.38871360,30.04288971,0 77.38862579,30.04293763,0 77.38853797,30.04298555,0 77.38845016,30.04303347,0 77.38836234,30.04308139,0 77.38827453,30.04312932,0 77.38818671,30.04317724,0 77.38809890,30.04322516,0 77.38801108,30.04327308,0 77.38792327,30.04332100,0 77.38783545,30.04336892,0 77.38774764,30.04341685,0 77.38765982,30.04346477,0 77.38757201,30.04351269,0 77.38748419,30.04356061,0 77.38739637,30.04360853,0 77.38730856,30.04365645,0 77.38722074,30.04370437,0 77.38713293,30.04375229,0 77.38704511,30.04380022,0 77.38695729,30.04384814,0 77.38686948,30.04389606,0 77.38678166,30.04394398,0 77.38669384,30.04399190,0 77.38660603,30.04403982,0 77.38651821,30.04408774,0 77.38643039,30.04413566,0 77.38634258,30.04418358,0 77.38625476,30.04423150,0 77.38616694,30.04427942,0 77.38607912,30.04432734,0 77.38599131,30.04437527,0 77.38590349,30.04442319,0 77.38581567,30.04447111,0 77.38572786,30.04451903,0 77.38564004,30.04456695,0 77.38555222,30.04461487,0 77.38546440,30.04466279,0 77.38537658,30.04471071,0 77.38528875,30.04475861,0 77.38520066,30.04480615,0 77.38511257,30.04485368,0 77.38502447,30.04490122,0 77.38493638,30.04494876,0 77.38484829,30.04499629,0 77.38476019,30.04504383,0 77.38467210,30.04509136,0 77.38458401,30.04513890,0 77.38449591,30.04518644,0 77.38440782,30.04523397,0 77.38431973,30.04528151,0 77.38423163,30.04532904,0 77.38414354,30.04537658,0 77.38405544,30.04542411,0 77.38396735,30.04547165,0 77.38387925,30.04551918,0 77.38379116,30.04556672,0 77.38370306,30.04561426,0 77.38361497,30.04566179,0 77.38352688,30.04570933,0 77.38343878,30.04575686,0 77.38335069,30.04580440,0 77.38326259,30.04585193,0 77.38317450,30.04589947,0 77.38308640,30.04594700,0 77.38299831,30.04599454,0 77.38291021,30.04604207,0 77.38282211,30.04608961,0 77.38273402,30.04613714,0 77.38264592,30.04618468,0 77.38255783,30.04623221,0 77.38246973,30.04627975,0 77.38238164,30.04632728,0 77.38229354,30.04637482,0 77.38220544,30.04642235,0 77.38211735,30.04646989,0 77.38202925,30.04651742,0 77.38194116,30.04656495,0 77.38185306,30.04661249,0 77.38176496,30.04666002,0 77.38167687,30.04670756,0 77.38158877,30.04675509,0 77.38150067,30.04680263,0 77.38141258,30.04685016,0 77.38132448,30.04689769,0 77.38123638,30.04694523,0 77.38114829,30.04699276,0 77.38106019,30.04704030,0 77.38097209,30.04708783,0 77.38088399,30.04713536,0 77.38079590,30.04718290,0 77.38070780,30.04723043,0 77.38061970,30.04727796,0 77.38053160,30.04732550,0 77.38044351,30.04737303,0 77.38035541,30.04742056,0 77.38026731,30.04746810,0 77.38017921,30.04751563,0 77.38009112,30.04756316,0 77.38000302,30.04761070,0 77.37991492,30.04765823,0 77.37982682,30.04770576,0 77.37973872,30.04775330,0 77.37965062,30.04780083,0 77.37956253,30.04784836,0 77.37947443,30.04789590,0 77.37938633,30.04794343,0 77.37929823,30.04799096,0 77.37921013,30.04803849,0 77.37912203,30.04808603,0 77.37903393,30.04813356,0 77.37894583,30.04818109,0 77.37885773,30.04822863,0 77.37876963,30.04827616,0 77.37868153,30.04832369,0 77.37859344,30.04837122,0 77.37850534,30.04841875,0 77.37841724,30.04846629,0 77.37832914,30.04851382,0 77.37824104,30.04856135,0 77.37815294,30.04860888,0 77.37806484,30.04865642,0 77.37797674,30.04870395,0 77.37788864,30.04875148,0 77.37780054,30.04879901,0 77.37771243,30.04884654,0 77.37762433,30.04889407,0 77.37753623,30.04894161,0 77.37744813,30.04898914,0 77.37736003,30.04903667,0 77.37727193,30.04908420,0 77.37718383,30.04913173,0 77.37709573,30.04917926,0 77.37700763,30.04922680,0 77.37691953,30.04927433,0 77.37683143,30.04932186,0 77.37674332,30.04936939,0 77.37665522,30.04941692,0 77.37656712,30.04946445,0 77.37647902,30.04951198,0 77.37639092,30.04955951,0 77.37630282,30.04960704,0 77.37621471,30.04965457,0 77.37612661,30.04970211,0 77.37603851,30.04974964,0 77.37595041,30.04979717,0 77.37586231,30.04984470,0 77.37577420,30.04989223,0 77.37568610,30.04993976,0 77.37559800,30.04998729,0 77.37550990,30.05003482,0 77.37542179,30.05008235,0 77.37533369,30.05012988,0 77.37524559,30.05017741,0 77.37515748,30.05022494,0 77.37506938,30.05027247,0 77.37498128,30.05032000,0 77.37489317,30.05036753,0 77.37480507,30.05041506,0 77.37471697,30.05046259,0 77.37462886,30.05051012,0 77.37454076,30.05055765,0 77.37445266,30.05060518,0 77.37436455,30.05065271,0 77.37427645,30.05070024,0 77.37418835,30.05074777,0 77.37410024,30.05079530,0 77.37401214,30.05084283,0 77.37392403,30.05089035,0 77.37383593,30.05093788,0 77.37374782,30.05098541,0 77.37365972,30.05103294,0 77.37357162,30.05108047,0 77.37348351,30.05112800,0 77.37339541,30.05117553,0 77.37330730,30.05122306,0 77.37321920,30.05127059,0 77.37313109,30.05131812,0 77.37304299,30.05136565,0 77.37295488,30.05141317,0 77.37286678,30.05146070,0 77.37277867,30.05150823,0 77.37269056,30.05155576,0 77.37260246,30.05160329,0 77.37251435,30.05165082,0 77.37242625,30.05169835,0 77.37233814,30.05174587,0 77.37225004,30.05179340,0 77.37216193,30.05184093,0 77.37207382,30.05188846,0 77.37198572,30.05193599,0 77.37189761,30.05198351,0 77.37180951,30.05203104,0 77.37172278,30.05208045,0 77.37163623,30.05213009,0 77.37154968,30.05217974,0 77.37146313,30.05222939,0 77.37137659,30.05227904,0 77.37129004,30.05232869,0 77.37120349,30.05237833,0 77.37111694,30.05242798,0 77.37103039,30.05247763,0 77.37094384,30.05252728,0 77.37085730,30.05257692,0 77.37077075,30.05262657,0 77.37068420,30.05267622,0 77.37059765,30.05272586,0 77.37051110,30.05277551,0 77.37042455,30.05282516,0 77.37033800,30.05287481,0 77.37025145,30.05292445,0 77.37016490,30.05297410,0 77.37007835,30.05302375,0 77.36999180,30.05307339,0 77.36990525,30.05312304,0 77.36981870,30.05317269,0 77.36973215,30.05322233,0 77.36964560,30.05327198,0 77.36955905,30.05332163,0 77.36947250,30.05337127,0 77.36938595,30.05342092,0 77.36929940,30.05347057,0 77.36921285,30.05352021,0 77.36912630,30.05356986,0 77.36903975,30.05361950,0 77.36895320,30.05366915,0 77.36886665,30.05371880,0 77.36878010,30.05376844,0 77.36869355,30.05381809,0 77.36860700,30.05386774,0 77.36852045,30.05391738,0 77.36843390,30.05396703,0 77.36834734,30.05401667,0 77.36826079,30.05406632,0 77.36817424,30.05411596,0 77.36808769,30.05416561,0 77.36800114,30.05421526,0 77.36791459,30.05426490,0 77.36782803,30.05431455,0 77.36774244,30.05436519,0 77.36767081,30.05443039,0 77.36759918,30.05449559,0 77.36752756,30.05456079,0 77.36745593,30.05462599,0 77.36738430,30.05469120,0 77.36731267,30.05475640,0 77.36724105,30.05482160,0 77.36716942,30.05488680,0 77.36709779,30.05495200,0 77.36702616,30.05501720,0 77.36695453,30.05508240,0 77.36688291,30.05514760,0 77.36681128,30.05521281,0 77.36673965,30.05527801,0 77.36666802,30.05534321,0 77.36659639,30.05540841,0 77.36652476,30.05547361,0 77.36645314,30.05553881,0 77.36638151,30.05560401,0 77.36630988,30.05566921,0 77.36623825,30.05573441,0 77.36616662,30.05579961,0 77.36609499,30.05586481,0 77.36602336,30.05593001,0 77.36595173,30.05599521,0 77.36588010,30.05606042,0 77.36580847,30.05612562,0 77.36573684,30.05619082,0 77.36566521,30.05625602,0 77.36559358,30.05632122,0 77.36552195,30.05638642,0 77.36545032,30.05645162,0 77.36537869,30.05651682,0 77.36530706,30.05658202,0 77.36523543,30.05664722,0 77.36516380,30.05671242,0 77.36509217,30.05677762,0 77.36502054,30.05684282,0 77.36494891,30.05690802,0 77.36487728,30.05697322,0 77.36480565,30.05703842,0 77.36473402,30.05710362,0 77.36466238,30.05716882,0 77.36459075,30.05723402,0 77.36451912,30.05729922,0 77.36444749,30.05736442,0 77.36437586,30.05742962,0 77.36430423,30.05749482,0 77.36423260,30.05756002,0 77.36416096,30.05762522,0 77.36408933,30.05769042,0 77.36401770,30.05775562,0 77.36394607,30.05782082,0 77.36387444,30.05788602,0 77.36380280,30.05795122,0 77.36373117,30.05801642,0 77.36365954,30.05808162,0 77.36358791,30.05814682,0 77.36351627,30.05821201,0 77.36344464,30.05827721,0 77.36337301,30.05834241,0 77.36330138,30.05840761,0 77.36322974,30.05847281,0 77.36315811,30.05853801,0 77.36308648,30.05860321,0 77.36301484,30.05866841,0 77.36294321,30.05873361,0 77.36287158,30.05879881,0 77.36279994,30.05886401,0 77.36272831,30.05892921,0 77.36265668,30.05899441,0 77.36258504,30.05905960,0 77.36251341,30.05912480,0 77.36244177,30.05919000,0 77.36237014,30.05925520,0 77.36229850,30.05932040,0 77.36222687,30.05938560,0 77.36215524,30.05945080,0 77.36208360,30.05951600,0 77.36201197,30.05958119,0 77.36194033,30.05964639,0 77.36186870,30.05971159,0 77.36179706,30.05977679,0 77.36172543,30.05984199,0 77.36165379,30.05990719,0 77.36158216,30.05997239,0 77.36151052,30.06003758,0 77.36143889,30.06010278,0 77.36136725,30.06016798,0 77.36129562,30.06023318,0 77.36122398,30.06029838,0 77.36115234,30.06036358,0 77.36108071,30.06042877,0 77.36100907,30.06049397,0 77.36093744,30.06055917,0 77.36086580,30.06062437,0 77.36079416,30.06068957,0 77.36072253,30.06075477,0 77.36065089,30.06081996,0 77.36058520,30.06088941,0 77.36052552,30.06096316,0 77.36046584,30.06103691,0 77.36040616,30.06111066,0 77.36034648,30.06118440,0 77.36028680,30.06125815,0 77.36022712,30.06133190,0 77.36016744,30.06140565,0 77.36010776,30.06147940,0 77.36004807,30.06155314,0 77.35998839,30.06162689,0 77.35992871,30.06170064,0 77.35986903,30.06177439,0 77.35980935,30.06184814,0 77.35974967,30.06192188,0 77.35968999,30.06199563,0 77.35963031,30.06206938,0 77.35957062,30.06214313,0 77.35951094,30.06221688,0 77.35945126,30.06229062,0 77.35939158,30.06236437,0 77.35933190,30.06243812,0 77.35927222,30.06251187,0 77.35921253,30.06258561,0 77.35915285,30.06265936,0 77.35909317,30.06273311,0 77.35903349,30.06280686,0 77.35897380,30.06288060,0 77.35891412,30.06295435,0 77.35885444,30.06302810,0 77.35879476,30.06310185,0 77.35873507,30.06317559,0 77.35867539,30.06324934,0 77.35861571,30.06332309,0 77.35855602,30.06339684,0 77.35849634,30.06347058,0 77.35843666,30.06354433,0 77.35837697,30.06361808,0 77.35831729,30.06369183,0 77.35825761,30.06376557,0 77.35819792,30.06383932,0 77.35813824,30.06391307,0 77.35807856,30.06398681,0 77.35801887,30.06406056,0 77.35795919,30.06413431,0 77.35789950,30.06420806,0 77.35783982,30.06428180,0 77.35778014,30.06435555,0 77.35772045,30.06442930,0 77.35766077,30.06450304,0 77.35760108,30.06457679,0 77.35754140,30.06465054,0 77.35748171,30.06472429,0 77.35742203,30.06479803,0 77.35736235,30.06487178,0 77.35730266,30.06494553,0 77.35724298,30.06501927,0 77.35718329,30.06509302,0 77.35712361,30.06516677,0 77.35706392,30.06524051,0 77.35700423,30.06531426,0 77.35694455,30.06538801,0 77.35688486,30.06546175,0 77.35682518,30.06553550,0 77.35676549,30.06560925,0 77.35670581,30.06568299,0 77.35664612,30.06575674,0 77.35658644,30.06583049,0 77.35652675,30.06590423,0 77.35646706,30.06597798,0 77.35640738,30.06605173,0 77.35634769,30.06612547,0 77.35628800,30.06619922,0 77.35622832,30.06627297,0 77.35616863,30.06634671,0 77.35610894,30.06642046,0 77.35604926,30.06649421,0 77.35598957,30.06656795,0 77.35592988,30.06664170,0 77.35587020,30.06671544,0 77.35581051,30.06678919,0 77.35575082,30.06686294,0 77.35569114,30.06693668,0 77.35563145,30.06701043,0 77.35557176,30.06708418,0 77.35551207,30.06715792,0 77.35545239,30.06723167,0 77.35539270,30.06730541,0 77.35533301,30.06737916,0 77.35527332,30.06745291,0 77.35521364,30.06752665,0 77.35515395,30.06760040,0 77.35509426,30.06767415,0 77.35503457,30.06774789,0 77.35497488,30.06782164,0 77.35491519,30.06789538,0 77.35485551,30.06796913,0 77.35479340,30.06804128,0 77.35472812,30.06811135,0 77.35466284,30.06818142,0 77.35459515,30.06824972,0 77.35452627,30.06831713,0 77.35445739,30.06838454,0 77.35438851,30.06845196,0 77.35431963,30.06851937,0 77.35425076,30.06858678,0 77.35418188,30.06865420,0 77.35411300,30.06872161,0 77.35404412,30.06878902,0 77.35397524,30.06885644,0 77.35390636,30.06892385,0 77.35383748,30.06899127,0 77.35376860,30.06905868,0 77.35369972,30.06912609,0 77.35363084,30.06919351,0 77.35356196,30.06926092,0 77.35349308,30.06932833,0 77.35342420,30.06939575,0 77.35335532,30.06946316,0 77.35328644,30.06953057,0 77.35321756,30.06959798,0 77.35314868,30.06966540,0 77.35307980,30.06973281,0 77.35301092,30.06980022,0 77.35294204,30.06986764,0 77.35287316,30.06993505,0 77.35280428,30.07000246,0 77.35273540,30.07006988,0 77.35266652,30.07013729,0 77.35259764,30.07020470,0 77.35252876,30.07027211,0 77.35245988,30.07033953,0 77.35239100,30.07040694,0 77.35232211,30.07047435,0 77.35225323,30.07054177,0 77.35218435,30.07060918,0 77.35211547,30.07067659,0 77.35204659,30.07074400,0 77.35197771,30.07081142,0 77.35190882,30.07087883,0 77.35183994,30.07094624,0 77.35177106,30.07101365,0 77.35170218,30.07108107,0 77.35163330,30.07114848,0 77.35156441,30.07121589,0 77.35149553,30.07128330,0 77.35142665,30.07135072,0 77.35135777,30.07141813,0 77.35128888,30.07148554,0 77.35122000,30.07155295,0 77.35115112,30.07162036,0 77.35108224,30.07168778,0 77.35101335,30.07175519,0 77.35094447,30.07182260,0 77.35087559,30.07189001,0 77.35080670,30.07195743,0 77.35073782,30.07202484,0 77.35066894,30.07209225,0 77.35060005,30.07215966,0 77.35053117,30.07222707,0 77.35046228,30.07229449,0 77.35039340,30.07236190,0 77.35032452,30.07242931,0 77.35025563,30.07249672,0 77.35018675,30.07256413,0 77.35011786,30.07263154,0 77.35004898,30.07269896,0 77.34998010,30.07276637,0 77.34991121,30.07283378,0 77.34984233,30.07290119,0 77.34977344,30.07296860,0 77.34970456,30.07303601,0 77.34963567,30.07310343,0 77.34956679,30.07317084,0 77.34949790,30.07323825,0 77.34942902,30.07330566,0 77.34936013,30.07337307,0 77.34929125,30.07344048,0 77.34922236,30.07350789,0 77.34915348,30.07357530,0 77.34908459,30.07364272,0 77.34901570,30.07371013,0 77.34894682,30.07377754,0 77.34887793,30.07384495,0 77.34880905,30.07391236,0 77.34874016,30.07397977,0 77.34867127,30.07404718,0 77.34860239,30.07411459,0 77.34853350,30.07418201,0 77.34846461,30.07424942,0 77.34839573,30.07431683,0 77.34832684,30.07438424,0 77.34825795,30.07445165,0 77.34818907,30.07451906,0 77.34812018,30.07458647,0 77.34805129,30.07465388,0 77.34798241,30.07472129,0 77.34791352,30.07478870,0 77.34784463,30.07485611,0 77.34777574,30.07492352,0 77.34770685,30.07499093,0 77.34763796,30.07505834,0 77.34756907,30.07512575,0 77.34750018,30.07519316,0 77.34743129,30.07526057,0 77.34736240,30.07532797,0 77.34729351,30.07539538,0 77.34722462,30.07546279,0 77.34715573,30.07553020,0 77.34708684,30.07559761,0 77.34701794,30.07566501,0 77.34694905,30.07573242,0 77.34688016,30.07579983,0 77.34681127,30.07586724,0 77.34674238,30.07593464,0 77.34667348,30.07600205,0 77.34660459,30.07606946,0 77.34653570,30.07613687,0 77.34646681,30.07620428,0 77.34639792,30.07627168,0 77.34632902,30.07633909,0 77.34626013,30.07640650,0 77.34619124,30.07647391,0 77.34612235,30.07654131,0 77.34605345,30.07660872,0 77.34598456,30.07667613,0 77.34591567,30.07674354,0 77.34584677,30.07681094,0 77.34577788,30.07687835,0 77.34570899,30.07694576,0 77.34564009,30.07701316,0 77.34557120,30.07708057,0 77.34550231,30.07714798,0 77.34543341,30.07721539,0 77.34536452,30.07728279,0 77.34529563,30.07735020,0 77.34522673,30.07741761,0 77.34515784,30.07748501,0 77.34508894,30.07755242,0 77.34502005,30.07761983,0 77.34495116,30.07768724,0 77.34488226,30.07775464,0 77.34481337,30.07782205,0 77.34474447,30.07788946,0 77.34467558,30.07795686,0 77.34460668,30.07802427,0 77.34453779,30.07809168,0 77.34446889,30.07815908,0 77.34440000,30.07822649,0 77.34433110,30.07829390,0 77.34426221,30.07836130,0 77.34419331,30.07842871,0 77.34412442,30.07849612,0 77.34405552,30.07856352,0 77.34398663,30.07863093,0 77.34391773,30.07869834,0 77.34384883,30.07876574,0 77.34377994,30.07883315,0 77.34371104,30.07890056,0 77.34364215,30.07896796,0 77.34357325,30.07903537,0 77.34350435,30.07910277,0 77.34343546,30.07917018,0 77.34336656,30.07923759,0 77.34329766,30.07930499,0 77.34322877,30.07937240,0 77.34315987,30.07943981,0 77.34309097,30.07950721,0 77.34302208,30.07957462,0 77.34295318,30.07964202,0 77.34288428,30.07970943,0 77.34281539,30.07977684,0 77.34274649,30.07984424,0 77.34267759,30.07991165,0 77.34260869,30.07997905,0 77.34253980,30.08004646,0 77.34247090,30.08011387,0 77.34240200,30.08018127,0 77.34233310,30.08024868,0 77.34226420,30.08031608,0 77.34219531,30.08038349,0 77.34212641,30.08045089,0 77.34205751,30.08051830,0 77.34198861,30.08058570,0 77.34191971,30.08065311,0 77.34185082,30.08072052,0 77.34178192,30.08078792,0 77.34171302,30.08085533,0 77.34164412,30.08092273,0 77.34157522,30.08099014,0 77.34150632,30.08105754,0 77.34143742,30.08112495,0 77.34136852,30.08119235,0 77.34129962,30.08125976,0 77.34123072,30.08132716,0 77.34116183,30.08139457,0 77.34109293,30.08146197,0 77.34102403,30.08152938,0 77.34095513,30.08159678,0 77.34088623,30.08166419,0 77.34082055,30.08173398,0 77.34075517,30.08180398,0 77.34068979,30.08187399,0 77.34062440,30.08194399,0 77.34055902,30.08201399,0 77.34049363,30.08208400,0 77.34042825,30.08215400,0 77.34036286,30.08222400,0 77.34029748,30.08229401,0 77.34023209,30.08236401,0 77.34016670,30.08243401,0 77.34010132,30.08250402,0 77.34003593,30.08257402,0 77.33997055,30.08264402,0 77.33990516,30.08271403,0 77.33983978,30.08278403,0 77.33977439,30.08285403,0 77.33970900,30.08292403,0 77.33964362,30.08299404,0 77.33957823,30.08306404,0 77.33951284,30.08313404,0 77.33944746,30.08320405,0 77.33938207,30.08327405,0 77.33931668,30.08334405,0 77.33925130,30.08341405,0 77.33918591,30.08348406,0 77.33912052,30.08355406,0 77.33905514,30.08362406,0 77.33898975,30.08369406,0 77.33892436,30.08376407,0 77.33885898,30.08383407,0 77.33879359,30.08390407,0 77.33872820,30.08397407,0 77.33866281,30.08404408,0 77.33859743,30.08411408,0 77.33853204,30.08418408,0 77.33846665,30.08425408,0 77.33840126,30.08432409,0 77.33833587,30.08439409,0 77.33827049,30.08446409,0 77.33820510,30.08453409,0 77.33813971,30.08460409,0 77.33807432,30.08467410,0 77.33800893,30.08474410,0 77.33794354,30.08481410,0 77.33787816,30.08488410,0 77.33781277,30.08495411,0 77.33774738,30.08502411,0 77.33768199,30.08509411,0 77.33761660,30.08516411,0 77.33755121,30.08523411,0 77.33748582,30.08530412,0 77.33742043,30.08537412,0 77.33735504,30.08544412,0 77.33728965,30.08551412,0 77.33722426,30.08558412,0 77.33715888,30.08565413,0 77.33709349,30.08572413,0 77.33702810,30.08579413,0 77.33696271,30.08586413,0 77.33689732,30.08593413,0 77.33683193,30.08600413,0 77.33676654,30.08607414,0 77.33670115,30.08614414,0 77.33663576,30.08621414,0 77.33657037,30.08628414,0 77.33650497,30.08635414,0 77.33643958,30.08642414,0 77.33637419,30.08649415,0 77.33630880,30.08656415,0 77.33624341,30.08663415,0 77.33617802,30.08670415,0 77.33611263,30.08677415,0 77.33604724,30.08684415,0 77.33598185,30.08691415,0 77.33591646,30.08698416,0 77.33585106,30.08705416,0 77.33578567,30.08712416,0 77.33572028,30.08719416,0 77.33565489,30.08726416,0 77.33558950,30.08733416,0 77.33552411,30.08740416,0 77.33545871,30.08747416,0 77.33539332,30.08754416,0 77.33532793,30.08761417,0 77.33526254,30.08768417,0 77.33519715,30.08775417,0 77.33513175,30.08782417,0 77.33506636,30.08789417,0 77.33500097,30.08796417,0 77.33493558,30.08803417,0 77.33487018,30.08810417,0 77.33480479,30.08817417,0 77.33473940,30.08824417,0 77.33467400,30.08831417,0 77.33460861,30.08838418,0 77.33454322,30.08845418,0 77.33447782,30.08852418,0 77.33441243,30.08859418,0 77.33434704,30.08866418,0 77.33427791,30.08873140,0 77.33420845,30.08879837,0 77.33413899,30.08886534,0 77.33406953,30.08893232,0 77.33400007,30.08899929,0 77.33393061,30.08906626,0 77.33386114,30.08913323,0 77.33379168,30.08920021,0 77.33372222,30.08926718,0 77.33365276,30.08933415,0 77.33358330,30.08940112,0 77.33351384,30.08946810,0 77.33344438,30.08953507,0 77.33337491,30.08960204,0 77.33330545,30.08966901,0 77.33323599,30.08973598,0 77.33316653,30.08980296,0 77.33309707,30.08986993,0 77.33302760,30.08993690,0 77.33295814,30.09000387,0 77.33288868,30.09007084,0 77.33281922,30.09013782,0 77.33274975,30.09020479,0 77.33268029,30.09027176,0 77.33261083,30.09033873,0 77.33254137,30.09040570,0 77.33247190,30.09047268,0 77.33240244,30.09053965,0 77.33233298,30.09060662,0 77.33226351,30.09067359,0 77.33219405,30.09074056,0 77.33212459,30.09080753,0 77.33205512,30.09087451,0 77.33198566,30.09094148,0 77.33191620,30.09100845,0 77.33184673,30.09107542,0 77.33177727,30.09114239,0 77.33170780,30.09120936,0 77.33163834,30.09127633,0 77.33156888,30.09134331,0 77.33149941,30.09141028,0 77.33142995,30.09147725,0 77.33136048,30.09154422,0 77.33129102,30.09161119,0 77.33122155,30.09167816,0 77.33115209,30.09174513,0 77.33108262,30.09181210,0 77.33101316,30.09187908,0 77.33094370,30.09194605,0 77.33087423,30.09201302,0 77.33080476,30.09207999,0 77.33073530,30.09214696,0 77.33066583,30.09221393,0 77.33059637,30.09228090,0 77.33052690,30.09234787,0 77.33045744,30.09241484,0 77.33038797,30.09248181,0 77.33031851,30.09254878,0 77.33024904,30.09261576,0 77.33017957,30.09268273,0 77.33011011,30.09274970,0 77.33004064,30.09281667,0 77.32997118,30.09288364,0 77.32990171,30.09295061,0 77.32983224,30.09301758,0 77.32976278,30.09308455,0 77.32969331,30.09315152,0 77.32962384,30.09321849,0 77.32955438,30.09328546,0 77.32948491,30.09335243,0 77.32941544,30.09341940,0 77.32934597,30.09348637,0 77.32927651,30.09355334,0 77.32920704,30.09362031,0 77.32913757,30.09368728,0 77.32906811,30.09375425,0 77.32899864,30.09382122,0 77.32892917,30.09388819,0 77.32885970,30.09395516,0 77.32879023,30.09402213,0 77.32872077,30.09408910,0 77.32865130,30.09415607,0 77.32858183,30.09422304,0 77.32851236,30.09429001,0 77.32844289,30.09435698,0 77.32837342,30.09442395,0 77.32830396,30.09449092,0 77.32823449,30.09455789,0 77.32816502,30.09462486,0 77.32809555,30.09469183,0 77.32802608,30.09475880,0 77.32795661,30.09482577,0 77.32788714,30.09489274,0 77.32781767,30.09495971,0 77.32774820,30.09502668,0 77.32767874,30.09509365,0 77.32760927,30.09516062,0 77.32753980,30.09522759,0 77.32747033,30.09529456,0 77.32739922,30.09535991,0 77.32731402,30.09541134,0 77.32722882,30.09546278,0 77.32714362,30.09551421,0 77.32705842,30.09556565,0 77.32697322,30.09561708,0 77.32688803,30.09566851,0 77.32680283,30.09571994,0 77.32671763,30.09577138,0 77.32663243,30.09582281,0 77.32654723,30.09587424,0 77.32646203,30.09592568,0 77.32637683,30.09597711,0 77.32629163,30.09602854,0 77.32620643,30.09607998,0 77.32612123,30.09613141,0 77.32603603,30.09618284,0 77.32595083,30.09623427,0 77.32586563,30.09628571,0 77.32578043,30.09633714,0 77.32569523,30.09638857,0 77.32561003,30.09644000,0 77.32552482,30.09649144,0 77.32543962,30.09654287,0 77.32535442,30.09659430,0 77.32526922,30.09664573,0 77.32518402,30.09669717,0 77.32509882,30.09674860,0 77.32501362,30.09680003,0 77.32492842,30.09685146,0 77.32484322,30.09690289,0 77.32475801,30.09695433,0 77.32467281,30.09700576,0 77.32458761,30.09705719,0 77.32450241,30.09710862,0 77.32441721,30.09716005,0 77.32433201,30.09721149,0 77.32424680,30.09726292,0 77.32416160,30.09731435,0 77.32407640,30.09736578,0 77.32399120,30.09741721,0 77.32390599,30.09746864,0 77.32382079,30.09752007,0 77.32373559,30.09757151,0 77.32365039,30.09762294,0 77.32356518,30.09767437,0 77.32347998,30.09772580,0 77.32339478,30.09777723,0 77.32330957,30.09782866,0 77.32322437,30.09788009,0 77.32313917,30.09793152,0 77.32305397,30.09798295,0 77.32296876,30.09803439,0 77.32288356,30.09808582,0 77.32279835,30.09813725,0 77.32271315,30.09818868,0 77.32262795,30.09824011,0 77.32254274,30.09829154,0 77.32245754,30.09834297,0 77.32237234,30.09839440,0 77.32228713,30.09844583,0 77.32220193,30.09849726,0 77.32211672,30.09854869,0 77.32202905,30.09859684,0 77.32194074,30.09864415,0 77.32185243,30.09869145,0 77.32176412,30.09873875,0 77.32167580,30.09878605,0 77.32158749,30.09883335,0 77.32149918,30.09888065,0 77.32141087,30.09892795,0 77.32132256,30.09897525,0 77.32123424,30.09902256,0 77.32114593,30.09906986,0 77.32105762,30.09911716,0 77.32096931,30.09916446,0 77.32088099,30.09921176,0 77.32079268,30.09925906,0 77.32070437,30.09930636,0 77.32061605,30.09935366,0 77.32052774,30.09940096,0 77.32043943,30.09944826,0 77.32035111,30.09949556,0 77.32026280,30.09954286,0 77.32017449,30.09959017,0 77.32008617,30.09963747,0 77.31999786,30.09968477,0 77.31990955,30.09973207,0 77.31982123,30.09977937,0 77.31973292,30.09982667,0 77.31964461,30.09987397,0 77.31955629,30.09992127,0 77.31946798,30.09996857,0 77.31937966,30.10001587,0 77.31929135,30.10006317,0 77.31920304,30.10011047,0 77.31911472,30.10015777,0 77.31902641,30.10020507,0 77.31893809,30.10025237,0 77.31884978,30.10029967,0 77.31876146,30.10034697,0 77.31867315,30.10039427,0 77.31858483,30.10044156,0 77.31849652,30.10048886,0 77.31840820,30.10053616,0 77.31831989,30.10058346,0 77.31823157,30.10063076,0 77.31814326,30.10067806,0 77.31805494,30.10072536,0 77.31796663,30.10077266,0 77.31787831,30.10081996,0 77.31778999,30.10086726,0 77.31770168,30.10091456,0 77.31761336,30.10096186,0 77.31752505,30.10100915,0 77.31743673,30.10105645,0 77.31734841,30.10110375,0 77.31726010,30.10115105,0 77.31717178,30.10119835,0 77.31708346,30.10124565,0 77.31699515,30.10129295,0 77.31690683,30.10134024,0 77.31681852,30.10138754,0 77.31673020,30.10143484,0 77.31664188,30.10148214,0 77.31655356,30.10152944,0 77.31646525,30.10157674,0 77.31637693,30.10162403,0 77.31628861,30.10167133,0 77.31620030,30.10171863,0 77.31611198,30.10176593,0 77.31602366,30.10181323,0 77.31593534,30.10186052,0 77.31584703,30.10190782,0 77.31575871,30.10195512,0 77.31567039,30.10200242,0 77.31558207,30.10204971,0 77.31549375,30.10209701,0 77.31540544,30.10214431,0 77.31531712,30.10219161,0 77.31522880,30.10223890,0 77.31514048,30.10228620,0 77.31505216,30.10233350,0 77.31496384,30.10238080,0 77.31487553,30.10242809,0 77.31478721,30.10247539,0 77.31469889,30.10252269,0 77.31461057,30.10256998,0 77.31452225,30.10261728,0 77.31443393,30.10266458,0 77.31434561,30.10271188,0 77.31425729,30.10275917,0 77.31416897,30.10280647,0 77.31408065,30.10285377,0 77.31399234,30.10290106,0 77.31390402,30.10294836,0 77.31381570,30.10299566,0 77.31372738,30.10304295,0 77.31363906,30.10309025,0 77.31355074,30.10313754,0 77.31346242,30.10318484,0 77.31337410,30.10323214,0 77.31328578,30.10327943,0 77.31319746,30.10332673,0 77.31310914,30.10337403,0 77.31302082,30.10342132,0 77.31293249,30.10346862,0 77.31284417,30.10351591,0 77.31275585,30.10356321,0 77.31266753,30.10361050,0 77.31257921,30.10365780,0 77.31249089,30.10370510,0 77.31240257,30.10375239,0 77.31231425,30.10379969,0 77.31222593,30.10384698,0 77.31213761,30.10389428,0 77.31204929,30.10394157,0 77.31196096,30.10398887,0 77.31187264,30.10403616,0 77.31178432,30.10408346,0 77.31169600,30.10413075,0 77.31160768,30.10417805,0 77.31151936,30.10422534,0 77.31143103,30.10427264,0 77.31134271,30.10431993,0 77.31125439,30.10436723,0 77.31116607,30.10441452,0 77.31107774,30.10446182,0 77.31098942,30.10450911,0 77.31090110,30.10455641,0 77.31081278,30.10460370,0 77.31072445,30.10465100,0 77.31063613,30.10469829,0 77.31054781,30.10474559,0 77.31045949,30.10479288,0 77.31037116,30.10484018,0 77.31028284,30.10488747,0 77.31019452,30.10493476,0 77.31010619,30.10498206,0 77.31001787,30.10502935,0 77.30992955,30.10507665,0 77.30984122,30.10512394,0 77.30975290,30.10517123,0 77.30966458,30.10521853,0 77.30957625,30.10526582,0 77.30948793,30.10531312,0 77.30939960,30.10536041,0 77.30931128,30.10540770,0 77.30922296,30.10545500,0 77.30913463,30.10550229,0 77.30904631,30.10554958,0 77.30895798,30.10559688,0 77.30886966,30.10564417,0 77.30878133,30.10569146,0 77.30869301,30.10573876,0 77.30860468,30.10578605,0 77.30851636,30.10583334,0 77.30842803,30.10588064,0 77.30833971,30.10592793,0 77.30825138,30.10597522,0 77.30816306,30.10602252,0 77.30807473,30.10606981,0 77.30798641,30.10611710,0 77.30789808,30.10616439,0 77.30780976,30.10621169,0 77.30772143,30.10625898,0 77.30763311,30.10630627,0 77.30754478,30.10635356,0 77.30745645,30.10640086,0 77.30736813,30.10644815,0 77.30727980,30.10649544,0 77.30719148,30.10654273,0 77.30710315,30.10659003,0 77.30701482,30.10663732,0 77.30692650,30.10668461,0 77.30683817,30.10673190,0 77.30674984,30.10677920,0 77.30666152,30.10682649,0 77.30657319,30.10687378,0 77.30648486,30.10692107,0 77.30639654,30.10696836,0 77.30630821,30.10701565,0 77.30621988,30.10706295,0 77.30613156,30.10711024,0 77.30604323,30.10715753,0 77.30595490,30.10720482,0 77.30586657,30.10725211,0 77.30577825,30.10729940,0 77.30568992,30.10734670,0 77.30560159,30.10739399,0 77.30551326,30.10744128,0 77.30542493,30.10748857,0 77.30533661,30.10753586,0 77.30524828,30.10758315,0 77.30515995,30.10763044,0 77.30507162,30.10767773,0 77.30498329,30.10772502,0 77.30489497,30.10777232,0 77.30480664,30.10781961,0 77.30471831,30.10786690,0 77.30462998,30.10791419,0 77.30454165,30.10796148,0 77.30445332,30.10800877,0 77.30436499,30.10805606,0 77.30427666,30.10810335,0 77.30418833,30.10815064,0 77.30410001,30.10819793,0 77.30401168,30.10824522,0 77.30392335,30.10829251,0 77.30383502,30.10833980,0 77.30374669,30.10838709,0 77.30365836,30.10843438,0 77.30357003,30.10848167,0 77.30348170,30.10852896,0 77.30339337,30.10857625,0 77.30330504,30.10862354,0 77.30321671,30.10867083,0 77.30312838,30.10871812,0 77.30304005,30.10876541,0 77.30295172,30.10881270,0 77.30286339,30.10885999,0 77.30277506,30.10890728,0 77.30268673,30.10895457,0 77.30259840,30.10900186,0 77.30251007,30.10904915,0 77.30242173,30.10909644,0 77.30233340,30.10914373,0 77.30224507,30.10919102,0 77.30215674,30.10923831,0 77.30206841,30.10928560,0 77.30198008,30.10933288,0 77.30189175,30.10938017,0 77.30180342,30.10942746,0 77.30171508,30.10947475,0 77.30162675,30.10952204,0 77.30153842,30.10956933,0 77.30145009,30.10961662,0 77.30136176,30.10966391,0 77.30127343,30.10971120,0 77.30118509,30.10975848,0 77.30109609,30.10980475,0 77.30100408,30.10984640,0 77.30091207,30.10988805,0 77.30082006,30.10992970,0 77.30072805,30.10997135,0 77.30063604,30.11001301,0 77.30054403,30.11005466,0 77.30045202,30.11009631,0 77.30036001,30.11013796,0 77.30026800,30.11017962,0 77.30017599,30.11022127,0 77.30008398,30.11026292,0 77.29999197,30.11030457,0 77.29989996,30.11034622,0 77.29980795,30.11038787,0 77.29971594,30.11042953,0 77.29962393,30.11047118,0 77.29953192,30.11051283,0 77.29943991,30.11055448,0 77.29934790,30.11059613,0 77.29925589,30.11063778,0 77.29916388,30.11067943,0 77.29907187,30.11072109,0 77.29897986,30.11076274,0 77.29888784,30.11080439,0 77.29879583,30.11084604,0 77.29870382,30.11088769,0 77.29861181,30.11092934,0 77.29851980,30.11097099,0 77.29842779,30.11101264,0 77.29833578,30.11105429,0 77.29824376,30.11109594,0 77.29815175,30.11113759,0 77.29805974,30.11117924,0 77.29796773,30.11122089,0 77.29787572,30.11126255,0 77.29778370,30.11130420,0 77.29769169,30.11134585,0 77.29759968,30.11138750,0 77.29750767,30.11142915,0 77.29741565,30.11147080,0 77.29732364,30.11151245,0 77.29723163,30.11155410,0 77.29713962,30.11159575,0 77.29704760,30.11163740,0 77.29695559,30.11167905,0 77.29686358,30.11172070,0 77.29677156,30.11176234,0 77.29667955,30.11180399,0 77.29658754,30.11184564,0 77.29649552,30.11188729,0 77.29640351,30.11192894,0 77.29631150,30.11197059,0 77.29621948,30.11201224,0 77.29612747,30.11205389,0 77.29603546,30.11209554,0 77.29594344,30.11213719,0 77.29585143,30.11217884,0 77.29575942,30.11222049,0 77.29566740,30.11226214,0 77.29557539,30.11230378,0 77.29548337,30.11234543,0 77.29539136,30.11238708,0 77.29529934,30.11242873,0 77.29520733,30.11247038,0 77.29511532,30.11251203,0 77.29502330,30.11255368,0 77.29493129,30.11259533,0 77.29483927,30.11263697,0 77.29474726,30.11267862,0 77.29465524,30.11272027,0 77.29456323,30.11276192,0 77.29447121,30.11280357,0 77.29437920,30.11284521,0 77.29428718,30.11288686,0 77.29419517,30.11292851,0 77.29410315,30.11297016,0 77.29401119,30.11301190,0 77.29391931,30.11305378,0 77.29382744,30.11309566,0 77.29373557,30.11313754,0 77.29364369,30.11317943,0 77.29355182,30.11322131,0 77.29345994,30.11326319,0 77.29336807,30.11330507,0 77.29327619,30.11334696,0 77.29318432,30.11338884,0 77.29309244,30.11343072,0 77.29300057,30.11347260,0 77.29290869,30.11351449,0 77.29281682,30.11355637,0 77.29272494,30.11359825,0 77.29263307,30.11364013,0 77.29254119,30.11368201,0 77.29244931,30.11372389,0 77.29235900,30.11376818,0 77.29227026,30.11381489,0 77.29218151,30.11386160,0 77.29209276,30.11390830,0 77.29200402,30.11395501,0 77.29191542,30.11400192,0 77.29182710,30.11404923,0 77.29173877,30.11409654,0 77.29165045,30.11414384,0 77.29156213,30.11419115,0 77.29147380,30.11423846,0 77.29138548,30.11428577,0 77.29129705,30.11433292,0 77.29120826,30.11437956,0 77.29111947,30.11442620,0 77.29103068,30.11447285,0 77.29094189,30.11451949,0 77.29085310,30.11456614,0 77.29076431,30.11461278,0 77.29067552,30.11465943,0 77.29058673,30.11470607,0 77.29049794,30.11475271,0 77.29040916,30.11479936,0 77.29032037,30.11484600,0 77.29023158,30.11489265,0 77.29014279,30.11493929,0 77.29005400,30.11498593,0 77.28996521,30.11503258,0 77.28987642,30.11507922,0 77.28978763,30.11512586,0 77.28969884,30.11517251,0 77.28961005,30.11521915,0 77.28952126,30.11526580,0 77.28943247,30.11531244,0 77.28934367,30.11535908,0 77.28925488,30.11540572,0 77.28916609,30.11545237,0 77.28907730,30.11549901,0 77.28898851,30.11554565,0 77.28889972,30.11559230,0 77.28881093,30.11563894,0 77.28872214,30.11568558,0 77.28863335,30.11573223,0 77.28854456,30.11577887,0 77.28845576,30.11582551,0 77.28836697,30.11587215,0 77.28827818,30.11591880,0 77.28818939,30.11596544,0 77.28810060,30.11601208,0 77.28801181,30.11605872,0 77.28792301,30.11610537,0 77.28783422,30.11615201,0 77.28774543,30.11619865,0 77.28765664,30.11624529,0 77.28756785,30.11629194,0 77.28747905,30.11633858,0 77.28739026,30.11638522,0 77.28730147,30.11643186,0 77.28721268,30.11647850,0 77.28712388,30.11652515,0 77.28703509,30.11657179,0 77.28694630,30.11661843,0 77.28685751,30.11666507,0 77.28676871,30.11671171,0 77.28667992,30.11675835,0 77.28659113,30.11680500,0 77.28650570,30.11685593,0 77.28642340,30.11691084,0 77.28634110,30.11696574,0 77.28625880,30.11702065,0 77.28617649,30.11707556,0 77.28609419,30.11713047,0 77.28601189,30.11718538,0 77.28592959,30.11724028,0 77.28584729,30.11729519,0 77.28576498,30.11735010,0 77.28568268,30.11740501,0 77.28560038,30.11745991,0 77.28551808,30.11751482,0 77.28543577,30.11756973,0 77.28535347,30.11762464,0 77.28527117,30.11767954,0 77.28518886,30.11773445,0 77.28510656,30.11778936,0 77.28502426,30.11784426,0 77.28494195,30.11789917,0 77.28485965,30.11795408,0 77.28477735,30.11800899,0 77.28469504,30.11806389,0 77.28461274,30.11811880,0 77.28453044,30.11817371,0 77.28444813,30.11822861,0 77.28436583,30.11828352,0 77.28428352,30.11833843,0 77.28420122,30.11839333,0 77.28411892,30.11844824,0 77.28403661,30.11850315,0 77.28395431,30.11855805,0 77.28387200,30.11861296,0 77.28378970,30.11866787,0 77.28370739,30.11872277,0 77.28362509,30.11877768,0 77.28354278,30.11883258,0 77.28346048,30.11888749,0 77.28337817,30.11894240,0 77.28329552,30.11899691,0 77.28321244,30.11905092,0 77.28312936,30.11910494,0 77.28304628,30.11915896,0 77.28296320,30.11921297,0 77.28288012,30.11926699,0 77.28279703,30.11932100,0 77.28271395,30.11937502,0 77.28263087,30.11942903,0 77.28254779,30.11948305,0 77.28246470,30.11953706,0 77.28238162,30.11959108,0 77.28229854,30.11964509,0 77.28221546,30.11969911,0 77.28213237,30.11975312,0 77.28204929,30.11980713,0 77.28196621,30.11986115,0 77.28188313,30.11991516,0 77.28180004,30.11996918,0 77.28171696,30.12002319,0 77.28163388,30.12007721,0 77.28155079,30.12013122,0 77.28146771,30.12018524,0 77.28138463,30.12023925,0 77.28130154,30.12029327,0 77.28121846,30.12034728,0 77.28113538,30.12040129,0 77.28104954,30.12045128,0 77.28095524,30.12048889,0 77.28086094,30.12052650,0 77.28076665,30.12056411,0 77.28067235,30.12060171,0 77.28057805,30.12063932,0 77.28048376,30.12067693,0 77.28038946,30.12071454,0 77.28029516,30.12075215,0 77.28020087,30.12078976,0 77.28010657,30.12082737,0 77.28001227,30.12086498,0 77.27991798,30.12090259,0 77.27982368,30.12094020,0 77.27972938,30.12097781,0 77.27963509,30.12101542,0 77.27954079,30.12105303,0 77.27944649,30.12109064,0 77.27935220,30.12112824,0 77.27925790,30.12116585,0 77.27916360,30.12120346,0 77.27906930,30.12124107,0 77.27897501,30.12127868,0 77.27888071,30.12131629,0 77.27878641,30.12135390,0 77.27869211,30.12139150,0 77.27859781,30.12142911,0 77.27850352,30.12146672,0 77.27840922,30.12150433,0 77.27831492,30.12154194,0 77.27822062,30.12157955,0 77.27812632,30.12161715,0 77.27803203,30.12165476,0 77.27793773,30.12169237,0 77.27784343,30.12172998,0 77.27774913,30.12176759,0 77.27765483,30.12180519,0 77.27756053,30.12184280,0 77.27746623,30.12188041,0 77.27737193,30.12191802,0 77.27727764,30.12195562,0 77.27718334,30.12199323,0 77.27708904,30.12203084,0 77.27699474,30.12206844,0 77.27690044,30.12210605,0 77.27680614,30.12214366,0 77.27671184,30.12218127,0 77.27661754,30.12221887,0 77.27652324,30.12225648,0 77.27642894,30.12229409,0 77.27633464,30.12233169,0 77.27624034,30.12236930,0 77.27614604,30.12240691,0 77.27605174,30.12244451,0 77.27595744,30.12248212,0 77.27586314,30.12251973,0 77.27576884,30.12255733,0 77.27567454,30.12259494,0 77.27558024,30.12263255,0 77.27548594,30.12267015,0 77.27539164,30.12270776,0 77.27529734,30.12274536,0 77.27520304,30.12278297,0 77.27510874,30.12282058,0 77.27501444,30.12285818,0 77.27492014,30.12289579,0 77.27482584,30.12293339,0 77.27473154,30.12297100,0 77.27463723,30.12300860,0 77.27454293,30.12304621,0 77.27444863,30.12308382,0 77.27435433,30.12312142,0 77.27426003,30.12315903,0 77.27416569,30.12319657,0 77.27407133,30.12323405,0 77.27397696,30.12327154,0 77.27388260,30.12330903,0 77.27378824,30.12334651,0 77.27369387,30.12338400,0 77.27359951,30.12342148,0 77.27350514,30.12345897,0 77.27341078,30.12349645,0 77.27331641,30.12353394,0 77.27322205,30.12357142,0 77.27312768,30.12360891,0 77.27303332,30.12364639,0 77.27293895,30.12368388,0 77.27284458,30.12372136,0 77.27275022,30.12375885,0 77.27265585,30.12379633,0 77.27256149,30.12383382,0 77.27246712,30.12387130,0 77.27237276,30.12390879,0 77.27227839,30.12394627,0 77.27218402,30.12398375,0 77.27208966,30.12402124,0 77.27199529,30.12405872,0 77.27190093,30.12409621,0 77.27180656,30.12413369,0 77.27171219,30.12417118,0 77.27161783,30.12420866,0 77.27152346,30.12424614,0 77.27142909,30.12428363,0 77.27133473,30.12432111,0 77.27124036,30.12435860,0 77.27114599,30.12439608,0 77.27105163,30.12443356,0 77.27095726,30.12447105,0 77.27086289,30.12450853,0 77.27076853,30.12454601,0 77.27067416,30.12458350,0 77.27057979,30.12462098,0 77.27048542,30.12465846,0 77.27039106,30.12469595,0 77.27029669,30.12473343,0 77.27020232,30.12477091,0 77.27010736,30.12480723,0 77.27001230,30.12484338,0 77.26991725,30.12487953,0 77.26982219,30.12491567,0 77.26972714,30.12495182,0 77.26963208,30.12498797,0 77.26953703,30.12502411,0 77.26944197,30.12506026,0 77.26934691,30.12509641,0 77.26925186,30.12513255,0 77.26915680,30.12516870,0 77.26906175,30.12520485,0 77.26896669,30.12524099,0 77.26887164,30.12527714,0 77.26877659,30.12531330,0 77.26868156,30.12534950,0 77.26858653,30.12538570,0 77.26849150,30.12542190,0 77.26839647,30.12545809,0 77.26830144,30.12549429,0 77.26820641,30.12553049,0 77.26811138,30.12556669,0 77.26801635,30.12560289,0 77.26792132,30.12563909,0 77.26782629,30.12567528,0 77.26773126,30.12571148,0 77.26763623,30.12574768,0 77.26754116,30.12578379,0 77.26744606,30.12581985,0 77.26735096,30.12585591,0 77.26725586,30.12589197,0 77.26716076,30.12592803,0 77.26706566,30.12596409,0 77.26697056,30.12600015,0 77.26687546,30.12603621,0 77.26678039,30.12607233,0 77.26668532,30.12610846,0 77.26659026,30.12614459,0 77.26649520,30.12618073,0 77.26640013,30.12621686,0 77.26630507,30.12625299,0 77.26621001,30.12628912,0 77.26611494,30.12632526,0 77.26601988,30.12636139,0 77.26592481,30.12639752,0 77.26582975,30.12643366,0 77.26573469,30.12646979,0 77.26563962,30.12650592,0 77.26554456,30.12654205,0 77.26544949,30.12657819,0 77.26535443,30.12661432,0 77.26525937,30.12665045,0 77.26516430,30.12668658,0 77.26506924,30.12672271,0 77.26497417,30.12675885,0 77.26487911,30.12679498,0 77.26478404,30.12683111,0 77.26468898,30.12686725,0 77.26459392,30.12690339,0 77.26449887,30.12693954,0 77.26440381,30.12697569,0 77.26430875,30.12701183,0 77.26421369,30.12704798,0 77.26411863,30.12708412,0 77.26402357,30.12712027,0 77.26392852,30.12715641,0 77.26383346,30.12719256,0 77.26373840,30.12722870,0 77.26364334,30.12726485,0 77.26354828,30.12730099,0 77.26345322,30.12733714,0 77.26335816,30.12737328,0 77.26326311,30.12740943,0 77.26316805,30.12744557,0 77.26307299,30.12748172,0 77.26297793,30.12751786,0 77.26288287,30.12755401,0 77.26278781,30.12759015,0 77.26269275,30.12762629,0 77.26259769,30.12766244,0 77.26250263,30.12769858,0 77.26240757,30.12773473,0 77.26231251,30.12777087,0 77.26221745,30.12780702,0 77.26212239,30.12784316,0 77.26202733,30.12787930,0 77.26193227,30.12791545,0 77.26183721,30.12795159,0 77.26174215,30.12798773,0 77.26164709,30.12802388,0 77.26155203,30.12806002,0 77.26145697,30.12809617,0 77.26136191,30.12813231,0 77.26126685,30.12816845,0 77.26117179,30.12820460,0 77.26107673,30.12824074,0 77.26098167,30.12827688,0 77.26088661,30.12831302,0 77.26079155,30.12834917,0 77.26069649,30.12838531,0 77.26060143,30.12842145,0 77.26050637,30.12845760,0 77.26041131,30.12849374,0 77.26031624,30.12852988,0 77.26022118,30.12856602,0 77.26012612,30.12860217,0 77.26003106,30.12863831,0 77.25993600,30.12867445,0 77.25984094,30.12871059,0 77.25974588,30.12874674,0 77.25965081,30.12878288,0 77.25955575,30.12881902,0 77.25946069,30.12885516,0 77.25936563,30.12889131,0 77.25927057,30.12892745,0 77.25917551,30.12896359,0 77.25908044,30.12899973,0 77.25898538,30.12903587,0 77.25889032,30.12907202,0 77.25879526,30.12910816,0 77.25870019,30.12914430,0 77.25860513,30.12918044,0 77.25851007,30.12921658,0 77.25841501,30.12925272,0 77.25831994,30.12928886,0 77.25822488,30.12932501,0 77.25812982,30.12936115,0 77.25803476,30.12939729,0 77.25793969,30.12943343,0 77.25784463,30.12946957,0 77.25774957,30.12950571,0 77.25765450,30.12954185,0 77.25755944,30.12957799,0 77.25746438,30.12961413,0 77.25736931,30.12965027,0 77.25727425,30.12968641,0 77.25717919,30.12972256,0 77.25708412,30.12975870,0 77.25698906,30.12979484,0 77.25689400,30.12983098,0 77.25679893,30.12986712,0 77.25670387,30.12990326,0 77.25660880,30.12993940,0 77.25651374,30.12997554,0 77.25641868,30.13001168,0 77.25632361,30.13004782,0 77.25622855,30.13008396,0 77.25613348,30.13012010,0 77.25603842,30.13015624,0 77.25594335,30.13019238,0 77.25584829,30.13022852,0 77.25575322,30.13026466,0 77.25565816,30.13030080,0 77.25556309,30.13033693,0 77.25546803,30.13037307,0 77.25537297,30.13040921,0 77.25527790,30.13044535,0 77.25518283,30.13048149,0 77.25508777,30.13051763,0 77.25499270,30.13055376,0 77.25489763,30.13058990,0 77.25480257,30.13062604,0 77.25470750,30.13066217,0 77.25461243,30.13069831,0 77.25451737,30.13073444,0 77.25442230,30.13077058,0 77.25432723,30.13080672,0 77.25423208,30.13084267,0 77.25413683,30.13087844,0 77.25404158,30.13091422,0 77.25394633,30.13094999,0 77.25385108,30.13098576,0 77.25375583,30.13102153,0 77.25366058,30.13105730,0 77.25356533,30.13109308,0 77.25347008,30.13112885,0 77.25337483,30.13116462,0 77.25327958,30.13120039,0 77.25318433,30.13123616,0 77.25308908,30.13127193,0 77.25299383,30.13130771,0 77.25289858,30.13134348,0 77.25280333,30.13137925,0 77.25270808,30.13141502,0 77.25261283,30.13145079,0 77.25251758,30.13148656,0 77.25242233,30.13152233,0 77.25232708,30.13155810,0 77.25223183,30.13159387,0 77.25213658,30.13162965,0 77.25204133,30.13166542,0 77.25194608,30.13170119,0 77.25185083,30.13173696,0 77.25175558,30.13177273,0 77.25166033,30.13180850,0 77.25156508,30.13184427,0 77.25146982,30.13188004,0 77.25137457,30.13191581,0 77.25127932,30.13195158,0 77.25118407,30.13198735,0 77.25108882,30.13202312,0 77.25099357,30.13205889,0 77.25089832,30.13209466,0 77.25080307,30.13213043,0 77.25070781,30.13216620,0 77.25061256,30.13220197,0 77.25051731,30.13223774,0 77.25042206,30.13227351,0 77.25032681,30.13230928,0 77.25023155,30.13234505,0 77.25013630,30.13238082,0 77.25004105,30.13241659,0 77.24994580,30.13245236,0 77.24985055,30.13248813,0 77.24975529,30.13252390,0 77.24966004,30.13255967,0 77.24956479,30.13259543,0 77.24946954,30.13263120,0 77.24937428,30.13266697,0 77.24927903,30.13270274,0 77.24918378,30.13273851,0 77.24908852,30.13277428,0 77.24899327,30.13281005,0 77.24889802,30.13284582,0 77.24880277,30.13288158,0 77.24870751,30.13291735,0 77.24861226,30.13295312,0 77.24851701,30.13298889,0 77.24842175,30.13302466,0 77.24832650,30.13306043,0 77.24823125,30.13309619,0 77.24813599,30.13313196,0 77.24804074,30.13316773,0 77.24794548,30.13320350,0 77.24785023,30.13323927,0 77.24775498,30.13327503,0 77.24765972,30.13331080,0 77.24756447,30.13334657,0 77.24746921,30.13338234,0 77.24737396,30.13341811,0 77.24727871,30.13345387,0 77.24718345,30.13348964,0 77.24708820,30.13352541,0 77.24699294,30.13356118,0 77.24689769,30.13359694,0 77.24680243,30.13363271,0 77.24670718,30.13366848,0 77.24661192,30.13370424,0 77.24651667,30.13374001,0 77.24642141,30.13377578,0 77.24632616,30.13381154,0 77.24623090,30.13384731,0 77.24613565,30.13388308,0 77.24604039,30.13391884,0 77.24594514,30.13395461,0 77.24584988,30.13399038,0 77.24575463,30.13402614,0 77.24565934,30.13406184,0 77.24556401,30.13409746,0 77.24546869,30.13413309,0 77.24537336,30.13416872,0 77.24527804,30.13420435,0 77.24518271,30.13423998,0 77.24508739,30.13427560,0 77.24499207,30.13431123,0 77.24489674,30.13434686,0 77.24480142,30.13438249,0 77.24470609,30.13441811,0 77.24461077,30.13445374,0 77.24451544,30.13448937,0 77.24442012,30.13452500,0 77.24432479,30.13456062,0 77.24422947,30.13459625,0 77.24413414,30.13463188,0 77.24403882,30.13466751,0 77.24394349,30.13470313,0 77.24384817,30.13473876,0 77.24375284,30.13477439,0 77.24365752,30.13481001,0 77.24356219,30.13484564,0 77.24346686,30.13488127,0 77.24337154,30.13491689,0 77.24327621,30.13495252,0 77.24318089,30.13498815,0 77.24308556,30.13502377,0 77.24299023,30.13505940,0 77.24289491,30.13509502,0 77.24279958,30.13513065,0 77.24270426,30.13516628,0 77.24260893,30.13520190,0 77.24251360,30.13523753,0 77.24241828,30.13527316,0 77.24232295,30.13530878,0 77.24222762,30.13534441,0 77.24213230,30.13538003,0 77.24203697,30.13541566,0 77.24194164,30.13545128,0 77.24184632,30.13548691,0 77.24175099,30.13552253,0 77.24165566,30.13555816,0 77.24156034,30.13559379,0 77.24146501,30.13562941,0 77.24136968,30.13566504,0 77.24127435,30.13570066,0 77.24117903,30.13573629,0 77.24108370,30.13577191,0 77.24098837,30.13580754,0 77.24089304,30.13584316,0 77.24079772,30.13587879,0 77.24070239,30.13591441,0 77.24060706,30.13595004,0 77.24051173,30.13598566,0 77.24041640,30.13602128,0 77.24032108,30.13605691,0 77.24022575,30.13609253,0 77.24013042,30.13612816,0 77.24003509,30.13616378,0 77.23993976,30.13619941,0 77.23984443,30.13623503,0 77.23974911,30.13627065,0 77.23965378,30.13630628,0 77.23955845,30.13634190,0 77.23946312,30.13637753,0 77.23936779,30.13641315,0 77.23927246,30.13644877,0 77.23917713,30.13648440,0 77.23908180,30.13652002,0 77.23898648,30.13655565,0 77.23889115,30.13659127,0 77.23879604,30.13662735,0 77.23870095,30.13666345,0 77.23860587,30.13669956,0 77.23851078,30.13673566,0 77.23841569,30.13677177,0 77.23832060,30.13680787,0 77.23822551,30.13684398,0 77.23813042,30.13688008,0 77.23803533,30.13691618,0 77.23794024,30.13695229,0 77.23784515,30.13698839,0 77.23775006,30.13702450,0 77.23765497,30.13706060,0 77.23755988,30.13709671,0 77.23746479,30.13713281,0 77.23736970,30.13716891,0 77.23727461,30.13720502,0 77.23717952,30.13724112,0 77.23708443,30.13727723,0 77.23698934,30.13731333,0 77.23689425,30.13734943,0 77.23679916,30.13738554,0 77.23670406,30.13742164,0 77.23660897,30.13745774,0 77.23651388,30.13749385,0 77.23641879,30.13752995,0 77.23632370,30.13756605,0 77.23622861,30.13760216,0 77.23613352,30.13763826,0 77.23603843,30.13767436,0 77.23594334,30.13771046,0 77.23584824,30.13774657,0 77.23575315,30.13778267,0 77.23565806,30.13781877,0 77.23556297,30.13785488,0 77.23546788,30.13789098,0 77.23537279,30.13792708,0 77.23527770,30.13796318,0 77.23518260,30.13799929,0 77.23508751,30.13803539,0 77.23499242,30.13807149,0 77.23489733,30.13810759,0 77.23480224,30.13814370,0 77.23470714,30.13817980,0 77.23461205,30.13821590,0 77.23451696,30.13825200,0 77.23442187,30.13828811,0 77.23432677,30.13832421,0 77.23423168,30.13836031,0 77.23413659,30.13839641,0 77.23404150,30.13843251,0 77.23394640,30.13846861,0 77.23385131,30.13850472,0 77.23375622,30.13854082,0 77.23366112,30.13857692,0 77.23356603,30.13861302,0 77.23347094,30.13864912,0 77.23337584,30.13868522,0 77.23328075,30.13872132,0 77.23318566,30.13875743,0 77.23309056,30.13879353,0 77.23299547,30.13882963,0 77.23290038,30.13886573,0 77.23280528,30.13890183,0 77.23271019,30.13893793,0 77.23261510,30.13897403,0 77.23252000,30.13901013,0 77.23242491,30.13904623,0 77.23232981,30.13908233,0 77.23223472,30.13911843,0 77.23213962,30.13915453,0 77.23204453,30.13919063,0 77.23194944,30.13922673,0 77.23185434,30.13926283,0 77.23175925,30.13929893,0 77.23166415,30.13933503,0 77.23156906,30.13937113,0 77.23147396,30.13940723,0 77.23137887,30.13944333,0 77.23128377,30.13947943,0 77.23118868,30.13951553,0 77.23109358,30.13955163,0 77.23099849,30.13958773,0 77.23090339,30.13962383,0 77.23080830,30.13965993,0 77.23071320,30.13969603,0 77.23061811,30.13973213,0 77.23052301,30.13976823,0 77.23042792,30.13980433,0 77.23033282,30.13984043,0 77.23023773,30.13987653,0 77.23014263,30.13991263,0 77.23004753,30.13994873,0 77.22995244,30.13998483,0 77.22985734,30.14002092,0 77.22976225,30.14005702,0 77.22966715,30.14009312,0 77.22957205,30.14012922,0 77.22947696,30.14016532,0 77.22938186,30.14020142,0 77.22928676,30.14023752,0 77.22919167,30.14027361,0 77.22909657,30.14030971,0 77.22900148,30.14034581,0 77.22890638,30.14038191,0 77.22881128,30.14041801,0 77.22871618,30.14045411,0 77.22862109,30.14049020,0 77.22852599,30.14052630,0 77.22843089,30.14056240,0 77.22833580,30.14059850,0 77.22824070,30.14063460,0 77.22814560,30.14067069,0 77.22805050,30.14070679,0 77.22795541,30.14074289,0 77.22786031,30.14077899,0 77.22776521,30.14081508,0 77.22767011,30.14085118,0 77.22757502,30.14088728,0 77.22747992,30.14092337,0 77.22738482,30.14095947,0 77.22728972,30.14099557,0 77.22719463,30.14103167,0 77.22709953,30.14106776,0 77.22700443,30.14110386,0 77.22690933,30.14113996,0 77.22681423,30.14117605,0 77.22671913,30.14121215,0 77.22662404,30.14124825,0 77.22652894,30.14128434,0 77.22643384,30.14132044,0 77.22633874,30.14135654,0 77.22624364,30.14139263,0 77.22614854,30.14142873,0 77.22605344,30.14146482,0 77.22595834,30.14150092,0 77.22586325,30.14153702,0 77.22576815,30.14157311,0 77.22567305,30.14160921,0 77.22557795,30.14164530,0 77.22548285,30.14168140,0 77.22538775,30.14171750,0 77.22529265,30.14175359,0 77.22519755,30.14178969,0 77.22510245,30.14182578,0 77.22500735,30.14186188,0 77.22491225,30.14189797,0 77.22481715,30.14193407,0 77.22472205,30.14197016,0 77.22462695,30.14200626,0 77.22453185,30.14204235,0 77.22443675,30.14207845,0 77.22434165,30.14211455,0 77.22424655,30.14215064,0 77.22415145,30.14218673,0 77.22405635,30.14222283,0 77.22396125,30.14225892,0 77.22386615,30.14229502,0 77.22377105,30.14233111,0 77.22367595,30.14236721,0 77.22358085,30.14240330,0 77.22348575,30.14243940,0 77.22339064,30.14247549,0 77.22329554,30.14251159,0 77.22320044,30.14254768,0 77.22310534,30.14258377,0 77.22301024,30.14261987,0 77.22291514,30.14265596,0 77.22282004,30.14269206,0 77.22272494,30.14272815,0 77.22262983,30.14276424,0 77.22253473,30.14280034,0 77.22243963,30.14283643,0 77.22234453,30.14287252,0 77.22224943,30.14290862,0 77.22215433,30.14294471,0 77.22205922,30.14298081,0 77.22196412,30.14301690,0 77.22186902,30.14305299,0 77.22177392,30.14308909,0 77.22167881,30.14312518,0 77.22158371,30.14316127,0 77.22148861,30.14319736,0 77.22139351,30.14323346,0 77.22129841,30.14326955,0 77.22120330,30.14330564,0 77.22110820,30.14334174,0 77.22101310,30.14337783,0 77.22091799,30.14341392,0 77.22082289,30.14345001,0 77.22072779,30.14348611,0 77.22063269,30.14352220,0 77.22053758,30.14355829,0 77.22044248,30.14359438,0 77.22034738,30.14363048,0 77.22025227,30.14366657,0 77.22015717,30.14370266,0 77.22006207,30.14373875,0 77.21996696,30.14377484,0 77.21987186,30.14381094,0 77.21977675,30.14384703,0 77.21968165,30.14388312,0 77.21958655,30.14391921,0 77.21949144,30.14395530,0 77.21939634,30.14399140,0 77.21930123,30.14402749,0 77.21920613,30.14406358,0 77.21911103,30.14409967,0 77.21901592,30.14413576,0 77.21892082,30.14417185,0 77.21882571,30.14420794,0 77.21873061,30.14424404,0 77.21863551,30.14428013,0 77.21854040,30.14431622,0 77.21844530,30.14435231,0 77.21835019,30.14438840,0 77.21825509,30.14442449,0 77.21815998,30.14446058,0 77.21806488,30.14449667,0 77.21796977,30.14453276,0 77.21787467,30.14456886,0 77.21777956,30.14460495,0 77.21768446,30.14464104,0 77.21758935,30.14467713,0 77.21749425,30.14471322,0 77.21739914,30.14474931,0 77.21730403,30.14478540,0 77.21720893,30.14482149,0 77.21711381,30.14485755,0 77.21701868,30.14489359,0 77.21692355,30.14492964,0 77.21682842,30.14496568,0 77.21673329,30.14500172,0 77.21663816,30.14503776,0 77.21654303,30.14507380,0 77.21644790,30.14510984,0 77.21635277,30.14514588,0 77.21625763,30.14518192,0 77.21616250,30.14521796,0 77.21606737,30.14525400,0 77.21597224,30.14529004,0 77.21587711,30.14532608,0 77.21578198,30.14536212,0 77.21568685,30.14539816,0 77.21559172,30.14543420,0 77.21549658,30.14547024,0 77.21540145,30.14550628,0 77.21530632,30.14554232,0 77.21521119,30.14557836,0 77.21511606,30.14561440,0 77.21502093,30.14565044,0 77.21492579,30.14568648,0 77.21483066,30.14572252,0 77.21473553,30.14575856,0 77.21464040,30.14579460,0 77.21454527,30.14583064,0 77.21445013,30.14586668,0 77.21435500,30.14590272,0 77.21425987,30.14593876,0 77.21416474,30.14597480,0 77.21406960,30.14601084,0 77.21397447,30.14604688,0 77.21387934,30.14608292,0 77.21378420,30.14611895,0 77.21368907,30.14615499,0 77.21359394,30.14619103,0 77.21349881,30.14622707,0 77.21340367,30.14626311,0 77.21330854,30.14629915,0 77.21321341,30.14633519,0 77.21311827,30.14637122,0 77.21302314,30.14640726,0 77.21292801,30.14644330,0 77.21283287,30.14647934,0 77.21273774,30.14651538,0 77.21264261,30.14655142,0 77.21254747,30.14658745,0 77.21245234,30.14662349,0 77.21235720,30.14665953,0 77.21226207,30.14669557,0 77.21216694,30.14673161,0 77.21207180,30.14676764,0 77.21197667,30.14680368,0 77.21188153,30.14683972,0 77.21178640,30.14687576,0 77.21169126,30.14691179,0 77.21159613,30.14694783,0 77.21150100,30.14698387,0 77.21140586,30.14701991,0 77.21131073,30.14705594,0 77.21121559,30.14709198,0 77.21112046,30.14712802,0 77.21102532,30.14716405,0 77.21093019,30.14720009,0 77.21083505,30.14723613,0 77.21073992,30.14727216,0 77.21064478,30.14730820,0 77.21054965,30.14734424,0 77.21045451,30.14738028,0 77.21035937,30.14741631,0 77.21026424,30.14745235,0 77.21016910,30.14748838,0 77.21007397,30.14752442,0 77.20997883,30.14756046,0 77.20988370,30.14759649,0 77.20978856,30.14763253,0 77.20969342,30.14766857,0 77.20959829,30.14770460,0 77.20950315,30.14774064,0 77.20940802,30.14777667,0 77.20931288,30.14781271,0 77.20921774,30.14784875,0 77.20912261,30.14788478,0 77.20902747,30.14792082,0 77.20893233,30.14795685,0 77.20883720,30.14799289,0 77.20874206,30.14802892,0 77.20864692,30.14806496,0 77.20855179,30.14810099,0 77.20845665,30.14813703,0 77.20836151,30.14817306,0 77.20826638,30.14820910,0 77.20817124,30.14824513,0 77.20807610,30.14828117,0 77.20798096,30.14831720,0 77.20788583,30.14835324,0 77.20779069,30.14838927,0 77.20769555,30.14842531,0 77.20760038,30.14846127,0 77.20750518,30.14849717,0 77.20740997,30.14853308,0 77.20731477,30.14856898,0 77.20721956,30.14860488,0 77.20712436,30.14864078,0 77.20702915,30.14867668,0 77.20693395,30.14871258,0 77.20683877,30.14874853,0 77.20674374,30.14878478,0 77.20664871,30.14882104,0 77.20655368,30.14885729,0 77.20645865,30.14889354,0 77.20636363,30.14892979,0 77.20626860,30.14896604,0 77.20617357,30.14900230,0 77.20607854,30.14903855,0 77.20598351,30.14907480,0 77.20588848,30.14911105,0 77.20579345,30.14914730,0 77.20569842,30.14918355,0 77.20560339,30.14921981,0 77.20550836,30.14925606,0 77.20541333,30.14929231,0 77.20531831,30.14932856,0 77.20522328,30.14936481,0 77.20512825,30.14940106,0 77.20503322,30.14943731,0 77.20493819,30.14947356,0 77.20484316,30.14950981,0 77.20474813,30.14954607,0 77.20465310,30.14958232,0 77.20455807,30.14961857,0 77.20446304,30.14965482,0 77.20436801,30.14969107,0 77.20427298,30.14972732,0 77.20417795,30.14976357,0 77.20408291,30.14979982,0 77.20398788,30.14983607,0 77.20389285,30.14987232,0 77.20379782,30.14990857,0 77.20370279,30.14994482,0 77.20360776,30.14998107,0 77.20351273,30.15001732,0 77.20341770,30.15005357,0 77.20332267,30.15008982,0 77.20322764,30.15012607,0 77.20313261,30.15016232,0 77.20303757,30.15019857,0 77.20294254,30.15023482,0 77.20284751,30.15027107,0 77.20275248,30.15030732,0 77.20265745,30.15034357,0 77.20256242,30.15037982,0 77.20246739,30.15041607,0 77.20237235,30.15045232,0 77.20227732,30.15048856,0 77.20218229,30.15052481,0 77.20208726,30.15056106,0 77.20199223,30.15059731,0 77.20189719,30.15063356,0 77.20180216,30.15066981,0 77.20170713,30.15070606,0 77.20161210,30.15074231,0 77.20151706,30.15077856,0 77.20142203,30.15081480,0 77.20132700,30.15085105,0 77.20123197,30.15088730,0 77.20113693,30.15092355,0 77.20104190,30.15095980,0 77.20094687,30.15099605,0 77.20085184,30.15103229,0 77.20075680,30.15106854,0 77.20066177,30.15110479,0 77.20056674,30.15114104,0 77.20047170,30.15117729,0 77.20037667,30.15121353,0 77.20028164,30.15124978,0 77.20018660,30.15128603,0 77.20009157,30.15132228,0 77.19999654,30.15135852,0 77.19990150,30.15139477,0 77.19980647,30.15143102,0 77.19971143,30.15146727,0 77.19961640,30.15150351,0 77.19952137,30.15153976,0 77.19942633,30.15157601,0 77.19933130,30.15161226,0 77.19923626,30.15164850,0 77.19914123,30.15168475,0 77.19904620,30.15172100,0 77.19895116,30.15175724,0 77.19885613,30.15179349,0 77.19876109,30.15182974,0 77.19866606,30.15186598,0 77.19857102,30.15190223,0 77.19847599,30.15193848,0 77.19838095,30.15197472,0 77.19828592,30.15201097,0 77.19819088,30.15204722,0 77.19809580,30.15208337,0 77.19800068,30.15211944,0 77.19790555,30.15215551,0 77.19781043,30.15219158,0 77.19771531,30.15222765,0 77.19762018,30.15226372,0 77.19752506,30.15229980,0 77.19742994,30.15233587,0 77.19733481,30.15237194,0 77.19723969,30.15240801,0 77.19714457,30.15244408,0 77.19704944,30.15248015,0 77.19695432,30.15251622,0 77.19685919,30.15255229,0 77.19676407,30.15258836,0 77.19666895,30.15262443,0 77.19657382,30.15266050,0 77.19647870,30.15269657,0 77.19638357,30.15273264,0 77.19628845,30.15276872,0 77.19619332,30.15280479,0 77.19609820,30.15284086,0 77.19600307,30.15287693,0 77.19590795,30.15291300,0 77.19581283,30.15294907,0 77.19571770,30.15298514,0 77.19562258,30.15302121,0 77.19552745,30.15305728,0 77.19543233,30.15309335,0 77.19533720,30.15312941,0 77.19524208,30.15316548,0 77.19514695,30.15320155,0 77.19505182,30.15323762,0 77.19495670,30.15327369,0 77.19486157,30.15330976,0 77.19476645,30.15334583,0 77.19467132,30.15338190,0 77.19457620,30.15341797,0 77.19448107,30.15345404,0 77.19438594,30.15349011,0 77.19429082,30.15352618,0 77.19419569,30.15356225,0 77.19410057,30.15359831,0 77.19400544,30.15363438,0 77.19391031,30.15367045,0 77.19381519,30.15370652,0 77.19372006,30.15374259,0 77.19362494,30.15377866,0 77.19352981,30.15381473,0 77.19343468,30.15385079,0 77.19333956,30.15388686,0 77.19324443,30.15392293,0 77.19314930,30.15395900,0 77.19305417,30.15399507,0 77.19295905,30.15403114,0 77.19286392,30.15406720,0 77.19276879,30.15410327,0 77.19267367,30.15413934,0 77.19257854,30.15417541,0 77.19248341,30.15421147,0 77.19238828,30.15424754,0 77.19229316,30.15428361,0 77.19219803,30.15431968,0 77.19210290,30.15435574,0 77.19200777,30.15439181,0 77.19191265,30.15442788,0 77.19181752,30.15446395,0 77.19172239,30.15450002,0 77.19162727,30.15453610,0 77.19153215,30.15457218,0 77.19143703,30.15460827,0 77.19134191,30.15464435,0 77.19124679,30.15468043,0 77.19115167,30.15471652,0 77.19105655,30.15475260,0 77.19096143,30.15478868,0 77.19086631,30.15482476,0 77.19077119,30.15486085,0 77.19067607,30.15489693,0 77.19058095,30.15493301,0 77.19048583,30.15496909,0 77.19039071,30.15500517,0 77.19029558,30.15504126,0 77.19020046,30.15507734,0 77.19010534,30.15511342,0 77.19001053,30.15515011,0 77.18991574,30.15518685,0 77.18982096,30.15522359,0 77.18972617,30.15526033,0 77.18963138,30.15529708,0 77.18953660,30.15533382,0 77.18944181,30.15537056,0 77.18934703,30.15540730,0 77.18925224,30.15544404,0 77.18915745,30.15548079,0 77.18906267,30.15551753,0 77.18896788,30.15555427,0 77.18887309,30.15559101,0 77.18877831,30.15562775,0 77.18868352,30.15566450,0 77.18858857,30.15570092,0 77.18849349,30.15573708,0 77.18839841,30.15577324,0 77.18830332,30.15580940,0 77.18820824,30.15584556,0 77.18811316,30.15588172,0 77.18801808,30.15591788,0 77.18792299,30.15595404,0 77.18782791,30.15599020,0 77.18773283,30.15602636,0 77.18763774,30.15606252,0 77.18754266,30.15609868,0 77.18744758,30.15613484,0 77.18735249,30.15617100,0 77.18725741,30.15620716,0 77.18716233,30.15624332,0 77.18706724,30.15627947,0 77.18697216,30.15631563,0 77.18687707,30.15635179,0 77.18678199,30.15638795,0 77.18668691,30.15642411,0 77.18659182,30.15646027,0 77.18649674,30.15649643,0 77.18640165,30.15653259,0 77.18630657,30.15656874,0 77.18621148,30.15660490,0 77.18611640,30.15664106,0 77.18602132,30.15667722,0 77.18592623,30.15671338,0 77.18583115,30.15674954,0 77.18573606,30.15678569,0 77.18564098,30.15682185,0 77.18554589,30.15685801,0 77.18545081,30.15689417,0 77.18535572,30.15693032,0 77.18526064,30.15696648,0 77.18516555,30.15700264,0 77.18507047,30.15703880,0 77.18497538,30.15707496,0 77.18488030,30.15711111,0 77.18478521,30.15714727,0 77.18469012,30.15718343,0 77.18459504,30.15721958,0 77.18449995,30.15725574,0 77.18440487,30.15729190,0 77.18430978,30.15732806,0 77.18421470,30.15736421,0 77.18411961,30.15740037,0 77.18402452,30.15743653,0 77.18392944,30.15747268,0 77.18383435,30.15750884,0 77.18373926,30.15754500,0 77.18364418,30.15758115,0 77.18354909,30.15761731,0 77.18345401,30.15765347,0 77.18335892,30.15768962,0 77.18326383,30.15772578,0 77.18316875,30.15776194,0 77.18307366,30.15779809,0 77.18297857,30.15783425,0 77.18288348,30.15787040,0 77.18278840,30.15790656,0 77.18269331,30.15794272,0 77.18259822,30.15797887,0 77.18250314,30.15801503,0 77.18240805,30.15805118,0 77.18231296,30.15808734,0 77.18221787,30.15812349,0 77.18212279,30.15815965,0 77.18202770,30.15819581,0 77.18193261,30.15823196,0 77.18183752,30.15826812,0 77.18174244,30.15830427,0 77.18164735,30.15834043,0 77.18155224,30.15837654,0 77.18145712,30.15841264,0 77.18136201,30.15844874,0 77.18126689,30.15848485,0 77.18117178,30.15852095,0 77.18107666,30.15855705,0 77.18098155,30.15859315,0 77.18088643,30.15862925,0 77.18079132,30.15866535,0 77.18069620,30.15870146,0 77.18060109,30.15873756,0 77.18050597,30.15877366,0 77.18041086,30.15880976,0 77.18031574,30.15884586,0 77.18022062,30.15888196,0 77.18012551,30.15891806,0 77.18003039,30.15895416,0 77.17993528,30.15899027,0 77.17984016,30.15902637,0 77.17974504,30.15906247,0 77.17964993,30.15909857,0 77.17955481,30.15913467,0 77.17945970,30.15917077,0 77.17936458,30.15920687,0 77.17926946,30.15924297,0 77.17917435,30.15927907,0 77.17907917,30.15931505,0 77.17898394,30.15935092,0 77.17888870,30.15938679,0 77.17879347,30.15942266,0 77.17869824,30.15945853,0 77.17860301,30.15949440,0 77.17850778,30.15953027,0 77.17841254,30.15956614,0 77.17831731,30.15960201,0 77.17822208,30.15963787,0 77.17812685,30.15967374,0 77.17803161,30.15970961,0 77.17793638,30.15974548,0 77.17784115,30.15978135,0 77.17774591,30.15981722,0 77.17765068,30.15985309,0 77.17755545,30.15988896,0 77.17746022,30.15992483,0 77.17736498,30.15996070,0 77.17726975,30.15999657,0 77.17717452,30.16003244,0 77.17707928,30.16006831,0 77.17698405,30.16010417,0 77.17688882,30.16014004,0 77.17679358,30.16017591,0 77.17669835,30.16021178,0 77.17660312,30.16024765,0 77.17650788,30.16028352,0 77.17641265,30.16031939,0 77.17631741,30.16035525,0 77.17622218,30.16039112,0 77.17612695,30.16042699,0 77.17603171,30.16046286,0 77.17593648,30.16049873,0 77.17584124,30.16053460,0 77.17574601,30.16057046,0 77.17565077,30.16060633,0 77.17555554,30.16064220,0 77.17546031,30.16067807,0 77.17536507,30.16071393,0 77.17526984,30.16074980,0 77.17517460,30.16078567,0 77.17507937,30.16082154,0 77.17498413,30.16085740,0 77.17488890,30.16089327,0 77.17479366,30.16092914,0 77.17469843,30.16096501,0 77.17460319,30.16100087,0 77.17450796,30.16103674,0 77.17441272,30.16107261,0 77.17431749,30.16110847,0 77.17422225,30.16114434,0 77.17412701,30.16118021,0 77.17403178,30.16121608,0 77.17393654,30.16125194,0 77.17384131,30.16128781,0 77.17374607,30.16132368,0 77.17365084,30.16135954,0 77.17355560,30.16139541,0 77.17346036,30.16143127,0 77.17336513,30.16146714,0 77.17326989,30.16150301,0 77.17317465,30.16153887,0 77.17307942,30.16157474,0 77.17298418,30.16161061,0 77.17288895,30.16164647,0 77.17279371,30.16168234,0 77.17269847,30.16171820,0 77.17260324,30.16175407,0 77.17250800,30.16178994,0 77.17241276,30.16182580,0 77.17231752,30.16186167,0 77.17222229,30.16189753,0 77.17212705,30.16193340,0 77.17203181,30.16196926,0 77.17193658,30.16200513,0 77.17184134,30.16204099,0 77.17174610,30.16207686,0 77.17165086,30.16211272,0 77.17155563,30.16214859,0 77.17146039,30.16218445,0 77.17136515,30.16222032,0 77.17126991,30.16225618,0 77.17117468,30.16229205,0 77.17107944,30.16232791,0 77.17098420,30.16236378,0 77.17088896,30.16239964,0 77.17079372,30.16243551,0 77.17069849,30.16247137,0 77.17060325,30.16250724,0 77.17050801,30.16254310,0 77.17041277,30.16257896,0 77.17031753,30.16261483,0 77.17022229,30.16265069,0 77.17012705,30.16268656,0 77.17003182,30.16272242,0 77.16993658,30.16275828,0 77.16984134,30.16279415,0 77.16974610,30.16283001,0 77.16965086,30.16286588,0 77.16955567,30.16290184,0 77.16946053,30.16293789,0 77.16936538,30.16297395,0 77.16927024,30.16301000,0 77.16917509,30.16304605,0 77.16907995,30.16308210,0 77.16898480,30.16311815,0 77.16888966,30.16315420,0 77.16879451,30.16319025,0 77.16869936,30.16322631,0 77.16860422,30.16326236,0 77.16850907,30.16329841,0 77.16841393,30.16333446,0 77.16831878,30.16337051,0 77.16822364,30.16340656,0 77.16812849,30.16344261,0 77.16803334,30.16347866,0 77.16793820,30.16351471,0 77.16784305,30.16355076,0 77.16774790,30.16358681,0 77.16765276,30.16362286,0 77.16755761,30.16365892,0 77.16746247,30.16369497,0 77.16736732,30.16373102,0 77.16727217,30.16376707,0 77.16717703,30.16380312,0 77.16708188,30.16383917,0 77.16698673,30.16387522,0 77.16689158,30.16391127,0 77.16679644,30.16394732,0 77.16670129,30.16398337,0 77.16660614,30.16401942,0 77.16651100,30.16405547,0 77.16641585,30.16409152,0 77.16632070,30.16412757,0 77.16622555,30.16416362,0 77.16613041,30.16419966,0 77.16603526,30.16423571,0 77.16594011,30.16427176,0 77.16584496,30.16430781,0 77.16574982,30.16434386,0 77.16565467,30.16437991,0 77.16555952,30.16441596,0 77.16546437,30.16445201,0 77.16536922,30.16448806,0 77.16527408,30.16452411,0 77.16517893,30.16456016,0 77.16508378,30.16459620,0 77.16498863,30.16463225,0 77.16489348,30.16466830,0 77.16479833,30.16470435,0 77.16470318,30.16474040,0 77.16460804,30.16477645,0 77.16451289,30.16481250,0 77.16441774,30.16484854,0 77.16432259,30.16488459,0 77.16422744,30.16492064,0 77.16413229,30.16495669,0 77.16403714,30.16499274,0 77.16394199,30.16502879,0 77.16384684,30.16506483,0 77.16375169,30.16510088,0 77.16365654,30.16513693,0 77.16356140,30.16517298,0 77.16346625,30.16520902,0 77.16337110,30.16524507,0 77.16327595,30.16528112,0 77.16318080,30.16531717,0 77.16308565,30.16535321,0 77.16299050,30.16538926,0 77.16289535,30.16542531,0 77.16280020,30.16546136,0 77.16270505,30.16549740,0 77.16260990,30.16553345,0 77.16251475,30.16556950,0 77.16241960,30.16560554,0 77.16232444,30.16564159,0 77.16222929,30.16567764,0 77.16213414,30.16571368,0 77.16203899,30.16574973,0 77.16194384,30.16578578,0 77.16184869,30.16582182,0 77.16175354,30.16585787,0 77.16165839,30.16589392,0 77.16156324,30.16592996,0 77.16146809,30.16596601,0 77.16137294,30.16600206,0 77.16127778,30.16603810,0 77.16118263,30.16607415,0 77.16108748,30.16611019,0 77.16099233,30.16614624,0 77.16089718,30.16618229,0 77.16080203,30.16621833,0 77.16070688,30.16625438,0 77.16061172,30.16629042,0 77.16051657,30.16632647,0 77.16042142,30.16636251,0 77.16032627,30.16639856,0 77.16023112,30.16643460,0 77.16013596,30.16647065,0 77.16004092,30.16650690,0 77.15994596,30.16654333,0 77.15985100,30.16657975,0 77.15975604,30.16661618,0 77.15966108,30.16665261,0 77.15956612,30.16668903,0 77.15947116,30.16672546,0 77.15937620,30.16676189,0 77.15928124,30.16679831,0 77.15918628,30.16683474,0 77.15909132,30.16687117,0 77.15899636,30.16690759,0 77.15890140,30.16694402,0 77.15880644,30.16698045,0 77.15871147,30.16701687,0 77.15861651,30.16705330,0 77.15852155,30.16708972,0 77.15842659,30.16712615,0 77.15833163,30.16716258,0 77.15823667,30.16719900,0 77.15814171,30.16723543,0 77.15804675,30.16727185,0 77.15795179,30.16730828,0 77.15785683,30.16734470,0 77.15776187,30.16738113,0 77.15766690,30.16741756,0 77.15757194,30.16745398,0 77.15747698,30.16749041,0 77.15738202,30.16752683,0 77.15728706,30.16756326,0 77.15719210,30.16759968,0 77.15709714,30.16763611,0 77.15700217,30.16767253,0 77.15690721,30.16770896,0 77.15681225,30.16774538,0 77.15671729,30.16778181,0 77.15662233,30.16781823,0 77.15652736,30.16785465,0 77.15643240,30.16789108,0 77.15633744,30.16792750,0 77.15624248,30.16796393,0 77.15614751,30.16800035,0 77.15605255,30.16803678,0 77.15595759,30.16807320,0 77.15586263,30.16810963,0 77.15576766,30.16814605,0 77.15567270,30.16818247,0 77.15557774,30.16821890,0 77.15548277,30.16825532,0 77.15538781,30.16829175,0 77.15529285,30.16832817,0 77.15519789,30.16836459,0 77.15510292,30.16840102,0 77.15500796,30.16843744,0 77.15491299,30.16847386,0 77.15481803,30.16851029,0 77.15472307,30.16854671,0 77.15462810,30.16858313,0 77.15453314,30.16861956,0 77.15443818,30.16865598,0 77.15434321,30.16869240,0 77.15424825,30.16872883,0 77.15415328,30.16876525,0 77.15405832,30.16880167,0 77.15396336,30.16883809,0 77.15386839,30.16887452,0 77.15377343,30.16891094,0 77.15367846,30.16894736,0 77.15358350,30.16898379,0 77.15348853,30.16902021,0 77.15339357,30.16905663,0 77.15329861,30.16909305,0 77.15320364,30.16912948,0 77.15310868,30.16916590,0 77.15301371,30.16920232,0 77.15291875,30.16923874,0 77.15282378,30.16927516,0 77.15272882,30.16931159,0 77.15263385,30.16934801,0 77.15253889,30.16938443,0 77.15244403,30.16942107,0 77.15234920,30.16945775,0 77.15225436,30.16949443,0 77.15215953,30.16953111,0 77.15206470,30.16956779,0 77.15196986,30.16960447,0 77.15187503,30.16964115,0 77.15178020,30.16967783,0 77.15168536,30.16971451,0 77.15159053,30.16975119,0 77.15149569,30.16978787,0 77.15140086,30.16982455,0 77.15130602,30.16986123,0 77.15121119,30.16989791,0 77.15111636,30.16993459,0 77.15102152,30.16997127,0 77.15092669,30.17000795,0 77.15083185,30.17004463,0 77.15073702,30.17008131,0 77.15064218,30.17011799,0 77.15054721,30.17015439,0 77.15045211,30.17019055,0 77.15035701,30.17022672,0 77.15026192,30.17026288,0 77.15016682,30.17029905,0 77.15007173,30.17033521,0 77.14997663,30.17037138,0 77.14988153,30.17040754,0 77.14978644,30.17044371,0 77.14969134,30.17047987,0 77.14959624,30.17051603,0 77.14950115,30.17055220,0 77.14940605,30.17058836,0 77.14931095,30.17062453,0 77.14921585,30.17066069,0 77.14912076,30.17069686,0 77.14902566,30.17073302,0 77.14893056,30.17076918,0 77.14883547,30.17080535,0 77.14874037,30.17084151,0 77.14864527,30.17087767,0 77.14855017,30.17091384,0 77.14845508,30.17095000,0 77.14835998,30.17098617,0 77.14826488,30.17102233,0 77.14816978,30.17105849,0 77.14807468,30.17109466,0 77.14797959,30.17113082,0 77.14788449,30.17116698,0 77.14778939,30.17120315,0 77.14769429,30.17123931,0 77.14759919,30.17127547,0 77.14750410,30.17131163,0 77.14740900,30.17134780,0 77.14731390,30.17138396,0 77.14721880,30.17142012,0 77.14712370,30.17145629,0 77.14702860,30.17149245,0 77.14693350,30.17152861,0 77.14683840,30.17156477,0 77.14674331,30.17160094,0 77.14664821,30.17163710,0 77.14655311,30.17167326,0 77.14645801,30.17170942,0 77.14636291,30.17174558,0 77.14626781,30.17178175,0 77.14617271,30.17181791,0 77.14607761,30.17185407,0 77.14598251,30.17189023,0 77.14588741,30.17192639,0 77.14579231,30.17196256,0 77.14569721,30.17199872,0 77.14560211,30.17203488,0 77.14550701,30.17207104,0 77.14541191,30.17210720,0 77.14531681,30.17214336,0 77.14522171,30.17217952,0 77.14512661,30.17221569,0 77.14503151,30.17225185,0 77.14493641,30.17228801,0 77.14484131,30.17232417,0 77.14474621,30.17236033,0 77.14465111,30.17239649,0 77.14455601,30.17243265,0 77.14446091,30.17246881,0 77.14436581,30.17250497,0 77.14427071,30.17254113,0 77.14417561,30.17257730,0 77.14408050,30.17261346,0 77.14398540,30.17264962,0 77.14389030,30.17268578,0 77.14379520,30.17272194,0 77.14370010,30.17275810,0 77.14360500,30.17279426,0 77.14350990,30.17283042,0 77.14341480,30.17286658,0 77.14331969,30.17290274,0 77.14322459,30.17293890,0 77.14312949,30.17297506,0 77.14303439,30.17301122,0 77.14293929,30.17304738,0 77.14284419,30.17308354,0 77.14274908,30.17311970,0 77.14265398,30.17315586,0 77.14255888,30.17319202,0 77.14246378,30.17322817,0 77.14236867,30.17326433,0 77.14227357,30.17330049,0 77.14217847,30.17333665,0 77.14208337,30.17337281,0 77.14198826,30.17340897,0 77.14189316,30.17344513,0 77.14179806,30.17348129,0 77.14170296,30.17351745,0 77.14160785,30.17355361,0 77.14151275,30.17358977,0 77.14141765,30.17362592,0 77.14132254,30.17366208,0 77.14122744,30.17369824,0 77.14113234,30.17373440,0 77.14104098,30.17377675,0 77.14095281,30.17382435,0 77.14086463,30.17387196,0 77.14077646,30.17391956,0 77.14068828,30.17396716,0 77.14060011,30.17401476,0 77.14051193,30.17406237,0 77.14042375,30.17410997,0 77.14033558,30.17415757,0 77.14024740,30.17420517,0 77.14015607,30.17424755,0 77.14006092,30.17428362,0 77.13996577,30.17431968,0 77.13987062,30.17435575,0 77.13977547,30.17439182,0 77.13968032,30.17442788,0 77.13958517,30.17446395,0 77.13949002,30.17450002,0 77.13939487,30.17453609,0 77.13929972,30.17457215,0 77.13920457,30.17460822,0 77.13910942,30.17464429,0 77.13901427,30.17468035,0 77.13891912,30.17471642,0 77.13882396,30.17475249,0 77.13872881,30.17478855,0 77.13863366,30.17482462,0 77.13853851,30.17486069,0 77.13844336,30.17489675,0 77.13834821,30.17493282,0 77.13825306,30.17496889,0 77.13815791,30.17500495,0 77.13806276,30.17504102,0 77.13796761,30.17507708,0 77.13787245,30.17511315,0 77.13777730,30.17514922,0 77.13768215,30.17518528,0 77.13758700,30.17522135,0 77.13749185,30.17525741,0 77.13739670,30.17529348,0 77.13730155,30.17532954,0 77.13720639,30.17536561,0 77.13711124,30.17540167,0 77.13701609,30.17543774,0 77.13692094,30.17547381,0 77.13682579,30.17550987,0 77.13673063,30.17554594,0 77.13663548,30.17558200,0 77.13654033,30.17561807,0 77.13644518,30.17565413,0 77.13635002,30.17569020,0 77.13625487,30.17572626,0 77.13615972,30.17576233,0 77.13606457,30.17579839,0 77.13596941,30.17583445,0 77.13587426,30.17587052,0 77.13577911,30.17590658,0 77.13568395,30.17594265,0 77.13558880,30.17597871,0 77.13549365,30.17601478,0 77.13539849,30.17605084,0 77.13530334,30.17608691,0 77.13520810,30.17612278,0 77.13511142,30.17615564,0 77.13501474,30.17618850,0 77.13491806,30.17622136,0 77.13482139,30.17625422,0 77.13472471,30.17628709,0 77.13462803,30.17631995,0 77.13453135,30.17635281,0 77.13443467,30.17638567,0 77.13433799,30.17641853,0 77.13424132,30.17645139,0 77.13414464,30.17648425,0 77.13404796,30.17651711,0 77.13395128,30.17654997,0 77.13385460,30.17658283,0 77.13375792,30.17661569,0 77.13366124,30.17664855,0 77.13356457,30.17668141,0 77.13346789,30.17671427,0 77.13337121,30.17674713,0 77.13327453,30.17677999,0 77.13317785,30.17681285,0 77.13308117,30.17684571,0 77.13298449,30.17687857,0 77.13288781,30.17691143,0 77.13279113,30.17694429,0 77.13269445,30.17697715,0 77.13259777,30.17701001,0 77.13250109,30.17704287,0 77.13240441,30.17707573,0 77.13230773,30.17710859,0 77.13221105,30.17714145,0 77.13211437,30.17717431,0 77.13201769,30.17720717,0 77.13192101,30.17724003,0 77.13182433,30.17727289,0 77.13172765,30.17730574,0 77.13163097,30.17733860,0 77.13153456,30.17737205,0 77.13143855,30.17740636,0 77.13134254,30.17744066,0 77.13124652,30.17747496,0 77.13115051,30.17750927,0 77.13105450,30.17754357,0 77.13095848,30.17757787,0 77.13086247,30.17761218,0 77.13076646,30.17764648,0 77.13067044,30.17768078,0 77.13057443,30.17771508,0 77.13047841,30.17774939,0 77.13038240,30.17778369,0 77.13028639,30.17781799,0 77.13019037,30.17785230,0 77.13009436,30.17788660,0 77.12999834,30.17792090,0 77.12990233,30.17795520,0 77.12980631,30.17798951,0 77.12971030,30.17802381,0 77.12961428,30.17805811,0 77.12951827,30.17809241,0 77.12942225,30.17812671,0 77.12932624,30.17816102,0 77.12923023,30.17819532,0 77.12913421,30.17822962,0 77.12903819,30.17826392,0 77.12894245,30.17829878,0 77.12884704,30.17833434,0 77.12875164,30.17836990,0 77.12865623,30.17840546,0 77.12856082,30.17844102,0 77.12846542,30.17847658,0 77.12837001,30.17851214,0 77.12827460,30.17854770,0 77.12817919,30.17858326,0 77.12808379,30.17861882,0 77.12798838,30.17865438,0 77.12789297,30.17868994,0 77.12779756,30.17872550,0 77.12770216,30.17876106,0 77.12760675,30.17879662,0 77.12751134,30.17883218,0 77.12741593,30.17886774,0 77.12732053,30.17890330,0 77.12722512,30.17893886,0 77.12712971,30.17897442,0 77.12703430,30.17900998,0 77.12693889,30.17904553,0 77.12684349,30.17908109,0 77.12674808,30.17911665,0 77.12665267,30.17915221,0 77.12655726,30.17918777,0 77.12646185,30.17922333,0 77.12636644,30.17925889,0 77.12627104,30.17929445,0 77.12617563,30.17933000,0 77.12608022,30.17936556,0 77.12598481,30.17940112,0 77.12588940,30.17943668,0 77.12579399,30.17947224,0 77.12569858,30.17950780,0 77.12560317,30.17954335,0 77.12550776,30.17957891,0 77.12541235,30.17961447,0 77.12531694,30.17965003,0 77.12522154,30.17968559,0 77.12512613,30.17972114,0 77.12503072,30.17975670,0 77.12493531,30.17979226,0 77.12483990,30.17982782,0 77.12474449,30.17986337,0 77.12464908,30.17989893,0 77.12455367,30.17993449,0 77.12445826,30.17997005,0 77.12436285,30.18000560,0 77.12426744,30.18004116,0 77.12417203,30.18007672,0 77.12407662,30.18011227,0 77.12398121,30.18014783,0 77.12388580,30.18018339,0 77.12379039,30.18021895,0 77.12369498,30.18025450,0 77.12359956,30.18029006,0 77.12350415,30.18032562,0 77.12340874,30.18036117,0 77.12331333,30.18039673,0 77.12321792,30.18043229,0 77.12312251,30.18046784,0 77.12302710,30.18050340,0 77.12293169,30.18053895,0 77.12283628,30.18057451,0 77.12274087,30.18061007,0 77.12264545,30.18064562,0 77.12255004,30.18068118,0 77.12245463,30.18071673,0 77.12235922,30.18075229,0 77.12226381,30.18078785,0 77.12216840,30.18082340,0 77.12207298,30.18085896,0 77.12197768,30.18089472,0 77.12188252,30.18093079,0 77.12178736,30.18096685,0 77.12169220,30.18100292,0 77.12159704,30.18103898,0 77.12150188,30.18107504,0 77.12140672,30.18111111,0 77.12131156,30.18114717,0 77.12121641,30.18118324,0 77.12112125,30.18121930,0 77.12102609,30.18125536,0 77.12093093,30.18129143,0 77.12083577,30.18132749,0 77.12074061,30.18136355,0 77.12064545,30.18139962,0 77.12055029,30.18143568,0 77.12045513,30.18147174,0 77.12035997,30.18150781,0 77.12026481,30.18154387,0 77.12016965,30.18157993,0 77.12007449,30.18161600,0 77.11997933,30.18165206,0 77.11988417,30.18168812,0 77.11978901,30.18172418,0 77.11969385,30.18176025,0 77.11959869,30.18179631,0 77.11950353,30.18183237,0 77.11940837,30.18186843,0 77.11931355,30.18190517,0 77.11921888,30.18194220,0 77.11912422,30.18197923,0 77.11902955,30.18201627,0 77.11893489,30.18205330,0 77.11884022,30.18209033,0 77.11874556,30.18212737,0 77.11865089,30.18216440,0 77.11855622,30.18220143,0 77.11846156,30.18223846,0 77.11836689,30.18227550,0 77.11827223,30.18231253,0 77.11817756,30.18234956,0 77.11808289,30.18238660,0 77.11798823,30.18242363,0 77.11789356,30.18246066,0 77.11779890,30.18249769,0 77.11770423,30.18253473,0 77.11760956,30.18257176,0 77.11751490,30.18260879,0 77.11742023,30.18264582,0 77.11732556,30.18268286,0 77.11723090,30.18271989,0 77.11713623,30.18275692,0 77.11704156,30.18279395,0 77.11694689,30.18283098,0 77.11685223,30.18286802,0 77.11675756,30.18290505,0 77.11666289,30.18294208,0 77.11656823,30.18297911,0 77.11647356,30.18301614,0 77.11637889,30.18305317,0 77.11628422,30.18309020,0 77.11618955,30.18312724,0 77.11609489,30.18316427,0 77.11600022,30.18320130,0 77.11590555,30.18323833,0 77.11581088,30.18327536,0 77.11571622,30.18331239,0 77.11562155,30.18334942,0 77.11552688,30.18338645,0 77.11543221,30.18342348,0 77.11533754,30.18346052,0 77.11524287,30.18349755,0 77.11514821,30.18353458,0 77.11505354,30.18357161,0 77.11495887,30.18360864,0 77.11486420,30.18364567,0 77.11476953,30.18368270,0 77.11467486,30.18371973,0 77.11458019,30.18375676,0 77.11448552,30.18379379,0 77.11439086,30.18383082,0 77.11429619,30.18386785,0 77.11420152,30.18390488,0 77.11410685,30.18394191,0 77.11401218,30.18397894,0 77.11391751,30.18401597,0 77.11382284,30.18405300,0 77.11372817,30.18409003,0 77.11363350,30.18412706,0 77.11353883,30.18416409,0 77.11344416,30.18420112,0 77.11334949,30.18423815,0 77.11325482,30.18427518,0 77.11316015,30.18431221,0 77.11306548,30.18434924,0 77.11297081,30.18438626,0 77.11287614,30.18442329,0 77.11278147,30.18446032,0 77.11268680,30.18449735,0 77.11259213,30.18453438,0 77.11249726,30.18457103,0 77.11240213,30.18460715,0 77.11230700,30.18464328,0 77.11221187,30.18467941,0 77.11211674,30.18471553,0 77.11202160,30.18475166,0 77.11192647,30.18478778,0 77.11183134,30.18482391,0 77.11173621,30.18486003,0 77.11164107,30.18489616,0 77.11154594,30.18493228,0 77.11145081,30.18496841,0 77.11135568,30.18500453,0 77.11126054,30.18504066,0 77.11116541,30.18507678,0 77.11107028,30.18511290,0 77.11097514,30.18514903,0 77.11088001,30.18518515,0 77.11078488,30.18522128,0 77.11068975,30.18525740,0 77.11059461,30.18529353,0 77.11049948,30.18532965,0 77.11040435,30.18536578,0 77.11030921,30.18540190,0 77.11021408,30.18543802,0 77.11011894,30.18547415,0 77.11002381,30.18551027,0 77.10992868,30.18554639,0 77.10983354,30.18558252,0 77.10973841,30.18561864,0 77.10964327,30.18565477,0 77.10954814,30.18569089,0 77.10945301,30.18572701,0 77.10935787,30.18576314,0 77.10926274,30.18579926,0 77.10916760,30.18583538,0 77.10907247,30.18587151,0 77.10897734,30.18590763,0 77.10888220,30.18594375,0 77.10878707,30.18597988,0 77.10869193,30.18601600,0 77.10859680,30.18605212,0 77.10850166,30.18608825,0 77.10840653,30.18612437,0 77.10831139,30.18616049,0 77.10821626,30.18619661,0 77.10812112,30.18623274,0 77.10802599,30.18626886,0 77.10793085,30.18630498,0 77.10783572,30.18634110,0 77.10774058,30.18637723,0 77.10764545,30.18641335,0 77.10755031,30.18644947,0 77.10745517,30.18648559,0 77.10736004,30.18652172,0 77.10726490,30.18655784,0 77.10716977,30.18659396,0 77.10707463,30.18663008,0 77.10697950,30.18666620,0 77.10688436,30.18670233,0 77.10678922,30.18673845,0 77.10669409,30.18677457,0 77.10659895,30.18681069,0 77.10650381,30.18684681,0 77.10640868,30.18688293,0 77.10631354,30.18691906,0 77.10621840,30.18695518,0 77.10612327,30.18699130,0 77.10602813,30.18702742,0 77.10593299,30.18706354,0 77.10583786,30.18709966,0 77.10574272,30.18713578,0 77.10564758,30.18717190,0 77.10555245,30.18720803,0 77.10545731,30.18724415,0 77.10536217,30.18728027,0 77.10526704,30.18731639,0 77.10517190,30.18735251,0 77.10507676,30.18738863,0 77.10498162,30.18742475,0 77.10488649,30.18746087,0 77.10479135,30.18749699,0 77.10469621,30.18753311,0 77.10460107,30.18756923,0 77.10450593,30.18760535,0 77.10441080,30.18764147,0 77.10431566,30.18767759,0 77.10422052,30.18771371,0 77.10412538,30.18774983,0 77.10403024,30.18778595,0 77.10393511,30.18782207,0 77.10383997,30.18785819,0 77.10374483,30.18789431,0 77.10364969,30.18793043,0 77.10355455,30.18796655,0 77.10345941,30.18800267,0 77.10336427,30.18803879,0 77.10326914,30.18807491,0 77.10317400,30.18811103,0 77.10307886,30.18814715,0 77.10298372,30.18818327,0 77.10288858,30.18821939,0 77.10279344,30.18825550,0 77.10269830,30.18829162,0 77.10260316,30.18832774,0 77.10250802,30.18836386,0 77.10241288,30.18839998,0 77.10231774,30.18843610,0 77.10222260,30.18847222,0 77.10212746,30.18850834,0 77.10203232,30.18854445,0 77.10193718,30.18858057,0 77.10184204,30.18861669,0 77.10174690,30.18865281,0 77.10165176,30.18868893,0 77.10155662,30.18872505,0 77.10146148,30.18876116,0 77.10136634,30.18879728,0 77.10127120,30.18883340,0 77.10117606,30.18886952,0 77.10108092,30.18890563,0 77.10098578,30.18894175,0 77.10089064,30.18897787,0 77.10079550,30.18901399,0 77.10070036,30.18905011,0 77.10060522,30.18908622,0 77.10051008,30.18912234,0 77.10041494,30.18915846,0 77.10031979,30.18919457,0 77.10022465,30.18923069,0 77.10012951,30.18926681,0 77.10003437,30.18930293,0 77.09993923,30.18933904,0 77.09984409,30.18937516,0 77.09974895,30.18941128,0 77.09965380,30.18944739,0 77.09955866,30.18948351,0 77.09946352,30.18951963,0 77.09936838,30.18955574,0 77.09927324,30.18959186,0 77.09917809,30.18962797,0 77.09908295,30.18966409,0 77.09898781,30.18970021,0 77.09889267,30.18973632,0 77.09879753,30.18977244,0 77.09870238,30.18980856,0 77.09860724,30.18984467,0 77.09851210,30.18988079,0 77.09841696,30.18991690,0 77.09832181,30.18995302,0 77.09822667,30.18998913,0 77.09813153,30.19002525,0 77.09803638,30.19006137,0 77.09794124,30.19009748,0 77.09784610,30.19013360,0 77.09775096,30.19016971,0 77.09765581,30.19020583,0 77.09756067,30.19024194,0 77.09746553,30.19027806,0 77.09737038,30.19031417,0 77.09727524,30.19035029,0 77.09718009,30.19038640,0 77.09708495,30.19042252,0 77.09698981,30.19045863,0 77.09689466,30.19049475,0 77.09679952,30.19053086,0 77.09670438,30.19056698,0 77.09660923,30.19060309,0 77.09651409,30.19063921,0 77.09641894,30.19067532,0 77.09632380,30.19071144,0 77.09622866,30.19074755,0 77.09613351,30.19078367,0 77.09603837,30.19081978,0 77.09594322,30.19085589,0 77.09584808,30.19089201,0 77.09575293,30.19092812,0 77.09565779,30.19096424,0 77.09556264,30.19100035,0 77.09546750,30.19103646,0 77.09537236,30.19107258,0 77.09527721,30.19110869,0 77.09518207,30.19114481,0 77.09508692,30.19118092,0 77.09499178,30.19121703,0 77.09489663,30.19125315,0 77.09480148,30.19128926,0 77.09470634,30.19132537,0 77.09461119,30.19136149,0 77.09451605,30.19139760,0 77.09442090,30.19143371,0 77.09432576,30.19146983,0 77.09423061,30.19150594,0 77.09413547,30.19154205,0 77.09404032,30.19157817,0 77.09394517,30.19161428,0 77.09385003,30.19165039,0 77.09375488,30.19168651,0 77.09365974,30.19172262,0 77.09356459,30.19175873,0 77.09346944,30.19179484,0 77.09337430,30.19183096,0 77.09327915,30.19186707,0 77.09318400,30.19190318,0 77.09308886,30.19193929,0 77.09299371,30.19197541,0 77.09289856,30.19201152,0 77.09280342,30.19204763,0 77.09270827,30.19208374,0 77.09261312,30.19211985,0 77.09251798,30.19215597,0 77.09242283,30.19219208,0 77.09232768,30.19222819,0 77.09223253,30.19226430,0 77.09213739,30.19230041,0 77.09204224,30.19233652,0 77.09194709,30.19237264,0 77.09185194,30.19240875,0 77.09175680,30.19244486,0 77.09166165,30.19248097,0 77.09156650,30.19251708,0 77.09147135,30.19255319,0 77.09137620,30.19258930,0 77.09128106,30.19262541,0 77.09118591,30.19266152,0 77.09109076,30.19269764,0 77.09099561,30.19273375,0 77.09090046,30.19276986,0 77.09080531,30.19280597,0 77.09071017,30.19284208,0 77.09061502,30.19287819,0 77.09051987,30.19291430,0 77.09042472,30.19295041,0 77.09032957,30.19298652,0 77.09023442,30.19302263,0 77.09013927,30.19305874,0 77.09004412,30.19309485,0 77.08994898,30.19313096,0 77.08985383,30.19316707,0 77.08975868,30.19320318,0 77.08966353,30.19323929,0 77.08956838,30.19327540,0 77.08947323,30.19331151,0 77.08937808,30.19334762,0 77.08928293,30.19338373,0 77.08918778,30.19341984,0 77.08909263,30.19345595,0 77.08899748,30.19349206,0 77.08890233,30.19352817,0 77.08880718,30.19356428,0 77.08871203,30.19360039,0 77.08861688,30.19363649,0 77.08852173,30.19367260,0 77.08842658,30.19370871,0 77.08833143,30.19374482,0 77.08823628,30.19378093,0 77.08814113,30.19381704,0 77.08804598,30.19385315,0 77.08795083,30.19388926,0 77.08785568,30.19392536,0 77.08776053,30.19396147,0 77.08766538,30.19399758,0 77.08757023,30.19403369,0 77.08747507,30.19406980,0 77.08737992,30.19410591,0 77.08728477,30.19414202,0 77.08718962,30.19417812,0 77.08709447,30.19421423,0 77.08699932,30.19425034,0 77.08690417,30.19428645,0 77.08680902,30.19432256,0 77.08671386,30.19435866,0 77.08661871,30.19439477,0 77.08652356,30.19443088,0 77.08642841,30.19446699,0 77.08633326,30.19450309,0 77.08623810,30.19453920,0 77.08614295,30.19457531,0 77.08604780,30.19461142,0 77.08595265,30.19464752,0 77.08585750,30.19468363,0 77.08576234,30.19471974,0 77.08566719,30.19475584,0 77.08557204,30.19479195,0 77.08547689,30.19482806,0 77.08538173,30.19486417,0 77.08528658,30.19490027,0 77.08519143,30.19493638,0 77.08509628,30.19497249,0 77.08500112,30.19500859,0 77.08490597,30.19504470,0 77.08481082,30.19508081,0 77.08471566,30.19511691,0 77.08462051,30.19515302,0 77.08452536,30.19518912,0 77.08443020,30.19522523,0 77.08433505,30.19526134,0 77.08423990,30.19529744,0 77.08414474,30.19533355,0 77.08404959,30.19536966,0 77.08395444,30.19540576,0 77.08385928,30.19544187,0 77.08376413,30.19547797,0 77.08366897,30.19551408,0 77.08357382,30.19555018,0 77.08347867,30.19558629,0 77.08338351,30.19562239,0 77.08328836,30.19565850,0 77.08319320,30.19569460,0 77.08309805,30.19573071,0 77.08300289,30.19576681,0 77.08290774,30.19580292,0 77.08281258,30.19583902,0 77.08271743,30.19587513,0 77.08262227,30.19591123,0 77.08252712,30.19594734,0 77.08243196,30.19598344,0 77.08233681,30.19601954,0 77.08224165,30.19605565,0 77.08214650,30.19609175,0 77.08205134,30.19612786,0 77.08195618,30.19616394,0 77.08186099,30.19619999,0 77.08176581,30.19623603,0 77.08167063,30.19627208,0 77.08157544,30.19630813,0 77.08148026,30.19634418,0 77.08138508,30.19638023,0 77.08128989,30.19641628,0 77.08119471,30.19645233,0 77.08109953,30.19648838,0 77.08100434,30.19652442,0 77.08090916,30.19656047,0 77.08081397,30.19659652,0 77.08071879,30.19663257,0 77.08062361,30.19666862,0 77.08052842,30.19670466,0 77.08043324,30.19674071,0 77.08033805,30.19677676,0 77.08024287,30.19681281,0 77.08014768,30.19684886,0 77.08005250,30.19688490,0 77.07995731,30.19692095,0 77.07986213,30.19695700,0 77.07976695,30.19699305,0 77.07967176,30.19702909,0 77.07957658,30.19706514,0 77.07948139,30.19710119,0 77.07938621,30.19713724,0 77.07929102,30.19717328,0 77.07919584,30.19720933,0 77.07910065,30.19724538,0 77.07900546,30.19728142,0 77.07891028,30.19731747,0 77.07881509,30.19735352,0 77.07871991,30.19738957,0 77.07862472,30.19742561,0 77.07852954,30.19746166,0 77.07843435,30.19749771,0 77.07833917,30.19753375,0 77.07824398,30.19756980,0 77.07814879,30.19760584,0 77.07805361,30.19764189,0 77.07795842,30.19767794,0 77.07786324,30.19771398,0 77.07776805,30.19775003,0 77.07767286,30.19778608,0 77.07757768,30.19782212,0 77.07748249,30.19785817,0 77.07738730,30.19789421,0 77.07729212,30.19793026,0 77.07719693,30.19796631,0 77.07710174,30.19800235,0 77.07700656,30.19803840,0 77.07691137,30.19807444,0 77.07681618,30.19811049,0 77.07672100,30.19814653,0 77.07662581,30.19818258,0 77.07653062,30.19821862,0 77.07643543,30.19825467,0 77.07634025,30.19829071,0 77.07624506,30.19832676,0 77.07614987,30.19836280,0 77.07605468,30.19839885,0 77.07595938,30.19843467,0 77.07586398,30.19847029,0 77.07576859,30.19850591,0 77.07567319,30.19854154,0 77.07557779,30.19857716,0 77.07548239,30.19861279,0 77.07538700,30.19864841,0 77.07529160,30.19868404,0 77.07519620,30.19871966,0 77.07510080,30.19875528,0 77.07500541,30.19879091,0 77.07491001,30.19882653,0 77.07481461,30.19886215,0 77.07471921,30.19889778,0 77.07462381,30.19893340,0 77.07452842,30.19896903,0 77.07443312,30.19900485,0 77.07433796,30.19904095,0 77.07424280,30.19907705,0 77.07414763,30.19911315,0 77.07405247,30.19914925,0 77.07395731,30.19918534,0 77.07386215,30.19922144,0 77.07376699,30.19925754,0 77.07367183,30.19929364,0 77.07357667,30.19932974,0 77.07348150,30.19936584,0 77.07338634,30.19940194,0 77.07329118,30.19943803,0 77.07319602,30.19947413,0 77.07310086,30.19951023,0 77.07300569,30.19954633,0 77.07291053,30.19958243,0 77.07281537,30.19961853,0 77.07272021,30.19965462,0 77.07262504,30.19969072,0 77.07252988,30.19972682,0 77.07243472,30.19976292,0 77.07233956,30.19979902,0 77.07224439,30.19983511,0 77.07214923,30.19987121,0 77.07205407,30.19990731,0 77.07195891,30.19994341,0 77.07186374,30.19997950,0 77.07176858,30.20001560,0 77.07167342,30.20005170,0 77.07157825,30.20008780,0 77.07148309,30.20012389,0 77.07138793,30.20015999,0 77.07129276,30.20019609,0 77.07119760,30.20023218,0 77.07110244,30.20026828,0 77.07100727,30.20030438,0 77.07091211,30.20034048,0 77.07081695,30.20037657,0 77.07072178,30.20041267,0 77.07062662,30.20044877,0 77.07053145,30.20048486,0 77.07043629,30.20052096,0 77.07034113,30.20055706,0 77.07024596,30.20059315,0 77.07015080,30.20062925,0 77.07005563,30.20066534,0 77.06996047,30.20070144,0 77.06986530,30.20073754,0 77.06977014,30.20077363,0 77.06967498,30.20080973,0 77.06957981,30.20084582,0 77.06948465,30.20088192,0 77.06938948,30.20091802,0 77.06929432,30.20095411,0 77.06919915,30.20099021,0 77.06910399,30.20102630,0 77.06900882,30.20106240,0 77.06891366,30.20109849,0 77.06881849,30.20113459,0 77.06872333,30.20117069,0 77.06862816,30.20120678,0 77.06853299,30.20124288,0 77.06843783,30.20127897,0 77.06834266,30.20131507,0 77.06824750,30.20135116,0 77.06815233,30.20138726,0 77.06805717,30.20142335,0 77.06796200,30.20145945,0 77.06786683,30.20149554,0 77.06777167,30.20153164,0 77.06767650,30.20156773,0 77.06758134,30.20160382,0 77.06748617,30.20163992,0 77.06739100,30.20167601,0 77.06729584,30.20171211,0 77.06720067,30.20174820,0 77.06710550,30.20178430,0 77.06701034,30.20182039,0 77.06691517,30.20185648,0 77.06682000,30.20189258,0 77.06672484,30.20192867,0 77.06662967,30.20196477,0 77.06653450,30.20200086,0 77.06643934,30.20203695,0 77.06634417,30.20207305,0 77.06624900,30.20210914,0 77.06615383,30.20214524,0 77.06605867,30.20218133,0 77.06596350,30.20221742,0 77.06586833,30.20225352,0 77.06577316,30.20228961,0 77.06567800,30.20232570,0 77.06558283,30.20236180,0 77.06548766,30.20239789,0 77.06539249,30.20243398,0 77.06529733,30.20247007,0 77.06520216,30.20250617,0 77.06510699,30.20254226,0 77.06501182,30.20257835,0 77.06491665,30.20261445,0 77.06482148,30.20265054,0 77.06472632,30.20268663,0 77.06463115,30.20272272,0 77.06453598,30.20275882,0 77.06444081,30.20279491,0 77.06434564,30.20283100,0 77.06425047,30.20286709,0 77.06415530,30.20290318,0 77.06406013,30.20293928,0 77.06396497,30.20297537,0 77.06386980,30.20301146,0 77.06377463,30.20304755,0 77.06367946,30.20308364,0 77.06358429,30.20311974,0 77.06348912,30.20315583,0 77.06339395,30.20319192,0 77.06329878,30.20322801,0 77.06320361,30.20326410,0 77.06310844,30.20330019,0 77.06301327,30.20333628,0 77.06291810,30.20337238,0 77.06282293,30.20340847,0 77.06272776,30.20344456,0 77.06263259,30.20348065,0 77.06253742,30.20351674,0 77.06244225,30.20355283,0 77.06234708,30.20358892,0 77.06225191,30.20362501,0 77.06215674,30.20366110,0 77.06206157,30.20369719,0 77.06196640,30.20373328,0 77.06187123,30.20376938,0 77.06177606,30.20380547,0 77.06168089,30.20384156,0 77.06158572,30.20387765,0 77.06149055,30.20391374,0 77.06139537,30.20394983,0 77.06130020,30.20398592,0 77.06120503,30.20402201,0 77.06110986,30.20405810,0 77.06101469,30.20409419,0 77.06091952,30.20413028,0 77.06082435,30.20416637,0 77.06072918,30.20420246,0 77.06063400,30.20423855,0 77.06053883,30.20427464,0 77.06044366,30.20431073,0 77.06034849,30.20434681,0 77.06025332,30.20438290,0 77.06015815,30.20441899,0 77.06006297,30.20445508,0 77.05996780,30.20449117,0 77.05987263,30.20452726,0 77.05977746,30.20456335,0 77.05968228,30.20459944,0 77.05958711,30.20463553,0 77.05949194,30.20467162,0 77.05939677,30.20470771,0 77.05930159,30.20474379,0 77.05920642,30.20477988,0 77.05911125,30.20481597,0 77.05901608,30.20485206,0 77.05892090,30.20488815,0 77.05882573,30.20492424,0 77.05873056,30.20496033,0 77.05863538,30.20499641,0 77.05854021,30.20503250,0 77.05844504,30.20506859,0 77.05834986,30.20510468,0 77.05825469,30.20514077,0 77.05815952,30.20517685,0 77.05806434,30.20521294,0 77.05796917,30.20524903,0 77.05787400,30.20528512,0 77.05777882,30.20532121,0 77.05768365,30.20535729,0 77.05758848,30.20539338,0 77.05749330,30.20542947,0 77.05739813,30.20546556,0 77.05730295,30.20550164,0 77.05720778,30.20553773,0 77.05711261,30.20557382,0 77.05701743,30.20560991,0 77.05692226,30.20564599,0 77.05682708,30.20568208,0 77.05673191,30.20571817,0 77.05663673,30.20575426,0 77.05654156,30.20579034,0 77.05644638,30.20582643,0 77.05635121,30.20586252,0 77.05625603,30.20589860,0 77.05616086,30.20593469,0 77.05606568,30.20597078,0 77.05597051,30.20600686,0 77.05587533,30.20604295,0 77.05578016,30.20607904,0 77.05568498,30.20611512,0 77.05558981,30.20615121,0 77.05549463,30.20618729,0 77.05539946,30.20622338,0 77.05530428,30.20625947,0 77.05520911,30.20629555,0 77.05511393,30.20633164,0 77.05501875,30.20636772,0 77.05492358,30.20640381,0 77.05482840,30.20643990,0 77.05473323,30.20647598,0 77.05463805,30.20651207,0 77.05454287,30.20654815,0 77.05444770,30.20658424,0 77.05435252,30.20662032,0 77.05425735,30.20665641,0 77.05416217,30.20669249,0 77.05406699,30.20672858,0 77.05397182,30.20676466,0 77.05387664,30.20680075,0 77.05378146,30.20683683,0 77.05368629,30.20687292,0 77.05359111,30.20690900,0 77.05349593,30.20694509,0 77.05340075,30.20698117,0 77.05330558,30.20701726,0 77.05321040,30.20705334,0 77.05311522,30.20708943,0 77.05302005,30.20712551,0 77.05292487,30.20716160,0 77.05282969,30.20719768,0 77.05273451,30.20723376,0 77.05263933,30.20726985,0 77.05254416,30.20730593,0 77.05244898,30.20734202,0 77.05235380,30.20737810,0 77.05225862,30.20741418,0 77.05216345,30.20745027,0 77.05206827,30.20748635,0 77.05197309,30.20752244,0 77.05187791,30.20755852,0 77.05178273,30.20759460,0 77.05168755,30.20763069,0 77.05159238,30.20766677,0 77.05149720,30.20770285,0 77.05140202,30.20773894,0 77.05130684,30.20777502,0 77.05121166,30.20781110,0 77.05111648,30.20784719,0 77.05102130,30.20788327,0 77.05092612,30.20791935,0 77.05083094,30.20795543,0 77.05073577,30.20799152,0 77.05064059,30.20802760,0 77.05054539,30.20806366,0 77.05045020,30.20809971,0 77.05035501,30.20813577,0 77.05025982,30.20817182,0 77.05016462,30.20820788,0 77.05006943,30.20824394,0 77.04997424,30.20827999,0 77.04987904,30.20831605,0 77.04978385,30.20835211,0 77.04968866,30.20838816,0 77.04959347,30.20842422,0 77.04949827,30.20846027,0 77.04940308,30.20849633,0 77.04930789,30.20853239,0 77.04921269,30.20856844,0 77.04911750,30.20860450,0 77.04902231,30.20864055,0 77.04892711,30.20867661,0 77.04883192,30.20871266,0 77.04873672,30.20874872,0 77.04864153,30.20878477,0 77.04854634,30.20882083,0 77.04845114,30.20885689,0 77.04835595,30.20889294,0 77.04826076,30.20892900,0 77.04816556,30.20896505,0 77.04807037,30.20900111,0 77.04797517,30.20903716,0 77.04787998,30.20907322,0 77.04778478,30.20910927,0 77.04768959,30.20914532,0 77.04759439,30.20918138,0 77.04749920,30.20921743,0 77.04740400,30.20925349,0 77.04730881,30.20928954,0 77.04721362,30.20932560,0 77.04711842,30.20936165,0 77.04702323,30.20939771,0 77.04692803,30.20943376,0 77.04683283,30.20946981,0 77.04673764,30.20950587,0 77.04664244,30.20954192,0 77.04654725,30.20957798,0 77.04645205,30.20961403,0 77.04635642,30.20964918,0 77.04626052,30.20968380,0 77.04616461,30.20971841,0 77.04606871,30.20975303,0 77.04597281,30.20978764,0 77.04587708,30.20982260,0 77.04578157,30.20985802,0 77.04568606,30.20989345,0 77.04559055,30.20992887,0 77.04549504,30.20996429,0 77.04539953,30.20999972,0 77.04530402,30.21003514,0 77.04520851,30.21007056,0 77.04511300,30.21010598,0 77.04501749,30.21014141,0 77.04492198,30.21017683,0 77.04482647,30.21021225,0 77.04473096,30.21024768,0 77.04463545,30.21028310,0 77.04453994,30.21031852,0 77.04444443,30.21035394,0 77.04434892,30.21038937,0 77.04425341,30.21042479,0 77.04415790,30.21046021,0 77.04406239,30.21049563,0 77.04396688,30.21053106,0 77.04387137,30.21056648,0 77.04377586,30.21060190,0 77.04368035,30.21063732,0 77.04358484,30.21067274,0 77.04348933,30.21070817,0 77.04339382,30.21074359,0 77.04329831,30.21077901,0 77.04320280,30.21081443,0 77.04310729,30.21084985,0 77.04301178,30.21088527,0 77.04291627,30.21092070,0 77.04282075,30.21095612,0 77.04272524,30.21099154,0 77.04262973,30.21102696,0 77.04253422,30.21106238,0 77.04243871,30.21109780,0 77.04234320,30.21113322,0 77.04224769,30.21116864,0 77.04215217,30.21120407,0 77.04205666,30.21123949,0 77.04196115,30.21127491,0 77.04186564,30.21131033,0 77.04177013,30.21134575,0 77.04167461,30.21138117,0 77.04157910,30.21141659,0 77.04148359,30.21145201,0 77.04138808,30.21148743,0 77.04129257,30.21152285,0 77.04119705,30.21155827,0 77.04110154,30.21159369,0 77.04100603,30.21162911,0 77.04091052,30.21166453,0 77.04081500,30.21169995,0 77.04071949,30.21173537,0 77.04062398,30.21177079,0 77.04052846,30.21180621,0 77.04043295,30.21184163,0 77.04033744,30.21187705,0 77.04024193,30.21191247,0 77.04014641,30.21194789,0 77.04005090,30.21198331,0 77.03995539,30.21201873,0 77.03985987,30.21205415,0 77.03976436,30.21208957,0 77.03966885,30.21212499,0 77.03957333,30.21216041,0 77.03947782,30.21219582,0 77.03938230,30.21223124,0 77.03928679,30.21226666,0 77.03919128,30.21230208,0 77.03909576,30.21233750,0 77.03900025,30.21237292,0 77.03890473,30.21240834,0 77.03880922,30.21244376,0 77.03871371,30.21247918,0 77.03861819,30.21251459,0 77.03852268,30.21255001,0 77.03842716,30.21258543,0 77.03833165,30.21262085,0 77.03823613,30.21265627,0 77.03814062,30.21269169,0 77.03804510,30.21272710,0 77.03794959,30.21276252,0 77.03785407,30.21279794,0 77.03775856,30.21283336,0 77.03766304,30.21286877,0 77.03756753,30.21290419,0 77.03747201,30.21293961,0 77.03737650,30.21297503,0 77.03728098,30.21301045,0 77.03718547,30.21304586,0 77.03708995,30.21308128,0 77.03699444,30.21311670,0 77.03689892,30.21315212,0 77.03680340,30.21318753,0 77.03670789,30.21322295,0 77.03661237,30.21325837,0 77.03651686,30.21329378,0 77.03642134,30.21332920,0 77.03632604,30.21336505,0 77.03623103,30.21340147,0 77.03613601,30.21343789,0 77.03604100,30.21347431,0 77.03594598,30.21351073,0 77.03585097,30.21354715,0 77.03575595,30.21358357,0 77.03566093,30.21361998,0 77.03556592,30.21365640,0 77.03547090,30.21369282,0 77.03537589,30.21372924,0 77.03528087,30.21376566,0 77.03518586,30.21380208,0 77.03509084,30.21383850,0 77.03499582,30.21387492,0 77.03490081,30.21391133,0 77.03480579,30.21394775,0 77.03471078,30.21398417,0 77.03461576,30.21402059,0 77.03452077,30.21405705,0 77.03442606,30.21409408,0 77.03433135,30.21413110,0 77.03423665,30.21416812,0 77.03414194,30.21420514,0 77.03404724,30.21424217,0 77.03395253,30.21427919,0 77.03385782,30.21431621,0 77.03376312,30.21435323,0 77.03366841,30.21439025,0 77.03357370,30.21442728,0 77.03347899,30.21446430,0 77.03338429,30.21450132,0 77.03328958,30.21453834,0 77.03319487,30.21457536,0 77.03310017,30.21461239,0 77.03300546,30.21464941,0 77.03291075,30.21468643,0 77.03281604,30.21472345,0 77.03272134,30.21476047,0 77.03262663,30.21479749,0 77.03253192,30.21483451,0 77.03243721,30.21487154,0 77.03234251,30.21490856,0 77.03224780,30.21494558,0 77.03215309,30.21498260,0 77.03205838,30.21501962,0 77.03196367,30.21505664,0 77.03186897,30.21509366,0 77.03177426,30.21513068,0 77.03167955,30.21516770,0 77.03158484,30.21520472,0 77.03149013,30.21524175,0 77.03139542,30.21527877,0 77.03130071,30.21531579,0 77.03120601,30.21535281,0 77.03111130,30.21538983,0 77.03101659,30.21542685,0 77.03092188,30.21546387,0 77.03082717,30.21550089,0 77.03073246,30.21553791,0 77.03063775,30.21557493,0 77.03054304,30.21561195,0 77.03044833,30.21564897,0 77.03035362,30.21568599,0 77.03025891,30.21572301,0 77.03016421,30.21576003,0 77.03006950,30.21579705,0 77.02997479,30.21583407,0 77.02988008,30.21587109,0 77.02978537,30.21590811,0 77.02969066,30.21594512,0 77.02959595,30.21598214,0 77.02950124,30.21601916,0 77.02940653,30.21605618,0 77.02931182,30.21609320,0 77.02921711,30.21613022,0 77.02912240,30.21616724,0 77.02902769,30.21620426,0 77.02893297,30.21624128,0 77.02883826,30.21627830,0 77.02874355,30.21631532,0 77.02864884,30.21635233,0 77.02855413,30.21638935,0 77.02845942,30.21642637,0 77.02836471,30.21646339,0 77.02827000,30.21650041,0 77.02817529,30.21653743,0 77.02808058,30.21657444,0 77.02798587,30.21661146,0 77.02789115,30.21664848,0 77.02779644,30.21668550,0 77.02770173,30.21672252,0 77.02760702,30.21675953,0 77.02751231,30.21679655,0 77.02741760,30.21683357,0 77.02732289,30.21687059,0 77.02722817,30.21690761,0 77.02713346,30.21694462,0 77.02703875,30.21698164,0 77.02694404,30.21701866,0 77.02684911,30.21705525,0 77.02675390,30.21709130,0 77.02665870,30.21712736,0 77.02656350,30.21716341,0 77.02646829,30.21719946,0 77.02637309,30.21723552,0 77.02627788,30.21727157,0 77.02618268,30.21730762,0 77.02608747,30.21734367,0 77.02599227,30.21737973,0 77.02589706,30.21741578,0 77.02580186,30.21745183,0 77.02570665,30.21748788,0 77.02561145,30.21752394,0 77.02551624,30.21755999,0 77.02542104,30.21759604,0 77.02532583,30.21763209,0 77.02523063,30.21766815,0 77.02513542,30.21770420,0 77.02504022,30.21774025,0 77.02494501,30.21777630,0 77.02484981,30.21781235,0 77.02475460,30.21784841,0 77.02465940,30.21788446,0 77.02456419,30.21792051,0 77.02446899,30.21795656,0 77.02437378,30.21799261,0 77.02427857,30.21802866,0 77.02418337,30.21806471,0 77.02408816,30.21810077,0 77.02399296,30.21813682,0 77.02389775,30.21817287,0 77.02380254,30.21820892,0 77.02370734,30.21824497,0 77.02361213,30.21828102,0 77.02351692,30.21831707,0 77.02342172,30.21835312,0 77.02332651,30.21838917,0 77.02323130,30.21842523,0 77.02313610,30.21846128,0 77.02304089,30.21849733,0 77.02294568,30.21853338,0 77.02285048,30.21856943,0 77.02275527,30.21860548,0 77.02266006,30.21864153,0 77.02256485,30.21867758,0 77.02246965,30.21871363,0 77.02237444,30.21874968,0 77.02227923,30.21878573,0 77.02218403,30.21882178,0 77.02208882,30.21885783,0 77.02199361,30.21889388,0 77.02189840,30.21892993,0 77.02180319,30.21896598,0 77.02170799,30.21900203,0 77.02161278,30.21903808,0 77.02151757,30.21907413,0 77.02142236,30.21911018,0 77.02132716,30.21914623,0 77.02123195,30.21918228,0 77.02113674,30.21921833,0 77.02104153,30.21925438,0 77.02094632,30.21929043,0 77.02085111,30.21932648,0 77.02075591,30.21936253,0 77.02066070,30.21939858,0 77.02056549,30.21943463,0 77.02047028,30.21947067,0 77.02037507,30.21950672,0 77.02027986,30.21954277,0 77.02018465,30.21957882,0 77.02008944,30.21961487,0 77.01999423,30.21965092,0 77.01989903,30.21968697,0 77.01980382,30.21972302,0 77.01970861,30.21975906,0 77.01961340,30.21979511,0 77.01951819,30.21983116,0 77.01942298,30.21986721,0 77.01932777,30.21990326,0 77.01923256,30.21993931,0 77.01913735,30.21997535,0 77.01904214,30.22001140,0 77.01894693,30.22004745,0 77.01885172,30.22008350,0 77.01875651,30.22011955,0 77.01866130,30.22015559,0 77.01856609,30.22019164,0 77.01847088,30.22022769,0 77.01837567,30.22026374,0 77.01828046,30.22029979,0 77.01818525,30.22033583,0 77.01809004,30.22037188,0 77.01799483,30.22040793,0 77.01789962,30.22044398,0 77.01780441,30.22048002,0 77.01770920,30.22051607,0 77.01761398,30.22055212,0 77.01751877,30.22058816,0 77.01742356,30.22062421,0 77.01732835,30.22066026,0 77.01723314,30.22069630,0 77.01713793,30.22073235,0 77.01704272,30.22076840,0 77.01694751,30.22080444,0 77.01685229,30.22084049,0 77.01675708,30.22087654,0 77.01666187,30.22091258,0 77.01656666,30.22094863,0 77.01647145,30.22098467,0 77.01637624,30.22102072,0 77.01628102,30.22105677,0 77.01618581,30.22109281,0 77.01609060,30.22112886,0 77.01599539,30.22116490,0 77.01590017,30.22120095,0 77.01580496,30.22123700,0 77.01570975,30.22127304,0 77.01561454,30.22130909,0 77.01551932,30.22134513,0 77.01542411,30.22138118,0 77.01532890,30.22141722,0 77.01523369,30.22145327,0 77.01513847,30.22148931,0 77.01504326,30.22152536,0 77.01494805,30.22156140,0 77.01485283,30.22159745,0 77.01475762,30.22163349,0 77.01466241,30.22166954,0 77.01456719,30.22170558,0 77.01447198,30.22174163,0 77.01437677,30.22177767,0 77.01428155,30.22181372,0 77.01418634,30.22184976,0 77.01409113,30.22188581,0 77.01399591,30.22192185,0 77.01390070,30.22195790,0 77.01380549,30.22199394,0 77.01371027,30.22202998,0 77.01361506,30.22206603,0 77.01351984,30.22210207,0 77.01342463,30.22213812,0 77.01332942,30.22217416,0 77.01323420,30.22221021,0 77.01313899,30.22224625,0 77.01304377,30.22228229,0 77.01294856,30.22231834,0 77.01285334,30.22235438,0 77.01275813,30.22239042,0 77.01266291,30.22242647,0 77.01256770,30.22246251,0 77.01247248,30.22249855,0 77.01237727,30.22253460,0 77.01228205,30.22257064,0 77.01218684,30.22260668,0 77.01209162,30.22264273,0 77.01199641,30.22267877,0 77.01190119,30.22271481,0 77.01180598,30.22275086,0 77.01171076,30.22278690,0 77.01161555,30.22282294,0 77.01152033,30.22285899,0 77.01142512,30.22289503,0 77.01132990,30.22293107,0 77.01123468,30.22296711,0 77.01113947,30.22300316,0 77.01104425,30.22303920,0 77.01094904,30.22307524,0 77.01085382,30.22311128,0 77.01075860,30.22314733,0 77.01066339,30.22318337,0 77.01056817,30.22321941,0 77.01047295,30.22325545,0 77.01037774,30.22329149,0 77.01028252,30.22332754,0 77.01018731,30.22336358,0 77.01009209,30.22339962,0 77.00999687,30.22343566,0 77.00990166,30.22347170,0 77.00980644,30.22350774,0 77.00971122,30.22354379,0 77.00961600,30.22357983,0 77.00952079,30.22361587,0 77.00942557,30.22365191,0 77.00933035,30.22368795,0 77.00923514,30.22372399,0 77.00913992,30.22376003,0 77.00904470,30.22379607,0 77.00894948,30.22383212,0 77.00885427,30.22386816,0 77.00875905,30.22390420,0 77.00866383,30.22394024,0 77.00856861,30.22397628,0 77.00847339,30.22401232,0 77.00837818,30.22404836,0 77.00828296,30.22408440,0 77.00818774,30.22412044,0 77.00809252,30.22415648,0 77.00799730,30.22419252,0 77.00790208,30.22422856,0 77.00780774,30.22426623,0 77.00771448,30.22430596,0 77.00762123,30.22434568,0 77.00752797,30.22438541,0 77.00743472,30.22442514,0 77.00734146,30.22446486,0 77.00724821,30.22450459,0 77.00715496,30.22454431,0 77.00706170,30.22458404,0 77.00696845,30.22462376,0 77.00687519,30.22466348,0 77.00678194,30.22470321,0 77.00668868,30.22474293,0 77.00659543,30.22478266,0 77.00650217,30.22482238,0 77.00640892,30.22486211,0 77.00631566,30.22490183,0 77.00622241,30.22494156,0 77.00612915,30.22498128,0 77.00603589,30.22502100,0 77.00594264,30.22506073,0 77.00584938,30.22510045,0 77.00575613,30.22514018,0 77.00566287,30.22517990,0 77.00556962,30.22521962,0 77.00547636,30.22525935,0 77.00538310,30.22529907,0 77.00528985,30.22533880,0 77.00519659,30.22537852,0 77.00510333,30.22541824,0 77.00501008,30.22545797,0 77.00491682,30.22549769,0 77.00482357,30.22553741,0 77.00473031,30.22557714,0 77.00463705,30.22561686,0 77.00454380,30.22565658,0 77.00445054,30.22569631,0 77.00435728,30.22573603,0 77.00426402,30.22577575,0 77.00417077,30.22581547,0 77.00407751,30.22585520,0 77.00398425,30.22589492,0 77.00389100,30.22593464,0 77.00379774,30.22597437,0 77.00370448,30.22601409,0 77.00361122,30.22605381,0 77.00351797,30.22609353,0 77.00342471,30.22613326,0 77.00333145,30.22617298,0 77.00323819,30.22621270,0 77.00314493,30.22625242,0 77.00305168,30.22629214,0 77.00295842,30.22633187,0 77.00286516,30.22637159,0 77.00277190,30.22641131,0 77.00267864,30.22645103,0 77.00258539,30.22649075,0 77.00249213,30.22653048,0 77.00239887,30.22657020,0 77.00230561,30.22660992,0 77.00221235,30.22664964,0 77.00211909,30.22668936,0 77.00202583,30.22672908,0 77.00193257,30.22676881,0 77.00183932,30.22680853,0 77.00174606,30.22684825,0 77.00165280,30.22688797,0 77.00155954,30.22692769,0 77.00146628,30.22696741,0 77.00137302,30.22700713,0 77.00127976,30.22704685,0 77.00118650,30.22708657,0 77.00109324,30.22712630,0 77.00099998,30.22716602,0 77.00090672,30.22720574,0 77.00081346,30.22724546,0 77.00072020,30.22728518,0 77.00062694,30.22732490,0 77.00053368,30.22736462,0 77.00044042,30.22740434,0 77.00034716,30.22744406,0 77.00025390,30.22748378,0 77.00016064,30.22752350,0 77.00006738,30.22756322,0 76.99997412,30.22760294,0 76.99988086,30.22764266,0 76.99978760,30.22768238,0 76.99969434,30.22772210,0 76.99960108,30.22776182,0 76.99950781,30.22780154,0 76.99941455,30.22784126,0 76.99932129,30.22788098,0 76.99922803,30.22792070,0 76.99913477,30.22796042,0 76.99904151,30.22800014,0 76.99894825,30.22803986,0 76.99885499,30.22807958,0 76.99876172,30.22811929,0 76.99866846,30.22815901,0 76.99857520,30.22819873,0 76.99848490,30.22824307,0 76.99839687,30.22829095,0 76.99830883,30.22833883,0 76.99822080,30.22838671,0 76.99813276,30.22843459,0 76.99804473,30.22848246,0 76.99795670,30.22853034,0 76.99786866,30.22857822,0 76.99778063,30.22862610,0 76.99769259,30.22867398,0 76.99760456,30.22872185,0 76.99751652,30.22876973,0 76.99742849,30.22881761,0 76.99734045,30.22886549,0 76.99725242,30.22891337,0 76.99716438,30.22896124,0 76.99707635,30.22900912,0 76.99698831,30.22905700,0 76.99690028,30.22910488,0 76.99681224,30.22915275,0 76.99672421,30.22920063,0 76.99663617,30.22924851,0 76.99654814,30.22929638,0 76.99646010,30.22934426,0 76.99637206,30.22939214,0 76.99628403,30.22944002,0 76.99619599,30.22948789,0 76.99610796,30.22953577,0 76.99601992,30.22958365,0 76.99593188,30.22963152,0 76.99584385,30.22967940,0 76.99575581,30.22972728,0 76.99566777,30.22977515,0 76.99557974,30.22982303,0 76.99549170,30.22987091,0 76.99540366,30.22991878,0 76.99531563,30.22996666,0 76.99522759,30.23001454,0 76.99513955,30.23006241,0 76.99505152,30.23011029,0 76.99496348,30.23015816,0 76.99487544,30.23020604,0 76.99478740,30.23025392,0 76.99469937,30.23030179,0 76.99461133,30.23034967,0 76.99452329,30.23039754,0 76.99443525,30.23044542,0 76.99434722,30.23049330,0 76.99425918,30.23054117,0 76.99417114,30.23058905,0 76.99408310,30.23063692,0 76.99399506,30.23068480,0 76.99390703,30.23073267,0 76.99381899,30.23078055,0 76.99373095,30.23082842,0 76.99364291,30.23087630,0 76.99355487,30.23092418,0 76.99346683,30.23097205,0 76.99337879,30.23101993,0 76.99329076,30.23106780,0 76.99320272,30.23111568,0 76.99311468,30.23116355,0 76.99302664,30.23121143,0 76.99293860,30.23125930,0 76.99285056,30.23130718,0 76.99276252,30.23135505,0 76.99267448,30.23140293,0 76.99258644,30.23145080,0 76.99249840,30.23149867,0 76.99241036,30.23154655,0 76.99232232,30.23159442,0 76.99223428,30.23164230,0 76.99214624,30.23169017,0 76.99205820,30.23173805,0 76.99197016,30.23178592,0 76.99188212,30.23183380,0 76.99179408,30.23188167,0 76.99170604,30.23192954,0 76.99161800,30.23197742,0 76.99152996,30.23202529,0 76.99144192,30.23207317,0 76.99135388,30.23212104,0 76.99126584,30.23216891,0 76.99117780,30.23221679,0 76.99108976,30.23226466,0 76.99100171,30.23231253,0 76.99091367,30.23236041,0 76.99082563,30.23240828,0 76.99073759,30.23245616,0 76.99064955,30.23250403,0 76.99056151,30.23255190,0 76.99047347,30.23259978,0 76.99038542,30.23264765,0 76.99029738,30.23269552,0 76.99020934,30.23274339,0 76.99012130,30.23279127,0 76.99003326,30.23283914,0 76.98994521,30.23288701,0 76.98985717,30.23293489,0 76.98976913,30.23298276,0 76.98968109,30.23303063,0 76.98959304,30.23307851,0 76.98950500,30.23312638,0 76.98941696,30.23317425,0 76.98932892,30.23322212,0 76.98924087,30.23327000,0 76.98915283,30.23331787,0 76.98906479,30.23336574,0 76.98897674,30.23341361,0 76.98888870,30.23346149,0 76.98880066,30.23350936,0 76.98871261,30.23355723,0 76.98862457,30.23360510,0 76.98853653,30.23365297,0 76.98844848,30.23370085,0 76.98836044,30.23374872,0 76.98827240,30.23379659,0 76.98818435,30.23384446,0 76.98809631,30.23389233,0 76.98800826,30.23394021,0 76.98792022,30.23398808,0 76.98783217,30.23403595,0 76.98774413,30.23408382,0 76.98765609,30.23413169,0 76.98756804,30.23417956,0 76.98748000,30.23422744,0 76.98739195,30.23427531,0 76.98730391,30.23432318,0 76.98721586,30.23437105,0 76.98712782,30.23441892,0 76.98703977,30.23446679,0 76.98695173,30.23451466,0 76.98686368,30.23456253,0 76.98677564,30.23461040,0 76.98668759,30.23465828,0 76.98659954,30.23470615,0 76.98651150,30.23475402,0 76.98642345,30.23480189,0 76.98633541,30.23484976,0 76.98624736,30.23489763,0 76.98615932,30.23494550,0 76.98607127,30.23499337,0 76.98598322,30.23504124,0 76.98589518,30.23508911,0 76.98580713,30.23513698,0 76.98571908,30.23518485,0 76.98563104,30.23523272,0 76.98554299,30.23528059,0 76.98545494,30.23532846,0 76.98536690,30.23537633,0 76.98527885,30.23542420,0 76.98519080,30.23547207,0 76.98510276,30.23551994,0 76.98501471,30.23556781,0 76.98492666,30.23561568,0 76.98483862,30.23566355,0 76.98475057,30.23571142,0 76.98466252,30.23575929,0 76.98457447,30.23580716,0 76.98448643,30.23585503,0 76.98439838,30.23590290,0 76.98431033,30.23595077,0 76.98422228,30.23599864,0 76.98413423,30.23604651,0 76.98404619,30.23609438,0 76.98395814,30.23614225,0 76.98387009,30.23619012,0 76.98378204,30.23623798,0 76.98369399,30.23628585,0 76.98360594,30.23633372,0 76.98351790,30.23638159,0 76.98342985,30.23642946,0 76.98334180,30.23647733,0 76.98325375,30.23652520,0 76.98316570,30.23657307,0 76.98307765,30.23662094,0 76.98298960,30.23666880,0 76.98290155,30.23671667,0 76.98281350,30.23676454,0 76.98272545,30.23681241,0 76.98263740,30.23686028,0 76.98254936,30.23690815,0 76.98246131,30.23695601,0 76.98237326,30.23700388,0 76.98228521,30.23705175,0 76.98219716,30.23709962,0 76.98210911,30.23714749,0 76.98202106,30.23719535,0 76.98193301,30.23724322,0 76.98184496,30.23729109,0 76.98175691,30.23733896,0 76.98166885,30.23738683,0 76.98158080,30.23743469,0 76.98149276,30.23748256,0 76.98140471,30.23753043,0 76.98131666,30.23757830,0 76.98122861,30.23762617,0 76.98114056,30.23767404,0 76.98105251,30.23772191,0 76.98096446,30.23776978,0 76.98087594,30.23781699,0 76.98078706,30.23786369,0 76.98069819,30.23791039,0 76.98060931,30.23795710,0 76.98052044,30.23800380,0 76.98043156,30.23805051,0 76.98034268,30.23809721,0 76.98025381,30.23814392,0 76.98016493,30.23819062,0 76.98007606,30.23823733,0 76.97998718,30.23828403,0 76.97989830,30.23833073,0 76.97980943,30.23837744,0 76.97972055,30.23842414,0 76.97963167,30.23847085,0 76.97954280,30.23851755,0 76.97945392,30.23856425,0 76.97936504,30.23861096,0 76.97927617,30.23865766,0 76.97918729,30.23870436,0 76.97909841,30.23875107,0 76.97900953,30.23879777,0 76.97892066,30.23884448,0 76.97883178,30.23889118,0 76.97874290,30.23893788,0 76.97865402,30.23898459,0 76.97856515,30.23903129,0 76.97847627,30.23907799,0 76.97838739,30.23912470,0 76.97829851,30.23917140,0 76.97820964,30.23921810,0 76.97812076,30.23926480,0 76.97803188,30.23931151,0 76.97794300,30.23935821,0 76.97785412,30.23940491,0 76.97776524,30.23945162,0 76.97767637,30.23949832,0 76.97758749,30.23954502,0 76.97749861,30.23959172,0 76.97740973,30.23963843,0 76.97732085,30.23968513,0 76.97723197,30.23973183,0 76.97714309,30.23977853,0 76.97705421,30.23982524,0 76.97696533,30.23987194,0 76.97687645,30.23991864,0 76.97678758,30.23996534,0 76.97669870,30.24001204,0 76.97660982,30.24005875,0 76.97652094,30.24010545,0 76.97643206,30.24015215,0 76.97634318,30.24019885,0 76.97625430,30.24024555,0 76.97616542,30.24029226,0 76.97607654,30.24033896,0 76.97598766,30.24038566,0 76.97589878,30.24043236,0 76.97580990,30.24047906,0 76.97572102,30.24052576,0 76.97563213,30.24057247,0 76.97554325,30.24061917,0 76.97545437,30.24066587,0 76.97536549,30.24071257,0 76.97527661,30.24075927,0 76.97518773,30.24080597,0 76.97509885,30.24085267,0 76.97500997,30.24089937,0 76.97492109,30.24094607,0 76.97483221,30.24099278,0 76.97474333,30.24103948,0 76.97465444,30.24108618,0 76.97456556,30.24113288,0 76.97447668,30.24117958,0 76.97438780,30.24122628,0 76.97429892,30.24127298,0 76.97421003,30.24131968,0 76.97412115,30.24136638,0 76.97403227,30.24141308,0 76.97394339,30.24145978,0 76.97385451,30.24150648,0 76.97376562,30.24155318,0 76.97367674,30.24159988,0 76.97358786,30.24164658,0 76.97349898,30.24169328,0 76.97341009,30.24173998,0 76.97332121,30.24178668,0 76.97323233,30.24183338,0 76.97314345,30.24188008,0 76.97305456,30.24192678,0 76.97296568,30.24197348,0 76.97287680,30.24202018,0 76.97278791,30.24206688,0 76.97269903,30.24211358,0 76.97261015,30.24216028,0 76.97252126,30.24220698,0 76.97243238,30.24225368,0 76.97234349,30.24230038,0 76.97225461,30.24234708,0 76.97216573,30.24239378,0 76.97207684,30.24244047,0 76.97199247,30.24249279,0 76.97191131,30.24254910,0 76.97183015,30.24260541,0 76.97174899,30.24266172,0 76.97166783,30.24271803,0 76.97158666,30.24277434,0 76.97150550,30.24283065,0 76.97142434,30.24288696,0 76.97134318,30.24294326,0 76.97126202,30.24299957,0 76.97118085,30.24305588,0 76.97109969,30.24311219,0 76.97101853,30.24316850,0 76.97093736,30.24322481,0 76.97085620,30.24328112,0 76.97077504,30.24333743,0 76.97069388,30.24339373,0 76.97061271,30.24345004,0 76.97053155,30.24350635,0 76.97045039,30.24356266,0 76.97036922,30.24361897,0 76.97028806,30.24367528,0 76.97020690,30.24373159,0 76.97012573,30.24378789,0 76.97004457,30.24384420,0 76.96996340,30.24390051,0 76.96988224,30.24395682,0 76.96980093,30.24401297,0 76.96971959,30.24406908,0 76.96963824,30.24412519,0 76.96955690,30.24418130,0 76.96947555,30.24423741,0 76.96939421,30.24429352,0 76.96931286,30.24434964,0 76.96923151,30.24440575,0 76.96915017,30.24446186,0 76.96906882,30.24451797,0 76.96898748,30.24457408,0 76.96890613,30.24463019,0 76.96882478,30.24468630,0 76.96874344,30.24474241,0 76.96866209,30.24479852,0 76.96858074,30.24485463,0 76.96849940,30.24491074,0 76.96841805,30.24496685,0 76.96833670,30.24502296,0 76.96825536,30.24507907,0 76.96817401,30.24513518,0 76.96809266,30.24519129,0 76.96801131,30.24524740,0 76.96792997,30.24530350,0 76.96784862,30.24535961,0 76.96776727,30.24541572,0 76.96768592,30.24547183,0 76.96760458,30.24552794,0 76.96752323,30.24558405,0 76.96744188,30.24564016,0 76.96736053,30.24569627,0 76.96727918,30.24575238,0 76.96719784,30.24580849,0 76.96711649,30.24586460,0 76.96703514,30.24592071,0 76.96695379,30.24597682,0 76.96687244,30.24603293,0 76.96679109,30.24608903,0 76.96670974,30.24614514,0 76.96662840,30.24620125,0 76.96654705,30.24625736,0 76.96646570,30.24631347,0 76.96638435,30.24636958,0 76.96630300,30.24642569,0 76.96622165,30.24648180,0 76.96614030,30.24653790,0 76.96605895,30.24659401,0 76.96597760,30.24665012,0 76.96589625,30.24670623,0 76.96581490,30.24676234,0 76.96573355,30.24681845,0 76.96565220,30.24687456,0 76.96557085,30.24693066,0 76.96548950,30.24698677,0 76.96540815,30.24704288,0 76.96532680,30.24709899,0 76.96524545,30.24715510,0 76.96516410,30.24721120,0 76.96508275,30.24726731,0 76.96500140,30.24732342,0 76.96491578,30.24737391,0 76.96482437,30.24741679,0 76.96473296,30.24745966,0 76.96464155,30.24750253,0 76.96455014,30.24754540,0 76.96445873,30.24758828,0 76.96436731,30.24763115,0 76.96427590,30.24767402,0 76.96418449,30.24771689,0 76.96409308,30.24775977,0 76.96400167,30.24780264,0 76.96391026,30.24784551,0 76.96381885,30.24788838,0 76.96372733,30.24793109,0 76.96363576,30.24797370,0 76.96354418,30.24801631,0 76.96345261,30.24805892,0 76.96336104,30.24810153,0 76.96326946,30.24814414,0 76.96317789,30.24818675,0 76.96308631,30.24822936,0 76.96299474,30.24827197,0 76.96290316,30.24831458,0 76.96281159,30.24835719,0 76.96272002,30.24839980,0 76.96262844,30.24844241,0 76.96253687,30.24848502,0 76.96244529,30.24852763,0 76.96235372,30.24857024,0 76.96226214,30.24861285,0 76.96217057,30.24865546,0 76.96207899,30.24869807,0 76.96198742,30.24874068,0 76.96189584,30.24878329,0 76.96180427,30.24882590,0 76.96171269,30.24886851,0 76.96162112,30.24891112,0 76.96152954,30.24895373,0 76.96143796,30.24899634,0 76.96134639,30.24903895,0 76.96125481,30.24908155,0 76.96116324,30.24912416,0 76.96107166,30.24916677,0 76.96098008,30.24920938,0 76.96088851,30.24925199,0 76.96079693,30.24929460,0 76.96070536,30.24933721,0 76.96061378,30.24937982,0 76.96052220,30.24942243,0 76.96043063,30.24946503,0 76.96033905,30.24950764,0 76.96024747,30.24955025,0 76.96015590,30.24959286,0 76.96006432,30.24963547,0 76.95997274,30.24967808,0 76.95988117,30.24972068,0 76.95978959,30.24976329,0 76.95969801,30.24980590,0 76.95960643,30.24984851,0 76.95951486,30.24989112,0 76.95942328,30.24993372,0 76.95933170,30.24997633,0 76.95924012,30.25001894,0 76.95914855,30.25006155,0 76.95905697,30.25010416,0 76.95896539,30.25014676,0 76.95887381,30.25018937,0 76.95878223,30.25023198,0 76.95869066,30.25027459,0 76.95859908,30.25031719,0 76.95850750,30.25035980,0 76.95841592,30.25040241,0 76.95832434,30.25044501,0 76.95823277,30.25048762,0 76.95814119,30.25053023,0 76.95804961,30.25057284,0 76.95795803,30.25061544,0 76.95786645,30.25065805,0 76.95777487,30.25070066,0 76.95768329,30.25074326,0 76.95759171,30.25078587,0 76.95750013,30.25082848,0 76.95740856,30.25087108,0 76.95731698,30.25091369,0 76.95722540,30.25095630,0 76.95713382,30.25099890,0 76.95704224,30.25104151,0 76.95695066,30.25108412,0 76.95685908,30.25112672,0 76.95676750,30.25116933,0 76.95667592,30.25121193,0 76.95658434,30.25125454,0 76.95649276,30.25129715,0 76.95640118,30.25133975,0 76.95630960,30.25138236,0 76.95621802,30.25142496,0 76.95612644,30.25146757,0 76.95603486,30.25151017,0 76.95594328,30.25155278,0 76.95585170,30.25159539,0 76.95576011,30.25163799,0 76.95566853,30.25168060,0 76.95557695,30.25172320,0 76.95548537,30.25176581,0 76.95539379,30.25180841,0 76.95530221,30.25185102,0 76.95521063,30.25189362,0 76.95511905,30.25193623,0 76.95502747,30.25197883,0 76.95493588,30.25202144,0 76.95484430,30.25206404,0 76.95475272,30.25210665,0 76.95466114,30.25214925,0 76.95457453,30.25219883,0 76.95448980,30.25225103,0 76.95440506,30.25230323,0 76.95432033,30.25235544,0 76.95423559,30.25240764,0 76.95415086,30.25245984,0 76.95406612,30.25251204,0 76.95398138,30.25256424,0 76.95389665,30.25261644,0 76.95381191,30.25266864,0 76.95372718,30.25272084,0 76.95364244,30.25277304,0 76.95355770,30.25282524,0 76.95347297,30.25287744,0 76.95338823,30.25292965,0 76.95330349,30.25298185,0 76.95321876,30.25303405,0 76.95313402,30.25308625,0 76.95304928,30.25313845,0 76.95296454,30.25319065,0 76.95287981,30.25324285,0 76.95279507,30.25329505,0 76.95271033,30.25334725,0 76.95262560,30.25339945,0 76.95254086,30.25345165,0 76.95245612,30.25350385,0 76.95237138,30.25355605,0 76.95228664,30.25360825,0 76.95220191,30.25366045,0 76.95211717,30.25371265,0 76.95203243,30.25376485,0 76.95194769,30.25381705,0 76.95186295,30.25386925,0 76.95177822,30.25392145,0 76.95169348,30.25397365,0 76.95160874,30.25402585,0 76.95152400,30.25407805,0 76.95143926,30.25413025,0 76.95135452,30.25418245,0 76.95126978,30.25423465,0 76.95118504,30.25428684,0 76.95110031,30.25433904,0 76.95101557,30.25439124,0 76.95093083,30.25444344,0 76.95084609,30.25449564,0 76.95076135,30.25454784,0 76.95067661,30.25460004,0 76.95059187,30.25465224,0 76.95050713,30.25470444,0 76.95042239,30.25475664,0 76.95033765,30.25480883,0 76.95025291,30.25486103,0 76.95016817,30.25491323,0 76.95008343,30.25496543,0 76.94999869,30.25501763,0 76.94991395,30.25506983,0 76.94982921,30.25512203,0 76.94974447,30.25517422,0 76.94965973,30.25522642,0 76.94957499,30.25527862,0 76.94949024,30.25533082,0 76.94940550,30.25538302,0 76.94932076,30.25543522,0 76.94923602,30.25548741,0 76.94915128,30.25553961,0 76.94906654,30.25559181,0 76.94898180,30.25564401,0 76.94889706,30.25569621,0 76.94881231,30.25574840,0 76.94872757,30.25580060,0 76.94864283,30.25585280,0 76.94855809,30.25590500,0 76.94847335,30.25595720,0 76.94838861,30.25600939,0 76.94830386,30.25606159,0 76.94821912,30.25611379,0 76.94813438,30.25616599,0 76.94804964,30.25621818,0 76.94796489,30.25627038,0 76.94788015,30.25632258,0 76.94779541,30.25637477,0 76.94771067,30.25642697,0 76.94762592,30.25647917,0 76.94754118,30.25653137,0 76.94745644,30.25658356,0 76.94737169,30.25663576,0 76.94728695,30.25668796,0 76.94720221,30.25674015,0 76.94711746,30.25679235,0 76.94703272,30.25684455,0 76.94694798,30.25689674,0 76.94686323,30.25694894,0 76.94677849,30.25700114,0 76.94669375,30.25705333,0 76.94660900,30.25710553,0 76.94652426,30.25715773,0 76.94643951,30.25720992,0 76.94635477,30.25726212,0 76.94627002,30.25731432,0 76.94618528,30.25736651,0 76.94610053,30.25741871,0 76.94601579,30.25747090,0 76.94593105,30.25752310,0 76.94584630,30.25757530,0 76.94576156,30.25762749,0 76.94567681,30.25767969,0 76.94559207,30.25773189,0 76.94550732,30.25778408,0 76.94542258,30.25783628,0 76.94533783,30.25788848,0 76.94525309,30.25794067,0 76.94516834,30.25799287,0 76.94508360,30.25804506,0 76.94499885,30.25809726,0 76.94491411,30.25814946,0 76.94482936,30.25820165,0 76.94474462,30.25825385,0 76.94465987,30.25830604,0 76.94457513,30.25835824,0 76.94449038,30.25841044,0 76.94440563,30.25846263,0 76.94432089,30.25851483,0 76.94423614,30.25856702,0 76.94415139,30.25861922,0 76.94406665,30.25867141,0 76.94398190,30.25872361,0 76.94389716,30.25877580,0 76.94381241,30.25882800,0 76.94372766,30.25888019,0 76.94364293,30.25893241,0 76.94355829,30.25898473,0 76.94347364,30.25903704,0 76.94338899,30.25908936,0 76.94330434,30.25914168,0 76.94321969,30.25919399,0 76.94313505,30.25924631,0 76.94305040,30.25929863,0 76.94296575,30.25935094,0 76.94288110,30.25940326,0 76.94279645,30.25945557,0 76.94271181,30.25950789,0 76.94262716,30.25956021,0 76.94254251,30.25961252,0 76.94245786,30.25966484,0 76.94237321,30.25971715,0 76.94228856,30.25976947,0 76.94220391,30.25982179,0 76.94211926,30.25987410,0 76.94203462,30.25992642,0 76.94194997,30.25997873,0 76.94186532,30.26003105,0 76.94178067,30.26008336,0 76.94169602,30.26013568,0 76.94161137,30.26018799,0 76.94152672,30.26024031,0 76.94144207,30.26029262,0 76.94135742,30.26034494,0 76.94127277,30.26039725,0 76.94118812,30.26044957,0 76.94110347,30.26050188,0 76.94101882,30.26055420,0 76.94093417,30.26060651,0 76.94084952,30.26065883,0 76.94076487,30.26071114,0 76.94068022,30.26076346,0 76.94059557,30.26081577,0 76.94051092,30.26086809,0 76.94042626,30.26092040,0 76.94034161,30.26097272,0 76.94025696,30.26102503,0 76.94017231,30.26107735,0 76.94008766,30.26112966,0 76.94000301,30.26118198,0 76.93991836,30.26123429,0 76.93983371,30.26128660,0 76.93974905,30.26133892,0 76.93966440,30.26139123,0 76.93957975,30.26144355,0 76.93949510,30.26149586,0 76.93941045,30.26154818,0 76.93932579,30.26160049,0 76.93924114,30.26165280,0 76.93915649,30.26170512,0 76.93907184,30.26175743,0 76.93898719,30.26180974,0 76.93890253,30.26186206,0 76.93881788,30.26191437,0 76.93873323,30.26196669,0 76.93864858,30.26201900,0 76.93856392,30.26207131,0 76.93847927,30.26212363,0 76.93839462,30.26217594,0 76.93830996,30.26222825,0 76.93822531,30.26228057,0 76.93814066,30.26233288,0 76.93805600,30.26238519,0 76.93797135,30.26243751,0 76.93788670,30.26248982,0 76.93780204,30.26254213,0 76.93771739,30.26259444,0 76.93763142,30.26264510,0 76.93754497,30.26269515,0 76.93745851,30.26274519,0 76.93737205,30.26279523,0 76.93728560,30.26284528,0 76.93719914,30.26289532,0 76.93711384,30.26294682,0 76.93702917,30.26299912,0 76.93694451,30.26305141,0 76.93685984,30.26310371,0 76.93677517,30.26315601,0 76.93669051,30.26320831,0 76.93660584,30.26326060,0 76.93652117,30.26331290,0 76.93643651,30.26336520,0 76.93635184,30.26341750,0 76.93626717,30.26346979,0 76.93618250,30.26352209,0 76.93609783,30.26357439,0 76.93601317,30.26362668,0 76.93592850,30.26367898,0 76.93584383,30.26373128,0 76.93575916,30.26378358,0 76.93567449,30.26383587,0 76.93558983,30.26388817,0 76.93550516,30.26394047,0 76.93542049,30.26399276,0 76.93533582,30.26404506,0 76.93525115,30.26409736,0 76.93516648,30.26414965,0 76.93508181,30.26420195,0 76.93499715,30.26425425,0 76.93491248,30.26430654,0 76.93482781,30.26435884,0 76.93474314,30.26441113,0 76.93465847,30.26446343,0 76.93457380,30.26451573,0 76.93448913,30.26456802,0 76.93440446,30.26462032,0 76.93431979,30.26467262,0 76.93423512,30.26472491,0 76.93415045,30.26477721,0 76.93406578,30.26482950,0 76.93398111,30.26488180,0 76.93389644,30.26493410,0 76.93381177,30.26498639,0 76.93372710,30.26503869,0 76.93364243,30.26509098,0 76.93355776,30.26514328,0 76.93347309,30.26519557,0 76.93338842,30.26524787,0 76.93330375,30.26530016,0 76.93321908,30.26535246,0 76.93313441,30.26540476,0 76.93304974,30.26545705,0 76.93296506,30.26550935,0 76.93288039,30.26556164,0 76.93279572,30.26561394,0 76.93271105,30.26566623,0 76.93262638,30.26571853,0 76.93254171,30.26577082,0 76.93245704,30.26582312,0 76.93237236,30.26587541,0 76.93228769,30.26592771,0 76.93220302,30.26598000,0 76.93211835,30.26603230,0 76.93203368,30.26608459,0 76.93194900,30.26613688,0 76.93186433,30.26618918,0 76.93177966,30.26624147,0 76.93169499,30.26629377,0 76.93161031,30.26634606,0 76.93152564,30.26639836,0 76.93144097,30.26645065,0 76.93135630,30.26650295,0 76.93127162,30.26655524,0 76.93118695,30.26660753,0 76.93110228,30.26665983,0 76.93101760,30.26671212,0 76.93093293,30.26676442,0 76.93084826,30.26681671,0 76.93076358,30.26686900,0 76.93067891,30.26692130,0 76.93059424,30.26697359,0 76.93050956,30.26702589,0 76.93042489,30.26707818,0 76.93034022,30.26713047,0 76.93025554,30.26718277,0 76.93017087,30.26723506,0 76.93008619,30.26728735,0 76.93000152,30.26733965,0 76.92991684,30.26739194,0 76.92983217,30.26744423,0 76.92974750,30.26749653,0 76.92966282,30.26754882,0 76.92957815,30.26760111,0 76.92949347,30.26765341,0 76.92940880,30.26770570,0 76.92932412,30.26775799,0 76.92923945,30.26781029,0 76.92915487,30.26786270,0 76.92907034,30.26791516,0 76.92898580,30.26796763,0 76.92890126,30.26802009,0 76.92881672,30.26807255,0 76.92873219,30.26812501,0 76.92864765,30.26817747,0 76.92856311,30.26822993,0 76.92847858,30.26828239,0 76.92839404,30.26833485,0 76.92830950,30.26838731,0 76.92822496,30.26843978,0 76.92814042,30.26849224,0 76.92805589,30.26854470,0 76.92797135,30.26859716,0 76.92788681,30.26864962,0 76.92780227,30.26870208,0 76.92771773,30.26875454,0 76.92763320,30.26880700,0 76.92754866,30.26885946,0 76.92746412,30.26891192,0 76.92737958,30.26896438,0 76.92729504,30.26901684,0 76.92721050,30.26906930,0 76.92712596,30.26912176,0 76.92704142,30.26917422,0 76.92695689,30.26922668,0 76.92687235,30.26927914,0 76.92678781,30.26933160,0 76.92670327,30.26938406,0 76.92661873,30.26943652,0 76.92653419,30.26948898,0 76.92644965,30.26954144,0 76.92636511,30.26959390,0 76.92628057,30.26964636,0 76.92619603,30.26969882,0 76.92611149,30.26975128,0 76.92602695,30.26980374,0 76.92594241,30.26985620,0 76.92585787,30.26990866,0 76.92577333,30.26996112,0 76.92568879,30.27001358,0 76.92560425,30.27006604,0 76.92551971,30.27011850,0 76.92543517,30.27017096,0 76.92535062,30.27022342,0 76.92526608,30.27027587,0 76.92518154,30.27032833,0 76.92509700,30.27038079,0 76.92501246,30.27043325,0 76.92492792,30.27048571,0 76.92484338,30.27053817,0 76.92475884,30.27059063,0 76.92467429,30.27064309,0 76.92458975,30.27069555,0 76.92450521,30.27074800,0 76.92442067,30.27080046,0 76.92433613,30.27085292,0 76.92425158,30.27090538,0 76.92416704,30.27095784,0 76.92408250,30.27101030,0 76.92399796,30.27106276,0 76.92391342,30.27111521,0 76.92382887,30.27116767,0 76.92374433,30.27122013,0 76.92365979,30.27127259,0 76.92357525,30.27132505,0 76.92349070,30.27137750,0 76.92340616,30.27142996,0 76.92332162,30.27148242,0 76.92323707,30.27153488,0 76.92315253,30.27158734,0 76.92306799,30.27163979,0 76.92298344,30.27169225,0 76.92289890,30.27174471,0 76.92281436,30.27179717,0 76.92272981,30.27184962,0 76.92264527,30.27190208,0 76.92256072,30.27195454,0 76.92247618,30.27200700,0 76.92239164,30.27205945,0 76.92230709,30.27211191,0 76.92222255,30.27216437,0 76.92213800,30.27221683,0 76.92205346,30.27226928,0 76.92196892,30.27232174,0 76.92188437,30.27237420,0 76.92179983,30.27242665,0 76.92171528,30.27247911,0 76.92163074,30.27253157,0 76.92154619,30.27258403,0 76.92146165,30.27263648,0 76.92137710,30.27268894,0 76.92129256,30.27274140,0 76.92120801,30.27279385,0 76.92112346,30.27284631,0 76.92103892,30.27289877,0 76.92095437,30.27295122,0 76.92086983,30.27300368,0 76.92078528,30.27305614,0 76.92070051,30.27310831,0 76.92061565,30.27316039,0 76.92053080,30.27321247,0 76.92044594,30.27326455,0 76.92036109,30.27331663,0 76.92027623,30.27336871,0 76.92019138,30.27342079,0 76.92010652,30.27347287,0 76.92002167,30.27352495,0 76.91993681,30.27357702,0 76.91985196,30.27362910,0 76.91976710,30.27368118,0 76.91968224,30.27373326,0 76.91959739,30.27378534,0 76.91951253,30.27383742,0 76.91942768,30.27388950,0 76.91934282,30.27394157,0 76.91925796,30.27399365,0 76.91917311,30.27404573,0 76.91908825,30.27409781,0 76.91900339,30.27414989,0 76.91891854,30.27420196,0 76.91883368,30.27425404,0 76.91874882,30.27430612,0 76.91866397,30.27435820,0 76.91857911,30.27441028,0 76.91849425,30.27446235,0 76.91840939,30.27451443,0 76.91832454,30.27456651,0 76.91823968,30.27461859,0 76.91815482,30.27467067,0 76.91806996,30.27472274,0 76.91798511,30.27477482,0 76.91790025,30.27482690,0 76.91781539,30.27487898,0 76.91773053,30.27493105,0 76.91764567,30.27498313,0 76.91756082,30.27503521,0 76.91747596,30.27508728,0 76.91739110,30.27513936,0 76.91730624,30.27519144,0 76.91722138,30.27524352,0 76.91713652,30.27529559,0 76.91705166,30.27534767,0 76.91696681,30.27539975,0 76.91688195,30.27545182,0 76.91679709,30.27550390,0 76.91671223,30.27555598,0 76.91662737,30.27560805,0 76.91654251,30.27566013,0 76.91645765,30.27571221,0 76.91637279,30.27576428,0 76.91628793,30.27581636,0 76.91620307,30.27586844,0 76.91611821,30.27592051,0 76.91603335,30.27597259,0 76.91594849,30.27602467,0 76.91586363,30.27607674,0 76.91577877,30.27612882,0 76.91569391,30.27618089,0 76.91560905,30.27623297,0 76.91552419,30.27628505,0 76.91543933,30.27633712,0 76.91535447,30.27638920,0 76.91526961,30.27644127,0 76.91518475,30.27649335,0 76.91509989,30.27654543,0 76.91501503,30.27659750,0 76.91493017,30.27664958,0 76.91484531,30.27670165,0 76.91476044,30.27675373,0 76.91467558,30.27680580,0 76.91459072,30.27685788,0 76.91450586,30.27690996,0 76.91442100,30.27696203,0 76.91433614,30.27701411,0 76.91425127,30.27706618,0 76.91416641,30.27711826,0 76.91408155,30.27717033,0 76.91399669,30.27722241,0 76.91391183,30.27727448,0 76.91382696,30.27732656,0 76.91374210,30.27737863,0 76.91365724,30.27743071,0 76.91357238,30.27748278,0 76.91348752,30.27753486,0 76.91340265,30.27758693,0 76.91331779,30.27763901,0 76.91323293,30.27769108,0 76.91314807,30.27774316,0 76.91306320,30.27779523,0 76.91297834,30.27784731,0 76.91289348,30.27789938,0 76.91280861,30.27795146,0 76.91272375,30.27800353,0 76.91263889,30.27805561,0 76.91255402,30.27810768,0 76.91246916,30.27815975,0 76.91238430,30.27821183,0 76.91229943,30.27826390,0 76.91221457,30.27831598,0 76.91212970,30.27836805,0 76.91204484,30.27842013,0 76.91195998,30.27847220,0 76.91187511,30.27852427,0 76.91179025,30.27857635,0 76.91170538,30.27862842,0 76.91162052,30.27868049,0 76.91153565,30.27873257,0 76.91145079,30.27878464,0 76.91136592,30.27883672,0 76.91128106,30.27888879,0 76.91119619,30.27894086,0 76.91111133,30.27899294,0 76.91102646,30.27904501,0 76.91094160,30.27909708,0 76.91085673,30.27914916,0 76.91077187,30.27920123,0 76.91068700,30.27925330,0 76.91060214,30.27930537,0 76.91051727,30.27935745,0 76.91043241,30.27940952,0 76.91034754,30.27946159,0 76.91026267,30.27951367,0 76.91017781,30.27956574,0 76.91009294,30.27961781,0 76.91000808,30.27966989,0 76.90992321,30.27972196,0 76.90983834,30.27977403,0 76.90975348,30.27982610,0 76.90966861,30.27987818,0 76.90958374,30.27993025,0 76.90949888,30.27998232,0 76.90941401,30.28003439,0 76.90932914,30.28008647,0 76.90924427,30.28013854,0 76.90915941,30.28019061,0 76.90907454,30.28024268,0 76.90898967,30.28029475,0 76.90890480,30.28034683,0 76.90881994,30.28039890,0 76.90873507,30.28045097,0 76.90865020,30.28050304,0 76.90856533,30.28055511,0 76.90848047,30.28060719,0 76.90839560,30.28065926,0 76.90831073,30.28071133,0 76.90822586,30.28076340,0 76.90814099,30.28081547,0 76.90805613,30.28086754,0 76.90797126,30.28091962,0 76.90788639,30.28097169,0 76.90780152,30.28102376,0 76.90771665,30.28107583,0 76.90763178,30.28112790,0 76.90754691,30.28117997,0 76.90746204,30.28123204,0 76.90737717,30.28128411,0 76.90729231,30.28133619,0 76.90720744,30.28138826,0 76.90712257,30.28144033,0 76.90703770,30.28149240,0 76.90695283,30.28154447,0 76.90686796,30.28159654,0 76.90678309,30.28164861,0 76.90669822,30.28170068,0 76.90661335,30.28175275,0 76.90652848,30.28180482,0 76.90644361,30.28185689,0 76.90635874,30.28190896,0 76.90627387,30.28196103,0 76.90618900,30.28201311,0 76.90610413,30.28206518,0 76.90601926,30.28211725,0 76.90593439,30.28216932,0 76.90584952,30.28222139,0 76.90576464,30.28227346,0 76.90567977,30.28232553,0 76.90559490,30.28237760,0 76.90551003,30.28242967,0 76.90542516,30.28248174,0 76.90534029,30.28253381,0 76.90525542,30.28258588,0 76.90517055,30.28263795,0 76.90508567,30.28269002,0 76.90500080,30.28274209,0 76.90491593,30.28279416,0 76.90483106,30.28284622,0 76.90474619,30.28289829,0 76.90466131,30.28295036,0 76.90457644,30.28300243,0 76.90449157,30.28305450,0 76.90440670,30.28310657,0 76.90432183,30.28315864,0 76.90423695,30.28321071,0 76.90415208,30.28326278,0 76.90406721,30.28331485,0 76.90398234,30.28336692,0 76.90389746,30.28341899,0 76.90381259,30.28347106,0 76.90372772,30.28352312,0 76.90364284,30.28357519,0 76.90355797,30.28362726,0 76.90347310,30.28367933,0 76.90338822,30.28373140,0 76.90330335,30.28378347,0 76.90321848,30.28383554,0 76.90313360,30.28388761,0 76.90304873,30.28393967,0 76.90296385,30.28399174,0 76.90287898,30.28404381,0 76.90279411,30.28409588,0 76.90270923,30.28414795,0 76.90262436,30.28420002,0 76.90253948,30.28425208,0 76.90245461,30.28430415,0 76.90236974,30.28435622,0 76.90228486,30.28440829,0 76.90219999,30.28446036,0 76.90211511,30.28451242,0 76.90203024,30.28456449,0 76.90194536,30.28461656,0 76.90186049,30.28466863,0 76.90177561,30.28472070,0 76.90169074,30.28477276,0 76.90160586,30.28482483,0 76.90152099,30.28487690,0 76.90143611,30.28492897,0 76.90135123,30.28498103,0 76.90126636,30.28503310,0 76.90118148,30.28508517,0 76.90109661,30.28513724,0 76.90101173,30.28518930,0 76.90092685,30.28524137,0 76.90084198,30.28529344,0 76.90075710,30.28534550,0 76.90067223,30.28539757,0 76.90058735,30.28544964,0 76.90050247,30.28550171,0 76.90041760,30.28555377,0 76.90033272,30.28560584,0 76.90024784,30.28565791,0 76.90016297,30.28570997,0 76.90007809,30.28576204,0 76.89999321,30.28581411,0 76.89990833,30.28586617,0 76.89982346,30.28591824,0 76.89973858,30.28597031,0 76.89965370,30.28602237,0 76.89956883,30.28607444,0 76.89948395,30.28612650,0 76.89939907,30.28617857,0 76.89931419,30.28623064,0 76.89922931,30.28628270,0 76.89914444,30.28633477,0 76.89905956,30.28638684,0 76.89897468,30.28643890,0 76.89888980,30.28649097,0 76.89880492,30.28654303,0 76.89872004,30.28659510,0 76.89863517,30.28664717,0 76.89855029,30.28669923,0 76.89846541,30.28675130,0 76.89838053,30.28680336,0 76.89829565,30.28685543,0 76.89821077,30.28690749,0 76.89812589,30.28695956,0 76.89804101,30.28701162,0 76.89795614,30.28706369,0 76.89787126,30.28711576,0 76.89778638,30.28716782,0 76.89770150,30.28721989,0 76.89761662,30.28727195,0 76.89753174,30.28732402,0 76.89744686,30.28737608,0 76.89736198,30.28742815,0 76.89727710,30.28748021,0 76.89719222,30.28753228,0 76.89710734,30.28758434,0 76.89702246,30.28763641,0 76.89693758,30.28768847,0 76.89685270,30.28774054,0 76.89676782,30.28779260,0 76.89668294,30.28784467,0 76.89659805,30.28789673,0 76.89651317,30.28794879,0 76.89642829,30.28800086,0 76.89634341,30.28805292,0 76.89625853,30.28810499,0 76.89617365,30.28815705,0 76.89608877,30.28820912,0 76.89600389,30.28826118,0 76.89591901,30.28831324,0 76.89583412,30.28836531,0 76.89574924,30.28841737,0 76.89566436,30.28846944,0 76.89557948,30.28852150,0 76.89549460,30.28857356,0 76.89540972,30.28862563,0 76.89532483,30.28867769,0 76.89523995,30.28872976,0 76.89515507,30.28878182,0 76.89507019,30.28883388,0 76.89498530,30.28888595,0 76.89490042,30.28893801,0 76.89481554,30.28899007,0 76.89473066,30.28904214,0 76.89464577,30.28909420,0 76.89456089,30.28914626,0 76.89447601,30.28919833,0 76.89439112,30.28925039,0 76.89430624,30.28930245,0 76.89422136,30.28935452,0 76.89413647,30.28940658,0 76.89405159,30.28945864,0 76.89396671,30.28951071,0 76.89388182,30.28956277,0 76.89379694,30.28961483,0 76.89371206,30.28966689,0 76.89362717,30.28971896,0 76.89354229,30.28977102,0 76.89345740,30.28982308,0 76.89337252,30.28987514,0 76.89328763,30.28992721,0 76.89320275,30.28997927,0 76.89311787,30.29003133,0 76.89303298,30.29008339,0 76.89294810,30.29013546,0 76.89286321,30.29018752,0 76.89277833,30.29023958,0 76.89269344,30.29029164,0 76.89260856,30.29034371,0 76.89252367,30.29039577,0 76.89243879,30.29044783,0 76.89235390,30.29049989,0 76.89226902,30.29055195,0 76.89218413,30.29060402,0 76.89209924,30.29065608,0 76.89201436,30.29070814,0 76.89192947,30.29076020,0 76.89184458,30.29081225,0 76.89175968,30.29086430,0 76.89167478,30.29091634,0 76.89158988,30.29096838,0 76.89150498,30.29102043,0 76.89142008,30.29107247,0 76.89133518,30.29112452,0 76.89125028,30.29117656,0 76.89116538,30.29122861,0 76.89108048,30.29128065,0 76.89099558,30.29133269,0 76.89091068,30.29138474,0 76.89082577,30.29143678,0 76.89074087,30.29148883,0 76.89065597,30.29154087,0 76.89057107,30.29159291,0 76.89048617,30.29164496,0 76.89040127,30.29169700,0 76.89031637,30.29174904,0 76.89023147,30.29180109,0 76.89014656,30.29185313,0 76.89006166,30.29190517,0 76.88997676,30.29195722,0 76.88989186,30.29200926,0 76.88980696,30.29206131,0 76.88972205,30.29211335,0 76.88963715,30.29216539,0 76.88955225,30.29221743,0 76.88946735,30.29226948,0 76.88938245,30.29232152,0 76.88929754,30.29237356,0 76.88921165,30.29242433,0 76.88912416,30.29247305,0 76.88903668,30.29252176,0 76.88894919,30.29257047,0 76.88886170,30.29261918,0 76.88877421,30.29266789,0 76.88868672,30.29271660,0 76.88859923,30.29276531,0 76.88851174,30.29281402,0 76.88842425,30.29286273,0 76.88833677,30.29291144,0 76.88824928,30.29296015,0 76.88816179,30.29300886,0 76.88807430,30.29305758,0 76.88798681,30.29310629,0 76.88789932,30.29315500,0 76.88781183,30.29320371,0 76.88772434,30.29325242,0 76.88763685,30.29330113,0 76.88754936,30.29334984,0 76.88746187,30.29339855,0 76.88737438,30.29344726,0 76.88728689,30.29349597,0 76.88719940,30.29354468,0 76.88711191,30.29359339,0 76.88702442,30.29364210,0 76.88693693,30.29369081,0 76.88684944,30.29373952,0 76.88676194,30.29378823,0 76.88667696,30.29384012,0 76.88659287,30.29389315,0 76.88650878,30.29394617,0 76.88642468,30.29399920,0 76.88634059,30.29405222,0 76.88625650,30.29410525,0 76.88617240,30.29415827,0 76.88608831,30.29421130,0 76.88600421,30.29426432,0 76.88592012,30.29431734,0 76.88583603,30.29437037,0 76.88575193,30.29442339,0 76.88566784,30.29447642,0 76.88558374,30.29452944,0 76.88549965,30.29458247,0 76.88541555,30.29463549,0 76.88533146,30.29468851,0 76.88524736,30.29474154,0 76.88516327,30.29479456,0 76.88507917,30.29484759,0 76.88499508,30.29490061,0 76.88491098,30.29495363,0 76.88482689,30.29500666,0 76.88474279,30.29505968,0 76.88465870,30.29511270,0 76.88457460,30.29516573,0 76.88449051,30.29521875,0 76.88440641,30.29527178,0 76.88432231,30.29532480,0 76.88423822,30.29537782,0 76.88415412,30.29543085,0 76.88407003,30.29548387,0 76.88398593,30.29553689,0 76.88390183,30.29558992,0 76.88381774,30.29564294,0 76.88373364,30.29569596,0 76.88364954,30.29574898,0 76.88356545,30.29580201,0 76.88348135,30.29585503,0 76.88339725,30.29590805,0 76.88331316,30.29596108,0 76.88322906,30.29601410,0 76.88314496,30.29606712,0 76.88306086,30.29612014,0 76.88297677,30.29617317,0 76.88289267,30.29622619,0 76.88280857,30.29627921,0 76.88272447,30.29633223,0 76.88264038,30.29638526,0 76.88255628,30.29643828,0 76.88247218,30.29649130,0 76.88238808,30.29654432,0 76.88230399,30.29659735,0 76.88221989,30.29665037,0 76.88213579,30.29670339,0 76.88205169,30.29675641,0 76.88196759,30.29680944,0 76.88188349,30.29686246,0 76.88179939,30.29691548,0 76.88171530,30.29696850,0 76.88163120,30.29702152,0 76.88154710,30.29707454,0 76.88146300,30.29712757,0 76.88137890,30.29718059,0 76.88129480,30.29723361,0 76.88121070,30.29728663,0 76.88112660,30.29733965,0 76.88104250,30.29739267,0 76.88095840,30.29744570,0 76.88087430,30.29749872,0 76.88079020,30.29755174,0 76.88070610,30.29760476,0 76.88062200,30.29765778,0 76.88053790,30.29771080,0 76.88045380,30.29776382,0 76.88036970,30.29781684,0 76.88028560,30.29786987,0 76.88020150,30.29792289,0 76.88011740,30.29797591,0 76.88003330,30.29802893,0 76.87994920,30.29808195,0 76.87986510,30.29813497,0 76.87978100,30.29818799,0 76.87969690,30.29824101,0 76.87961280,30.29829403,0 76.87952870,30.29834705,0 76.87944460,30.29840007,0 76.87936049,30.29845309,0 76.87927639,30.29850611,0 76.87919229,30.29855913,0 76.87910819,30.29861215,0 76.87902409,30.29866517,0 76.87893999,30.29871819,0 76.87885588,30.29877121,0 76.87877178,30.29882423,0 76.87868768,30.29887725,0 76.87860358,30.29893027,0 76.87851948,30.29898329,0 76.87843537,30.29903631,0 76.87835127,30.29908933,0 76.87826528,30.29913999,0 76.87817862,30.29918982,0 76.87809197,30.29923965,0 76.87800531,30.29928947,0 76.87791865,30.29933930,0 76.87783199,30.29938912,0 76.87774534,30.29943895,0 76.87765868,30.29948877,0 76.87757202,30.29953860,0 76.87748536,30.29958842,0 76.87739870,30.29963825,0 76.87731205,30.29968807,0 76.87722539,30.29973790,0 76.87713873,30.29978772,0 76.87705207,30.29983755,0 76.87696541,30.29988737,0 76.87687875,30.29993720,0 76.87679209,30.29998702,0 76.87670543,30.30003685,0 76.87661878,30.30008667,0 76.87653212,30.30013650,0 76.87644546,30.30018632,0 76.87635880,30.30023615,0 76.87627214,30.30028597,0 76.87618548,30.30033580,0 76.87609882,30.30038562,0 76.87601216,30.30043545,0 76.87592550,30.30048527,0 76.87583884,30.30053509,0 76.87575218,30.30058492,0 76.87566552,30.30063474,0 76.87557886,30.30068457,0 76.87549220,30.30073439,0 76.87540554,30.30078422,0 76.87531888,30.30083404,0 76.87523222,30.30088386,0 76.87514556,30.30093369,0 76.87505890,30.30098351,0 76.87497224,30.30103333,0 76.87488558,30.30108316,0 76.87479892,30.30113298,0 76.87471226,30.30118281,0 76.87462559,30.30123263,0 76.87453893,30.30128245,0 76.87445227,30.30133228,0 76.87436561,30.30138210,0 76.87427895,30.30143192,0 76.87419229,30.30148175,0 76.87410563,30.30153157,0 76.87401897,30.30158139,0 76.87393230,30.30163122,0 76.87384564,30.30168104,0 76.87375898,30.30173086,0 76.87367232,30.30178068,0 76.87358566,30.30183051,0 76.87349899,30.30188033,0 76.87341233,30.30193015,0 76.87332567,30.30197998,0 76.87323901,30.30202980,0 76.87315234,30.30207962,0 76.87306568,30.30212944,0 76.87297902,30.30217927,0 76.87289236,30.30222909,0 76.87280569,30.30227891,0 76.87271903,30.30232873,0 76.87263237,30.30237856,0 76.87254570,30.30242838,0 76.87245904,30.30247820,0 76.87237238,30.30252802,0 76.87228571,30.30257784,0 76.87219905,30.30262767,0 76.87211239,30.30267749,0 76.87202572,30.30272731,0 76.87193906,30.30277713,0 76.87185239,30.30282695,0 76.87176560,30.30287659,0 76.87167701,30.30292381,0 76.87158843,30.30297102,0 76.87149985,30.30301824,0 76.87141127,30.30306545,0 76.87132269,30.30311266,0 76.87123410,30.30315988,0 76.87114552,30.30320709,0 76.87105694,30.30325431,0 76.87096836,30.30330152,0 76.87087978,30.30334873,0 76.87079119,30.30339595,0 76.87070261,30.30344316,0 76.87061403,30.30349037,0 76.87052545,30.30353759,0 76.87043686,30.30358480,0 76.87034828,30.30363202,0 76.87025970,30.30367923,0 76.87017111,30.30372644,0 76.87008253,30.30377366,0 76.86999395,30.30382087,0 76.86990536,30.30386808,0 76.86981678,30.30391529,0 76.86972820,30.30396251,0 76.86963961,30.30400972,0 76.86955205,30.30405834,0 76.86946483,30.30410743,0 76.86937761,30.30415651,0 76.86929039,30.30420560,0 76.86920317,30.30425469,0 76.86911595,30.30430377,0 76.86902873,30.30435286,0 76.86894151,30.30440195,0 76.86885429,30.30445104,0 76.86876707,30.30450012,0 76.86867985,30.30454921,0 76.86859262,30.30459830,0 76.86850540,30.30464738,0 76.86841818,30.30469647,0 76.86833096,30.30474555,0 76.86824374,30.30479464,0 76.86815652,30.30484373,0 76.86806930,30.30489281,0 76.86798207,30.30494190,0 76.86789485,30.30499099,0 76.86780763,30.30504007,0 76.86772041,30.30508916,0 76.86763319,30.30513824,0 76.86754597,30.30518733,0 76.86745874,30.30523642,0 76.86737152,30.30528550,0 76.86728430,30.30533459,0 76.86719708,30.30538367,0 76.86710985,30.30543276,0 76.86702263,30.30548184,0 76.86693541,30.30553093,0 76.86684818,30.30558002,0 76.86676096,30.30562910,0 76.86667374,30.30567819,0 76.86658652,30.30572727,0 76.86649929,30.30577636,0 76.86641207,30.30582544,0 76.86632485,30.30587453,0 76.86623762,30.30592361,0 76.86615040,30.30597270,0 76.86606318,30.30602178,0 76.86597595,30.30607087,0 76.86588873,30.30611995,0 76.86580150,30.30616904,0 76.86571428,30.30621812,0 76.86562706,30.30626721,0 76.86553983,30.30631629,0 76.86545261,30.30636538,0 76.86536538,30.30641446,0 76.86527816,30.30646355,0 76.86519093,30.30651263,0 76.86510371,30.30656171,0 76.86501648,30.30661080,0 76.86492926,30.30665988,0 76.86484203,30.30670897,0 76.86475481,30.30675805,0 76.86466758,30.30680714,0 76.86458036,30.30685622,0 76.86449313,30.30690530,0 76.86440591,30.30695439,0 76.86431868,30.30700347,0 76.86423146,30.30705256,0 76.86414423,30.30710164,0 76.86405701,30.30715072,0 76.86396978,30.30719981,0 76.86388256,30.30724889,0 76.86379533,30.30729797,0 76.86370810,30.30734706,0 76.86362088,30.30739614,0 76.86353365,30.30744522,0 76.86344642,30.30749431,0 76.86335920,30.30754339,0 76.86327197,30.30759247,0 76.86318475,30.30764156,0 76.86309752,30.30769064,0 76.86301029,30.30773972,0 76.86292306,30.30778881,0 76.86283584,30.30783789,0 76.86274861,30.30788697,0 76.86266138,30.30793606,0 76.86257416,30.30798514,0 76.86248693,30.30803422,0 76.86239970,30.30808330,0 76.86231247,30.30813239,0 76.86222525,30.30818147,0 76.86213802,30.30823055,0 76.86205079,30.30827963,0 76.86196356,30.30832872,0 76.86187634,30.30837780,0 76.86178911,30.30842688,0 76.86170188,30.30847596,0 76.86161589,30.30852662,0 76.86153133,30.30857910,0 76.86144677,30.30863159,0 76.86136222,30.30868407,0 76.86127766,30.30873655,0 76.86119310,30.30878904,0 76.86110855,30.30884152,0 76.86102399,30.30889401,0 76.86093943,30.30894649,0 76.86086009,30.30900466,0 76.86078208,30.30906430,0 76.86070407,30.30912393,0 76.86062607,30.30918356,0 76.86054806,30.30924320,0 76.86047005,30.30930283,0 76.86039204,30.30936246,0 76.86031404,30.30942210,0 76.86023603,30.30948173,0 76.86015802,30.30954136,0 76.86008001,30.30960100,0 76.86000200,30.30966063,0 76.85992400,30.30972026,0 76.85984599,30.30977990,0 76.85976798,30.30983953,0 76.85968997,30.30989916,0 76.85961196,30.30995880,0 76.85953395,30.31001843,0 76.85945594,30.31007806,0 76.85937794,30.31013769,0 76.85929993,30.31019733,0 76.85922192,30.31025696,0 76.85914391,30.31031659,0 76.85906590,30.31037623,0 76.85898789,30.31043586,0 76.85890988,30.31049549,0 76.85883187,30.31055512,0 76.85875386,30.31061476,0 76.85867585,30.31067439,0 76.85859784,30.31073402,0 76.85851983,30.31079365,0 76.85844182,30.31085328,0 76.85836381,30.31091292,0 76.85828580,30.31097255,0 76.85820779,30.31103218,0 76.85812978,30.31109181,0 76.85805177,30.31115145,0 76.85797376,30.31121108,0 76.85789575,30.31127071,0 76.85781774,30.31133034,0 76.85773973,30.31138997,0 76.85766172,30.31144961,0 76.85758371,30.31150924,0 76.85750570,30.31156887,0 76.85742769,30.31162850,0 76.85734967,30.31168813,0 76.85727166,30.31174776,0 76.85719365,30.31180740,0 76.85711564,30.31186703,0 76.85703763,30.31192666,0 76.85695962,30.31198629,0 76.85688160,30.31204592,0 76.85680359,30.31210555,0 76.85672558,30.31216519,0 76.85664757,30.31222482,0 76.85656956,30.31228445,0 76.85649154,30.31234408,0 76.85641353,30.31240371,0 76.85633552,30.31246334,0 76.85625751,30.31252297,0 76.85617949,30.31258260,0 76.85610148,30.31264223,0 76.85602347,30.31270187,0 76.85594546,30.31276150,0 76.85586744,30.31282113,0 76.85578943,30.31288076,0 76.85571142,30.31294039,0 76.85563340,30.31300002,0 76.85555539,30.31305965,0 76.85547738,30.31311928,0 76.85539936,30.31317891,0 76.85532135,30.31323854,0 76.85524333,30.31329817,0 76.85516532,30.31335780,0 76.85508731,30.31341743,0 76.85500929,30.31347706,0 76.85493128,30.31353670,0 76.85485326,30.31359633,0 76.85477525,30.31365596,0 76.85469724,30.31371559,0 76.85461922,30.31377522,0 76.85454121,30.31383485,0 76.85446319,30.31389448,0 76.85438518,30.31395411,0 76.85430716,30.31401374,0 76.85422915,30.31407337,0 76.85415113,30.31413300,0 76.85407312,30.31419263,0 76.85399510,30.31425226,0 76.85391709,30.31431189,0 76.85383907,30.31437152,0 76.85376105,30.31443115,0 76.85368304,30.31449078,0 76.85360502,30.31455041,0 76.85352701,30.31461003,0 76.85344899,30.31466966,0 76.85337097,30.31472929,0 76.85329296,30.31478892,0 76.85321494,30.31484855,0 76.85313693,30.31490818,0 76.85307114,30.31497784,0 76.85300694,30.31504879,0 76.85294273,30.31511975,0 76.85287853,30.31519070,0 76.85281432,30.31526165,0 76.85275012,30.31533260,0 76.85268591,30.31540355,0 76.85262170,30.31547451,0 76.85255750,30.31554546,0 76.85249329,30.31561641,0 76.85242909,30.31568736,0 76.85236488,30.31575831,0 76.85230067,30.31582927,0 76.85223647,30.31590022,0 76.85217226,30.31597117,0 76.85210805,30.31604212,0 76.85204385,30.31611307,0 76.85197964,30.31618403,0 76.85191543,30.31625498,0 76.85185123,30.31632593,0 76.85178702,30.31639688,0 76.85172281,30.31646783,0 76.85165861,30.31653878,0 76.85159440,30.31660973,0 76.85153019,30.31668069,0 76.85146598,30.31675164,0 76.85140178,30.31682259,0 76.85133757,30.31689354,0 76.85127336,30.31696449,0 76.85120915,30.31703544,0 76.85114494,30.31710639,0 76.85108074,30.31717735,0 76.85101653,30.31724830,0 76.85095232,30.31731925,0 76.85088811,30.31739020,0 76.85082390,30.31746115,0 76.85075969,30.31753210,0 76.85069549,30.31760305,0 76.85063128,30.31767400,0 76.85056707,30.31774496,0 76.85050286,30.31781591,0 76.85043865,30.31788686,0 76.85037444,30.31795781,0 76.85031023,30.31802876,0 76.85024602,30.31809971,0 76.85018181,30.31817066,0 76.85011760,30.31824161,0 76.85005339,30.31831256,0 76.84998918,30.31838351,0 76.84992497,30.31845446,0 76.84986076,30.31852542,0 76.84979655,30.31859637,0 76.84973234,30.31866732,0 76.84966813,30.31873827,0 76.84960392,30.31880922,0 76.84953971,30.31888017,0 76.84947550,30.31895112,0 76.84941129,30.31902207,0 76.84934708,30.31909302,0 76.84928287,30.31916397,0 76.84921866,30.31923492,0 76.84915445,30.31930587,0 76.84909024,30.31937682,0 76.84902603,30.31944777,0 76.84896182,30.31951872,0 76.84889761,30.31958967,0 76.84883339,30.31966062,0 76.84876918,30.31973157,0 76.84870497,30.31980252,0 76.84864076,30.31987347,0 76.84857655,30.31994442,0 76.84851234,30.32001537,0 76.84844812,30.32008632,0 76.84838391,30.32015728,0 76.84831970,30.32022823,0 76.84825549,30.32029918,0 76.84819128,30.32037013,0 76.84812706,30.32044108,0 76.84806285,30.32051203,0 76.84799864,30.32058298,0 76.84793443,30.32065393,0 76.84787021,30.32072487,0 76.84780600,30.32079582,0 76.84774179,30.32086677,0 76.84767758,30.32093772,0 76.84761336,30.32100867,0 76.84754915,30.32107962,0 76.84748494,30.32115057,0 76.84742072,30.32122152,0 76.84735651,30.32129247,0 76.84729230,30.32136342,0 76.84722808,30.32143437,0 76.84716387,30.32150532,0 76.84709965,30.32157627,0 76.84703544,30.32164722,0 76.84697123,30.32171817,0 76.84690701,30.32178912,0 76.84684280,30.32186007,0 76.84677858,30.32193102,0 76.84671117,30.32199917,0 76.84662890,30.32205434,0 76.84654663,30.32210950,0 76.84646436,30.32216467,0 76.84638209,30.32221984,0 76.84629982,30.32227500,0 76.84621755,30.32233017,0 76.84613529,30.32238534,0 76.84605302,30.32244050,0 76.84597075,30.32249567,0 76.84588848,30.32255084,0 76.84580621,30.32260600,0 76.84572394,30.32266117,0 76.84564167,30.32271634,0 76.84555940,30.32277150,0 76.84547713,30.32282667,0 76.84539486,30.32288183,0 76.84531259,30.32293700,0 76.84523032,30.32299217,0 76.84514805,30.32304733,0 76.84506578,30.32310250,0 76.84498351,30.32315767,0 76.84490123,30.32321283,0 76.84481896,30.32326800,0 76.84473669,30.32332316,0 76.84465442,30.32337833,0 76.84457215,30.32343349,0 76.84448988,30.32348866,0 76.84440761,30.32354383,0 76.84432534,30.32359899,0 76.84424307,30.32365416,0 76.84416079,30.32370932,0 76.84407852,30.32376449,0 76.84399625,30.32381965,0 76.84391398,30.32387482,0 76.84383171,30.32392998,0 76.84374944,30.32398515,0 76.84366716,30.32404031,0 76.84358489,30.32409548,0 76.84350262,30.32415064,0 76.84342035,30.32420581,0 76.84333807,30.32426097,0 76.84325580,30.32431614,0 76.84317353,30.32437130,0 76.84307644,30.32439699,0 76.84297386,30.32441178,0 76.84287128,30.32442656,0 76.84276870,30.32444135,0 76.84266613,30.32445613,0 76.84256355,30.32447091,0 76.84246097,30.32448570,0 76.84235840,30.32450048,0 76.84225582,30.32451526,0 76.84215324,30.32453005,0 76.84205067,30.32454483,0 76.84194809,30.32455962,0 76.84184551,30.32457440,0 76.84174293,30.32458918,0 76.84164036,30.32460396,0 76.84153778,30.32461875,0 76.84143520,30.32463353,0 76.84133262,30.32464831,0 76.84123005,30.32466310,0 76.84112747,30.32467788,0 76.84102489,30.32469266,0 76.84092231,30.32470744,0 76.84081974,30.32472223,0 76.84071716,30.32473701,0 76.84061458,30.32475179,0 76.84051181,30.32474947,0 76.84040891,30.32473646,0 76.84030602,30.32472345,0 76.84020312,30.32471044,0 76.84010022,30.32469743,0 76.83999733,30.32468442,0 76.83989443,30.32467140,0 76.83979154,30.32465839,0 76.83968864,30.32464538,0 76.83958575,30.32463237,0 76.83948285,30.32461936,0 76.83937995,30.32460634,0 76.83927706,30.32459333,0 76.83917416,30.32458032,0 76.83907127,30.32456731,0 76.83896837,30.32455430,0 76.83886548,30.32454128,0 76.83876258,30.32452827,0 76.83865968,30.32451526,0 76.83855679,30.32450224,0 76.83845389,30.32448923,0 76.83835100,30.32447622,0 76.83824810,30.32446321,0 76.83814521,30.32445019,0 76.83804231,30.32443718,0 76.83793942,30.32442417,0 76.83783652,30.32441115,0 76.83773363,30.32439814,0 76.83763073,30.32438513,0 76.83752783,30.32437211,0 76.83742508,30.32435834,0 76.83732282,30.32434198,0 76.83722056,30.32432561,0 76.83711830,30.32430925,0 76.83701604,30.32429289,0 76.83691378,30.32427653,0 76.83681153,30.32426016,0 76.83670927,30.32424380,0 76.83660701,30.32422744,0 76.83650475,30.32421107,0 76.83640250,30.32419471,0 76.83630024,30.32417835,0 76.83619798,30.32416198,0 76.83609572,30.32414562,0 76.83599346,30.32412926,0 76.83589121,30.32411289,0 76.83578895,30.32409653,0 76.83568669,30.32408017,0 76.83558443,30.32406380,0 76.83548108,30.32407215,0 76.83537768,30.32408168,0 76.83527428,30.32409121,0 76.83517088,30.32410074,0 76.83506748,30.32411027,0 76.83496408,30.32411980,0 76.83486068,30.32412933,0 76.83475728,30.32413886,0 76.83465388,30.32414839,0 76.83455048,30.32415792,0 76.83444707,30.32416745,0 76.83434367,30.32417698,0 76.83424027,30.32418651,0 76.83413687,30.32419604,0 76.83403347,30.32420557,0 76.83393007,30.32421510,0 76.83382667,30.32422462,0 76.83372327,30.32423415,0 76.83361986,30.32424368,0 76.83351646,30.32425321,0 76.83341306,30.32426274,0 76.83330966,30.32427227,0 76.83320626,30.32428180,0 76.83310286,30.32429133,0 76.83299946,30.32430085,0 76.83289605,30.32431038,0 76.83279265,30.32431991,0 76.83268925,30.32432944,0 76.83258585,30.32433897,0 76.83248245,30.32434850,0 76.83237905,30.32435802,0 76.83227565,30.32436755,0 76.83217224,30.32437708,0 76.83206884,30.32438661,0 76.83196544,30.32439613,0 76.83186204,30.32440566,0 76.83175864,30.32441519,0 76.83165523,30.32442472,0 76.83155183,30.32443424,0 76.83144843,30.32444377,0 76.83134503,30.32445330,0 76.83124163,30.32446283,0 76.83113823,30.32447235,0 76.83103482,30.32448188,0 76.83093142,30.32449141,0 76.83082802,30.32450093,0 76.83072462,30.32451046,0 76.83062122,30.32451999,0 76.83051781,30.32452951,0 76.83041441,30.32453904,0 76.83031101,30.32454856,0 76.83020761,30.32455809,0 76.83010421,30.32456762,0 76.83000080,30.32457714,0 76.82989740,30.32458667,0 76.82979400,30.32459620,0 76.82969060,30.32460572,0 76.82958719,30.32461525,0 76.82948379,30.32462477,0 76.82938039,30.32463430,0 76.82927699,30.32464382,0 76.82917358,30.32465335,0 76.82907018,30.32466287,0 76.82896678,30.32467240,0 76.82886338,30.32468192,0 76.82875997,30.32469145,0 76.82865657,30.32470097,0 76.82855317,30.32471050,0 76.82844977,30.32472002,0 76.82834636,30.32472955,0 76.82824296,30.32473907,0 76.82813956,30.32474860,0 76.82803616,30.32475812,0 76.82793275,30.32476765,0 76.82782935,30.32477717,0 76.82772595,30.32478670,0 76.82762255,30.32479622,0 76.82751914,30.32480574,0 76.82741703,30.32481743,0 76.82734821,30.32488506,0 76.82727939,30.32495268,0 76.82721057,30.32502031,0 76.82714175,30.32508793,0 76.82707293,30.32515555,0 76.82700411,30.32522318,0 76.82693529,30.32529080,0 76.82686647,30.32535843,0 76.82679765,30.32542605,0 76.82672883,30.32549368,0 76.82666001,30.32556130,0 76.82659119,30.32562892,0 76.82652237,30.32569655,0 76.82645355,30.32576417,0 76.82638473,30.32583179,0 76.82631590,30.32589942,0 76.82624708,30.32596704,0 76.82617826,30.32603467,0 76.82610944,30.32610229,0 76.82604062,30.32616991,0 76.82597180,30.32623754,0 76.82590298,30.32630516,0 76.82583415,30.32637278,0 76.82576533,30.32644041,0 76.82569651,30.32650803,0 76.82562769,30.32657566,0 76.82555887,30.32664328,0 76.82549004,30.32671090,0 76.82542122,30.32677853,0 76.82535509,30.32684750,0 76.82532136,30.32693283,0 76.82528763,30.32701816,0 76.82525390,30.32710349,0 76.82522017,30.32718882,0 76.82518644,30.32727415,0 76.82515271,30.32735948,0 76.82511898,30.32744481,0 76.82508525,30.32753014,0 76.82505152,30.32761547,0 76.82501779,30.32770080,0 76.82498406,30.32778613,0 76.82495033,30.32787146,0 76.82491660,30.32795679,0 76.82488287,30.32804212,0 76.82484914,30.32812745,0 76.82481541,30.32821278,0 76.82478168,30.32829811,0 76.82474795,30.32838344,0 76.82471422,30.32846877,0 76.82468049,30.32855410,0 76.82464676,30.32863943,0 76.82461302,30.32872476,0 76.82457929,30.32881009,0 76.82455222,30.32889665,0 76.82454294,30.32898650,0 76.82453365,30.32907635,0 76.82452437,30.32916619,0 76.82451508,30.32925604,0 76.82450580,30.32934589,0 76.82449651,30.32943574,0 76.82449415,30.32952554,0 76.82450490,30.32961526,0 76.82451564,30.32970499,0 76.82452639,30.32979471,0 76.82453714,30.32988444,0 76.82454789,30.32997416,0 76.82455864,30.33006388,0 76.82456939,30.33015361,0 76.82458014,30.33024333,0 76.82459088,30.33033306,0 76.82460163,30.33042278,0 76.82461238,30.33051251,0 76.82462313,30.33060223,0 76.82463388,30.33069195,0 76.82464463,30.33078168,0 76.82465538,30.33087140,0 76.82466612,30.33096113,0 76.82467687,30.33105085,0 76.82468762,30.33114057,0 76.82469837,30.33123030,0 76.82470912,30.33132002,0 76.82471987,30.33140975,0 76.82473062,30.33149947,0 76.82474136,30.33158919,0 76.82475211,30.33167892,0 76.82476286,30.33176864,0 76.82477361,30.33185837,0 76.82478436,30.33194809,0 76.82479511,30.33203782,0 76.82480586,30.33212754,0 76.82481661,30.33221726,0 76.82482736,30.33230699,0 76.82483811,30.33239671,0 76.82484885,30.33248644,0 76.82485960,30.33257616,0 76.82487035,30.33266588,0 76.82488110,30.33275561,0 76.82489185,30.33284533,0 76.82490260,30.33293506,0 76.82491500,30.33302460,0 76.82493041,30.33311381,0 76.82494581,30.33320302,0 76.82496121,30.33329223,0 76.82497660,30.33338145,0 76.82499180,30.33347069,0 76.82500700,30.33355993,0 76.82502220,30.33364916,0 76.82503740,30.33373840,0 76.82505260,30.33382764,0 76.82506780,30.33391688,0 76.82508300,30.33400612,0 76.82509820,30.33409536,0 76.82511340,30.33418460,0 76.82512860,30.33427383,0 76.82514380,30.33436307,0 76.82515900,30.33445231,0 76.82517420,30.33454155,0 76.82518940,30.33463079,0 76.82520460,30.33472003,0 76.82521980,30.33480926,0 76.82523278,30.33489876,0 76.82524489,30.33498835,0 76.82525701,30.33507794,0 76.82526912,30.33516754,0 76.82528124,30.33525713,0 76.82529335,30.33534672,0 76.82530547,30.33543632,0 76.82531758,30.33552591,0 76.82532970,30.33561550,0 76.82534181,30.33570510,0 76.82535393,30.33579469,0 76.82536604,30.33588428,0 76.82537816,30.33597387,0 76.82539027,30.33606347,0 76.82540181,30.33615310,0 76.82540475,30.33624327,0 76.82540769,30.33633344,0 76.82541063,30.33642361,0 76.82540072,30.33651149,0 76.82535704,30.33659335,0 76.82531335,30.33667522,0 76.82526967,30.33675708,0 76.82522599,30.33683895,0 76.82518231,30.33692081,0 76.82513862,30.33700267,0 76.82509494,30.33708454,0 76.82505126,30.33716640,0 76.82500757,30.33724826,0 76.82496389,30.33733013,0 76.82492021,30.33741199,0 76.82487653,30.33749385,0 76.82483284,30.33757572,0 76.82478916,30.33765758,0 76.82474548,30.33773944,0 76.82470179,30.33782131,0 76.82465811,30.33790317,0 76.82461442,30.33798503,0 76.82457074,30.33806690,0 76.82452706,30.33814876,0 76.82448337,30.33823063,0 76.82443969,30.33831249,0 76.82439601,30.33839435,0 76.82435232,30.33847622,0 76.82430864,30.33855808,0 76.82426495,30.33863994,0 76.82422127,30.33872181,0 76.82417758,30.33880367,0 76.82413390,30.33888553,0 76.82409022,30.33896739,0 76.82404653,30.33904926,0 76.82400285,30.33913112,0 76.82395916,30.33921298,0 76.82391548,30.33929485,0 76.82387179,30.33937671,0 76.82382811,30.33945857,0 76.82378442,30.33954044,0 76.82374074,30.33962230,0 76.82369705,30.33970416,0 76.82365337,30.33978603,0 76.82360968,30.33986789,0 76.82356600,30.33994975,0 76.82352231,30.34003162,0 76.82347863,30.34011348,0 76.82343494,30.34019534,0 76.82339126,30.34027721,0 76.82334757,30.34035907,0 76.82330388,30.34044093,0 76.82326020,30.34052279,0 76.82321651,30.34060466,0 76.82317283,30.34068652,0 76.82312914,30.34076838,0 76.82308545,30.34085025,0 76.82304177,30.34093211,0 76.82299808,30.34101397,0 76.82295440,30.34109584,0 76.82291071,30.34117770,0 76.82286702,30.34125956,0 76.82281221,30.34133338,0 76.82272726,30.34138542,0 76.82264230,30.34143745,0 76.82255735,30.34148949,0 76.82247239,30.34154152,0 76.82238744,30.34159356,0 76.82230248,30.34164559,0 76.82221753,30.34169763,0 76.82213257,30.34174966,0 76.82204762,30.34180170,0 76.82196266,30.34185373,0 76.82187771,30.34190577,0 76.82179275,30.34195780,0 76.82170780,30.34200984,0 76.82162284,30.34206187,0 76.82153789,30.34211391,0 76.82145293,30.34216594,0 76.82136797,30.34221797,0 76.82128302,30.34227001,0 76.82119806,30.34232204,0 76.82111310,30.34237408,0 76.82102815,30.34242611,0 76.82094319,30.34247815,0 76.82085824,30.34253018,0 76.82077328,30.34258221,0 76.82068832,30.34263425,0 76.82060337,30.34268628,0 76.82051841,30.34273831,0 76.82043345,30.34279035,0 76.82034849,30.34284238,0 76.82026354,30.34289442,0 76.82017858,30.34294645,0 76.82009362,30.34299848,0 76.82000867,30.34305052,0 76.81992371,30.34310255,0 76.81983875,30.34315458,0 76.81975379,30.34320662,0 76.81966884,30.34325865,0 76.81958388,30.34331068,0 76.81949892,30.34336272,0 76.81941396,30.34341475,0 76.81932900,30.34346678,0 76.81924404,30.34351882,0 76.81915909,30.34357085,0 76.81907413,30.34362288,0 76.81898917,30.34367491,0 76.81890421,30.34372695,0 76.81881925,30.34377898,0 76.81873429,30.34383101,0 76.81864933,30.34388305,0 76.81856438,30.34393508,0 76.81847942,30.34398711,0 76.81839446,30.34403914,0 76.81830950,30.34409118,0 76.81822454,30.34414321,0 76.81813958,30.34419524,0 76.81805462,30.34424727,0 76.81796966,30.34429930,0 76.81788470,30.34435134,0 76.81779974,30.34440337,0 76.81771478,30.34445540,0 76.81762982,30.34450743,0 76.81754486,30.34455947,0 76.81745990,30.34461150,0 76.81737494,30.34466353,0 76.81728998,30.34471556,0 76.81720502,30.34476759,0 76.81712006,30.34481962,0 76.81703510,30.34487166,0 76.81695014,30.34492369,0 76.81686518,30.34497572,0 76.81678022,30.34502775,0 76.81669526,30.34507978,0 76.81661029,30.34513181,0 76.81652533,30.34518385,0 76.81644037,30.34523588,0 76.81635541,30.34528791,0 76.81627045,30.34533994,0 76.81618549,30.34539197,0 76.81610053,30.34544400,0 76.81601556,30.34549603,0 76.81593060,30.34554806,0 76.81584564,30.34560009,0 76.81576068,30.34565213,0 76.81567572,30.34570416,0 76.81559075,30.34575619,0 76.81550579,30.34580822,0 76.81542083,30.34586025,0 76.81533587,30.34591228,0 76.81525090,30.34596431,0 76.81516594,30.34601634,0 76.81508098,30.34606837,0 76.81499602,30.34612040,0 76.81491105,30.34617243,0 76.81482609,30.34622446,0 76.81474113,30.34627649,0 76.81465616,30.34632852,0 76.81457120,30.34638055,0 76.81448624,30.34643258,0 76.81440127,30.34648461,0 76.81431620,30.34653651,0 76.81423086,30.34658808,0 76.81414552,30.34663964,0 76.81406018,30.34669120,0 76.81397498,30.34674293,0 76.81388979,30.34679469,0 76.81380461,30.34684646,0 76.81371943,30.34689822,0 76.81363425,30.34694998,0 76.81354907,30.34700174,0 76.81346389,30.34705350,0 76.81337870,30.34710526,0 76.81329352,30.34715702,0 76.81320834,30.34720879,0 76.81312316,30.34726055,0 76.81303797,30.34731231,0 76.81295279,30.34736407,0 76.81286761,30.34741583,0 76.81278243,30.34746759,0 76.81269724,30.34751935,0 76.81261206,30.34757111,0 76.81252688,30.34762287,0 76.81244170,30.34767463,0 76.81235651,30.34772639,0 76.81227133,30.34777815,0 76.81218615,30.34782991,0 76.81210096,30.34788168,0 76.81201578,30.34793344,0 76.81193060,30.34798520,0 76.81184541,30.34803696,0 76.81176023,30.34808872,0 76.81167504,30.34814048,0 76.81158986,30.34819224,0 76.81150468,30.34824400,0 76.81141949,30.34829576,0 76.81133431,30.34834752,0 76.81124912,30.34839928,0 76.81116394,30.34845104,0 76.81107875,30.34850280,0 76.81099357,30.34855456,0 76.81090839,30.34860632,0 76.81082320,30.34865808,0 76.81073802,30.34870984,0 76.81065283,30.34876160,0 76.81056765,30.34881336,0 76.81048246,30.34886511,0 76.81039728,30.34891687,0 76.81031209,30.34896863,0 76.81022690,30.34902039,0 76.81014172,30.34907215,0 76.81005653,30.34912391,0 76.80997135,30.34917567,0 76.80988616,30.34922743,0 76.80980098,30.34927919,0 76.80971579,30.34933095,0 76.80963060,30.34938271,0 76.80954542,30.34943447,0 76.80946023,30.34948622,0 76.80937505,30.34953798,0 76.80928986,30.34958974,0 76.80920467,30.34964150,0 76.80911949,30.34969326,0 76.80903430,30.34974502,0 76.80894911,30.34979678,0 76.80886393,30.34984854,0 76.80877874,30.34990029,0 76.80869355,30.34995205,0 76.80860836,30.35000381,0 76.80852318,30.35005557,0 76.80843799,30.35010733,0 76.80835280,30.35015909,0 76.80826762,30.35021084,0 76.80818243,30.35026260,0 76.80809724,30.35031436,0 76.80801205,30.35036612,0 76.80792686,30.35041788,0 76.80784168,30.35046963,0 76.80775649,30.35052139,0 76.80767130,30.35057315,0 76.80758611,30.35062491,0 76.80750092,30.35067666,0 76.80741574,30.35072842,0 76.80733055,30.35078018,0 76.80724536,30.35083194,0 76.80716017,30.35088369,0 76.80707608,30.35093678,0 76.80699200,30.35098989,0 76.80690792,30.35104299,0 76.80682384,30.35109610,0 76.80673976,30.35114920,0 76.80665568,30.35120231,0 76.80657160,30.35125541,0 76.80648752,30.35130851,0 76.80640344,30.35136162,0 76.80631936,30.35141472,0 76.80623528,30.35146783,0 76.80615120,30.35152093,0 76.80606712,30.35157404,0 76.80598304,30.35162714,0 76.80589896,30.35168024,0 76.80581488,30.35173335,0 76.80573081,30.35178646,0 76.80564674,30.35183958,0 76.80556266,30.35189269,0 76.80547859,30.35194580,0 76.80539452,30.35199891,0 76.80531044,30.35205203,0 76.80522637,30.35210514,0 76.80514230,30.35215825,0 76.80505822,30.35221136,0 76.80497461,30.35226502,0 76.80489108,30.35231877,0 76.80480754,30.35237252,0 76.80472400,30.35242627,0 76.80464047,30.35248001,0 76.80455693,30.35253376,0 76.80447340,30.35258751,0 76.80438986,30.35264125,0 76.80430632,30.35269500,0 76.80422279,30.35274875,0 76.80413925,30.35280249,0 76.80405571,30.35285624,0 76.80397218,30.35290999,0 76.80388864,30.35296373,0 76.80380510,30.35301748,0 76.80372156,30.35307123,0 76.80363803,30.35312497,0 76.80355449,30.35317872,0 76.80347095,30.35323247,0 76.80338741,30.35328621,0 76.80330388,30.35333996,0 76.80322034,30.35339370,0 76.80313680,30.35344745,0 76.80305326,30.35350120,0 76.80296973,30.35355494,0 76.80288619,30.35360869,0 76.80280265,30.35366243,0 76.80271911,30.35371618,0 76.80263557,30.35376993,0 76.80255203,30.35382367,0 76.80246850,30.35387742,0 76.80238496,30.35393116,0 76.80230142,30.35398491,0 76.80221788,30.35403865,0 76.80213434,30.35409240,0 76.80205080,30.35414615,0 76.80196726,30.35419989,0 76.80188372,30.35425364,0 76.80180018,30.35430738,0 76.80171664,30.35436113,0 76.80163310,30.35441487,0 76.80154957,30.35446862,0 76.80146603,30.35452236,0 76.80138249,30.35457611,0 76.80129895,30.35462985,0 76.80121541,30.35468360,0 76.80113187,30.35473734,0 76.80104833,30.35479109,0 76.80096479,30.35484483,0 76.80088125,30.35489858,0 76.80079770,30.35495232,0 76.80071416,30.35500607,0 76.80063062,30.35505981,0 76.80054708,30.35511356,0 76.80046354,30.35516730,0 76.80038000,30.35522104,0 76.80029646,30.35527479,0 76.80021292,30.35532853,0 76.80012938,30.35538228,0 76.80004584,30.35543602,0 76.79996230,30.35548977,0 76.79987875,30.35554351,0 76.79979521,30.35559725,0 76.79971167,30.35565100,0 76.79962813,30.35570474,0 76.79954459,30.35575849,0 76.79946105,30.35581223,0 76.79937750,30.35586597,0 76.79929396,30.35591972,0 76.79921042,30.35597346,0 76.79912688,30.35602721,0 76.79904333,30.35608095,0 76.79895979,30.35613469,0 76.79887625,30.35618844,0 76.79879271,30.35624218,0 76.79870916,30.35629592,0 76.79862562,30.35634967,0 76.79854208,30.35640341,0 76.79845854,30.35645715,0 76.79837499,30.35651090,0 76.79829145,30.35656464,0 76.79820791,30.35661838,0 76.79812436,30.35667213,0 76.79804082,30.35672587,0 76.79795728,30.35677961,0 76.79787373,30.35683335,0 76.79779019,30.35688710,0 76.79770664,30.35694084,0 76.79762310,30.35699458,0 76.79753956,30.35704833,0 76.79745573,30.35710173,0 76.79737118,30.35715428,0 76.79728664,30.35720684,0 76.79720209,30.35725939,0 76.79711755,30.35731194,0 76.79703300,30.35736449,0 76.79694846,30.35741705,0 76.79686391,30.35746960,0 76.79677937,30.35752215,0 76.79669482,30.35757470,0 76.79661028,30.35762726,0 76.79652573,30.35767981,0 76.79644119,30.35773236,0 76.79635664,30.35778491,0 76.79627209,30.35783747,0 76.79618755,30.35789002,0 76.79610300,30.35794257,0 76.79601846,30.35799512,0 76.79593391,30.35804767,0 76.79584936,30.35810022,0 76.79576482,30.35815278,0 76.79568027,30.35820533,0 76.79559572,30.35825788,0 76.79551118,30.35831043,0 76.79542663,30.35836298,0 76.79534208,30.35841553,0 76.79525754,30.35846809,0 76.79517299,30.35852064,0 76.79508844,30.35857319,0 76.79500389,30.35862574,0 76.79491935,30.35867829,0 76.79483480,30.35873084,0 76.79475025,30.35878339,0 76.79466570,30.35883594,0 76.79458116,30.35888850,0 76.79449661,30.35894105,0 76.79441206,30.35899360,0 76.79432751,30.35904615,0 76.79424296,30.35909870,0 76.79415842,30.35915125,0 76.79407387,30.35920380,0 76.79398932,30.35925635,0 76.79390477,30.35930890,0 76.79382022,30.35936145,0 76.79373567,30.35941400,0 76.79365112,30.35946655,0 76.79356658,30.35951910,0 76.79348203,30.35957165,0 76.79339748,30.35962420,0 76.79331293,30.35967675,0 76.79322838,30.35972930,0 76.79314383,30.35978185,0 76.79305928,30.35983441,0 76.79297473,30.35988696,0 76.79289018,30.35993951,0 76.79280563,30.35999206,0 76.79272108,30.36004460,0 76.79263653,30.36009715,0 76.79255198,30.36014970,0 76.79246743,30.36020225,0 76.79238288,30.36025480,0 76.79229833,30.36030735,0 76.79221378,30.36035990,0 76.79212923,30.36041245,0 76.79204468,30.36046500,0 76.79196013,30.36051755,0 76.79187558,30.36057010,0 76.79179103,30.36062265,0 76.79170648,30.36067520,0 76.79162193,30.36072775,0 76.79153737,30.36078030,0 76.79145282,30.36083285,0 76.79136827,30.36088540,0 76.79128372,30.36093795,0 76.79119917,30.36099049,0 76.79111462,30.36104304,0 76.79103007,30.36109559,0 76.79094551,30.36114814,0 76.79086096,30.36120069,0 76.79077641,30.36125324,0 76.79069186,30.36130579,0 76.79060731,30.36135834,0 76.79052275,30.36141088,0 76.79043820,30.36146343,0 76.79035365,30.36151598,0 76.79026910,30.36156853,0 76.79018454,30.36162108,0 76.79009999,30.36167363,0 76.79001544,30.36172617,0 76.78993089,30.36177872,0 76.78984633,30.36183127,0 76.78976178,30.36188382,0 76.78967723,30.36193637,0 76.78959267,30.36198891,0 76.78950812,30.36204146,0 76.78942357,30.36209401,0 76.78933901,30.36214656,0 76.78925446,30.36219911,0 76.78916991,30.36225165,0 76.78908535,30.36230420,0 76.78900091,30.36235688,0 76.78891674,30.36240989,0 76.78883257,30.36246290,0 76.78874840,30.36251592,0 76.78866423,30.36256893,0 76.78858007,30.36262194,0 76.78849590,30.36267495,0 76.78841173,30.36272796,0 76.78832756,30.36278097,0 76.78824339,30.36283398,0 76.78815922,30.36288699,0 76.78807505,30.36294000,0 76.78799088,30.36299301,0 76.78790671,30.36304602,0 76.78782254,30.36309903,0 76.78773837,30.36315204,0 76.78765420,30.36320504,0 76.78757003,30.36325805,0 76.78748586,30.36331106,0 76.78740169,30.36336407,0 76.78731752,30.36341708,0 76.78723334,30.36347009,0 76.78714917,30.36352310,0 76.78706500,30.36357611,0 76.78698083,30.36362912,0 76.78689666,30.36368213,0 76.78681249,30.36373514,0 76.78672832,30.36378815,0 76.78664415,30.36384116,0 76.78655997,30.36389416,0 76.78647580,30.36394717,0 76.78639163,30.36400018,0 76.78630746,30.36405319,0 76.78622329,30.36410620,0 76.78613912,30.36415921,0 76.78605494,30.36421222,0 76.78597077,30.36426523,0 76.78588660,30.36431823,0 76.78580243,30.36437124,0 76.78571825,30.36442425,0 76.78563408,30.36447726,0 76.78554991,30.36453027,0 76.78546574,30.36458328,0 76.78538156,30.36463628,0 76.78529739,30.36468929,0 76.78521322,30.36474230,0 76.78512904,30.36479531,0 76.78504487,30.36484832,0 76.78496070,30.36490132,0 76.78487652,30.36495433,0 76.78479235,30.36500734,0 76.78470818,30.36506035,0 76.78462400,30.36511336,0 76.78453983,30.36516636,0 76.78445566,30.36521937,0 76.78437148,30.36527238,0 76.78428731,30.36532539,0 76.78420313,30.36537839,0 76.78411896,30.36543140,0 76.78403479,30.36548441,0 76.78395061,30.36553742,0 76.78386644,30.36559042,0 76.78378226,30.36564343,0 76.78369809,30.36569644,0 76.78361391,30.36574944,0 76.78352974,30.36580245,0 76.78344556,30.36585546,0 76.78336139,30.36590847,0 76.78327721,30.36596147,0 76.78319304,30.36601448,0 76.78310886,30.36606749,0 76.78302469,30.36612049,0 76.78294051,30.36617350,0 76.78285634,30.36622651,0 76.78277216,30.36627951,0 76.78268798,30.36633252,0 76.78260381,30.36638553,0 76.78251963,30.36643853,0 76.78243546,30.36649154,0 76.78235128,30.36654454,0 76.78226710,30.36659755,0 76.78218293,30.36665056,0 76.78209875,30.36670356,0 76.78201458,30.36675657,0 76.78193040,30.36680958,0 76.78184622,30.36686258,0 76.78176205,30.36691559,0 76.78167787,30.36696859,0 76.78159369,30.36702160,0 76.78150951,30.36707461,0 76.78142534,30.36712761,0 76.78134116,30.36718062,0 76.78125698,30.36723362,0 76.78117281,30.36728663,0 76.78108863,30.36733963,0 76.78100445,30.36739264,0 76.78092027,30.36744565,0 76.78083609,30.36749865,0 76.78075192,30.36755166,0 76.78066774,30.36760466,0 76.78058356,30.36765767,0 76.78049938,30.36771067,0 76.78041520,30.36776368,0 76.78033103,30.36781668,0 76.78024685,30.36786969,0 76.78016267,30.36792269,0 76.78007849,30.36797570,0 76.77999431,30.36802870,0 76.77991013,30.36808171,0 76.77982595,30.36813471,0 76.77974177,30.36818772,0 76.77965760,30.36824072,0 76.77957342,30.36829373,0 76.77948924,30.36834673,0 76.77940506,30.36839973,0 76.77932088,30.36845274,0 76.77923670,30.36850574,0 76.77915252,30.36855875,0 76.77906834,30.36861175,0 76.77898416,30.36866476,0 76.77889998,30.36871776,0 76.77881580,30.36877076,0 76.77873162,30.36882377,0 76.77864744,30.36887677,0 76.77856326,30.36892978,0 76.77847908,30.36898278,0 76.77839490,30.36903578,0 76.77831072,30.36908879,0 76.77822654,30.36914179,0 76.77814236,30.36919480,0 76.77805816,30.36924779,0 76.77797384,30.36930062,0 76.77788952,30.36935346,0 76.77780520,30.36940630,0 76.77772088,30.36945913,0 76.77763656,30.36951197,0 76.77755224,30.36956481,0 76.77746792,30.36961764,0 76.77738360,30.36967048,0 76.77729928,30.36972332,0 76.77721496,30.36977615,0 76.77713063,30.36982899,0 76.77704631,30.36988183,0 76.77696199,30.36993466,0 76.77687767,30.36998750,0 76.77679335,30.37004033,0 76.77670903,30.37009317,0 76.77662471,30.37014601,0 76.77654038,30.37019884,0 76.77645606,30.37025168,0 76.77637174,30.37030451,0 76.77628742,30.37035735,0 76.77620309,30.37041019,0 76.77611877,30.37046302,0 76.77603445,30.37051586,0 76.77595013,30.37056869,0 76.77586581,30.37062153,0 76.77578148,30.37067436,0 76.77569716,30.37072720,0 76.77561284,30.37078004,0 76.77552851,30.37083287,0 76.77544419,30.37088571,0 76.77535987,30.37093854,0 76.77527554,30.37099138,0 76.77519122,30.37104421,0 76.77510690,30.37109705,0 76.77502257,30.37114988,0 76.77493825,30.37120272,0 76.77485393,30.37125555,0 76.77476960,30.37130839,0 76.77468528,30.37136122,0 76.77460096,30.37141406,0 76.77451663,30.37146689,0 76.77443231,30.37151973,0 76.77434798,30.37157256,0 76.77426366,30.37162540,0 76.77417933,30.37167823,0 76.77409501,30.37173106,0 76.77401069,30.37178390,0 76.77392636,30.37183673,0 76.77384204,30.37188957,0 76.77375771,30.37194240,0 76.77367339,30.37199524,0 76.77358906,30.37204807,0 76.77350474,30.37210091,0 76.77342041,30.37215374,0 76.77333608,30.37220657,0 76.77325176,30.37225941,0 76.77316743,30.37231224,0 76.77308311,30.37236508,0 76.77299878,30.37241791,0 76.77291446,30.37247074,0 76.77283013,30.37252358,0 76.77274580,30.37257641,0 76.77266148,30.37262924,0 76.77257715,30.37268208,0 76.77249283,30.37273491,0 76.77240850,30.37278775,0 76.77232417,30.37284058,0 76.77223985,30.37289341,0 76.77215555,30.37294629,0 76.77207134,30.37299926,0 76.77198713,30.37305223,0 76.77190292,30.37310520,0 76.77181871,30.37315817,0 76.77173449,30.37321114,0 76.77165028,30.37326411,0 76.77156607,30.37331708,0 76.77148186,30.37337005,0 76.77139765,30.37342302,0 76.77131343,30.37347599,0 76.77122922,30.37352897,0 76.77114501,30.37358194,0 76.77106080,30.37363491,0 76.77097658,30.37368788,0 76.77089237,30.37374085,0 76.77080816,30.37379382,0 76.77072394,30.37384679,0 76.77063973,30.37389976,0 76.77055552,30.37395273,0 76.77047177,30.37400626,0 76.77038813,30.37405990,0 76.77030449,30.37411355,0 76.77022085,30.37416719,0 76.77013720,30.37422084,0 76.77005356,30.37427449,0 76.76996992,30.37432813,0 76.76988628,30.37438178,0 76.76980185,30.37443447,0 76.76971582,30.37448519,0 76.76962979,30.37453592,0 76.76954375,30.37458664,0 76.76945772,30.37463737,0 76.76937169,30.37468809,0 76.76928565,30.37473882,0 76.76919962,30.37478954,0 76.76911359,30.37484027,0 76.76902755,30.37489099,0 76.76894152,30.37494172,0 76.76885549,30.37499244,0 76.76876945,30.37504317,0 76.76868342,30.37509389,0 76.76859738,30.37514461,0 76.76851135,30.37519534,0 76.76842532,30.37524606,0 76.76833928,30.37529679,0 76.76825325,30.37534751,0 76.76816721,30.37539824,0 76.76808118,30.37544896,0 76.76799514,30.37549968,0 76.76790911,30.37555041,0 76.76782308,30.37560113,0 76.76773704,30.37565186,0 76.76765101,30.37570258,0 76.76756497,30.37575330,0 76.76747894,30.37580403,0 76.76739290,30.37585475,0 76.76730687,30.37590547,0 76.76722083,30.37595620,0 76.76713479,30.37600692,0 76.76704876,30.37605764,0 76.76696272,30.37610837,0 76.76687669,30.37615909,0 76.76679065,30.37620981,0 76.76670462,30.37626054,0 76.76661858,30.37631126,0 76.76653254,30.37636198,0 76.76644651,30.37641271,0 76.76636047,30.37646343,0 76.76627443,30.37651415,0 76.76618840,30.37656488,0 76.76610236,30.37661560,0 76.76601633,30.37666632,0 76.76593029,30.37671704,0 76.76584425,30.37676777,0 76.76575821,30.37681849,0 76.76567218,30.37686921,0 76.76558614,30.37691994,0 76.76550010,30.37697066,0 76.76541382,30.37702107,0 76.76532739,30.37707128,0 76.76524096,30.37712149,0 76.76515452,30.37717171,0 76.76506809,30.37722192,0 76.76498165,30.37727213,0 76.76489522,30.37732235,0 76.76480878,30.37737256,0 76.76472235,30.37742277,0 76.76463592,30.37747298,0 76.76454948,30.37752320,0 76.76446305,30.37757341,0 76.76437661,30.37762362,0 76.76429018,30.37767383,0 76.76420374,30.37772405,0 76.76411731,30.37777426,0 76.76403087,30.37782447,0 76.76394444,30.37787468,0 76.76385800,30.37792490,0 76.76377157,30.37797511,0 76.76368513,30.37802532,0 76.76359989,30.37807698,0 76.76351721,30.37813174,0 76.76343453,30.37818651,0 76.76335186,30.37824127,0 76.76326918,30.37829603,0 76.76318650,30.37835079,0 76.76310382,30.37840555,0 76.76302114,30.37846031,0 76.76293846,30.37851507,0 76.76285578,30.37856983,0 76.76277310,30.37862459,0 76.76269042,30.37867936,0 76.76260774,30.37873412,0 76.76252506,30.37878888,0 76.76244238,30.37884364,0 76.76235969,30.37889840,0 76.76227701,30.37895316,0 76.76219433,30.37900792,0 76.76211165,30.37906268,0 76.76202897,30.37911744,0 76.76194629,30.37917220,0 76.76186361,30.37922696,0 76.76178093,30.37928172,0 76.76169825,30.37933648,0 76.76161557,30.37939124,0 76.76153288,30.37944600,0 76.76145020,30.37950076,0 76.76136752,30.37955552,0 76.76128484,30.37961028,0 76.76120216,30.37966504,0 76.76111948,30.37971980,0 76.76103679,30.37977456,0 76.76095423,30.37982945,0 76.76087274,30.37988554,0 76.76079125,30.37994163,0 76.76070976,30.37999771,0 76.76062827,30.38005380,0 76.76054678,30.38010989,0 76.76046529,30.38016598,0 76.76038380,30.38022206,0 76.76030231,30.38027815,0 76.76022082,30.38033424,0 76.76013933,30.38039032,0 76.76005784,30.38044641,0 76.75997634,30.38050250,0 76.75989485,30.38055858,0 76.75981336,30.38061467,0 76.75973187,30.38067076,0 76.75965038,30.38072684,0 76.75956889,30.38078293,0 76.75948739,30.38083901,0 76.75940590,30.38089510,0 76.75932441,30.38095119,0 76.75924292,30.38100727,0 76.75916142,30.38106336,0 76.75907961,30.38111908,0 76.75899687,30.38117378,0 76.75891413,30.38122847,0 76.75883139,30.38128317,0 76.75874865,30.38133786,0 76.75866591,30.38139256,0 76.75858316,30.38144725,0 76.75850042,30.38150195,0 76.75841768,30.38155664,0 76.75833494,30.38161134,0 76.75825220,30.38166603,0 76.75816946,30.38172072,0 76.75808672,30.38177542,0 76.75800398,30.38183011,0 76.75792123,30.38188481,0 76.75783849,30.38193950,0 76.75775575,30.38199420,0 76.75767301,30.38204889,0 76.75759027,30.38210358,0 76.75750752,30.38215828,0 76.75742478,30.38221297,0 76.75734204,30.38226767,0 76.75725930,30.38232236,0 76.75717656,30.38237705,0 76.75709381,30.38243175,0 76.75701107,30.38248644,0 76.75692833,30.38254114,0 76.75684558,30.38259583,0 76.75676284,30.38265052,0 76.75668010,30.38270522,0 76.75659736,30.38275991,0 76.75651461,30.38281460,0 76.75643187,30.38286930,0 76.75634913,30.38292399,0 76.75626638,30.38297868,0 76.75618364,30.38303338,0 76.75610089,30.38308807,0 76.75601815,30.38314276,0 76.75593541,30.38319746,0 76.75585266,30.38325215,0 76.75576992,30.38330684,0 76.75568717,30.38336154,0 76.75560443,30.38341623,0 76.75552169,30.38347092,0 76.75543894,30.38352562,0 76.75535571,30.38357974,0 76.75527151,30.38363273,0 76.75518730,30.38368572,0 76.75510309,30.38373871,0 76.75501889,30.38379170,0 76.75493468,30.38384469,0 76.75485047,30.38389768,0 76.75476627,30.38395067,0 76.75468206,30.38400366,0 76.75459785,30.38405665,0 76.75451364,30.38410963,0 76.75442944,30.38416262,0 76.75434523,30.38421561,0 76.75426102,30.38426860,0 76.75417681,30.38432159,0 76.75409261,30.38437458,0 76.75400840,30.38442757,0 76.75392419,30.38448055,0 76.75383998,30.38453354,0 76.75375577,30.38458653,0 76.75367157,30.38463952,0 76.75358736,30.38469251,0 76.75350315,30.38474550,0 76.75341894,30.38479848,0 76.75333473,30.38485147,0 76.75325052,30.38490446,0 76.75316632,30.38495745,0 76.75308211,30.38501044,0 76.75299790,30.38506342,0 76.75291369,30.38511641,0 76.75282948,30.38516940,0 76.75274527,30.38522239,0 76.75266106,30.38527537,0 76.75257685,30.38532836,0 76.75249264,30.38538135,0 76.75240843,30.38543434,0 76.75232422,30.38548732,0 76.75224001,30.38554031,0 76.75215580,30.38559330,0 76.75207159,30.38564629,0 76.75198738,30.38569927,0 76.75190317,30.38575226,0 76.75181896,30.38580525,0 76.75173475,30.38585824,0 76.75165054,30.38591122,0 76.75156633,30.38596421,0 76.75148212,30.38601720,0 76.75139791,30.38607018,0 76.75131370,30.38612317,0 76.75122949,30.38617616,0 76.75114528,30.38622914,0 76.75106107,30.38628213,0 76.75097686,30.38633512,0 76.75089265,30.38638810,0 76.75080843,30.38644109,0 76.75072422,30.38649408,0 76.75064001,30.38654706,0 76.75055580,30.38660005,0 76.75047159,30.38665304,0 76.75038738,30.38670602,0 76.75030317,30.38675901,0 76.75021895,30.38681200,0 76.75013474,30.38686498,0 76.75005053,30.38691797,0 76.74996632,30.38697095,0 76.74988210,30.38702394,0 76.74979789,30.38707693,0 76.74971368,30.38712991,0 76.74962947,30.38718290,0 76.74954525,30.38723588,0 76.74946104,30.38728887,0 76.74937673,30.38734174,0 76.74929168,30.38739371,0 76.74920663,30.38744567,0 76.74912157,30.38749764,0 76.74903652,30.38754960,0 76.74895146,30.38760157,0 76.74886641,30.38765354,0 76.74878136,30.38770550,0 76.74869630,30.38775747,0 76.74861125,30.38780943,0 76.74852619,30.38786140,0 76.74844114,30.38791337,0 76.74835608,30.38796533,0 76.74827103,30.38801730,0 76.74818597,30.38806926,0 76.74810092,30.38812123,0 76.74801586,30.38817319,0 76.74793081,30.38822516,0 76.74784575,30.38827713,0 76.74776070,30.38832909,0 76.74767564,30.38838106,0 76.74759058,30.38843302,0 76.74750553,30.38848499,0 76.74742047,30.38853695,0 76.74733542,30.38858892,0 76.74725036,30.38864088,0 76.74716530,30.38869285,0 76.74708025,30.38874481,0 76.74699519,30.38879678,0 76.74691042,30.38884908,0 76.74682620,30.38890207,0 76.74674199,30.38895505,0 76.74665777,30.38900804,0 76.74657356,30.38906102,0 76.74648934,30.38911401,0 76.74640513,30.38916699,0 76.74632091,30.38921998,0 76.74623670,30.38927297,0 76.74615248,30.38932595,0 76.74606827,30.38937894,0 76.74598405,30.38943192,0 76.74589984,30.38948491,0 76.74581562,30.38953789,0 76.74573140,30.38959087,0 76.74564717,30.38964384,0 76.74556305,30.38969694,0 76.74547905,30.38975017,0 76.74539504,30.38980341,0 76.74531104,30.38985665,0 76.74522703,30.38990988,0 76.74514303,30.38996312,0 76.74505902,30.39001636,0 76.74497502,30.39006959,0 76.74489101,30.39012283,0 76.74480701,30.39017606,0 76.74472300,30.39022930,0 76.74463900,30.39028253,0 76.74455499,30.39033577,0 76.74447099,30.39038901,0 76.74438698,30.39044224,0 76.74430297,30.39049548,0 76.74421897,30.39054871,0 76.74413496,30.39060195,0 76.74405096,30.39065518,0 76.74396695,30.39070842,0 76.74388294,30.39076165,0 76.74379894,30.39081489,0 76.74371493,30.39086812,0 76.74363092,30.39092136,0 76.74354692,30.39097459,0 76.74346291,30.39102783,0 76.74337890,30.39108106,0 76.74329490,30.39113430,0 76.74321089,30.39118753,0 76.74312688,30.39124077,0 76.74304287,30.39129400,0 76.74295887,30.39134724,0 76.74287486,30.39140047,0 76.74279085,30.39145371,0 76.74270684,30.39150694,0 76.74262284,30.39156018,0 76.74253883,30.39161341,0 76.74245482,30.39166664,0 76.74237081,30.39171988,0 76.74228680,30.39177311,0 76.74220280,30.39182635,0 76.74211879,30.39187958,0 76.74203478,30.39193282,0 76.74195077,30.39198605,0 76.74186676,30.39203928,0 76.74178275,30.39209252,0 76.74169875,30.39214575,0 76.74161474,30.39219899,0 76.74153073,30.39225222,0 76.74144672,30.39230545,0 76.74136271,30.39235869,0 76.74127870,30.39241192,0 76.74119469,30.39246515,0 76.74111068,30.39251839,0 76.74102667,30.39257162,0 76.74094266,30.39262485,0 76.74085865,30.39267809,0 76.74077464,30.39273132,0 76.74069063,30.39278455,0 76.74060662,30.39283779,0 76.74052261,30.39289102,0 76.74043860,30.39294425,0 76.74035459,30.39299749,0 76.74027058,30.39305072,0 76.74018657,30.39310395,0 76.74010256,30.39315719,0 76.74001855,30.39321042,0 76.73993454,30.39326365,0 76.73985053,30.39331689,0 76.73976652,30.39337012,0 76.73968251,30.39342335,0 76.73959850,30.39347658,0 76.73951448,30.39352982,0 76.73943047,30.39358305,0 76.73934646,30.39363628,0 76.73926245,30.39368951,0 76.73917844,30.39374275,0 76.73909443,30.39379598,0 76.73901042,30.39384921,0 76.73892640,30.39390244,0 76.73884239,30.39395567,0 76.73875838,30.39400891,0 76.73867437,30.39406214,0 76.73859036,30.39411537,0 76.73850546,30.39416751,0 76.73841883,30.39421749,0 76.73833220,30.39426746,0 76.73824557,30.39431744,0 76.73815893,30.39436741,0 76.73807230,30.39441739,0 76.73798567,30.39446737,0 76.73789903,30.39451734,0 76.73781240,30.39456732,0 76.73772577,30.39461729,0 76.73763913,30.39466727,0 76.73755250,30.39471724,0 76.73746587,30.39476722,0 76.73737923,30.39481720,0 76.73729260,30.39486717,0 76.73720596,30.39491715,0 76.73711933,30.39496712,0 76.73703270,30.39501710,0 76.73694606,30.39506707,0 76.73685943,30.39511705,0 76.73677279,30.39516702,0 76.73668616,30.39521700,0 76.73659952,30.39526697,0 76.73651289,30.39531695,0 76.73642625,30.39536692,0 76.73633962,30.39541690,0 76.73625298,30.39546687,0 76.73616635,30.39551685,0 76.73607971,30.39556682,0 76.73599308,30.39561679,0 76.73590644,30.39566677,0 76.73581981,30.39571674,0 76.73573317,30.39576672,0 76.73564654,30.39581669,0 76.73555990,30.39586667,0 76.73547326,30.39591664,0 76.73538663,30.39596661,0 76.73529999,30.39601659,0 76.73521336,30.39606656,0 76.73512672,30.39611654,0 76.73504008,30.39616651,0 76.73495345,30.39621648,0 76.73486681,30.39626646,0 76.73478018,30.39631643,0 76.73469354,30.39636641,0 76.73460690,30.39641638,0 76.73452026,30.39646635,0 76.73443363,30.39651633,0 76.73434699,30.39656630,0 76.73426035,30.39661627,0 76.73417372,30.39666625,0 76.73408708,30.39671622,0 76.73400044,30.39676619,0 76.73391380,30.39681617,0 76.73382717,30.39686614,0 76.73374053,30.39691611,0 76.73365389,30.39696609,0 76.73356725,30.39701606,0 76.73348062,30.39706603,0 76.73339398,30.39711600,0 76.73330734,30.39716598,0 76.73322070,30.39721595,0 76.73313406,30.39726592,0 76.73304743,30.39731590,0 76.73296079,30.39736587,0 76.73287415,30.39741584,0 76.73278751,30.39746581,0 76.73270087,30.39751579,0 76.73261423,30.39756576,0 76.73252759,30.39761573,0 76.73244095,30.39766570,0 76.73235432,30.39771567,0 76.73226768,30.39776565,0 76.73218104,30.39781562,0 76.73209440,30.39786559,0 76.73200776,30.39791556,0 76.73192112,30.39796554,0 76.73183448,30.39801551,0 76.73174784,30.39806548,0 76.73166120,30.39811545,0 76.73157456,30.39816542,0 76.73148792,30.39821539,0 76.73140128,30.39826537,0 76.73131464,30.39831534,0 76.73122800,30.39836531,0 76.73114136,30.39841528,0 76.73105472,30.39846525,0 76.73096808,30.39851522,0 76.73088144,30.39856519,0 76.73079480,30.39861517,0 76.73070816,30.39866514,0 76.73062152,30.39871511,0 76.73053488,30.39876508,0 76.73044823,30.39881505,0 76.73036159,30.39886502,0 76.73027495,30.39891499,0 76.73018831,30.39896496,0 76.73010167,30.39901493,0 76.73001503,30.39906490,0 76.72992839,30.39911488,0 76.72984282,30.39916619,0 76.72975876,30.39921937,0 76.72967470,30.39927255,0 76.72959219,30.39932752,0 76.72950977,30.39938259,0 76.72942735,30.39943767,0 76.72934493,30.39949274,0 76.72926251,30.39954782,0 76.72918009,30.39960289,0 76.72909766,30.39965797,0 76.72901524,30.39971305,0 76.72893282,30.39976812,0 76.72885040,30.39982320,0 76.72876798,30.39987827,0 76.72868556,30.39993335,0 76.72860314,30.39998842,0 76.72852072,30.40004350,0 76.72843830,30.40009857,0 76.72835587,30.40015365,0 76.72827345,30.40020872,0 76.72819103,30.40026380,0 76.72810861,30.40031888,0 76.72802619,30.40037395,0 76.72794376,30.40042903,0 76.72786134,30.40048410,0 76.72777892,30.40053918,0 76.72769650,30.40059425,0 76.72761408,30.40064933,0 76.72753165,30.40070440,0 76.72744923,30.40075947,0 76.72736681,30.40081455,0 76.72728439,30.40086962,0 76.72720196,30.40092470,0 76.72711954,30.40097977,0 76.72703712,30.40103485,0 76.72695469,30.40108992,0 76.72687227,30.40114500,0 76.72678985,30.40120007,0 76.72670742,30.40125515,0 76.72662500,30.40131022,0 76.72654258,30.40136529,0 76.72646015,30.40142037,0 76.72637773,30.40147544,0 76.72629530,30.40153052,0 76.72621288,30.40158559,0 76.72613046,30.40164066,0 76.72604803,30.40169574,0 76.72596561,30.40175081,0 76.72588318,30.40180589,0 76.72580076,30.40186096,0 76.72571833,30.40191603,0 76.72563591,30.40197111,0 76.72555348,30.40202618,0 76.72547106,30.40208125,0 76.72538864,30.40213633,0 76.72530621,30.40219140,0 76.72522379,30.40224647,0 76.72514136,30.40230155,0 76.72505893,30.40235662,0 76.72497651,30.40241169,0 76.72489408,30.40246677,0 76.72481166,30.40252184,0 76.72472923,30.40257691,0 76.72464681,30.40263199,0 76.72456438,30.40268706,0 76.72448195,30.40274213,0 76.72439953,30.40279721,0 76.72431710,30.40285228,0 76.72423468,30.40290735,0 76.72415225,30.40296242,0 76.72406982,30.40301750,0 76.72398740,30.40307257,0 76.72390497,30.40312764,0 76.72382254,30.40318271,0 76.72374012,30.40323779,0 76.72365769,30.40329286,0 76.72357526,30.40334793,0 76.72349284,30.40340300,0 76.72341041,30.40345808,0 76.72332798,30.40351315,0 76.72324555,30.40356822,0 76.72316313,30.40362329,0 76.72308070,30.40367837,0 76.72299827,30.40373344,0 76.72291584,30.40378851,0 76.72283342,30.40384358,0 76.72275099,30.40389865,0 76.72266856,30.40395373,0 76.72258613,30.40400880,0 76.72250370,30.40406387,0 76.72242127,30.40411894,0 76.72233885,30.40417401,0 76.72225642,30.40422908,0 76.72217399,30.40428416,0 76.72209156,30.40433923,0 76.72200913,30.40439430,0 76.72192670,30.40444937,0 76.72184427,30.40450444,0 76.72176184,30.40455951,0 76.72167942,30.40461459,0 76.72159665,30.40466928,0 76.72151350,30.40472353,0 76.72143035,30.40477778,0 76.72134720,30.40483203,0 76.72126405,30.40488628,0 76.72118090,30.40494053,0 76.72109775,30.40499479,0 76.72101460,30.40504904,0 76.72093145,30.40510329,0 76.72084830,30.40515754,0 76.72076515,30.40521179,0 76.72068200,30.40526604,0 76.72059885,30.40532029,0 76.72051570,30.40537454,0 76.72043255,30.40542879,0 76.72034940,30.40548304,0 76.72026625,30.40553729,0 76.72018309,30.40559154,0 76.72009994,30.40564580,0 76.72001679,30.40570005,0 76.71993364,30.40575430,0 76.71985049,30.40580855,0 76.71976734,30.40586280,0 76.71968419,30.40591705,0 76.71960103,30.40597130,0 76.71951788,30.40602555,0 76.71943473,30.40607980,0 76.71935158,30.40613405,0 76.71926842,30.40618830,0 76.71918527,30.40624255,0 76.71910212,30.40629680,0 76.71901897,30.40635105,0 76.71893581,30.40640530,0 76.71885266,30.40645955,0 76.71876951,30.40651380,0 76.71868636,30.40656805,0 76.71860320,30.40662230,0 76.71852005,30.40667654,0 76.71843690,30.40673079,0 76.71835374,30.40678504,0 76.71827059,30.40683929,0 76.71818744,30.40689354,0 76.71810428,30.40694779,0 76.71802113,30.40700204,0 76.71793797,30.40705629,0 76.71785482,30.40711054,0 76.71777167,30.40716479,0 76.71768851,30.40721904,0 76.71760536,30.40727329,0 76.71752220,30.40732754,0 76.71743905,30.40738178,0 76.71735589,30.40743603,0 76.71727274,30.40749028,0 76.71718959,30.40754453,0 76.71710643,30.40759878,0 76.71702328,30.40765303,0 76.71694012,30.40770728,0 76.71685697,30.40776153,0 76.71677381,30.40781577,0 76.71669066,30.40787002,0 76.71660711,30.40792381,0 76.71652292,30.40797684,0 76.71643872,30.40802988,0 76.71635453,30.40808291,0 76.71627034,30.40813594,0 76.71618614,30.40818898,0 76.71610195,30.40824201,0 76.71601776,30.40829504,0 76.71593357,30.40834807,0 76.71584937,30.40840111,0 76.71576518,30.40845414,0 76.71568098,30.40850717,0 76.71559679,30.40856020,0 76.71551260,30.40861323,0 76.71542840,30.40866627,0 76.71534421,30.40871930,0 76.71526002,30.40877233,0 76.71517582,30.40882536,0 76.71509163,30.40887839,0 76.71500743,30.40893143,0 76.71492324,30.40898446,0 76.71483904,30.40903749,0 76.71475485,30.40909052,0 76.71467065,30.40914355,0 76.71458646,30.40919658,0 76.71450226,30.40924962,0 76.71441807,30.40930265,0 76.71433387,30.40935568,0 76.71424968,30.40940871,0 76.71416548,30.40946174,0 76.71408129,30.40951477,0 76.71399709,30.40956780,0 76.71391290,30.40962084,0 76.71382870,30.40967387,0 76.71374451,30.40972690,0 76.71366031,30.40977993,0 76.71357612,30.40983296,0 76.71349192,30.40988599,0 76.71340773,30.40993902,0 76.71332353,30.40999206,0 76.71323935,30.41004510,0 76.71315518,30.41009816,0 76.71307101,30.41015123,0 76.71298684,30.41020429,0 76.71290267,30.41025735,0 76.71281850,30.41031041,0 76.71273432,30.41036347,0 76.71265015,30.41041654,0 76.71256598,30.41046960,0 76.71248181,30.41052266,0 76.71239764,30.41057572,0 76.71231347,30.41062878,0 76.71222930,30.41068184,0 76.71214513,30.41073491,0 76.71206096,30.41078797,0 76.71197679,30.41084103,0 76.71189261,30.41089409,0 76.71180844,30.41094715,0 76.71172427,30.41100021,0 76.71164010,30.41105327,0 76.71155593,30.41110633,0 76.71147176,30.41115940,0 76.71138758,30.41121246,0 76.71130341,30.41126552,0 76.71121924,30.41131858,0 76.71113507,30.41137164,0 76.71105090,30.41142470,0 76.71096672,30.41147776,0 76.71088255,30.41153082,0 76.71079838,30.41158388,0 76.71071421,30.41163694,0 76.71063003,30.41169000,0 76.71054586,30.41174306,0 76.71046169,30.41179612,0 76.71037751,30.41184918,0 76.71029334,30.41190225,0 76.71020917,30.41195531,0 76.71012499,30.41200837,0 76.71004082,30.41206143,0 76.70995665,30.41211449,0 76.70987247,30.41216755,0 76.70978830,30.41222061,0 76.70970413,30.41227367,0 76.70961995,30.41232673,0 76.70953578,30.41237979,0 76.70945160,30.41243285,0 76.70936743,30.41248591,0 76.70928326,30.41253897,0 76.70919908,30.41259203,0 76.70911491,30.41264509,0 76.70903073,30.41269814,0 76.70894656,30.41275120,0 76.70886238,30.41280426,0 76.70877821,30.41285732,0 76.70869403,30.41291038,0 76.70860986,30.41296344,0 76.70852568,30.41301650,0 76.70844151,30.41306956,0 76.70835733,30.41312262,0 76.70827316,30.41317568,0 76.70818898,30.41322874,0 76.70810481,30.41328180,0 76.70802063,30.41333486,0 76.70793645,30.41338791,0 76.70785228,30.41344097,0 76.70776810,30.41349403,0 76.70768393,30.41354709,0 76.70759975,30.41360015,0 76.70751557,30.41365321,0 76.70743140,30.41370627,0 76.70734722,30.41375933,0 76.70726305,30.41381238,0 76.70717887,30.41386544,0 76.70709469,30.41391850,0 76.70701052,30.41397156,0 76.70692634,30.41402462,0 76.70684216,30.41407768,0 76.70675798,30.41413073,0 76.70667381,30.41418379,0 76.70658963,30.41423685,0 76.70650545,30.41428991,0 76.70642128,30.41434297,0 76.70633710,30.41439602,0 76.70625292,30.41444908,0 76.70616874,30.41450214,0 76.70608456,30.41455520,0 76.70600039,30.41460826,0 76.70591621,30.41466131,0 76.70583203,30.41471437,0 76.70574785,30.41476743,0 76.70566367,30.41482049,0 76.70557950,30.41487354,0 76.70549532,30.41492660,0 76.70541114,30.41497966,0 76.70532696,30.41503272,0 76.70524278,30.41508577,0 76.70515860,30.41513883,0 76.70507442,30.41519189,0 76.70499025,30.41524495,0 76.70490607,30.41529800,0 76.70482186,30.41535103,0 76.70473763,30.41540402,0 76.70465339,30.41545701,0 76.70456916,30.41551000,0 76.70448492,30.41556299,0 76.70440069,30.41561598,0 76.70431645,30.41566897,0 76.70423222,30.41572196,0 76.70414798,30.41577495,0 76.70406374,30.41582794,0 76.70397951,30.41588093,0 76.70389527,30.41593392,0 76.70381104,30.41598692,0 76.70372680,30.41603991,0 76.70364257,30.41609290,0 76.70355833,30.41614589,0 76.70347409,30.41619888,0 76.70338986,30.41625187,0 76.70330562,30.41630486,0 76.70322139,30.41635785,0 76.70313715,30.41641084,0 76.70305291,30.41646383,0 76.70296868,30.41651682,0 76.70288444,30.41656981,0 76.70280020,30.41662280,0 76.70271597,30.41667579,0 76.70263173,30.41672877,0 76.70254749,30.41678176,0 76.70246325,30.41683475,0 76.70237902,30.41688774,0 76.70229478,30.41694073,0 76.70221054,30.41699372,0 76.70212631,30.41704671,0 76.70204207,30.41709970,0 76.70195783,30.41715269,0 76.70187359,30.41720568,0 76.70178935,30.41725867,0 76.70170512,30.41731166,0 76.70162088,30.41736465,0 76.70153664,30.41741764,0 76.70145240,30.41747062,0 76.70136816,30.41752361,0 76.70128393,30.41757660,0 76.70119969,30.41762959,0 76.70111545,30.41768258,0 76.70103121,30.41773557,0 76.70094697,30.41778856,0 76.70086273,30.41784155,0 76.70077849,30.41789453,0 76.70069425,30.41794752,0 76.70061001,30.41800051,0 76.70052578,30.41805350,0 76.70044154,30.41810649,0 76.70035730,30.41815948,0 76.70027306,30.41821246,0 76.70018882,30.41826545,0 76.70010458,30.41831844,0 76.70002034,30.41837143,0 76.69993610,30.41842442,0 76.69985186,30.41847740,0 76.69976762,30.41853039,0 76.69968338,30.41858338,0 76.69959914,30.41863637,0 76.69951490,30.41868936,0 76.69943066,30.41874234,0 76.69934642,30.41879533,0 76.69926217,30.41884832,0 76.69917795,30.41890132,0 76.69909378,30.41895439,0 76.69900961,30.41900747,0 76.69892544,30.41906054,0 76.69884127,30.41911362,0 76.69875710,30.41916669,0 76.69867294,30.41921976,0 76.69858877,30.41927284,0 76.69850460,30.41932591,0 76.69842043,30.41937899,0 76.69833626,30.41943206,0 76.69825209,30.41948513,0 76.69816792,30.41953821,0 76.69808375,30.41959128,0 76.69799958,30.41964435,0 76.69791541,30.41969743,0 76.69783124,30.41975050,0 76.69774707,30.41980357,0 76.69766290,30.41985665,0 76.69757873,30.41990972,0 76.69749456,30.41996279,0 76.69741039,30.42001586,0 76.69732622,30.42006894,0 76.69724205,30.42012201,0 76.69715788,30.42017508,0 76.69707371,30.42022816,0 76.69698954,30.42028123,0 76.69690537,30.42033430,0 76.69682120,30.42038737,0 76.69673703,30.42044045,0 76.69665286,30.42049352,0 76.69656869,30.42054659,0 76.69648452,30.42059966,0 76.69640035,30.42065274,0 76.69631617,30.42070581,0 76.69623200,30.42075888,0 76.69614783,30.42081195,0 76.69606366,30.42086503,0 76.69597949,30.42091810,0 76.69589532,30.42097117,0 76.69581114,30.42102424,0 76.69572697,30.42107731,0 76.69564280,30.42113039,0 76.69555863,30.42118346,0 76.69547446,30.42123653,0 76.69539028,30.42128960,0 76.69530611,30.42134267,0 76.69522194,30.42139575,0 76.69513777,30.42144882,0 76.69505359,30.42150189,0 76.69496942,30.42155496,0 76.69488525,30.42160803,0 76.69480108,30.42166110,0 76.69471690,30.42171417,0 76.69463273,30.42176725,0 76.69454856,30.42182032,0 76.69446438,30.42187339,0 76.69438021,30.42192646,0 76.69429604,30.42197953,0 76.69421186,30.42203260,0 76.69412769,30.42208567,0 76.69404351,30.42213874,0 76.69395934,30.42219181,0 76.69387517,30.42224489,0 76.69379099,30.42229796,0 76.69370682,30.42235103,0 76.69362264,30.42240410,0 76.69353847,30.42245717,0 76.69345429,30.42251024,0 76.69337012,30.42256331,0 76.69328595,30.42261638,0 76.69320177,30.42266945,0 76.69311760,30.42272252,0 76.69303342,30.42277559,0 76.69294925,30.42282866,0 76.69286507,30.42288173,0 76.69278090,30.42293480,0 76.69269672,30.42298787,0 76.69261255,30.42304094,0 76.69252837,30.42309401,0 76.69244419,30.42314708,0 76.69236002,30.42320015,0 76.69227584,30.42325322,0 76.69219167,30.42330629,0 76.69210749,30.42335936,0 76.69202332,30.42341243,0 76.69193914,30.42346550,0 76.69185496,30.42351857,0 76.69176926,30.42356976,0 76.69168342,30.42362080,0 76.69159759,30.42367184,0 76.69151176,30.42372288,0 76.69142593,30.42377392,0 76.69134009,30.42382496,0 76.69125426,30.42387600,0 76.69116843,30.42392703,0 76.69108260,30.42397807,0 76.69099676,30.42402911,0 76.69091093,30.42408015,0 76.69082510,30.42413119,0 76.69073926,30.42418223,0 76.69065343,30.42423326,0 76.69056760,30.42428430,0 76.69048176,30.42433534,0 76.69039593,30.42438638,0 76.69031010,30.42443742,0 76.69022426,30.42448845,0 76.69013843,30.42453949,0 76.69005260,30.42459053,0 76.68996676,30.42464157,0 76.68988093,30.42469261,0 76.68979509,30.42474364,0 76.68970926,30.42479468,0 76.68962343,30.42484572,0 76.68953759,30.42489676,0 76.68945176,30.42494779,0 76.68936592,30.42499883,0 76.68928009,30.42504987,0 76.68919425,30.42510091,0 76.68910842,30.42515194,0 76.68902258,30.42520298,0 76.68893675,30.42525402,0 76.68885005,30.42530394,0 76.68876277,30.42535310,0 76.68867549,30.42540226,0 76.68858820,30.42545141,0 76.68850092,30.42550057,0 76.68841364,30.42554973,0 76.68832635,30.42559889,0 76.68823907,30.42564805,0 76.68815179,30.42569721,0 76.68806450,30.42574636,0 76.68797722,30.42579552,0 76.68789141,30.42584654,0 76.68780713,30.42589948,0 76.68772284,30.42595242,0 76.68763855,30.42600536,0 76.68755426,30.42605830,0 76.68746997,30.42611124,0 76.68738568,30.42616418,0 76.68730140,30.42621712,0 76.68721711,30.42627005,0 76.68713282,30.42632299,0 76.68704853,30.42637593,0 76.68696424,30.42642887,0 76.68687995,30.42648181,0 76.68679566,30.42653475,0 76.68671137,30.42658768,0 76.68662708,30.42664062,0 76.68654280,30.42669356,0 76.68645851,30.42674650,0 76.68637422,30.42679944,0 76.68628993,30.42685238,0 76.68620564,30.42690531,0 76.68612135,30.42695825,0 76.68603706,30.42701119,0 76.68595277,30.42706413,0 76.68586848,30.42711706,0 76.68578419,30.42717000,0 76.68569990,30.42722294,0 76.68561561,30.42727588,0 76.68553132,30.42732882,0 76.68544703,30.42738175,0 76.68536273,30.42743469,0 76.68527844,30.42748763,0 76.68519415,30.42754056,0 76.68510986,30.42759350,0 76.68502557,30.42764644,0 76.68494128,30.42769938,0 76.68485699,30.42775231,0 76.68477270,30.42780525,0 76.68468841,30.42785819,0 76.68460412,30.42791112,0 76.68451982,30.42796406,0 76.68443553,30.42801700,0 76.68435124,30.42806994,0 76.68426695,30.42812287,0 76.68418266,30.42817581,0 76.68409836,30.42822875,0 76.68401407,30.42828168,0 76.68392978,30.42833462,0 76.68384549,30.42838756,0 76.68376120,30.42844049,0 76.68367690,30.42849343,0 76.68359261,30.42854636,0 76.68350832,30.42859930,0 76.68342402,30.42865224,0 76.68333973,30.42870517,0 76.68325544,30.42875811,0 76.68317115,30.42881105,0 76.68308685,30.42886398,0 76.68300256,30.42891692,0 76.68291827,30.42896985,0 76.68283397,30.42902279,0 76.68274968,30.42907573,0 76.68266539,30.42912866,0 76.68258109,30.42918160,0 76.68249680,30.42923453,0 76.68241250,30.42928747,0 76.68232821,30.42934040,0 76.68224392,30.42939334,0 76.68215962,30.42944627,0 76.68207533,30.42949921,0 76.68199103,30.42955215,0 76.68190674,30.42960508,0 76.68182245,30.42965802,0 76.68173815,30.42971095,0 76.68165386,30.42976389,0 76.68156956,30.42981682,0 76.68148527,30.42986976,0 76.68140097,30.42992269,0 76.68131668,30.42997563,0 76.68123238,30.43002856,0 76.68114809,30.43008150,0 76.68106379,30.43013443,0 76.68097949,30.43018737,0 76.68089520,30.43024030,0 76.68081090,30.43029324,0 76.68072661,30.43034617,0 76.68064231,30.43039910,0 76.68055802,30.43045204,0 76.68047372,30.43050497,0 76.68038942,30.43055791,0 76.68030513,30.43061084,0 76.68022083,30.43066378,0 76.68013654,30.43071671,0 76.68005224,30.43076965,0 76.67996794,30.43082258,0 76.67988365,30.43087551,0 76.67979935,30.43092845,0 76.67971505,30.43098138,0 76.67963076,30.43103432,0 76.67954646,30.43108725,0 76.67946245,30.43114052,0 76.67937871,30.43119412,0 76.67929497,30.43124771,0 76.67921123,30.43130130,0 76.67912749,30.43135490,0 76.67904374,30.43140849,0 76.67896000,30.43146208,0 76.67887626,30.43151567,0 76.67879252,30.43156927,0 76.67870878,30.43162286,0 76.67862504,30.43167645,0 76.67854130,30.43173004,0 76.67845755,30.43178364,0 76.67837381,30.43183723,0 76.67829007,30.43189082,0 76.67820633,30.43194441,0 76.67812259,30.43199801,0 76.67803884,30.43205160,0 76.67795510,30.43210519,0 76.67787136,30.43215878,0 76.67778762,30.43221237,0 76.67770387,30.43226597,0 76.67762013,30.43231956,0 76.67753639,30.43237315,0 76.67745265,30.43242674,0 76.67736890,30.43248033,0 76.67728516,30.43253392,0 76.67720142,30.43258752,0 76.67711767,30.43264111,0 76.67703393,30.43269470,0 76.67695019,30.43274829,0 76.67686644,30.43280188,0 76.67678270,30.43285547,0 76.67669896,30.43290906,0 76.67661521,30.43296266,0 76.67653147,30.43301625,0 76.67644773,30.43306984,0 76.67636398,30.43312343,0 76.67628024,30.43317702,0 76.67619649,30.43323061,0 76.67611275,30.43328420,0 76.67602900,30.43333779,0 76.67594526,30.43339138,0 76.67586151,30.43344498,0 76.67577777,30.43349857,0 76.67569403,30.43355216,0 76.67561028,30.43360575,0 76.67552654,30.43365934,0 76.67544279,30.43371293,0 76.67535905,30.43376652,0 76.67527530,30.43382011,0 76.67519155,30.43387370,0 76.67510781,30.43392729,0 76.67502406,30.43398088,0 76.67494032,30.43403447,0 76.67485657,30.43408806,0 76.67477283,30.43414165,0 76.67468908,30.43419524,0 76.67460533,30.43424883,0 76.67452159,30.43430242,0 76.67443784,30.43435601,0 76.67435410,30.43440960,0 76.67427035,30.43446319,0 76.67418660,30.43451678,0 76.67410286,30.43457037,0 76.67401911,30.43462396,0 76.67393536,30.43467755,0 76.67385162,30.43473114,0 76.67376787,30.43478473,0 76.67368412,30.43483832,0 76.67360038,30.43489191,0 76.67351663,30.43494550,0 76.67343288,30.43499909,0 76.67334913,30.43505268,0 76.67326539,30.43510627,0 76.67318164,30.43515986,0 76.67309789,30.43521344,0 76.67301414,30.43526703,0 76.67293040,30.43532062,0 76.67284665,30.43537421,0 76.67276290,30.43542780,0 76.67267915,30.43548139,0 76.67259540,30.43553498,0 76.67251165,30.43558857,0 76.67242791,30.43564216,0 76.67234402,30.43569558,0 76.67225983,30.43574864,0 76.67217563,30.43580170,0 76.67209144,30.43585477,0 76.67200724,30.43590783,0 76.67192305,30.43596089,0 76.67183885,30.43601395,0 76.67175466,30.43606701,0 76.67167046,30.43612007,0 76.67158627,30.43617313,0 76.67150207,30.43622620,0 76.67141788,30.43627926,0 76.67133368,30.43633232,0 76.67124949,30.43638538,0 76.67116529,30.43643844,0 76.67108109,30.43649150,0 76.67099690,30.43654456,0 76.67091270,30.43659762,0 76.67082851,30.43665068,0 76.67074431,30.43670374,0 76.67066011,30.43675680,0 76.67057592,30.43680986,0 76.67049172,30.43686292,0 76.67040773,30.43691623,0 76.67032383,30.43696963,0 76.67023992,30.43702304,0 76.67015601,30.43707644,0 76.67007211,30.43712985,0 76.66998820,30.43718325,0 76.66990429,30.43723665,0 76.66982038,30.43729005,0 76.66973647,30.43734346,0 76.66965257,30.43739686,0 76.66956866,30.43745026,0 76.66948475,30.43750367,0 76.66940084,30.43755707,0 76.66931693,30.43761047,0 76.66923303,30.43766388,0 76.66914912,30.43771728,0 76.66906521,30.43777068,0 76.66898130,30.43782408,0 76.66889739,30.43787749,0 76.66881348,30.43793089,0 76.66872957,30.43798429,0 76.66864567,30.43803769,0 76.66856176,30.43809110,0 76.66847785,30.43814450,0 76.66839394,30.43819790,0 76.66831003,30.43825130,0 76.66822612,30.43830471,0 76.66814221,30.43835811,0 76.66805830,30.43841151,0 76.66797439,30.43846491,0 76.66789048,30.43851831,0 76.66780657,30.43857172,0 76.66772266,30.43862512,0 76.66763875,30.43867852,0 76.66755484,30.43873192,0 76.66747093,30.43878532,0 76.66738702,30.43883873,0 76.66730311,30.43889213,0 76.66721920,30.43894553,0 76.66713529,30.43899893,0 76.66705138,30.43905233,0 76.66696747,30.43910573,0 76.66688338,30.43915893,0 76.66679888,30.43921163,0 76.66671439,30.43926433,0 76.66662989,30.43931703,0 76.66654539,30.43936973,0 76.66646089,30.43942243,0 76.66637639,30.43947514,0 76.66629189,30.43952784,0 76.66620739,30.43958054,0 76.66612290,30.43963324,0 76.66603840,30.43968594,0 76.66595390,30.43973864,0 76.66586940,30.43979134,0 76.66578490,30.43984404,0 76.66570040,30.43989675,0 76.66561590,30.43994945,0 76.66553140,30.44000215,0 76.66544690,30.44005485,0 76.66536240,30.44010755,0 76.66527790,30.44016025,0 76.66519340,30.44021295,0 76.66510890,30.44026565,0 76.66502440,30.44031835,0 76.66493990,30.44037105,0 76.66485540,30.44042375,0 76.66477090,30.44047645,0 76.66468640,30.44052915,0 76.66460190,30.44058185,0 76.66451740,30.44063455,0 76.66443290,30.44068725,0 76.66434840,30.44073995,0 76.66426390,30.44079266,0 76.66417940,30.44084536,0 76.66409490,30.44089806,0 76.66401039,30.44095076,0 76.66392589,30.44100346,0 76.66384139,30.44105616,0 76.66375689,30.44110886,0 76.66367239,30.44116155,0 76.66358789,30.44121425,0 76.66350339,30.44126695,0 76.66341896,30.44131975,0 76.66333476,30.44137280,0 76.66325055,30.44142586,0 76.66316635,30.44147892,0 76.66308214,30.44153197,0 76.66299794,30.44158503,0 76.66291374,30.44163808,0 76.66282953,30.44169114,0 76.66274533,30.44174420,0 76.66266112,30.44179725,0 76.66257692,30.44185031,0 76.66249271,30.44190336,0 76.66240851,30.44195642,0 76.66232430,30.44200947,0 76.66224009,30.44206253,0 76.66215589,30.44211558,0 76.66207168,30.44216864,0 76.66198748,30.44222169,0 76.66190327,30.44227475,0 76.66181907,30.44232780,0 76.66173486,30.44238086,0 76.66165065,30.44243391,0 76.66156645,30.44248697,0 76.66148224,30.44254002,0 76.66139803,30.44259308,0 76.66131383,30.44264613,0 76.66122962,30.44269919,0 76.66114541,30.44275224,0 76.66106121,30.44280530,0 76.66097700,30.44285835,0 76.66089279,30.44291140,0 76.66080859,30.44296446,0 76.66072438,30.44301751,0 76.66064017,30.44307057,0 76.66055596,30.44312362,0 76.66047176,30.44317668,0 76.66038755,30.44322973,0 76.66030334,30.44328278,0 76.66021913,30.44333584,0 76.66013493,30.44338889,0 76.66005072,30.44344195,0 76.65996651,30.44349500,0 76.65988230,30.44354805,0 76.65979809,30.44360111,0 76.65971388,30.44365416,0 76.65962968,30.44370721,0 76.65954547,30.44376027,0 76.65946126,30.44381332,0 76.65937705,30.44386637,0 76.65929284,30.44391943,0 76.65920863,30.44397248,0 76.65912442,30.44402553,0 76.65904021,30.44407859,0 76.65895600,30.44413164,0 76.65887180,30.44418469,0 76.65878759,30.44423775,0 76.65870338,30.44429080,0 76.65861917,30.44434385,0 76.65853496,30.44439691,0 76.65845075,30.44444996,0 76.65836654,30.44450301,0 76.65828233,30.44455606,0 76.65819812,30.44460912,0 76.65811391,30.44466217,0 76.65802970,30.44471522,0 76.65794549,30.44476828,0 76.65786128,30.44482133,0 76.65777707,30.44487438,0 76.65769286,30.44492743,0 76.65760865,30.44498049,0 76.65752443,30.44503354,0 76.65744022,30.44508659,0 76.65735601,30.44513964,0 76.65727180,30.44519269,0 76.65718759,30.44524575,0 76.65710338,30.44529880,0 76.65701917,30.44535185,0 76.65693496,30.44540490,0 76.65685075,30.44545795,0 76.65676653,30.44551101,0 76.65668232,30.44556406,0 76.65659811,30.44561711,0 76.65651390,30.44567016,0 76.65642969,30.44572321,0 76.65634547,30.44577627,0 76.65626126,30.44582932,0 76.65617705,30.44588237,0 76.65609284,30.44593542,0 76.65600863,30.44598847,0 76.65592441,30.44604152,0 76.65584020,30.44609457,0 76.65575599,30.44614763,0 76.65567177,30.44620068,0 76.65558756,30.44625373,0 76.65550335,30.44630678,0 76.65541914,30.44635983,0 76.65533492,30.44641288,0 76.65525071,30.44646593,0 76.65516650,30.44651898,0 76.65508228,30.44657203,0 76.65499807,30.44662508,0 76.65491386,30.44667813,0 76.65482964,30.44673119,0 76.65474543,30.44678424,0 76.65466121,30.44683729,0 76.65457700,30.44689034,0 76.65449279,30.44694339,0 76.65440857,30.44699644,0 76.65432436,30.44704949,0 76.65424030,30.44710273,0 76.65415640,30.44715615,0 76.65407249,30.44720956,0 76.65398859,30.44726298,0 76.65390468,30.44731640,0 76.65382078,30.44736981,0 76.65373687,30.44742323,0 76.65365296,30.44747665,0 76.65356906,30.44753006,0 76.65348515,30.44758348,0 76.65340125,30.44763689,0 76.65331734,30.44769031,0 76.65323343,30.44774373,0 76.65314953,30.44779714,0 76.65306562,30.44785056,0 76.65298171,30.44790398,0 76.65289781,30.44795739,0 76.65281390,30.44801081,0 76.65272999,30.44806422,0 76.65264609,30.44811764,0 76.65256218,30.44817106,0 76.65247827,30.44822447,0 76.65239437,30.44827789,0 76.65231046,30.44833130,0 76.65222655,30.44838472,0 76.65214264,30.44843813,0 76.65205874,30.44849155,0 76.65197483,30.44854497,0 76.65189092,30.44859838,0 76.65180701,30.44865180,0 76.65172311,30.44870521,0 76.65163920,30.44875863,0 76.65155529,30.44881204,0 76.65147138,30.44886546,0 76.65138747,30.44891887,0 76.65130357,30.44897229,0 76.65121966,30.44902570,0 76.65113575,30.44907912,0 76.65105184,30.44913253,0 76.65096793,30.44918595,0 76.65088307,30.44923822,0 76.65079799,30.44929022,0 76.65071290,30.44934222,0 76.65062782,30.44939422,0 76.65054274,30.44944623,0 76.65045766,30.44949823,0 76.65037257,30.44955023,0 76.65028749,30.44960224,0 76.65020241,30.44965424,0 76.65011733,30.44970624,0 76.65003224,30.44975824,0 76.64994716,30.44981025,0 76.64986208,30.44986225,0 76.64977699,30.44991425,0 76.64969191,30.44996625,0 76.64960683,30.45001826,0 76.64952174,30.45007026,0 76.64943666,30.45012226,0 76.64935158,30.45017426,0 76.64926649,30.45022626,0 76.64918141,30.45027827,0 76.64909632,30.45033027,0 76.64901124,30.45038227,0 76.64892616,30.45043427,0 76.64884107,30.45048627,0 76.64875599,30.45053828,0 76.64867090,30.45059028,0 76.64858582,30.45064228,0 76.64850073,30.45069428,0 76.64841565,30.45074628,0 76.64833056,30.45079828,0 76.64824548,30.45085029,0 76.64816039,30.45090229,0 76.64807531,30.45095429,0 76.64799022,30.45100629,0 76.64790514,30.45105829,0 76.64782005,30.45111029,0 76.64773497,30.45116229,0 76.64764988,30.45121429,0 76.64756533,30.45126695,0 76.64748111,30.45131999,0 76.64739689,30.45137304,0 76.64731267,30.45142608,0 76.64722845,30.45147913,0 76.64714422,30.45153218,0 76.64706000,30.45158522,0 76.64697578,30.45163827,0 76.64689156,30.45169132,0 76.64680734,30.45174436,0 76.64672311,30.45179741,0 76.64663889,30.45185045,0 76.64655467,30.45190350,0 76.64647045,30.45195654,0 76.64638622,30.45200959,0 76.64630200,30.45206264,0 76.64621778,30.45211568,0 76.64613355,30.45216873,0 76.64604933,30.45222177,0 76.64596511,30.45227482,0 76.64588088,30.45232786,0 76.64579645,30.45238066,0 76.64571182,30.45243321,0 76.64562718,30.45248576,0 76.64554255,30.45253832,0 76.64545792,30.45259087,0 76.64537328,30.45264342,0 76.64528865,30.45269598,0 76.64520401,30.45274853,0 76.64511938,30.45280108,0 76.64503475,30.45285363,0 76.64495011,30.45290619,0 76.64486548,30.45295874,0 76.64478084,30.45301129,0 76.64469621,30.45306385,0 76.64461157,30.45311640,0 76.64452694,30.45316895,0 76.64444230,30.45322150,0 76.64435767,30.45327406,0 76.64427303,30.45332661,0 76.64418840,30.45337916,0 76.64410376,30.45343171,0 76.64401913,30.45348427,0 76.64393449,30.45353682,0 76.64384986,30.45358937,0 76.64376522,30.45364192,0 76.64368059,30.45369447,0 76.64359595,30.45374703,0 76.64351132,30.45379958,0 76.64342668,30.45385213,0 76.64334204,30.45390468,0 76.64325741,30.45395723,0 76.64317277,30.45400979,0 76.64308813,30.45406234,0 76.64300350,30.45411489,0 76.64291886,30.45416744,0 76.64283423,30.45421999,0 76.64274959,30.45427254,0 76.64266495,30.45432510,0 76.64258032,30.45437765,0 76.64249568,30.45443020,0 76.64241104,30.45448275,0 76.64232640,30.45453530,0 76.64224177,30.45458785,0 76.64215713,30.45464040,0 76.64207249,30.45469296,0 76.64198785,30.45474551,0 76.64190322,30.45479806,0 76.64181858,30.45485061,0 76.64173394,30.45490316,0 76.64164930,30.45495571,0 76.64156467,30.45500826,0 76.64148003,30.45506081,0 76.64139539,30.45511336,0 76.64131075,30.45516591,0 76.64122611,30.45521846,0 76.64114147,30.45527101,0 76.64105684,30.45532356,0 76.64097220,30.45537612,0 76.64088756,30.45542867,0 76.64080292,30.45548122,0 76.64071828,30.45553377,0 76.64063364,30.45558632,0 76.64054900,30.45563887,0 76.64046436,30.45569142,0 76.64037973,30.45574397,0 76.64029509,30.45579652,0 76.64021045,30.45584907,0 76.64012581,30.45590162,0 76.64004117,30.45595417,0 76.63995653,30.45600672,0 76.63987189,30.45605927,0 76.63978725,30.45611182,0 76.63970261,30.45616437,0 76.63961797,30.45621692,0 76.63953333,30.45626947,0 76.63944869,30.45632201,0 76.63936405,30.45637456,0 76.63927941,30.45642711,0 76.63919477,30.45647966,0 76.63911013,30.45653221,0 76.63902548,30.45658476,0 76.63894084,30.45663731,0 76.63885620,30.45668986,0 76.63877156,30.45674241,0 76.63868692,30.45679496,0 76.63860228,30.45684751,0 76.63851764,30.45690006,0 76.63843300,30.45695260,0 76.63834836,30.45700515,0 76.63826371,30.45705770,0 76.63817907,30.45711025,0 76.63809443,30.45716280,0 76.63800979,30.45721535,0 76.63792515,30.45726790,0 76.63784051,30.45732045,0 76.63775586,30.45737299,0 76.63767122,30.45742554,0 76.63758658,30.45747809,0 76.63750194,30.45753064,0 76.63741729,30.45758319,0 76.63733256,30.45763563,0 76.63724775,30.45768797,0 76.63716294,30.45774031,0 76.63707812,30.45779265,0 76.63699331,30.45784499,0 76.63690850,30.45789733,0 76.63682368,30.45794968,0 76.63673887,30.45800202,0 76.63665405,30.45805436,0 76.63656924,30.45810670,0 76.63648443,30.45815904,0 76.63639961,30.45821138,0 76.63631480,30.45826372,0 76.63622998,30.45831606,0 76.63614517,30.45836840,0 76.63606035,30.45842074,0 76.63597554,30.45847308,0 76.63589072,30.45852542,0 76.63580591,30.45857776,0 76.63572109,30.45863010,0 76.63563628,30.45868244,0 76.63555146,30.45873478,0 76.63546665,30.45878712,0 76.63538183,30.45883946,0 76.63529702,30.45889180,0 76.63521220,30.45894414,0 76.63512739,30.45899648,0 76.63504257,30.45904882,0 76.63495775,30.45910116,0 76.63487294,30.45915350,0 76.63478812,30.45920584,0 76.63470331,30.45925818,0 76.63461849,30.45931052,0 76.63453367,30.45936286,0 76.63444886,30.45941520,0 76.63436404,30.45946754,0 76.63427922,30.45951988,0 76.63419441,30.45957222,0 76.63410959,30.45962456,0 76.63402477,30.45967690,0 76.63393996,30.45972924,0 76.63385514,30.45978157,0 76.63377032,30.45983391,0 76.63368551,30.45988625,0 76.63360069,30.45993859,0 76.63351587,30.45999093,0 76.63343105,30.46004327,0 76.63334624,30.46009561,0 76.63326142,30.46014795,0 76.63317660,30.46020028,0 76.63309178,30.46025262,0 76.63300697,30.46030496,0 76.63292215,30.46035730,0 76.63283733,30.46040964,0 76.63275251,30.46046198,0 76.63266769,30.46051432,0 76.63258287,30.46056665,0 76.63249806,30.46061899,0 76.63241324,30.46067133,0 76.63232842,30.46072367,0 76.63224360,30.46077601,0 76.63215878,30.46082834,0 76.63207396,30.46088068,0 76.63198914,30.46093302,0 76.63190432,30.46098536,0 76.63181950,30.46103770,0 76.63173468,30.46109003,0 76.63164987,30.46114237,0 76.63156505,30.46119471,0 76.63148023,30.46124705,0 76.63139541,30.46129938,0 76.63131059,30.46135172,0 76.63122577,30.46140406,0 76.63114095,30.46145640,0 76.63105613,30.46150873,0 76.63097131,30.46156107,0 76.63088649,30.46161341,0 76.63080167,30.46166575,0 76.63071685,30.46171808,0 76.63063202,30.46177042,0 76.63054720,30.46182276,0 76.63046238,30.46187509,0 76.63037756,30.46192743,0 76.63029274,30.46197977,0 76.63020792,30.46203211,0 76.63012310,30.46208444,0 76.63003828,30.46213678,0 76.62995181,30.46218699,0 76.62986366,30.46223501,0 76.62977550,30.46228304,0 76.62968735,30.46233107,0 76.62959919,30.46237909,0 76.62951104,30.46242712,0 76.62942288,30.46247514,0 76.62933473,30.46252317,0 76.62924657,30.46257119,0 76.62915842,30.46261922,0 76.62907026,30.46266724,0 76.62898211,30.46271527,0 76.62889395,30.46276329,0 76.62880166,30.46280441,0 76.62870559,30.46283924,0 76.62860953,30.46287407,0 76.62851347,30.46290890,0 76.62841740,30.46294373,0 76.62832134,30.46297856,0 76.62822528,30.46301339,0 76.62812921,30.46304823,0 76.62803315,30.46308306,0 76.62793709,30.46311789,0 76.62784102,30.46315272,0 76.62774496,30.46318755,0 76.62764889,30.46322238,0 76.62755283,30.46325721,0 76.62745677,30.46329204,0 76.62736070,30.46332687,0 76.62726464,30.46336170,0 76.62716857,30.46339653,0 76.62707251,30.46343136,0 76.62697645,30.46346619,0 76.62688038,30.46350102,0 76.62678432,30.46353585,0 76.62668825,30.46357068,0 76.62659219,30.46360551,0 76.62649612,30.46364034,0 76.62641115,30.46368921,0 76.62633890,30.46375418,0 76.62626666,30.46381916,0 76.62619441,30.46388413,0 76.62612216,30.46394910,0 76.62604991,30.46401407,0 76.62597766,30.46407904,0 76.62590541,30.46414401,0 76.62583317,30.46420898,0 76.62576092,30.46427396,0 76.62568867,30.46433893,0 76.62561642,30.46440390,0 76.62554417,30.46446887,0 76.62547192,30.46453384,0 76.62539967,30.46459881,0 76.62532742,30.46466378,0 76.62525517,30.46472875,0 76.62518293,30.46479373,0 76.62511068,30.46485870,0 76.62503843,30.46492367,0 76.62496618,30.46498864,0 76.62489393,30.46505361,0 76.62482168,30.46511858,0 76.62474943,30.46518355,0 76.62467718,30.46524852,0 76.62460493,30.46531349,0 76.62453268,30.46537846,0 76.62446043,30.46544343,0 76.62438818,30.46550841,0 76.62431593,30.46557338,0 76.62424367,30.46563835,0 76.62417142,30.46570332,0 76.62409917,30.46576829,0 76.62402692,30.46583326,0 76.62395467,30.46589823,0 76.62388242,30.46596320,0 76.62381017,30.46602817,0 76.62373792,30.46609314,0 76.62366567,30.46615811,0 76.62359341,30.46622308,0 76.62352116,30.46628805,0 76.62344891,30.46635302,0 76.62337666,30.46641799,0 76.62330441,30.46648296,0 76.62323216,30.46654793,0 76.62315990,30.46661290,0 76.62308765,30.46667787,0 76.62301540,30.46674284,0 76.62294315,30.46680781,0 76.62287089,30.46687278,0 76.62279864,30.46693775,0 76.62272639,30.46700272,0 76.62265414,30.46706769,0 76.62258188,30.46713266,0 76.62250963,30.46719763,0 76.62243738,30.46726260,0 76.62236512,30.46732757,0 76.62229287,30.46739254,0 76.62222062,30.46745751,0 76.62214837,30.46752248,0 76.62207611,30.46758745,0 76.62200386,30.46765242,0 76.62193160,30.46771739,0 76.62185935,30.46778236,0 76.62180451,30.46785803,0 76.62175753,30.46793854,0 76.62171054,30.46801905,0 76.62166356,30.46809956,0 76.62161657,30.46818008,0 76.62156959,30.46826059,0 76.62152261,30.46834110,0 76.62147562,30.46842161,0 76.62142864,30.46850212,0 76.62136819,30.46857392,0 76.62129240,30.46863579,0 76.62121662,30.46869767,0 76.62114083,30.46875954,0 76.62106504,30.46882142,0 76.62098925,30.46888329,0 76.62091346,30.46894517,0 76.62083767,30.46900704,0 76.62076189,30.46906892,0 76.62068610,30.46913079,0 76.62061031,30.46919266,0 76.62053452,30.46925454,0 76.62045873,30.46931641,0 76.62038294,30.46937829,0 76.62030715,30.46944016,0 76.62023136,30.46950204,0 76.62015557,30.46956391,0 76.62007978,30.46962578,0 76.62000399,30.46968766,0 76.61992820,30.46974953,0 76.61985241,30.46981141,0 76.61977662,30.46987328,0 76.61970083,30.46993515,0 76.61962504,30.46999703,0 76.61954925,30.47005890,0 76.61947346,30.47012078,0 76.61939767,30.47018265,0 76.61932188,30.47024452,0 76.61924609,30.47030640,0 76.61917030,30.47036827,0 76.61909451,30.47043014,0 76.61901872,30.47049202,0 76.61894293,30.47055389,0 76.61886714,30.47061577,0 76.61879134,30.47067764,0 76.61871555,30.47073951,0 76.61863976,30.47080139,0 76.61856397,30.47086326,0 76.61848818,30.47092513,0 76.61841239,30.47098701,0 76.61833659,30.47104888,0 76.61826080,30.47111075,0 76.61818501,30.47117262,0 76.61810922,30.47123450,0 76.61803343,30.47129637,0 76.61795763,30.47135824,0 76.61788184,30.47142012,0 76.61780605,30.47148199,0 76.61773026,30.47154386,0 76.61765446,30.47160574,0 76.61757867,30.47166761,0 76.61750288,30.47172948,0 76.61742709,30.47179135,0 76.61735129,30.47185323,0 76.61727550,30.47191510,0 76.61719971,30.47197697,0 76.61712391,30.47203884,0 76.61704812,30.47210072,0 76.61697233,30.47216259,0 76.61688714,30.47221368,0 76.61679763,30.47225979,0 76.61670811,30.47230589,0 76.61661859,30.47235200,0 76.61652907,30.47239811,0 76.61643955,30.47244422,0 76.61635004,30.47249033,0 76.61626052,30.47253644,0 76.61617100,30.47258255,0 76.61608148,30.47262865,0 76.61599196,30.47267476,0 76.61590244,30.47272087,0 76.61581293,30.47276698,0 76.61572341,30.47281309,0 76.61563389,30.47285919,0 76.61554437,30.47290530,0 76.61545485,30.47295141,0 76.61536533,30.47299752,0 76.61527581,30.47304363,0 76.61518629,30.47308973,0 76.61509677,30.47313584,0 76.61500726,30.47318195,0 76.61491774,30.47322806,0 76.61482822,30.47327416,0 76.61473870,30.47332027,0 76.61464918,30.47336638,0 76.61455966,30.47341249,0 76.61447014,30.47345860,0 76.61438062,30.47350470,0 76.61429110,30.47355081,0 76.61420158,30.47359692,0 76.61411206,30.47364303,0 76.61402254,30.47368914,0 76.61393302,30.47373524,0 76.61384350,30.47378135,0 76.61375398,30.47382746,0 76.61366446,30.47387357,0 76.61357494,30.47391968,0 76.61348542,30.47396578,0 76.61339590,30.47401189,0 76.61330638,30.47405799,0 76.61321686,30.47410410,0 76.61312733,30.47415020,0 76.61303781,30.47419630,0 76.61294829,30.47424241,0 76.61285876,30.47428851,0 76.61276924,30.47433461,0 76.61267972,30.47438071,0 76.61259128,30.47442828,0 76.61250576,30.47447977,0 76.61242024,30.47453126,0 76.61233471,30.47458275,0 76.61224919,30.47463423,0 76.61216367,30.47468572,0 76.61207815,30.47473721,0 76.61199262,30.47478869,0 76.61190710,30.47484018,0 76.61182158,30.47489167,0 76.61173605,30.47494316,0 76.61165053,30.47499464,0 76.61156501,30.47504613,0 76.61147948,30.47509762,0 76.61139396,30.47514911,0 76.61130844,30.47520059,0 76.61122291,30.47525208,0 76.61113739,30.47530357,0 76.61105187,30.47535505,0 76.61096634,30.47540654,0 76.61088082,30.47545803,0 76.61079529,30.47550951,0 76.61070977,30.47556100,0 76.61062424,30.47561249,0 76.61053872,30.47566397,0 76.61045320,30.47571546,0 76.61036767,30.47576695,0 76.61028215,30.47581843,0 76.61019662,30.47586992,0 76.61011110,30.47592140,0 76.61002557,30.47597289,0 76.60994005,30.47602438,0 76.60985452,30.47607586,0 76.60976900,30.47612735,0 76.60968347,30.47617883,0 76.60959795,30.47623032,0 76.60951242,30.47628181,0 76.60942689,30.47633329,0 76.60934137,30.47638478,0 76.60925584,30.47643626,0 76.60917032,30.47648775,0 76.60908479,30.47653923,0 76.60899926,30.47659072,0 76.60891374,30.47664221,0 76.60882821,30.47669369,0 76.60874269,30.47674518,0 76.60865716,30.47679666,0 76.60857163,30.47684815,0 76.60848611,30.47689963,0 76.60840058,30.47695112,0 76.60831505,30.47700260,0 76.60822953,30.47705409,0 76.60814400,30.47710557,0 76.60805847,30.47715706,0 76.60797294,30.47720854,0 76.60788742,30.47726003,0 76.60780189,30.47731151,0 76.60771636,30.47736300,0 76.60763084,30.47741448,0 76.60754531,30.47746597,0 76.60745978,30.47751745,0 76.60737425,30.47756894,0 76.60728872,30.47762042,0 76.60720320,30.47767190,0 76.60711767,30.47772339,0 76.60703214,30.47777487,0 76.60694661,30.47782636,0 76.60686108,30.47787784,0 76.60677555,30.47792933,0 76.60669003,30.47798081,0 76.60660450,30.47803229,0 76.60651897,30.47808378,0 76.60643344,30.47813526,0 76.60634791,30.47818675,0 76.60626238,30.47823823,0 76.60617685,30.47828971,0 76.60609132,30.47834120,0 76.60600579,30.47839268,0 76.60592027,30.47844416,0 76.60583474,30.47849565,0 76.60574921,30.47854713,0 76.60566368,30.47859861,0 76.60557815,30.47865010,0 76.60549262,30.47870158,0 76.60540709,30.47875306,0 76.60532156,30.47880455,0 76.60523603,30.47885603,0 76.60515050,30.47890751,0 76.60506497,30.47895900,0 76.60497944,30.47901048,0 76.60489391,30.47906196,0 76.60480838,30.47911345,0 76.60472617,30.47916880,0 76.60464473,30.47922504,0 76.60456330,30.47928128,0 76.60448186,30.47933752,0 76.60440042,30.47939376,0 76.60431898,30.47945000,0 76.60423754,30.47950625,0 76.60415610,30.47956249,0 76.60407466,30.47961873,0 76.60399323,30.47967497,0 76.60391179,30.47973121,0 76.60383035,30.47978745,0 76.60374891,30.47984369,0 76.60366747,30.47989993,0 76.60358603,30.47995617,0 76.60350459,30.48001242,0 76.60342315,30.48006866,0 76.60334171,30.48012490,0 76.60326027,30.48018114,0 76.60317883,30.48023738,0 76.60309739,30.48029362,0 76.60301595,30.48034986,0 76.60293451,30.48040610,0 76.60285307,30.48046234,0 76.60277163,30.48051858,0 76.60269019,30.48057482,0 76.60260875,30.48063106,0 76.60252731,30.48068730,0 76.60244587,30.48074354,0 76.60236443,30.48079978,0 76.60228299,30.48085602,0 76.60220155,30.48091226,0 76.60212011,30.48096850,0 76.60203867,30.48102474,0 76.60195722,30.48108098,0 76.60187628,30.48113775,0 76.60179541,30.48119461,0 76.60171455,30.48125147,0 76.60163368,30.48130834,0 76.60155282,30.48136520,0 76.60147195,30.48142206,0 76.60139109,30.48147892,0 76.60131022,30.48153578,0 76.60122936,30.48159264,0 76.60114849,30.48164950,0 76.60106763,30.48170636,0 76.60098676,30.48176322,0 76.60090589,30.48182008,0 76.60082503,30.48187694,0 76.60074416,30.48193380,0 76.60066330,30.48199066,0 76.60058243,30.48204752,0 76.60050156,30.48210438,0 76.60042070,30.48216124,0 76.60033983,30.48221810,0 76.60025896,30.48227496,0 76.60017810,30.48233182,0 76.60009723,30.48238868,0 76.60001636,30.48244554,0 76.59993550,30.48250240,0 76.59985463,30.48255926,0 76.59977376,30.48261612,0 76.59969290,30.48267298,0 76.59961203,30.48272984,0 76.59953116,30.48278669,0 76.59945029,30.48284355,0 76.59936943,30.48290041,0 76.59928856,30.48295727,0 76.59920769,30.48301413,0 76.59912682,30.48307099,0 76.59904596,30.48312785,0 76.59896509,30.48318471,0 76.59888422,30.48324157,0 76.59880335,30.48329843,0 76.59872248,30.48335529,0 76.59864162,30.48341214,0 76.59856075,30.48346900,0 76.59847988,30.48352586,0 76.59839901,30.48358272,0 76.59831814,30.48363958,0 76.59823727,30.48369644,0 76.59815640,30.48375330,0 76.59807553,30.48381016,0 76.59799466,30.48386701,0 76.59791380,30.48392387,0 76.59783293,30.48398073,0 76.59775206,30.48403759,0 76.59767119,30.48409445,0 76.59759032,30.48415131,0 76.59750945,30.48420816,0 76.59742858,30.48426502,0 76.59734771,30.48432188,0 76.59726684,30.48437874,0 76.59718597,30.48443560,0 76.59710510,30.48449245,0 76.59702423,30.48454931,0 76.59694336,30.48460617,0 76.59686249,30.48466303,0 76.59678195,30.48472023,0 76.59670362,30.48477970,0 76.59662130,30.48483492,0 76.59653821,30.48488932,0 76.59645511,30.48494371,0 76.59637201,30.48499811,0 76.59628892,30.48505251,0 76.59620582,30.48510691,0 76.59612272,30.48516130,0 76.59603963,30.48521570,0 76.59595653,30.48527010,0 76.59587343,30.48532450,0 76.59579034,30.48537889,0 76.59570724,30.48543329,0 76.59562414,30.48548769,0 76.59554105,30.48554208,0 76.59545795,30.48559648,0 76.59537485,30.48565088,0 76.59529175,30.48570527,0 76.59520865,30.48575967,0 76.59512556,30.48581407,0 76.59504246,30.48586846,0 76.59495936,30.48592286,0 76.59487626,30.48597726,0 76.59479316,30.48603165,0 76.59471007,30.48608605,0 76.59462697,30.48614045,0 76.59454387,30.48619484,0 76.59446077,30.48624924,0 76.59437767,30.48630363,0 76.59429457,30.48635803,0 76.59421147,30.48641243,0 76.59412838,30.48646682,0 76.59404528,30.48652122,0 76.59396218,30.48657561,0 76.59387908,30.48663001,0 76.59379598,30.48668441,0 76.59371288,30.48673880,0 76.59362978,30.48679320,0 76.59354668,30.48684759,0 76.59346358,30.48690199,0 76.59338048,30.48695638,0 76.59329738,30.48701078,0 76.59321428,30.48706518,0 76.59313118,30.48711957,0 76.59304808,30.48717397,0 76.59296498,30.48722836,0 76.59288188,30.48728276,0 76.59279878,30.48733715,0 76.59271568,30.48739155,0 76.59263258,30.48744594,0 76.59254948,30.48750034,0 76.59246638,30.48755473,0 76.59238328,30.48760913,0 76.59230017,30.48766352,0 76.59221707,30.48771792,0 76.59213397,30.48777231,0 76.59205087,30.48782671,0 76.59196777,30.48788110,0 76.59188467,30.48793550,0 76.59180157,30.48798989,0 76.59171846,30.48804429,0 76.59163536,30.48809868,0 76.59155226,30.48815307,0 76.59146916,30.48820747,0 76.59138606,30.48826186,0 76.59130295,30.48831626,0 76.59121985,30.48837065,0 76.59113675,30.48842505,0 76.59105365,30.48847944,0 76.59097055,30.48853383,0 76.59088744,30.48858823,0 76.59080434,30.48864262,0 76.59072124,30.48869702,0 76.59063813,30.48875141,0 76.59055503,30.48880580,0 76.59047193,30.48886020,0 76.59038883,30.48891459,0 76.59030572,30.48896899,0 76.59022262,30.48902338,0 76.59013952,30.48907777,0 76.59005641,30.48913217,0 76.58997331,30.48918656,0 76.58989020,30.48924095,0 76.58980710,30.48929535,0 76.58972400,30.48934974,0 76.58964089,30.48940413,0 76.58955779,30.48945853,0 76.58947468,30.48951292,0 76.58939158,30.48956731,0 76.58930848,30.48962171,0 76.58922537,30.48967610,0 76.58914227,30.48973049,0 76.58905916,30.48978489,0 76.58897606,30.48983928,0 76.58889295,30.48989367,0 76.58880985,30.48994806,0 76.58872674,30.49000246,0 76.58864364,30.49005685,0 76.58856053,30.49011124,0 76.58847743,30.49016563,0 76.58839432,30.49022003,0 76.58831015,30.49027318,0 76.58822581,30.49032612,0 76.58814146,30.49037906,0 76.58805712,30.49043200,0 76.58797277,30.49048494,0 76.58788842,30.49053788,0 76.58780408,30.49059082,0 76.58771973,30.49064376,0 76.58763538,30.49069670,0 76.58755104,30.49074964,0 76.58746669,30.49080258,0 76.58738234,30.49085553,0 76.58729799,30.49090847,0 76.58721365,30.49096141,0 76.58712930,30.49101435,0 76.58704495,30.49106729,0 76.58696060,30.49112023,0 76.58687626,30.49117317,0 76.58679191,30.49122611,0 76.58670756,30.49127905,0 76.58662321,30.49133199,0 76.58653887,30.49138493,0 76.58645452,30.49143787,0 76.58637017,30.49149081,0 76.58628582,30.49154375,0 76.58620147,30.49159669,0 76.58611712,30.49164963,0 76.58603278,30.49170257,0 76.58594843,30.49175550,0 76.58586408,30.49180844,0 76.58577973,30.49186138,0 76.58569538,30.49191432,0 76.58561103,30.49196726,0 76.58552668,30.49202020,0 76.58544233,30.49207314,0 76.58535798,30.49212608,0 76.58527363,30.49217902,0 76.58518929,30.49223196,0 76.58510494,30.49228490,0 76.58502059,30.49233784,0 76.58493624,30.49239078,0 76.58485189,30.49244371,0 76.58476754,30.49249665,0 76.58468319,30.49254959,0 76.58459884,30.49260253,0 76.58451449,30.49265547,0 76.58443014,30.49270841,0 76.58434579,30.49276135,0 76.58426143,30.49281428,0 76.58417708,30.49286722,0 76.58409273,30.49292016,0 76.58400838,30.49297310,0 76.58392403,30.49302604,0 76.58383972,30.49307902,0 76.58375623,30.49313298,0 76.58367275,30.49318693,0 76.58358926,30.49324089,0 76.58350577,30.49329485,0 76.58342228,30.49334880,0 76.58333880,30.49340276,0 76.58325531,30.49345671,0 76.58317182,30.49351067,0 76.58308833,30.49356462,0 76.58300485,30.49361858,0 76.58292136,30.49367253,0 76.58283787,30.49372649,0 76.58275438,30.49378044,0 76.58267089,30.49383440,0 76.58258741,30.49388835,0 76.58250392,30.49394231,0 76.58242043,30.49399626,0 76.58233694,30.49405022,0 76.58225345,30.49410417,0 76.58216996,30.49415813,0 76.58208647,30.49421208,0 76.58200299,30.49426604,0 76.58191950,30.49431999,0 76.58183601,30.49437395,0 76.58175252,30.49442790,0 76.58166903,30.49448185,0 76.58158554,30.49453581,0 76.58150205,30.49458976,0 76.58141856,30.49464372,0 76.58133507,30.49469767,0 76.58125158,30.49475163,0 76.58116809,30.49480558,0 76.58108460,30.49485953,0 76.58100111,30.49491349,0 76.58091762,30.49496744,0 76.58083413,30.49502140,0 76.58075064,30.49507535,0 76.58066715,30.49512930,0 76.58058366,30.49518326,0 76.58050017,30.49523721,0 76.58041668,30.49529116,0 76.58033319,30.49534512,0 76.58024970,30.49539907,0 76.58016621,30.49545303,0 76.58008272,30.49550698,0 76.57999923,30.49556094,0 76.57991576,30.49561491,0 76.57983229,30.49566889,0 76.57974882,30.49572287,0 76.57966535,30.49577685,0 76.57958188,30.49583084,0 76.57949842,30.49588482,0 76.57941495,30.49593880,0 76.57933148,30.49599278,0 76.57924801,30.49604676,0 76.57916454,30.49610074,0 76.57908107,30.49615472,0 76.57899761,30.49620870,0 76.57891414,30.49626268,0 76.57883067,30.49631666,0 76.57874720,30.49637064,0 76.57866373,30.49642462,0 76.57858026,30.49647860,0 76.57849679,30.49653258,0 76.57841332,30.49658656,0 76.57832985,30.49664054,0 76.57824638,30.49669452,0 76.57816292,30.49674850,0 76.57807945,30.49680248,0 76.57799625,30.49685678,0 76.57791337,30.49691142,0 76.57783048,30.49696607,0 76.57774759,30.49702072,0 76.57766470,30.49707537,0 76.57758182,30.49713002,0 76.57749893,30.49718467,0 76.57741604,30.49723932,0 76.57733315,30.49729397,0 76.57725027,30.49734861,0 76.57716738,30.49740326,0 76.57708449,30.49745791,0 76.57700160,30.49751256,0 76.57691872,30.49756721,0 76.57683583,30.49762186,0 76.57675294,30.49767650,0 76.57667005,30.49773115,0 76.57658716,30.49778580,0 76.57650427,30.49784045,0 76.57642138,30.49789510,0 76.57633850,30.49794975,0 76.57625561,30.49800439,0 76.57617272,30.49805904,0 76.57608983,30.49811369,0 76.57600694,30.49816834,0 76.57592406,30.49822300,0 76.57584120,30.49827767,0 76.57575833,30.49833235,0 76.57567547,30.49838703,0 76.57559260,30.49844170,0 76.57550974,30.49849638,0 76.57542688,30.49855106,0 76.57534401,30.49860573,0 76.57526115,30.49866041,0 76.57517828,30.49871508,0 76.57509542,30.49876976,0 76.57501255,30.49882444,0 76.57492969,30.49887911,0 76.57484682,30.49893379,0 76.57476396,30.49898846,0 76.57468109,30.49904314,0 76.57459823,30.49909782,0 76.57451536,30.49915249,0 76.57443250,30.49920717,0 76.57434963,30.49926184,0 76.57426676,30.49931652,0 76.57418390,30.49937119,0 76.57410103,30.49942587,0 76.57401817,30.49948054,0 76.57393530,30.49953522,0 76.57385243,30.49958990,0 76.57376957,30.49964457,0 76.57368670,30.49969925,0 76.57360383,30.49975392,0 76.57352097,30.49980860,0 76.57343810,30.49986327,0 76.57335523,30.49991795,0 76.57327237,30.49997262,0 76.57318950,30.50002730,0 76.57310663,30.50008197,0 76.57302377,30.50013665,0 76.57294090,30.50019132,0 76.57285803,30.50024600,0 76.57277516,30.50030067,0 76.57269230,30.50035534,0 76.57260943,30.50041002,0 76.57252656,30.50046469,0 76.57244369,30.50051937,0 76.57236083,30.50057404,0 76.57227796,30.50062872,0 76.57219509,30.50068339,0 76.57211222,30.50073807,0 76.57202935,30.50079274,0 76.57194649,30.50084741,0 76.57186362,30.50090209,0 76.57178075,30.50095676,0 76.57169788,30.50101144,0 76.57161501,30.50106611,0 76.57153214,30.50112078,0 76.57144927,30.50117546,0 76.57136640,30.50123013,0 76.57128353,30.50128481,0 76.57120067,30.50133948,0 76.57111780,30.50139415,0 76.57103493,30.50144883,0 76.57095206,30.50150350,0 76.57086919,30.50155817,0 76.57078632,30.50161285,0 76.57070345,30.50166752,0 76.57062058,30.50172219,0 76.57053771,30.50177687,0 76.57045484,30.50183154,0 76.57037197,30.50188621,0 76.57028910,30.50194089,0 76.57020623,30.50199556,0 76.57012336,30.50205023,0 76.57004049,30.50210490,0 76.56995761,30.50215958,0 76.56987474,30.50221425,0 76.56979187,30.50226892,0 76.56970900,30.50232360,0 76.56962613,30.50237827,0 76.56954326,30.50243294,0 76.56946039,30.50248761,0 76.56937752,30.50254229,0 76.56929465,30.50259696,0 76.56921177,30.50265163,0 76.56912890,30.50270630,0 76.56904603,30.50276098,0 76.56896316,30.50281565,0 76.56888029,30.50287032,0 76.56879742,30.50292499,0 76.56871454,30.50297967,0 76.56863167,30.50303434,0 76.56854880,30.50308901,0 76.56846593,30.50314368,0 76.56838305,30.50319835,0 76.56830018,30.50325303,0 76.56821731,30.50330770,0 76.56813444,30.50336237,0 76.56805156,30.50341704,0 76.56796869,30.50347171,0 76.56788582,30.50352638,0 76.56780294,30.50358106,0 76.56772007,30.50363573,0 76.56763720,30.50369040,0 76.56755432,30.50374507,0 76.56747145,30.50379974,0 76.56738858,30.50385441,0 76.56730570,30.50390908,0 76.56722283,30.50396376,0 76.56713996,30.50401843,0 76.56705708,30.50407310,0 76.56697421,30.50412777,0 76.56689133,30.50418244,0 76.56680846,30.50423711,0 76.56672558,30.50429178,0 76.56664271,30.50434645,0 76.56655984,30.50440112,0 76.56647696,30.50445580,0 76.56639409,30.50451047,0 76.56631121,30.50456514,0 76.56622834,30.50461981,0 76.56614546,30.50467448,0 76.56606259,30.50472915,0 76.56597971,30.50478382,0 76.56589684,30.50483849,0 76.56581396,30.50489316,0 76.56573109,30.50494783,0 76.56564821,30.50500250,0 76.56556533,30.50505717,0 76.56548246,30.50511184,0 76.56539958,30.50516651,0 76.56531671,30.50522118,0 76.56523383,30.50527585,0 76.56515095,30.50533052,0 76.56506808,30.50538519,0 76.56498520,30.50543986,0 76.56490233,30.50549453,0 76.56481945,30.50554920,0 76.56473657,30.50560387,0 76.56465370,30.50565854,0 76.56457082,30.50571321,0 76.56448794,30.50576788,0 76.56440506,30.50582255,0 76.56432219,30.50587722,0 76.56423931,30.50593189,0 76.56415643,30.50598656,0 76.56407356,30.50604123,0 76.56399068,30.50609590,0 76.56390780,30.50615057,0 76.56382492,30.50620524,0 76.56374205,30.50625991,0 76.56365917,30.50631457,0 76.56357629,30.50636924,0 76.56349341,30.50642391,0 76.56341054,30.50647858,0 76.56332766,30.50653325,0 76.56324478,30.50658792,0 76.56316190,30.50664259,0 76.56307902,30.50669726,0 76.56299614,30.50675193,0 76.56291327,30.50680660,0 76.56283039,30.50686126,0 76.56274751,30.50691593,0 76.56266463,30.50697060,0 76.56258175,30.50702527,0 76.56249887,30.50707994,0 76.56241599,30.50713461,0 76.56233311,30.50718927,0 76.56225023,30.50724394,0 76.56216735,30.50729861,0 76.56208447,30.50735328,0 76.56200159,30.50740795,0 76.56191871,30.50746262,0 76.56183583,30.50751728,0 76.56175296,30.50757195,0 76.56167008,30.50762662,0 76.56158719,30.50768129,0 76.56150431,30.50773596,0 76.56142143,30.50779062,0 76.56133855,30.50784529,0 76.56125567,30.50789996,0 76.56117279,30.50795463,0 76.56108991,30.50800929,0 76.56100703,30.50806396,0 76.56092415,30.50811863,0 76.56084127,30.50817330,0 76.56075839,30.50822796,0 76.56067551,30.50828263,0 76.56059263,30.50833730,0 76.56050974,30.50839197,0 76.56042686,30.50844663,0 76.56034398,30.50850130,0 76.56026110,30.50855597,0 76.56017822,30.50861063,0 76.56009534,30.50866530,0 76.56001245,30.50871997,0 76.55992957,30.50877464,0 76.55984669,30.50882930,0 76.55976381,30.50888397,0 76.55968093,30.50893864,0 76.55959804,30.50899330,0 76.55951516,30.50904797,0 76.55943228,30.50910264,0 76.55934940,30.50915730,0 76.55926651,30.50921197,0 76.55918363,30.50926664,0 76.55910075,30.50932130,0 76.55901786,30.50937597,0 76.55893498,30.50943063,0 76.55885210,30.50948530,0 76.55876921,30.50953997,0 76.55868633,30.50959463,0 76.55860345,30.50964930,0 76.55852056,30.50970397,0 76.55843768,30.50975863,0 76.55835480,30.50981330,0 76.55827191,30.50986796,0 76.55818903,30.50992263,0 76.55810615,30.50997730,0 76.55802326,30.51003196,0 76.55794038,30.51008663,0 76.55785749,30.51014129,0 76.55777461,30.51019596,0 76.55769172,30.51025062,0 76.55760884,30.51030529,0 76.55752595,30.51035995,0 76.55744307,30.51041462,0 76.55736018,30.51046929,0 76.55727730,30.51052395,0 76.55719441,30.51057862,0 76.55711153,30.51063328,0 76.55702864,30.51068795,0 76.55694576,30.51074261,0 76.55686287,30.51079728,0 76.55677999,30.51085194,0 76.55669710,30.51090661,0 76.55661422,30.51096127,0 76.55653133,30.51101594,0 76.55644844,30.51107060,0 76.55636556,30.51112527,0 76.55628267,30.51117993,0 76.55619979,30.51123460,0 76.55611690,30.51128926,0 76.55603401,30.51134392,0 76.55595113,30.51139859,0 76.55586824,30.51145325,0 76.55578535,30.51150792,0 76.55570247,30.51156258,0 76.55561958,30.51161725,0 76.55553669,30.51167191,0 76.55545381,30.51172657,0 76.55537092,30.51178124,0 76.55528803,30.51183590,0 76.55520514,30.51189057,0 76.55512225,30.51194523,0 76.55503937,30.51199989,0 76.55495648,30.51205456,0 76.55487359,30.51210922,0 76.55479070,30.51216388,0 76.55470782,30.51221855,0 76.55462493,30.51227321,0 76.55454204,30.51232788,0 76.55445915,30.51238254,0 76.55437626,30.51243720,0 76.55429337,30.51249187,0 76.55421049,30.51254653,0 76.55412760,30.51260119,0 76.55404471,30.51265586,0 76.55396182,30.51271052,0 76.55387893,30.51276518,0 76.55379604,30.51281985,0 76.55371315,30.51287451,0 76.55363026,30.51292917,0 76.55354737,30.51298383,0 76.55346448,30.51303850,0 76.55338159,30.51309316,0 76.55329871,30.51314782,0 76.55321582,30.51320249,0 76.55313293,30.51325715,0 76.55305004,30.51331181,0 76.55296715,30.51336647,0 76.55288426,30.51342114,0 76.55280137,30.51347580,0 76.55271848,30.51353046,0 76.55263559,30.51358512,0 76.55255270,30.51363979,0 76.55246980,30.51369445,0 76.55238691,30.51374911,0 76.55230402,30.51380377,0 76.55222113,30.51385844,0 76.55213824,30.51391310,0 76.55205535,30.51396776,0 76.55197246,30.51402242,0 76.55188957,30.51407708,0 76.55180668,30.51413175,0 76.55172379,30.51418641,0 76.55164089,30.51424107,0 76.55155800,30.51429573,0 76.55147511,30.51435039,0 76.55139222,30.51440505,0 76.55130933,30.51445972,0 76.55122644,30.51451438,0 76.55114354,30.51456904,0 76.55106065,30.51462370,0 76.55097776,30.51467836,0 76.55089487,30.51473302,0 76.55081197,30.51478768,0 76.55072908,30.51484235,0 76.55064619,30.51489701,0 76.55056330,30.51495167,0 76.55048040,30.51500633,0 76.55039751,30.51506099,0 76.55031462,30.51511565,0 76.55023173,30.51517031,0 76.55014883,30.51522497,0 76.55006594,30.51527963,0 76.54998305,30.51533430,0 76.54990015,30.51538896,0 76.54981726,30.51544362,0 76.54973436,30.51549828,0 76.54965147,30.51555294,0 76.54956858,30.51560760,0 76.54948568,30.51566226,0 76.54940279,30.51571692,0 76.54931990,30.51577158,0 76.54923700,30.51582624,0 76.54915411,30.51588090,0 76.54907121,30.51593556,0 76.54898832,30.51599022,0 76.54890542,30.51604488,0 76.54882253,30.51609954,0 76.54873963,30.51615420,0 76.54865674,30.51620886,0 76.54857384,30.51626352,0 76.54849095,30.51631818,0 76.54840805,30.51637284,0 76.54832516,30.51642750,0 76.54824226,30.51648216,0 76.54815937,30.51653682,0 76.54807647,30.51659148,0 76.54799358,30.51664614,0 76.54791068,30.51670080,0 76.54782779,30.51675546,0 76.54774489,30.51681012,0 76.54766200,30.51686478,0 76.54757910,30.51691944,0 76.54749620,30.51697410,0 76.54741331,30.51702876,0 76.54733041,30.51708342,0 76.54724751,30.51713808,0 76.54716462,30.51719274,0 76.54708172,30.51724740,0 76.54699883,30.51730206,0 76.54691593,30.51735672,0 76.54683303,30.51741138,0 76.54675014,30.51746603,0 76.54666724,30.51752069,0 76.54658434,30.51757535,0 76.54650145,30.51763001,0 76.54641855,30.51768467,0 76.54633565,30.51773933,0 76.54625275,30.51779399,0 76.54616986,30.51784864,0 76.54608696,30.51790330,0 76.54600406,30.51795796,0 76.54592116,30.51801262,0 76.54583826,30.51806728,0 76.54575537,30.51812194,0 76.54567247,30.51817659,0 76.54558957,30.51823125,0 76.54550667,30.51828591,0 76.54542377,30.51834057,0 76.54534087,30.51839523,0 76.54525797,30.51844988,0 76.54517508,30.51850454,0 76.54509218,30.51855920,0 76.54500928,30.51861386,0 76.54492638,30.51866852,0 76.54484348,30.51872317,0 76.54476058,30.51877783,0 76.54467768,30.51883249,0 76.54459478,30.51888715,0 76.54451188,30.51894180,0 76.54442898,30.51899646,0 76.54434608,30.51905112,0 76.54426318,30.51910578,0 76.54418028,30.51916043,0 76.54409738,30.51921509,0 76.54401448,30.51926975,0 76.54393158,30.51932441,0 76.54384868,30.51937906,0 76.54376578,30.51943372,0 76.54368288,30.51948838,0 76.54359998,30.51954303,0 76.54351708,30.51959769,0 76.54343418,30.51965235,0 76.54335128,30.51970700,0 76.54326838,30.51976166,0 76.54318548,30.51981632,0 76.54310258,30.51987097,0 76.54301967,30.51992563,0 76.54293677,30.51998029,0 76.54285387,30.52003494,0 76.54277097,30.52008960,0 76.54268807,30.52014426,0 76.54260517,30.52019891,0 76.54252226,30.52025357,0 76.54243936,30.52030823,0 76.54235646,30.52036288,0 76.54227356,30.52041754,0 76.54219066,30.52047219,0 76.54210775,30.52052685,0 76.54202485,30.52058151,0 76.54194195,30.52063616,0 76.54185905,30.52069082,0 76.54177614,30.52074547,0 76.54169324,30.52080013,0 76.54161034,30.52085478,0 76.54152744,30.52090944,0 76.54144453,30.52096410,0 76.54136163,30.52101875,0 76.54127873,30.52107341,0 76.54119582,30.52112806,0 76.54111292,30.52118272,0 76.54103002,30.52123737,0 76.54094711,30.52129203,0 76.54086421,30.52134668,0 76.54078130,30.52140134,0 76.54069840,30.52145599,0 76.54061550,30.52151065,0 76.54053259,30.52156531,0 76.54044969,30.52161996,0 76.54036679,30.52167462,0 76.54028388,30.52172927,0 76.54020098,30.52178393,0 76.54011807,30.52183858,0 76.54003517,30.52189324,0 76.53995226,30.52194789,0 76.53986936,30.52200255,0 76.53978646,30.52205720,0 76.53970355,30.52211186,0 76.53962065,30.52216651,0 76.53953774,30.52222117,0 76.53945484,30.52227582,0 76.53937193,30.52233048,0 76.53928903,30.52238513,0 76.53920612,30.52243979,0 76.53912322,30.52249444,0 76.53904031,30.52254910,0 76.53895741,30.52260375,0 76.53887450,30.52265840,0 76.53879159,30.52271306,0 76.53870869,30.52276771,0 76.53862578,30.52282237,0 76.53854288,30.52287702,0 76.53845997,30.52293168,0 76.53837706,30.52298633,0 76.53829416,30.52304098,0 76.53821125,30.52309564,0 76.53812834,30.52315029,0 76.53804544,30.52320495,0 76.53796253,30.52325960,0 76.53787962,30.52331425,0 76.53779672,30.52336891,0 76.53771381,30.52342356,0 76.53763090,30.52347821,0 76.53754799,30.52353287,0 76.53746509,30.52358752,0 76.53738218,30.52364217,0 76.53729927,30.52369683,0 76.53721636,30.52375148,0 76.53713346,30.52380613,0 76.53705055,30.52386079,0 76.53696764,30.52391544,0 76.53688473,30.52397009,0 76.53680182,30.52402474,0 76.53671892,30.52407940,0 76.53663601,30.52413405,0 76.53655310,30.52418870,0 76.53647019,30.52424336,0 76.53638728,30.52429801,0 76.53630437,30.52435266,0 76.53622146,30.52440731,0 76.53613855,30.52446197,0 76.53605565,30.52451662,0 76.53597274,30.52457127,0 76.53588983,30.52462592,0 76.53580692,30.52468058,0 76.53572401,30.52473523,0 76.53564110,30.52478988,0 76.53555819,30.52484453,0 76.53547528,30.52489918,0 76.53539237,30.52495384,0 76.53530946,30.52500849,0 76.53522655,30.52506314,0 76.53514364,30.52511779,0 76.53506073,30.52517244,0 76.53497782,30.52522710,0 76.53489491,30.52528175,0 76.53481200,30.52533640,0 76.53472909,30.52539105,0 76.53464618,30.52544570,0 76.53456327,30.52550035,0 76.53448036,30.52555501,0 76.53439745,30.52560966,0 76.53431453,30.52566431,0 76.53423162,30.52571896,0 76.53414871,30.52577361,0 76.53406580,30.52582826,0 76.53398289,30.52588291,0 76.53389998,30.52593757,0 76.53381707,30.52599222,0 76.53373415,30.52604687,0 76.53365124,30.52610152,0 76.53356833,30.52615617,0 76.53348542,30.52621082,0 76.53340251,30.52626547,0 76.53331959,30.52632012,0 76.53323668,30.52637477,0 76.53315377,30.52642942,0 76.53307086,30.52648407,0 76.53298795,30.52653873,0 76.53290503,30.52659338,0 76.53282212,30.52664803,0 76.53273921,30.52670268,0 76.53265629,30.52675733,0 76.53257338,30.52681198,0 76.53249047,30.52686663,0 76.53240756,30.52692128,0 76.53232464,30.52697593,0 76.53224173,30.52703058,0 76.53215882,30.52708523,0 76.53207590,30.52713988,0 76.53199299,30.52719453,0 76.53191007,30.52724918,0 76.53182716,30.52730383,0 76.53174425,30.52735848,0 76.53166133,30.52741313,0 76.53157842,30.52746778,0 76.53149550,30.52752243,0 76.53141259,30.52757708,0 76.53132968,30.52763173,0 76.53124676,30.52768638,0 76.53116385,30.52774103,0 76.53108093,30.52779568,0 76.53099802,30.52785033,0 76.53091510,30.52790498,0 76.53083219,30.52795962,0 76.53074927,30.52801427,0 76.53066636,30.52806892,0 76.53058344,30.52812357,0 76.53050053,30.52817822,0 76.53041761,30.52823287,0 76.53033470,30.52828752,0 76.53025178,30.52834217,0 76.53016889,30.52839684,0 76.53008600,30.52845152,0 76.53000311,30.52850620,0 76.52992022,30.52856088,0 76.52983733,30.52861557,0 76.52975445,30.52867025,0 76.52967156,30.52872493,0 76.52958867,30.52877961,0 76.52950578,30.52883429,0 76.52942289,30.52888896,0 76.52934000,30.52894364,0 76.52925711,30.52899832,0 76.52917422,30.52905300,0 76.52909133,30.52910768,0 76.52900844,30.52916236,0 76.52892556,30.52921704,0 76.52884267,30.52927172,0 76.52875978,30.52932640,0 76.52867689,30.52938108,0 76.52859400,30.52943576,0 76.52851111,30.52949044,0 76.52842822,30.52954512,0 76.52834608,30.52960063,0 76.52826485,30.52965715,0 76.52818362,30.52971367,0 76.52810239,30.52977018,0 76.52802116,30.52982670,0 76.52793993,30.52988322,0 76.52785871,30.52993973,0 76.52777748,30.52999625,0 76.52769625,30.53005277,0 76.52761502,30.53010928,0 76.52753379,30.53016580,0 76.52745256,30.53022232,0 76.52737133,30.53027883,0 76.52729010,30.53033535,0 76.52720887,30.53039187,0 76.52712764,30.53044838,0 76.52704641,30.53050490,0 76.52696518,30.53056141,0 76.52688395,30.53061793,0 76.52680272,30.53067445,0 76.52672149,30.53073096,0 76.52664026,30.53078748,0 76.52655903,30.53084400,0 76.52647780,30.53090051,0 76.52639657,30.53095703,0 76.52631534,30.53101354,0 76.52623410,30.53107006,0 76.52615287,30.53112658,0 76.52607164,30.53118309,0 76.52599041,30.53123961,0 76.52590918,30.53129612,0 76.52582795,30.53135264,0 76.52574672,30.53140915,0 76.52566549,30.53146567,0 76.52558425,30.53152218,0 76.52550302,30.53157870,0 76.52542179,30.53163522,0 76.52534056,30.53169173,0 76.52525933,30.53174825,0 76.52517809,30.53180476,0 76.52509686,30.53186128,0 76.52501563,30.53191779,0 76.52493440,30.53197431,0 76.52485316,30.53203082,0 76.52477193,30.53208734,0 76.52469070,30.53214385,0 76.52460947,30.53220037,0 76.52452823,30.53225688,0 76.52444700,30.53231340,0 76.52436577,30.53236991,0 76.52428453,30.53242643,0 76.52420330,30.53248294,0 76.52412207,30.53253946,0 76.52404083,30.53259597,0 76.52395960,30.53265248,0 76.52387837,30.53270900,0 76.52379713,30.53276551,0 76.52371590,30.53282203,0 76.52363466,30.53287854,0 76.52355343,30.53293506,0 76.52347220,30.53299157,0 76.52339096,30.53304808,0 76.52330973,30.53310460,0 76.52322849,30.53316111,0 76.52314726,30.53321763,0 76.52306602,30.53327414,0 76.52298479,30.53333065,0 76.52290355,30.53338717,0 76.52282232,30.53344368,0 76.52274108,30.53350020,0 76.52265985,30.53355671,0 76.52257861,30.53361322,0 76.52249738,30.53366974,0 76.52241614,30.53372625,0 76.52233491,30.53378276,0 76.52225367,30.53383928,0 76.52217244,30.53389579,0 76.52209120,30.53395230,0 76.52200909,30.53400786,0 76.52192684,30.53406326,0 76.52184459,30.53411866,0 76.52176233,30.53417407,0 76.52168008,30.53422947,0 76.52159783,30.53428487,0 76.52151558,30.53434027,0 76.52143332,30.53439567,0 76.52135107,30.53445107,0 76.52126882,30.53450647,0 76.52118656,30.53456187,0 76.52110431,30.53461727,0 76.52102206,30.53467267,0 76.52093980,30.53472807,0 76.52085755,30.53478347,0 76.52077530,30.53483887,0 76.52069304,30.53489427,0 76.52061079,30.53494967,0 76.52052853,30.53500507,0 76.52044628,30.53506047,0 76.52036403,30.53511587,0 76.52028177,30.53517127,0 76.52019952,30.53522667,0 76.52011726,30.53528207,0 76.52003501,30.53533747,0 76.51995275,30.53539287,0 76.51987050,30.53544827,0 76.51978824,30.53550367,0 76.51970599,30.53555906,0 76.51962373,30.53561446,0 76.51954148,30.53566986,0 76.51945922,30.53572526,0 76.51937697,30.53578066,0 76.51929471,30.53583606,0 76.51921246,30.53589146,0 76.51913020,30.53594686,0 76.51904795,30.53600226,0 76.51896569,30.53605766,0 76.51888343,30.53611306,0 76.51880118,30.53616845,0 76.51871892,30.53622385,0 76.51863667,30.53627925,0 76.51855441,30.53633465,0 76.51847215,30.53639005,0 76.51838990,30.53644545,0 76.51830764,30.53650085,0 76.51822538,30.53655624,0 76.51814313,30.53661164,0 76.51807078,30.53667432,0 76.51802098,30.53675357,0 76.51794495,30.53681311,0 76.51786131,30.53686694,0 76.51777767,30.53692076,0 76.51769403,30.53697459,0 76.51761039,30.53702842,0 76.51752675,30.53708224,0 76.51744311,30.53713607,0 76.51735947,30.53718989,0 76.51727583,30.53724372,0 76.51719219,30.53729754,0 76.51710855,30.53735137,0 76.51702491,30.53740519,0 76.51694127,30.53745902,0 76.51685763,30.53751284,0 76.51677399,30.53756667,0 76.51669035,30.53762049,0 76.51660671,30.53767432,0 76.51652307,30.53772814,0 76.51643943,30.53778197,0 76.51635579,30.53783579,0 76.51627215,30.53788962,0 76.51618851,30.53794344,0 76.51610487,30.53799727,0 76.51602123,30.53805109,0 76.51593759,30.53810492,0 76.51585395,30.53815874,0 76.51577031,30.53821257,0 76.51568666,30.53826639,0 76.51560302,30.53832021,0 76.51551938,30.53837404,0 76.51543574,30.53842786,0 76.51535210,30.53848169,0 76.51526846,30.53853551,0 76.51518481,30.53858934,0 76.51510117,30.53864316,0 76.51501753,30.53869698,0 76.51493389,30.53875081,0 76.51485025,30.53880463,0 76.51476660,30.53885846,0 76.51468296,30.53891228,0 76.51459932,30.53896610,0 76.51451568,30.53901993,0 76.51443203,30.53907375,0 76.51434839,30.53912757,0 76.51426475,30.53918140,0 76.51418110,30.53923522,0 76.51409746,30.53928904,0 76.51401382,30.53934287,0 76.51393017,30.53939669,0 76.51384653,30.53945051,0 76.51376345,30.53950499,0 76.51368059,30.53955971,0 76.51359773,30.53961444,0 76.51351487,30.53966916,0 76.51343201,30.53972388,0 76.51334915,30.53977860,0 76.51326629,30.53983333,0 76.51318343,30.53988805,0 76.51310057,30.53994277,0 76.51301771,30.53999749,0 76.51293484,30.54005222,0 76.51285198,30.54010694,0 76.51276912,30.54016166,0 76.51268626,30.54021638,0 76.51260340,30.54027111,0 76.51252053,30.54032583,0 76.51243767,30.54038055,0 76.51235481,30.54043527,0 76.51227195,30.54049000,0 76.51218909,30.54054472,0 76.51210622,30.54059944,0 76.51202336,30.54065416,0 76.51194050,30.54070888,0 76.51185764,30.54076361,0 76.51177477,30.54081833,0 76.51169191,30.54087305,0 76.51160905,30.54092777,0 76.51152618,30.54098249,0 76.51144332,30.54103721,0 76.51136046,30.54109194,0 76.51127712,30.54114611,0 76.51119367,30.54120016,0 76.51111022,30.54125421,0 76.51102677,30.54130826,0 76.51094332,30.54136231,0 76.51085987,30.54141636,0 76.51077641,30.54147041,0 76.51069296,30.54152446,0 76.51060951,30.54157850,0 76.51052606,30.54163255,0 76.51044261,30.54168660,0 76.51035916,30.54174065,0 76.51027571,30.54179470,0 76.51019226,30.54184875,0 76.51010880,30.54190280,0 76.51002535,30.54195684,0 76.50994190,30.54201089,0 76.50985845,30.54206494,0 76.50977500,30.54211899,0 76.50969154,30.54217304,0 76.50960809,30.54222708,0 76.50952464,30.54228113,0 76.50944119,30.54233518,0 76.50935773,30.54238923,0 76.50927428,30.54244328,0 76.50919083,30.54249732,0 76.50910738,30.54255137,0 76.50902392,30.54260542,0 76.50894047,30.54265947,0 76.50885702,30.54271352,0 76.50877356,30.54276756,0 76.50869011,30.54282161,0 76.50860666,30.54287566,0 76.50852320,30.54292971,0 76.50843975,30.54298375,0 76.50835630,30.54303780,0 76.50827284,30.54309185,0 76.50818939,30.54314589,0 76.50810594,30.54319994,0 76.50802248,30.54325399,0 76.50793903,30.54330804,0 76.50785557,30.54336208,0 76.50777212,30.54341613,0 76.50768867,30.54347018,0 76.50760521,30.54352422,0 76.50752176,30.54357827,0 76.50743830,30.54363232,0 76.50735485,30.54368636,0 76.50727139,30.54374041,0 76.50718794,30.54379446,0 76.50710448,30.54384850,0 76.50702103,30.54390255,0 76.50693757,30.54395660,0 76.50685412,30.54401064,0 76.50677066,30.54406469,0 76.50668721,30.54411874,0 76.50660375,30.54417278,0 76.50652029,30.54422683,0 76.50643684,30.54428087,0 76.50635338,30.54433492,0 76.50626993,30.54438897,0 76.50618647,30.54444301,0 76.50610301,30.54449706,0 76.50601956,30.54455110,0 76.50593610,30.54460515,0 76.50585265,30.54465920,0 76.50576919,30.54471324,0 76.50568573,30.54476729,0 76.50560228,30.54482133,0 76.50551882,30.54487538,0 76.50543377,30.54492751,0 76.50534813,30.54497894,0 76.50526250,30.54503037,0 76.50517686,30.54508180,0 76.50509123,30.54513323,0 76.50500643,30.54518567,0 76.50492257,30.54523925,0 76.50483871,30.54529282,0 76.50475485,30.54534640,0 76.50467099,30.54539997,0 76.50458712,30.54545355,0 76.50450326,30.54550712,0 76.50441940,30.54556070,0 76.50433554,30.54561427,0 76.50425168,30.54566785,0 76.50416782,30.54572142,0 76.50408395,30.54577500,0 76.50400009,30.54582857,0 76.50391623,30.54588215,0 76.50383237,30.54593572,0 76.50374851,30.54598930,0 76.50366464,30.54604287,0 76.50358078,30.54609644,0 76.50349692,30.54615002,0 76.50341306,30.54620359,0 76.50332919,30.54625717,0 76.50324533,30.54631074,0 76.50316147,30.54636432,0 76.50307760,30.54641789,0 76.50299374,30.54647146,0 76.50290988,30.54652504,0 76.50282601,30.54657861,0 76.50274215,30.54663218,0 76.50265829,30.54668576,0 76.50257442,30.54673933,0 76.50249056,30.54679291,0 76.50240670,30.54684648,0 76.50232283,30.54690005,0 76.50223897,30.54695363,0 76.50215510,30.54700720,0 76.50207124,30.54706077,0 76.50198737,30.54711435,0 76.50190351,30.54716792,0 76.50181965,30.54722149,0 76.50173578,30.54727507,0 76.50165192,30.54732864,0 76.50156805,30.54738221,0 76.50148419,30.54743579,0 76.50140032,30.54748936,0 76.50131646,30.54754293,0 76.50123259,30.54759651,0 76.50114873,30.54765008,0 76.50106486,30.54770365,0 76.50098100,30.54775722,0 76.50089713,30.54781080,0 76.50081326,30.54786437,0 76.50072940,30.54791794,0 76.50064553,30.54797151,0 76.50056167,30.54802509,0 76.50047780,30.54807866,0 76.50039394,30.54813223,0 76.50031007,30.54818580,0 76.50022620,30.54823938,0 76.50014234,30.54829295,0 76.50005847,30.54834652,0 76.49997460,30.54840009,0 76.49989074,30.54845367,0 76.49980687,30.54850724,0 76.49972300,30.54856081,0 76.49963914,30.54861438,0 76.49955527,30.54866795,0 76.49947140,30.54872153,0 76.49938754,30.54877510,0 76.49930367,30.54882867,0 76.49921980,30.54888224,0 76.49913593,30.54893581,0 76.49905207,30.54898938,0 76.49896820,30.54904296,0 76.49888433,30.54909653,0 76.49880046,30.54915010,0 76.49871659,30.54920367,0 76.49863273,30.54925724,0 76.49854886,30.54931081,0 76.49846499,30.54936438,0 76.49838112,30.54941795,0 76.49829725,30.54947153,0 76.49821338,30.54952510,0 76.49812952,30.54957867,0 76.49804565,30.54963224,0 76.49796178,30.54968581,0 76.49787791,30.54973938,0 76.49779404,30.54979295,0 76.49771017,30.54984652,0 76.49762630,30.54990009,0 76.49754243,30.54995366,0 76.49745856,30.55000723,0 76.49737469,30.55006081,0 76.49729083,30.55011438,0 76.49720696,30.55016795,0 76.49712309,30.55022152,0 76.49703999,30.55027598,0 76.49695716,30.55033075,0 76.49687433,30.55038552,0 76.49679150,30.55044028,0 76.49670866,30.55049505,0 76.49662583,30.55054981,0 76.49654300,30.55060458,0 76.49646016,30.55065934,0 76.49637733,30.55071411,0 76.49629450,30.55076887,0 76.49621166,30.55082364,0 76.49612883,30.55087841,0 76.49604594,30.55093310,0 76.49596303,30.55098779,0 76.49588013,30.55104247,0 76.49579722,30.55109716,0 76.49571432,30.55115184,0 76.49563142,30.55120653,0 76.49554851,30.55126122,0 76.49546561,30.55131590,0 76.49538270,30.55137059,0 76.49529980,30.55142527,0 76.49521689,30.55147996,0 76.49513399,30.55153464,0 76.49505108,30.55158933,0 76.49496818,30.55164401,0 76.49488527,30.55169870,0 76.49480237,30.55175338,0 76.49471946,30.55180807,0 76.49463656,30.55186275,0 76.49455365,30.55191744,0 76.49447075,30.55197212,0 76.49438784,30.55202681,0 76.49430494,30.55208149,0 76.49422203,30.55213618,0 76.49413912,30.55219086,0 76.49405622,30.55224555,0 76.49397331,30.55230023,0 76.49389041,30.55235492,0 76.49380750,30.55240960,0 76.49372459,30.55246429,0 76.49364169,30.55251897,0 76.49355878,30.55257365,0 76.49347587,30.55262834,0 76.49339297,30.55268302,0 76.49331006,30.55273771,0 76.49322715,30.55279239,0 76.49314425,30.55284708,0 76.49306134,30.55290176,0 76.49297843,30.55295644,0 76.49289552,30.55301113,0 76.49281262,30.55306581,0 76.49272971,30.55312050,0 76.49264680,30.55317518,0 76.49256389,30.55322986,0 76.49248099,30.55328455,0 76.49239808,30.55333923,0 76.49231517,30.55339391,0 76.49223226,30.55344860,0 76.49214935,30.55350328,0 76.49206645,30.55355796,0 76.49198354,30.55361265,0 76.49190063,30.55366733,0 76.49181772,30.55372201,0 76.49173481,30.55377670,0 76.49165190,30.55383138,0 76.49156899,30.55388606,0 76.49148609,30.55394075,0 76.49140318,30.55399543,0 76.49132027,30.55405011,0 76.49123736,30.55410480,0 76.49115445,30.55415948,0 76.49107154,30.55421416,0 76.49098863,30.55426884,0 76.49090572,30.55432353,0 76.49082281,30.55437821,0 76.49073990,30.55443289,0 76.49065699,30.55448757,0 76.49057408,30.55454226,0 76.49049117,30.55459694,0 76.49040826,30.55465162,0 76.49032535,30.55470630,0 76.49024244,30.55476099,0 76.49015953,30.55481567,0 76.49007662,30.55487035,0 76.48999371,30.55492503,0 76.48991080,30.55497972,0 76.48982789,30.55503440,0 76.48974498,30.55508908,0 76.48966207,30.55514376,0 76.48957915,30.55519844,0 76.48949624,30.55525313,0 76.48941333,30.55530781,0 76.48933032,30.55536238,0 76.48924722,30.55541684,0 76.48916411,30.55547130,0 76.48908101,30.55552576,0 76.48899790,30.55558023,0 76.48891480,30.55563469,0 76.48883170,30.55568915,0 76.48874893,30.55574400,0 76.48866628,30.55579897,0 76.48858363,30.55585395,0 76.48850098,30.55590892,0 76.48841832,30.55596390,0 76.48833567,30.55601888,0 76.48825302,30.55607385,0 76.48817037,30.55612883,0 76.48808771,30.55618380,0 76.48800506,30.55623878,0 76.48792241,30.55629375,0 76.48783976,30.55634873,0 76.48775710,30.55640370,0 76.48767445,30.55645868,0 76.48759180,30.55651365,0 76.48750914,30.55656863,0 76.48742649,30.55662360,0 76.48734384,30.55667858,0 76.48726118,30.55673355,0 76.48717853,30.55678853,0 76.48709588,30.55684350,0 76.48701322,30.55689848,0 76.48693057,30.55695345,0 76.48684792,30.55700843,0 76.48676526,30.55706340,0 76.48668261,30.55711838,0 76.48659995,30.55717335,0 76.48651730,30.55722833,0 76.48643465,30.55728330,0 76.48635199,30.55733827,0 76.48626934,30.55739325,0 76.48618668,30.55744822,0 76.48610403,30.55750320,0 76.48602137,30.55755817,0 76.48593872,30.55761315,0 76.48585606,30.55766812,0 76.48577341,30.55772309,0 76.48569075,30.55777807,0 76.48560810,30.55783304,0 76.48552544,30.55788802,0 76.48544279,30.55794299,0 76.48536013,30.55799796,0 76.48527748,30.55805294,0 76.48519482,30.55810791,0 76.48511216,30.55816288,0 76.48502951,30.55821786,0 76.48494685,30.55827283,0 76.48486420,30.55832781,0 76.48478154,30.55838278,0 76.48469888,30.55843775,0 76.48461623,30.55849273,0 76.48453357,30.55854770,0 76.48445091,30.55860267,0 76.48436826,30.55865764,0 76.48428560,30.55871262,0 76.48420294,30.55876759,0 76.48412029,30.55882256,0 76.48403763,30.55887754,0 76.48395497,30.55893251,0 76.48387231,30.55898748,0 76.48378966,30.55904246,0 76.48370700,30.55909743,0 76.48362434,30.55915240,0 76.48354168,30.55920737,0 76.48345903,30.55926235,0 76.48337637,30.55931732,0 76.48329371,30.55937229,0 76.48321105,30.55942726,0 76.48312840,30.55948224,0 76.48304574,30.55953721,0 76.48296308,30.55959218,0 76.48288042,30.55964715,0 76.48279776,30.55970213,0 76.48271510,30.55975710,0 76.48263244,30.55981207,0 76.48254979,30.55986704,0 76.48246713,30.55992201,0 76.48238447,30.55997699,0 76.48230181,30.56003196,0 76.48221915,30.56008693,0 76.48213649,30.56014190,0 76.48205383,30.56019687,0 76.48197117,30.56025185,0 76.48188833,30.56030661,0 76.48180543,30.56036131,0 76.48172252,30.56041600,0 76.48163962,30.56047070,0 76.48155672,30.56052539,0 76.48147381,30.56058009,0 76.48139091,30.56063478,0 76.48130800,30.56068948,0 76.48122510,30.56074417,0 76.48114219,30.56079887,0 76.48105929,30.56085356,0 76.48097638,30.56090826,0 76.48089348,30.56096295,0 76.48081057,30.56101765,0 76.48072767,30.56107234,0 76.48064476,30.56112704,0 76.48056186,30.56118173,0 76.48047900,30.56123648,0 76.48039615,30.56129124,0 76.48031330,30.56134600,0 76.48023046,30.56140076,0 76.48014761,30.56145552,0 76.48006476,30.56151028,0 76.47998191,30.56156504,0 76.47989907,30.56161980,0 76.47981622,30.56167456,0 76.47973337,30.56172932,0 76.47965052,30.56178408,0 76.47956767,30.56183884,0 76.47948483,30.56189361,0 76.47940198,30.56194837,0 76.47931913,30.56200313,0 76.47923628,30.56205789,0 76.47915343,30.56211265,0 76.47907058,30.56216741,0 76.47898774,30.56222217,0 76.47890489,30.56227693,0 76.47882204,30.56233169,0 76.47873919,30.56238645,0 76.47865634,30.56244121,0 76.47857349,30.56249597,0 76.47849064,30.56255072,0 76.47840779,30.56260548,0 76.47832494,30.56266024,0 76.47824209,30.56271500,0 76.47815924,30.56276976,0 76.47807639,30.56282452,0 76.47799354,30.56287928,0 76.47791070,30.56293404,0 76.47782784,30.56298880,0 76.47774497,30.56304354,0 76.47766210,30.56309827,0 76.47757923,30.56315301,0 76.47749636,30.56320775,0 76.47741349,30.56326248,0 76.47733062,30.56331722,0 76.47724775,30.56337196,0 76.47716488,30.56342669,0 76.47708201,30.56348143,0 76.47699914,30.56353616,0 76.47691627,30.56359090,0 76.47683340,30.56364564,0 76.47675053,30.56370037,0 76.47666766,30.56375511,0 76.47658479,30.56380985,0 76.47650191,30.56386458,0 76.47641904,30.56391932,0 76.47633617,30.56397405,0 76.47625330,30.56402879,0 76.47617043,30.56408352,0 76.47608756,30.56413826,0 76.47600468,30.56419300,0 76.47592181,30.56424773,0 76.47583894,30.56430247,0 76.47575546,30.56435651,0 76.47567178,30.56441031,0 76.47558810,30.56446412,0 76.47550441,30.56451792,0 76.47542073,30.56457172,0 76.47533705,30.56462553,0 76.47525336,30.56467933,0 76.47516968,30.56473313,0 76.47508600,30.56478694,0 76.47500231,30.56484074,0 76.47491863,30.56489455,0 76.47483495,30.56494835,0 76.47475126,30.56500215,0 76.47466758,30.56505596,0 76.47458390,30.56510976,0 76.47450021,30.56516356,0 76.47441654,30.56521738,0 76.47433512,30.56527373,0 76.47425370,30.56533008,0 76.47417229,30.56538642,0 76.47409087,30.56544277,0 76.47400945,30.56549912,0 76.47392804,30.56555547,0 76.47384662,30.56561182,0 76.47376521,30.56566817,0 76.47368379,30.56572452,0 76.47360165,30.56578007,0 76.47351876,30.56583478,0 76.47343586,30.56588948,0 76.47335296,30.56594419,0 76.47327006,30.56599890,0 76.47318716,30.56605360,0 76.47310426,30.56610831,0 76.47302136,30.56616301,0 76.47293846,30.56621772,0 76.47285556,30.56627243,0 76.47277266,30.56632713,0 76.47268976,30.56638184,0 76.47260685,30.56643654,0 76.47252395,30.56649125,0 76.47244105,30.56654595,0 76.47235815,30.56660066,0 76.47227525,30.56665536,0 76.47219239,30.56671012,0 76.47210955,30.56676488,0 76.47202670,30.56681965,0 76.47194385,30.56687442,0 76.47186101,30.56692918,0 76.47177816,30.56698395,0 76.47169531,30.56703872,0 76.47161246,30.56709348,0 76.47152962,30.56714825,0 76.47144677,30.56720302,0 76.47136392,30.56725778,0 76.47128107,30.56731255,0 76.47119823,30.56736732,0 76.47111538,30.56742208,0 76.47103250,30.56747681,0 76.47094962,30.56753155,0 76.47086674,30.56758628,0 76.47078387,30.56764101,0 76.47070099,30.56769574,0 76.47061811,30.56775048,0 76.47053523,30.56780521,0 76.47045235,30.56785994,0 76.47036948,30.56791467,0 76.47028660,30.56796940,0 76.47020372,30.56802414,0 76.47012084,30.56807887,0 76.47003796,30.56813360,0 76.46995508,30.56818833,0 76.46987220,30.56824306,0 76.46978932,30.56829780,0 76.46970644,30.56835253,0 76.46962357,30.56840726,0 76.46954069,30.56846199,0 76.46945781,30.56851672,0 76.46937493,30.56857145,0 76.46929205,30.56862619,0 76.46920917,30.56868092,0 76.46912629,30.56873565,0 76.46904341,30.56879038,0 76.46896053,30.56884511,0 76.46887765,30.56889984,0 76.46879477,30.56895457,0 76.46871189,30.56900930,0 76.46862901,30.56906404,0 76.46854613,30.56911877,0 76.46846325,30.56917350,0 76.46838036,30.56922823,0 76.46829748,30.56928296,0 76.46821460,30.56933769,0 76.46813172,30.56939242,0 76.46804884,30.56944715,0 76.46796596,30.56950188,0 76.46788308,30.56955661,0 76.46780020,30.56961134,0 76.46771732,30.56966607,0 76.46763443,30.56972080,0 76.46755155,30.56977553,0 76.46746867,30.56983026,0 76.46738579,30.56988500,0 76.46730291,30.56993973,0 76.46722003,30.56999446,0 76.46713714,30.57004919,0 76.46705426,30.57010392,0 76.46697138,30.57015865,0 76.46688850,30.57021338,0 76.46680561,30.57026811,0 76.46672273,30.57032284,0 76.46663985,30.57037757,0 76.46655697,30.57043230,0 76.46647408,30.57048703,0 76.46639120,30.57054175,0 76.46630832,30.57059648,0 76.46622543,30.57065121,0 76.46614255,30.57070594,0 76.46605966,30.57076067,0 76.46597677,30.57081539,0 76.46589388,30.57087011,0 76.46581099,30.57092483,0 76.46572810,30.57097955,0 76.46564521,30.57103428,0 76.46556232,30.57108900,0 76.46547943,30.57114372,0 76.46539654,30.57119844,0 76.46531365,30.57125316,0 76.46523076,30.57130788,0 76.46514787,30.57136261,0 76.46506498,30.57141733,0 76.46498208,30.57147205,0 76.46489919,30.57152677,0 76.46481630,30.57158149,0 76.46473341,30.57163621,0 76.46465052,30.57169093,0 76.46456763,30.57174566,0 76.46448474,30.57180038,0 76.46440184,30.57185510,0 76.46431895,30.57190982,0 76.46423606,30.57196454,0 76.46415317,30.57201926,0 76.46407028,30.57207398,0 76.46398738,30.57212870,0 76.46390453,30.57218347,0 76.46382169,30.57223824,0 76.46373885,30.57229302,0 76.46365601,30.57234780,0 76.46357312,30.57240253,0 76.46349023,30.57245726,0 76.46340735,30.57251199,0 76.46332446,30.57256671,0 76.46324157,30.57262144,0 76.46315869,30.57267617,0 76.46307580,30.57273090,0 76.46299291,30.57278562,0 76.46291003,30.57284035,0 76.46282714,30.57289508,0 76.46274425,30.57294981,0 76.46266137,30.57300453,0 76.46257848,30.57305926,0 76.46249559,30.57311399,0 76.46241270,30.57316872,0 76.46232982,30.57322344,0 76.46224693,30.57327817,0 76.46216404,30.57333290,0 76.46208115,30.57338762,0 76.46199826,30.57344235,0 76.46191538,30.57349708,0 76.46183249,30.57355181,0 76.46174960,30.57360653,0 76.46166671,30.57366126,0 76.46158382,30.57371599,0 76.46150093,30.57377071,0 76.46141805,30.57382544,0 76.46133516,30.57388017,0 76.46125227,30.57393489,0 76.46116938,30.57398962,0 76.46108649,30.57404434,0 76.46100360,30.57409907,0 76.46092071,30.57415380,0 76.46083782,30.57420852,0 76.46075493,30.57426325,0 76.46067204,30.57431798,0 76.46058915,30.57437270,0 76.46050626,30.57442743,0 76.46042337,30.57448215,0 76.46034048,30.57453688,0 76.46025759,30.57459161,0 76.46017470,30.57464633,0 76.46009181,30.57470106,0 76.46000892,30.57475578,0 76.45992603,30.57481051,0 76.45984314,30.57486523,0 76.45976025,30.57491996,0 76.45967736,30.57497469,0 76.45959447,30.57502941,0 76.45951158,30.57508414,0 76.45942869,30.57513886,0 76.45934580,30.57519359,0 76.45926291,30.57524831,0 76.45918002,30.57530304,0 76.45909712,30.57535776,0 76.45901423,30.57541249,0 76.45893134,30.57546721,0 76.45884845,30.57552194,0 76.45876556,30.57557666,0 76.45868267,30.57563139,0 76.45859977,30.57568611,0 76.45851688,30.57574084,0 76.45843399,30.57579556,0 76.45835110,30.57585029,0 76.45826821,30.57590501,0 76.45818531,30.57595974,0 76.45810242,30.57601446,0 76.45801953,30.57606919,0 76.45793664,30.57612391,0 76.45785374,30.57617863,0 76.45777085,30.57623336,0 76.45768796,30.57628808,0 76.45760507,30.57634281,0 76.45752217,30.57639753,0 76.45743928,30.57645226,0 76.45735639,30.57650698,0 76.45727349,30.57656170,0 76.45719060,30.57661643,0 76.45710771,30.57667115,0 76.45702481,30.57672588,0 76.45694192,30.57678060,0 76.45685902,30.57683532,0 76.45677613,30.57689005,0 76.45669324,30.57694477,0 76.45661034,30.57699950,0 76.45652745,30.57705422,0 76.45644455,30.57710894,0 76.45636166,30.57716367,0 76.45627877,30.57721839,0 76.45619587,30.57727311,0 76.45611298,30.57732784,0 76.45603009,30.57738257,0 76.45594721,30.57743731,0 76.45586433,30.57749205,0 76.45578145,30.57754680,0 76.45569857,30.57760154,0 76.45561617,30.57765681,0 76.45553393,30.57771227,0 76.45545169,30.57776773,0 76.45536945,30.57782319,0 76.45528721,30.57787865,0 76.45520497,30.57793410,0 76.45512273,30.57798956,0 76.45504049,30.57804502,0 76.45495825,30.57810048,0 76.45487601,30.57815594,0 76.45479377,30.57821139,0 76.45471153,30.57826685,0 76.45462928,30.57832231,0 76.45454704,30.57837777,0 76.45446480,30.57843322,0 76.45438256,30.57848868,0 76.45430032,30.57854414,0 76.45421808,30.57859960,0 76.45413584,30.57865505,0 76.45405359,30.57871051,0 76.45397135,30.57876597,0 76.45388911,30.57882142,0 76.45380687,30.57887688,0 76.45372462,30.57893234,0 76.45364238,30.57898780,0 76.45356014,30.57904325,0 76.45347790,30.57909871,0 76.45339565,30.57915417,0 76.45331341,30.57920962,0 76.45323117,30.57926508,0 76.45314893,30.57932054,0 76.45306668,30.57937599,0 76.45298444,30.57943145,0 76.45290220,30.57948691,0 76.45281995,30.57954236,0 76.45273771,30.57959782,0 76.45265547,30.57965328,0 76.45257322,30.57970873,0 76.45249098,30.57976419,0 76.45240874,30.57981965,0 76.45232649,30.57987510,0 76.45224425,30.57993056,0 76.45216200,30.57998601,0 76.45207976,30.58004147,0 76.45199752,30.58009693,0 76.45191527,30.58015238,0 76.45183303,30.58020784,0 76.45175078,30.58026329,0 76.45166854,30.58031875,0 76.45158629,30.58037421,0 76.45150405,30.58042966,0 76.45142180,30.58048512,0 76.45133956,30.58054057,0 76.45125731,30.58059603,0 76.45117507,30.58065148,0 76.45109282,30.58070694,0 76.45101058,30.58076239,0 76.45092833,30.58081785,0 76.45084609,30.58087330,0 76.45076384,30.58092876,0 76.45068159,30.58098422,0 76.45059899,30.58103927,0 76.45051619,30.58109411,0 76.45043340,30.58114895,0 76.45035061,30.58120379,0 76.45026781,30.58125863,0 76.45018502,30.58131347,0 76.45010222,30.58136831,0 76.45001943,30.58142315,0 76.44993663,30.58147799,0 76.44985384,30.58153283,0 76.44977104,30.58158767,0 76.44968825,30.58164251,0 76.44960545,30.58169735,0 76.44952265,30.58175219,0 76.44943986,30.58180703,0 76.44935706,30.58186187,0 76.44927427,30.58191671,0 76.44919147,30.58197155,0 76.44910868,30.58202639,0 76.44902588,30.58208123,0 76.44894308,30.58213607,0 76.44886029,30.58219091,0 76.44877749,30.58224575,0 76.44869469,30.58230059,0 76.44861190,30.58235543,0 76.44852910,30.58241027,0 76.44844630,30.58246511,0 76.44836351,30.58251995,0 76.44828071,30.58257479,0 76.44819791,30.58262963,0 76.44811512,30.58268447,0 76.44803232,30.58273931,0 76.44794952,30.58279415,0 76.44786672,30.58284899,0 76.44778393,30.58290383,0 76.44770113,30.58295866,0 76.44761833,30.58301350,0 76.44753553,30.58306834,0 76.44745273,30.58312318,0 76.44736970,30.58317775,0 76.44728659,30.58323224,0 76.44720348,30.58328672,0 76.44712037,30.58334120,0 76.44703726,30.58339569,0 76.44695415,30.58345017,0 76.44687104,30.58350465,0 76.44678792,30.58355914,0 76.44670481,30.58361362,0 76.44662170,30.58366810,0 76.44653859,30.58372259,0 76.44645548,30.58377707,0 76.44637237,30.58383155,0 76.44628926,30.58388604,0 76.44620614,30.58394052,0 76.44612303,30.58399500,0 76.44603986,30.58404942,0 76.44595634,30.58410343,0 76.44587283,30.58415745,0 76.44578931,30.58421147,0 76.44570579,30.58426549,0 76.44562228,30.58431951,0 76.44553876,30.58437353,0 76.44545524,30.58442755,0 76.44537173,30.58448156,0 76.44528821,30.58453558,0 76.44520469,30.58458960,0 76.44512118,30.58464362,0 76.44503766,30.58469764,0 76.44495414,30.58475165,0 76.44487062,30.58480567,0 76.44478711,30.58485969,0 76.44470359,30.58491371,0 76.44462007,30.58496773,0 76.44453655,30.58502174,0 76.44445304,30.58507576,0 76.44436952,30.58512978,0 76.44428600,30.58518380,0 76.44420248,30.58523781,0 76.44411896,30.58529183,0 76.44403545,30.58534585,0 76.44395193,30.58539987,0 76.44386841,30.58545388,0 76.44378489,30.58550790,0 76.44370137,30.58556192,0 76.44361785,30.58561593,0 76.44353434,30.58566995,0 76.44345082,30.58572397,0 76.44336730,30.58577799,0 76.44328378,30.58583200,0 76.44320026,30.58588602,0 76.44311674,30.58594004,0 76.44303322,30.58599405,0 76.44294970,30.58604807,0 76.44286618,30.58610209,0 76.44278266,30.58615610,0 76.44269914,30.58621012,0 76.44261562,30.58626414,0 76.44253210,30.58631815,0 76.44244858,30.58637217,0 76.44236506,30.58642619,0 76.44228154,30.58648020,0 76.44219802,30.58653422,0 76.44211450,30.58658824,0 76.44203098,30.58664225,0 76.44194746,30.58669627,0 76.44186394,30.58675028,0 76.44178042,30.58680430,0 76.44169690,30.58685832,0 76.44161338,30.58691233,0 76.44152986,30.58696635,0 76.44144634,30.58702036,0 76.44136281,30.58707438,0 76.44127929,30.58712840,0 76.44119577,30.58718241,0 76.44111225,30.58723643,0 76.44102873,30.58729044,0 76.44094521,30.58734446,0 76.44086168,30.58739847,0 76.44077816,30.58745249,0 76.44069464,30.58750650,0 76.44061112,30.58756052,0 76.44052760,30.58761453,0 76.44044407,30.58766855,0 76.44036055,30.58772256,0 76.44027703,30.58777658,0 76.44019351,30.58783060,0 76.44010998,30.58788461,0 76.44002646,30.58793863,0 76.43994294,30.58799264,0 76.43985942,30.58804666,0 76.43977589,30.58810067,0 76.43969237,30.58815468,0 76.43960885,30.58820870,0 76.43952532,30.58826271,0 76.43944180,30.58831673,0 76.43935828,30.58837074,0 76.43927475,30.58842476,0 76.43919123,30.58847877,0 76.43910771,30.58853279,0 76.43902455,30.58858722,0 76.43894150,30.58864179,0 76.43885846,30.58869635,0 76.43877542,30.58875092,0 76.43869238,30.58880549,0 76.43860933,30.58886006,0 76.43852629,30.58891462,0 76.43844325,30.58896919,0 76.43836021,30.58902376,0 76.43827716,30.58907832,0 76.43819412,30.58913289,0 76.43811108,30.58918746,0 76.43802803,30.58924202,0 76.43794499,30.58929659,0 76.43786194,30.58935116,0 76.43777890,30.58940572,0 76.43769586,30.58946029,0 76.43761281,30.58951486,0 76.43752977,30.58956942,0 76.43744672,30.58962399,0 76.43736368,30.58967855,0 76.43728064,30.58973312,0 76.43719759,30.58978769,0 76.43711455,30.58984225,0 76.43703150,30.58989682,0 76.43694846,30.58995138,0 76.43686541,30.59000595,0 76.43678237,30.59006052,0 76.43669932,30.59011508,0 76.43661628,30.59016965,0 76.43653323,30.59022421,0 76.43645019,30.59027878,0 76.43636714,30.59033334,0 76.43628410,30.59038791,0 76.43620105,30.59044248,0 76.43611801,30.59049704,0 76.43603496,30.59055161,0 76.43595191,30.59060617,0 76.43586887,30.59066074,0 76.43578582,30.59071530,0 76.43570278,30.59076987,0 76.43561973,30.59082443,0 76.43553668,30.59087900,0 76.43545364,30.59093356,0 76.43537059,30.59098813,0 76.43528754,30.59104269,0 76.43520450,30.59109726,0 76.43512145,30.59115182,0 76.43503840,30.59120639,0 76.43495536,30.59126095,0 76.43487231,30.59131552,0 76.43478926,30.59137008,0 76.43470621,30.59142465,0 76.43462317,30.59147921,0 76.43454038,30.59153407,0 76.43445779,30.59158915,0 76.43437519,30.59164422,0 76.43429259,30.59169929,0 76.43420999,30.59175437,0 76.43412740,30.59180944,0 76.43404480,30.59186451,0 76.43396220,30.59191959,0 76.43387960,30.59197466,0 76.43379701,30.59202973,0 76.43371441,30.59208481,0 76.43363181,30.59213988,0 76.43354921,30.59219495,0 76.43346661,30.59225002,0 76.43338401,30.59230510,0 76.43330142,30.59236017,0 76.43321882,30.59241524,0 76.43313622,30.59247032,0 76.43305362,30.59252539,0 76.43297102,30.59258046,0 76.43288842,30.59263553,0 76.43280582,30.59269061,0 76.43272322,30.59274568,0 76.43264062,30.59280075,0 76.43255802,30.59285582,0 76.43247542,30.59291090,0 76.43239283,30.59296597,0 76.43231023,30.59302104,0 76.43222763,30.59307611,0 76.43214503,30.59313119,0 76.43206243,30.59318626,0 76.43197983,30.59324133,0 76.43189723,30.59329640,0 76.43181463,30.59335147,0 76.43173203,30.59340655,0 76.43164942,30.59346162,0 76.43156682,30.59351669,0 76.43148422,30.59357176,0 76.43140162,30.59362683,0 76.43131902,30.59368191,0 76.43123642,30.59373698,0 76.43115382,30.59379205,0 76.43107122,30.59384712,0 76.43098862,30.59390219,0 76.43090602,30.59395726,0 76.43082342,30.59401233,0 76.43074039,30.59406692,0 76.43065722,30.59412135,0 76.43057406,30.59417579,0 76.43049089,30.59423022,0 76.43040773,30.59428465,0 76.43032456,30.59433909,0 76.43024150,30.59439364,0 76.43015865,30.59444844,0 76.43007581,30.59450323,0 76.42999296,30.59455803,0 76.42991011,30.59461282,0 76.42982727,30.59466762,0 76.42974442,30.59472241,0 76.42966157,30.59477721,0 76.42957872,30.59483200,0 76.42949588,30.59488680,0 76.42941303,30.59494159,0 76.42933018,30.59499638,0 76.42924733,30.59505118,0 76.42916449,30.59510597,0 76.42908164,30.59516077,0 76.42899879,30.59521556,0 76.42891594,30.59527036,0 76.42883309,30.59532515,0 76.42875024,30.59537995,0 76.42866740,30.59543474,0 76.42858455,30.59548953,0 76.42850170,30.59554433,0 76.42841885,30.59559912,0 76.42833600,30.59565392,0 76.42825315,30.59570871,0 76.42817030,30.59576351,0 76.42808745,30.59581830,0 76.42800460,30.59587309,0 76.42792175,30.59592789,0 76.42783890,30.59598268,0 76.42775605,30.59603747,0 76.42767321,30.59609227,0 76.42759036,30.59614706,0 76.42750751,30.59620186,0 76.42742466,30.59625665,0 76.42734181,30.59631144,0 76.42725896,30.59636624,0 76.42717610,30.59642103,0 76.42709325,30.59647582,0 76.42701040,30.59653062,0 76.42692755,30.59658541,0 76.42684470,30.59664020,0 76.42676185,30.59669500,0 76.42667900,30.59674979,0 76.42659615,30.59680458,0 76.42651330,30.59685937,0 76.42643045,30.59691417,0 76.42634760,30.59696896,0 76.42626475,30.59702375,0 76.42618189,30.59707855,0 76.42609904,30.59713334,0 76.42601619,30.59718813,0 76.42593334,30.59724292,0 76.42585049,30.59729772,0 76.42576764,30.59735251,0 76.42568478,30.59740730,0 76.42560193,30.59746209,0 76.42551908,30.59751689,0 76.42543628,30.59757174,0 76.42535349,30.59762660,0 76.42527070,30.59768147,0 76.42518791,30.59773633,0 76.42510513,30.59779119,0 76.42502234,30.59784606,0 76.42493955,30.59790092,0 76.42485676,30.59795578,0 76.42477396,30.59801065,0 76.42469117,30.59806551,0 76.42460838,30.59812037,0 76.42452559,30.59817523,0 76.42444280,30.59823010,0 76.42436001,30.59828496,0 76.42427722,30.59833982,0 76.42419443,30.59839468,0 76.42411164,30.59844955,0 76.42402885,30.59850441,0 76.42394606,30.59855927,0 76.42386327,30.59861413,0 76.42378048,30.59866900,0 76.42369768,30.59872386,0 76.42361489,30.59877872,0 76.42353210,30.59883358,0 76.42344931,30.59888845,0 76.42336652,30.59894331,0 76.42328373,30.59899817,0 76.42320093,30.59905303,0 76.42311814,30.59910789,0 76.42303535,30.59916276,0 76.42295256,30.59921762,0 76.42286976,30.59927248,0 76.42278697,30.59932734,0 76.42270418,30.59938220,0 76.42262139,30.59943706,0 76.42253859,30.59949193,0 76.42245542,30.59954635,0 76.42237213,30.59960065,0 76.42228883,30.59965494,0 76.42220554,30.59970923,0 76.42212225,30.59976352,0 76.42203895,30.59981781,0 76.42195566,30.59987210,0 76.42187237,30.59992640,0 76.42178907,30.59998069,0 76.42170578,30.60003498,0 76.42162248,30.60008927,0 76.42153919,30.60014356,0 76.42145589,30.60019785,0 76.42137260,30.60025214,0 76.42128931,30.60030643,0 76.42120601,30.60036072,0 76.42112272,30.60041501,0 76.42103942,30.60046931,0 76.42095613,30.60052360,0 76.42087283,30.60057789,0 76.42078954,30.60063218,0 76.42070624,30.60068647,0 76.42062295,30.60074076,0 76.42053966,30.60079506,0 76.42045689,30.60084995,0 76.42037413,30.60090485,0 76.42029137,30.60095974,0 76.42020860,30.60101464,0 76.42012584,30.60106953,0 76.42004307,30.60112443,0 76.41996031,30.60117933,0 76.41987754,30.60123422,0 76.41979478,30.60128912,0 76.41971202,30.60134401,0 76.41962925,30.60139891,0 76.41954649,30.60145380,0 76.41946372,30.60150870,0 76.41938096,30.60156359,0 76.41929819,30.60161849,0 76.41921543,30.60167338,0 76.41913266,30.60172828,0 76.41904990,30.60178317,0 76.41896713,30.60183807,0 76.41888436,30.60189296,0 76.41880160,30.60194786,0 76.41871883,30.60200275,0 76.41863607,30.60205764,0 76.41855330,30.60211254,0 76.41847053,30.60216743,0 76.41838777,30.60222233,0 76.41830500,30.60227722,0 76.41822224,30.60233212,0 76.41813947,30.60238701,0 76.41805670,30.60244191,0 76.41797394,30.60249680,0 76.41789117,30.60255169,0 76.41780840,30.60260659,0 76.41772564,30.60266148,0 76.41764287,30.60271638,0 76.41756010,30.60277127,0 76.41747734,30.60282616,0 76.41739457,30.60288106,0 76.41731180,30.60293595,0 76.41722903,30.60299084,0 76.41714627,30.60304574,0 76.41706350,30.60310063,0 76.41698073,30.60315553,0 76.41689796,30.60321042,0 76.41681520,30.60326531,0 76.41673243,30.60332021,0 76.41664966,30.60337510,0 76.41656689,30.60342999,0 76.41648412,30.60348489,0 76.41640135,30.60353978,0 76.41631859,30.60359467,0 76.41623582,30.60364956,0 76.41615305,30.60370446,0 76.41607028,30.60375935,0 76.41598751,30.60381424,0 76.41590474,30.60386914,0 76.41582197,30.60392403,0 76.41573920,30.60397892,0 76.41565643,30.60403382,0 76.41557367,30.60408871,0 76.41549090,30.60414360,0 76.41540813,30.60419849,0 76.41532536,30.60425339,0 76.41524259,30.60430828,0 76.41515982,30.60436317,0 76.41507705,30.60441806,0 76.41499428,30.60447296,0 76.41491151,30.60452785,0 76.41482874,30.60458274,0 76.41474597,30.60463763,0 76.41466320,30.60469252,0 76.41458043,30.60474742,0 76.41449766,30.60480231,0 76.41441489,30.60485720,0 76.41433211,30.60491209,0 76.41424934,30.60496698,0 76.41416640,30.60502168,0 76.41408340,30.60507631,0 76.41400040,30.60513095,0 76.41391740,30.60518558,0 76.41383440,30.60524021,0 76.41375140,30.60529485,0 76.41366840,30.60534948,0 76.41358540,30.60540411,0 76.41350240,30.60545875,0 76.41341940,30.60551338,0 76.41333640,30.60556801,0 76.41325340,30.60562264,0 76.41317040,30.60567728,0 76.41308740,30.60573191,0 76.41300440,30.60578654,0 76.41292140,30.60584117,0 76.41283840,30.60589581,0 76.41275540,30.60595044,0 76.41267240,30.60600507,0 76.41258940,30.60605970,0 76.41250640,30.60611434,0 76.41242339,30.60616897,0 76.41234039,30.60622360,0 76.41225739,30.60627823,0 76.41217439,30.60633286,0 76.41209139,30.60638750,0 76.41200839,30.60644213,0 76.41192539,30.60649676,0 76.41184238,30.60655139,0 76.41175938,30.60660602,0 76.41167638,30.60666066,0 76.41159338,30.60671529,0 76.41151038,30.60676992,0 76.41142737,30.60682455,0 76.41134437,30.60687918,0 76.41126137,30.60693381,0 76.41117836,30.60698845,0 76.41109536,30.60704308,0 76.41101236,30.60709771,0 76.41092936,30.60715234,0 76.41084635,30.60720697,0 76.41076335,30.60726160,0 76.41068035,30.60731623,0 76.41059734,30.60737086,0 76.41051434,30.60742549,0 76.41043134,30.60748013,0 76.41034833,30.60753476,0 76.41026533,30.60758939,0 76.41018233,30.60764402,0 76.41009932,30.60769865,0 76.41001632,30.60775328,0 76.40993331,30.60780791,0 76.40985031,30.60786254,0 76.40976731,30.60791717,0 76.40968430,30.60797180,0 76.40960130,30.60802643,0 76.40951829,30.60808106,0 76.40943529,30.60813569,0 76.40935228,30.60819032,0 76.40926928,30.60824495,0 76.40918627,30.60829958,0 76.40910327,30.60835421,0 76.40902026,30.60840884,0 76.40893726,30.60846347,0 76.40885425,30.60851810,0 76.40877125,30.60857273,0 76.40868824,30.60862736,0 76.40860411,30.60868068,0 76.40851950,30.60873343,0 76.40843488,30.60878619,0 76.40835027,30.60883894,0 76.40826566,30.60889169,0 76.40818105,30.60894445,0 76.40809643,30.60899720,0 76.40801182,30.60904995,0 76.40792721,30.60910271,0 76.40784260,30.60915546,0 76.40775798,30.60920821,0 76.40767337,30.60926097,0 76.40758876,30.60931372,0 76.40750415,30.60936647,0 76.40741953,30.60941923,0 76.40733492,30.60947198,0 76.40725031,30.60952473,0 76.40716569,30.60957749,0 76.40708108,30.60963024,0 76.40699647,30.60968299,0 76.40691185,30.60973575,0 76.40682724,30.60978850,0 76.40674262,30.60984125,0 76.40665801,30.60989401,0 76.40657340,30.60994676,0 76.40648878,30.60999951,0 76.40640417,30.61005226,0 76.40631955,30.61010502,0 76.40623494,30.61015777,0 76.40615032,30.61021052,0 76.40606571,30.61026327,0 76.40598109,30.61031603,0 76.40589648,30.61036878,0 76.40581050,30.61041985,0 76.40572410,30.61047038,0 76.40563769,30.61052091,0 76.40555129,30.61057145,0 76.40546488,30.61062198,0 76.40537848,30.61067252,0 76.40529207,30.61072305,0 76.40520566,30.61077358,0 76.40511926,30.61082412,0 76.40503285,30.61087465,0 76.40494644,30.61092518,0 76.40486004,30.61097572,0 76.40477363,30.61102625,0 76.40468722,30.61107678,0 76.40460082,30.61112732,0 76.40451441,30.61117785,0 76.40442800,30.61122838,0 76.40434160,30.61127892,0 76.40425519,30.61132945,0 76.40416878,30.61137998,0 76.40408237,30.61143052,0 76.40399597,30.61148105,0 76.40390956,30.61153158,0 76.40382315,30.61158212,0 76.40373674,30.61163265,0 76.40365034,30.61168318,0 76.40356393,30.61173371,0 76.40347752,30.61178425,0 76.40339111,30.61183478,0 76.40330470,30.61188531,0 76.40321830,30.61193584,0 76.40313189,30.61198638,0 76.40304548,30.61203691,0 76.40295907,30.61208744,0 76.40287266,30.61213797,0 76.40278625,30.61218851,0 76.40269984,30.61223904,0 76.40261344,30.61228957,0 76.40252703,30.61234010,0 76.40244062,30.61239064,0 76.40235421,30.61244117,0 76.40226780,30.61249170,0 76.40218139,30.61254223,0 76.40209498,30.61259276,0 76.40200857,30.61264329,0 76.40192216,30.61269383,0 76.40183575,30.61274436,0 76.40174934,30.61279489,0 76.40166292,30.61284541,0 76.40157646,30.61289587,0 76.40148999,30.61294633,0 76.40140353,30.61299679,0 76.40131706,30.61304726,0 76.40123060,30.61309772,0 76.40114413,30.61314818,0 76.40105767,30.61319864,0 76.40097120,30.61324910,0 76.40088474,30.61329956,0 76.40079827,30.61335002,0 76.40071181,30.61340049,0 76.40062534,30.61345095,0 76.40053888,30.61350141,0 76.40045241,30.61355187,0 76.40036595,30.61360233,0 76.40027948,30.61365279,0 76.40019301,30.61370325,0 76.40010655,30.61375371,0 76.40002008,30.61380417,0 76.39993362,30.61385463,0 76.39984715,30.61390509,0 76.39976068,30.61395555,0 76.39967422,30.61400601,0 76.39958775,30.61405648,0 76.39950128,30.61410694,0 76.39941482,30.61415740,0 76.39932835,30.61420786,0 76.39924188,30.61425832,0 76.39915542,30.61430878,0 76.39906895,30.61435924,0 76.39898248,30.61440970,0 76.39889601,30.61446016,0 76.39880955,30.61451062,0 76.39872308,30.61456108,0 76.39863661,30.61461154,0 76.39855014,30.61466200,0 76.39846368,30.61471246,0 76.39837721,30.61476292,0 76.39829074,30.61481338,0 76.39820427,30.61486383,0 76.39811780,30.61491429,0 76.39803134,30.61496475,0 76.39794487,30.61501521,0 76.39785840,30.61506567,0 76.39777193,30.61511613,0 76.39768546,30.61516659,0 76.39759899,30.61521705,0 76.39751253,30.61526751,0 76.39742606,30.61531797,0 76.39733959,30.61536843,0 76.39725312,30.61541889,0 76.39716665,30.61546935,0 76.39708018,30.61551980,0 76.39699371,30.61557026,0 76.39690724,30.61562072,0 76.39682077,30.61567118,0 76.39673430,30.61572164,0 76.39664783,30.61577210,0 76.39656136,30.61582256,0 76.39647489,30.61587301,0 76.39638842,30.61592347,0 76.39630195,30.61597393,0 76.39621548,30.61602439,0 76.39612901,30.61607485,0 76.39604254,30.61612531,0 76.39595607,30.61617576,0 76.39586960,30.61622622,0 76.39578313,30.61627668,0 76.39569666,30.61632714,0 76.39561019,30.61637759,0 76.39552372,30.61642805,0 76.39543372,30.61647340,0 76.39534133,30.61651528,0 76.39524894,30.61655715,0 76.39515654,30.61659903,0 76.39506415,30.61664091,0 76.39497176,30.61668279,0 76.39487937,30.61672467,0 76.39478698,30.61676655,0 76.39469458,30.61680843,0 76.39460219,30.61685031,0 76.39450980,30.61689219,0 76.39441741,30.61693406,0 76.39432502,30.61697594,0 76.39423262,30.61701782,0 76.39414023,30.61705970,0 76.39404784,30.61710158,0 76.39395545,30.61714346,0 76.39386305,30.61718534,0 76.39377066,30.61722721,0 76.39371420,30.61727692,0 76.39377263,30.61735166,0 76.39381557,30.61742384,0 76.39372943,30.61747472,0 76.39364329,30.61752560,0 76.39355715,30.61757648,0 76.39347101,30.61762736,0 76.39338486,30.61767824,0 76.39329872,30.61772911,0 76.39321258,30.61777999,0 76.39312644,30.61783087,0 76.39304029,30.61788175,0 76.39295415,30.61793263,0 76.39286801,30.61798350,0 76.39278187,30.61803438,0 76.39269572,30.61808526,0 76.39260958,30.61813614,0 76.39252344,30.61818701,0 76.39243729,30.61823789,0 76.39235115,30.61828877,0 76.39226501,30.61833965,0 76.39217886,30.61839052,0 76.39209272,30.61844140,0 76.39200658,30.61849228,0 76.39192043,30.61854316,0 76.39183429,30.61859403,0 76.39174815,30.61864491,0 76.39166200,30.61869579,0 76.39157586,30.61874667,0 76.39148971,30.61879754,0 76.39140357,30.61884842,0 76.39131742,30.61889930,0 76.39123128,30.61895017,0 76.39114514,30.61900105,0 76.39105899,30.61905193,0 76.39097285,30.61910280,0 76.39088670,30.61915368,0 76.39080056,30.61920456,0 76.39071441,30.61925543,0 76.39062827,30.61930631,0 76.39054212,30.61935719,0 76.39045598,30.61940806,0 76.39036983,30.61945894,0 76.39028369,30.61950981,0 76.39019754,30.61956069,0 76.39011139,30.61961157,0 76.39002525,30.61966244,0 76.38993910,30.61971332,0 76.38985296,30.61976419,0 76.38976681,30.61981507,0 76.38968066,30.61986595,0 76.38959452,30.61991682,0 76.38950837,30.61996770,0 76.38942223,30.62001857,0 76.38933608,30.62006945,0 76.38924993,30.62012032,0 76.38916379,30.62017120,0 76.38907764,30.62022208,0 76.38899149,30.62027295,0 76.38890535,30.62032383,0 76.38881920,30.62037470,0 76.38873305,30.62042558,0 76.38864690,30.62047645,0 76.38856350,30.62053050,0 76.38848270,30.62058756,0 76.38840189,30.62064462,0 76.38832109,30.62070167,0 76.38824029,30.62075873,0 76.38815948,30.62081579,0 76.38807868,30.62087285,0 76.38799787,30.62092990,0 76.38791707,30.62098696,0 76.38783626,30.62104402,0 76.38775546,30.62110107,0 76.38767465,30.62115813,0 76.38759385,30.62121519,0 76.38751304,30.62127224,0 76.38743224,30.62132930,0 76.38735143,30.62138636,0 76.38727063,30.62144341,0 76.38718982,30.62150047,0 76.38710902,30.62155753,0 76.38702821,30.62161458,0 76.38694741,30.62167164,0 76.38686660,30.62172870,0 76.38678579,30.62178575,0 76.38670499,30.62184281,0 76.38662418,30.62189986,0 76.38654338,30.62195692,0 76.38646257,30.62201398,0 76.38638176,30.62207103,0 76.38630096,30.62212809,0 76.38622015,30.62218515,0 76.38613934,30.62224220,0 76.38605854,30.62229926,0 76.38597773,30.62235631,0 76.38589692,30.62241337,0 76.38581612,30.62247042,0 76.38573531,30.62252748,0 76.38565450,30.62258454,0 76.38557369,30.62264159,0 76.38549289,30.62269865,0 76.38541208,30.62275570,0 76.38533127,30.62281276,0 76.38525046,30.62286981,0 76.38516966,30.62292687,0 76.38508885,30.62298392,0 76.38500804,30.62304098,0 76.38492723,30.62309803,0 76.38484642,30.62315509,0 76.38476562,30.62321214,0 76.38468481,30.62326920,0 76.38460400,30.62332625,0 76.38452319,30.62338331,0 76.38444238,30.62344036,0 76.38436157,30.62349742,0 76.38428076,30.62355447,0 76.38419996,30.62361153,0 76.38411915,30.62366858,0 76.38403834,30.62372564,0 76.38395753,30.62378269,0 76.38387672,30.62383975,0 76.38379591,30.62389680,0 76.38371510,30.62395386,0 76.38363429,30.62401091,0 76.38355348,30.62406797,0 76.38347267,30.62412502,0 76.38339186,30.62418207,0 76.38331105,30.62423913,0 76.38323024,30.62429618,0 76.38314943,30.62435324,0 76.38306862,30.62441029,0 76.38298781,30.62446735,0 76.38290700,30.62452440,0 76.38282619,30.62458145,0 76.38274538,30.62463851,0 76.38266457,30.62469556,0 76.38258376,30.62475262,0 76.38250295,30.62480967,0 76.38242213,30.62486672,0 76.38234132,30.62492378,0 76.38226051,30.62498083,0 76.38217970,30.62503788,0 76.38209889,30.62509494,0 76.38201808,30.62515199,0 76.38193727,30.62520904,0 76.38185645,30.62526610,0 76.38177564,30.62532315,0 76.38169483,30.62538020,0 76.38161402,30.62543726,0 76.38153321,30.62549431,0 76.38145239,30.62555136,0 76.38137158,30.62560842,0 76.38129077,30.62566547,0 76.38120996,30.62572252,0 76.38112914,30.62577958,0 76.38104833,30.62583663,0 76.38096752,30.62589368,0 76.38088671,30.62595073,0 76.38080589,30.62600779,0 76.38072508,30.62606484,0 76.38064427,30.62612189,0 76.38056345,30.62617895,0 76.38049954,30.62624938,0 76.38044094,30.62632402,0 76.38038233,30.62639865,0 76.38032807,30.62647518,0 76.38029379,30.62656039,0 76.38025950,30.62664559,0 76.38022521,30.62673080,0 76.38019092,30.62681600,0 76.38015663,30.62690121,0 76.38012234,30.62698641,0 76.38008806,30.62707162,0 76.38005377,30.62715683,0 76.38001948,30.62724203,0 76.37998519,30.62732724,0 76.37995090,30.62741244,0 76.37991661,30.62749765,0 76.37988232,30.62758285,0 76.37984803,30.62766806,0 76.37981374,30.62775326,0 76.37977946,30.62783847,0 76.37974517,30.62792368,0 76.37971088,30.62800888,0 76.37967659,30.62809409,0 76.37964230,30.62817929,0 76.37960801,30.62826450,0 76.37957372,30.62834970,0 76.37953943,30.62843491,0 76.37950514,30.62852011,0 76.37947085,30.62860532,0 76.37943656,30.62869053,0 76.37940227,30.62877573,0 76.37936798,30.62886094,0 76.37933369,30.62894614,0 76.37929940,30.62903135,0 76.37926511,30.62911655,0 76.37923082,30.62920176,0 76.37919653,30.62928696,0 76.37918642,30.62937662,0 76.37917764,30.62946651,0 76.37916886,30.62955641,0 76.37916008,30.62964631,0 76.37915131,30.62973621,0 76.37914253,30.62982611,0 76.37913375,30.62991600,0 76.37912497,30.63000590,0 76.37911619,30.63009580,0 76.37910742,30.63018570,0 76.37909864,30.63027560,0 76.37908986,30.63036549,0 76.37908108,30.63045539,0 76.37907230,30.63054529,0 76.37906343,30.63063518,0 76.37904837,30.63072445,0 76.37903331,30.63081372,0 76.37901824,30.63090300,0 76.37900318,30.63099227,0 76.37898812,30.63108154,0 76.37897306,30.63117082,0 76.37895799,30.63126009,0 76.37894293,30.63134936,0 76.37892787,30.63143863,0 76.37891281,30.63152791,0 76.37889774,30.63161718,0 76.37888268,30.63170645,0 76.37886762,30.63179572,0 76.37885256,30.63188500,0 76.37883749,30.63197427,0 76.37882243,30.63206354,0 76.37880737,30.63215282,0 76.37879230,30.63224209,0 76.37877724,30.63233136,0 76.37876218,30.63242063,0 76.37874712,30.63250991,0 76.37873205,30.63259918,0 76.37871699,30.63268845,0 76.37870193,30.63277772,0 76.37868686,30.63286700,0 76.37867180,30.63295627,0 76.37865674,30.63304554,0 76.37864168,30.63313481,0 76.37862661,30.63322409,0 76.37861155,30.63331336,0 76.37859649,30.63340263,0 76.37858142,30.63349191,0 76.37856636,30.63358118,0 76.37855130,30.63367045,0 76.37853623,30.63375972,0 76.37852117,30.63384900,0 76.37850611,30.63393827,0 76.37849104,30.63402754,0 76.37847598,30.63411681,0 76.37846092,30.63420609,0 76.37844585,30.63429536,0 76.37843079,30.63438463,0 76.37841573,30.63447390,0 76.37840066,30.63456318,0 76.37838560,30.63465245,0 76.37837054,30.63474172,0 76.37835547,30.63483099,0 76.37833299,30.63491844,0 76.37829128,30.63500113,0 76.37824957,30.63508383,0 76.37820786,30.63516652,0 76.37816615,30.63524921,0 76.37810430,30.63532007,0 76.37803075,30.63538406,0 76.37795720,30.63544805,0 76.37788365,30.63551204,0 76.37781010,30.63557602,0 76.37773655,30.63564001,0 76.37766300,30.63570400,0 76.37758945,30.63576799,0 76.37751590,30.63583197,0 76.37744235,30.63589596,0 76.37736880,30.63595995,0 76.37729525,30.63602393,0 76.37722170,30.63608792,0 76.37714815,30.63615191,0 76.37707460,30.63621590,0 76.37700105,30.63627988,0 76.37692750,30.63634387,0 76.37685395,30.63640786,0 76.37678040,30.63647184,0 76.37670685,30.63653583,0 76.37663330,30.63659982,0 76.37655975,30.63666380,0 76.37648620,30.63672779,0 76.37641265,30.63679178,0 76.37633910,30.63685576,0 76.37626554,30.63691975,0 76.37619199,30.63698374,0 76.37611844,30.63704772,0 76.37604489,30.63711171,0 76.37597134,30.63717570,0 76.37589779,30.63723968,0 76.37582423,30.63730367,0 76.37575068,30.63736765,0 76.37567713,30.63743164,0 76.37560358,30.63749563,0 76.37553003,30.63755961,0 76.37545647,30.63762360,0 76.37538292,30.63768759,0 76.37530937,30.63775157,0 76.37523582,30.63781556,0 76.37516226,30.63787954,0 76.37508871,30.63794353,0 76.37501516,30.63800751,0 76.37494160,30.63807150,0 76.37486805,30.63813549,0 76.37479450,30.63819947,0 76.37471759,30.63825743,0 76.37461387,30.63826727,0 76.37451016,30.63827710,0 76.37440645,30.63828694,0 76.37430274,30.63829677,0 76.37419902,30.63830661,0 76.37409531,30.63831645,0 76.37399160,30.63832628,0 76.37388788,30.63833612,0 76.37378417,30.63834595,0 76.37368046,30.63835579,0 76.37357674,30.63836562,0 76.37347303,30.63837546,0 76.37336932,30.63838529,0 76.37326560,30.63839513,0 76.37316189,30.63840496,0 76.37305818,30.63841480,0 76.37295446,30.63842463,0 76.37285075,30.63843447,0 76.37274703,30.63844430,0 76.37264332,30.63845414,0 76.37253961,30.63846397,0 76.37243589,30.63847381,0 76.37233218,30.63848364,0 76.37222847,30.63849347,0 76.37212475,30.63850331,0 76.37202104,30.63851314,0 76.37191733,30.63852298,0 76.37181361,30.63853281,0 76.37170990,30.63854264,0 76.37160618,30.63855248,0 76.37150247,30.63856231,0 76.37139876,30.63857214,0 76.37129504,30.63858198,0 76.37119133,30.63859181,0 76.37108761,30.63860164,0 76.37098390,30.63861148,0 76.37088019,30.63862131,0 76.37077647,30.63863114,0 76.37067276,30.63864098,0 76.37056904,30.63865081,0 76.37046533,30.63866064,0 76.37036162,30.63867048,0 76.37025790,30.63868031,0 76.37015419,30.63869014,0 76.37005047,30.63869997,0 76.36994676,30.63870981,0 76.36984338,30.63871507,0 76.36974716,30.63868295,0 76.36965786,30.63863630,0 76.36956855,30.63858966,0 76.36947924,30.63854301,0 76.36938993,30.63849637,0 76.36930062,30.63844972,0 76.36921131,30.63840308,0 76.36912201,30.63835643,0 76.36903270,30.63830979,0 76.36894339,30.63826314,0 76.36885408,30.63821650,0 76.36876477,30.63816985,0 76.36867547,30.63812321,0 76.36858616,30.63807656,0 76.36849685,30.63802992,0 76.36840754,30.63798327,0 76.36831824,30.63793663,0 76.36822893,30.63788998,0 76.36813962,30.63784334,0 76.36805031,30.63779669,0 76.36796101,30.63775005,0 76.36787170,30.63770340,0 76.36778239,30.63765675,0 76.36769309,30.63761011,0 76.36760378,30.63756346,0 76.36751447,30.63751682,0 76.36742517,30.63747017,0 76.36733586,30.63742353,0 76.36724655,30.63737688,0 76.36715725,30.63733023,0 76.36706794,30.63728359,0 76.36697864,30.63723694,0 76.36688933,30.63719029,0 76.36680002,30.63714365,0 76.36671072,30.63709700,0 76.36662141,30.63705035,0 76.36653211,30.63700371,0 76.36644280,30.63695706,0 76.36635350,30.63691041,0 76.36626419,30.63686377,0 76.36617488,30.63681712,0 76.36608558,30.63677047,0 76.36599627,30.63672383,0 76.36590728,30.63667682,0 76.36583102,30.63661525,0 76.36575477,30.63655368,0 76.36567851,30.63649210,0 76.36560225,30.63643053,0 76.36552599,30.63636896,0 76.36544974,30.63630739,0 76.36537348,30.63624581,0 76.36529722,30.63618424,0 76.36522097,30.63612267,0 76.36514471,30.63606110,0 76.36506845,30.63599952,0 76.36499220,30.63593795,0 76.36491594,30.63587638,0 76.36483968,30.63581480,0 76.36476343,30.63575323,0 76.36468717,30.63569166,0 76.36461091,30.63563008,0 76.36453466,30.63556851,0 76.36445840,30.63550694,0 76.36438215,30.63544537,0 76.36430589,30.63538379,0 76.36422963,30.63532222,0 76.36415338,30.63526065,0 76.36407712,30.63519907,0 76.36400087,30.63513750,0 76.36392461,30.63507592,0 76.36384836,30.63501435,0 76.36377210,30.63495278,0 76.36369585,30.63489120,0 76.36361959,30.63482963,0 76.36354334,30.63476806,0 76.36346708,30.63470648,0 76.36339083,30.63464491,0 76.36331457,30.63458333,0 76.36323832,30.63452176,0 76.36316207,30.63446019,0 76.36308581,30.63439861,0 76.36300956,30.63433704,0 76.36293330,30.63427547,0 76.36285449,30.63421637,0 76.36277531,30.63415762,0 76.36269613,30.63409887,0 76.36261695,30.63404012,0 76.36253777,30.63398137,0 76.36245859,30.63392262,0 76.36237942,30.63386387,0 76.36230024,30.63380512,0 76.36222106,30.63374637,0 76.36214188,30.63368762,0 76.36206271,30.63362887,0 76.36198353,30.63357012,0 76.36190435,30.63351137,0 76.36182517,30.63345262,0 76.36174600,30.63339387,0 76.36166682,30.63333512,0 76.36157801,30.63328863,0 76.36148568,30.63324662,0 76.36139336,30.63320460,0 76.36130103,30.63316259,0 76.36120871,30.63312057,0 76.36111638,30.63307856,0 76.36102405,30.63303654,0 76.36093173,30.63299453,0 76.36083940,30.63295251,0 76.36074708,30.63291050,0 76.36065475,30.63286848,0 76.36056243,30.63282647,0 76.36047010,30.63278445,0 76.36037777,30.63274244,0 76.36028545,30.63270042,0 76.36019312,30.63265841,0 76.36010080,30.63261639,0 76.36000847,30.63257437,0 76.35991142,30.63254664,0 76.35980737,30.63254009,0 76.35970332,30.63253353,0 76.35959926,30.63252698,0 76.35949521,30.63252043,0 76.35939116,30.63251387,0 76.35928710,30.63250732,0 76.35918305,30.63250076,0 76.35907899,30.63249421,0 76.35897494,30.63248765,0 76.35887089,30.63248110,0 76.35876683,30.63247455,0 76.35866278,30.63246799,0 76.35855873,30.63246144,0 76.35845467,30.63245488,0 76.35835062,30.63244833,0 76.35824657,30.63244177,0 76.35814251,30.63243522,0 76.35803846,30.63242866,0 76.35793440,30.63242211,0 76.35783035,30.63241555,0 76.35772630,30.63240899,0 76.35762224,30.63240244,0 76.35751819,30.63239588,0 76.35741414,30.63238933,0 76.35731008,30.63238277,0 76.35720603,30.63237622,0 76.35710198,30.63236966,0 76.35699792,30.63236310,0 76.35689387,30.63235655,0 76.35678982,30.63234999,0 76.35668576,30.63234344,0 76.35658171,30.63233688,0 76.35647766,30.63233032,0 76.35637360,30.63232377,0 76.35626955,30.63231721,0 76.35616550,30.63231065,0 76.35606144,30.63230410,0 76.35595739,30.63229754,0 76.35586151,30.63232276,0 76.35577049,30.63236684,0 76.35567946,30.63241093,0 76.35558844,30.63245501,0 76.35549741,30.63249910,0 76.35540638,30.63254319,0 76.35531536,30.63258727,0 76.35522433,30.63263136,0 76.35513331,30.63267544,0 76.35504228,30.63271953,0 76.35495126,30.63276361,0 76.35486023,30.63280770,0 76.35476920,30.63285178,0 76.35467818,30.63289587,0 76.35458715,30.63293995,0 76.35449613,30.63298404,0 76.35440510,30.63302812,0 76.35431407,30.63307221,0 76.35422305,30.63311629,0 76.35413202,30.63316038,0 76.35404099,30.63320446,0 76.35394997,30.63324854,0 76.35385894,30.63329263,0 76.35376791,30.63333671,0 76.35367689,30.63338080,0 76.35358586,30.63342488,0 76.35349483,30.63346897,0 76.35340381,30.63351305,0 76.35331278,30.63355713,0 76.35322175,30.63360122,0 76.35313072,30.63364530,0 76.35303970,30.63368939,0 76.35294867,30.63373347,0 76.35285764,30.63377755,0 76.35276661,30.63382164,0 76.35267559,30.63386572,0 76.35258456,30.63390980,0 76.35249353,30.63395389,0 76.35240250,30.63399797,0 76.35231147,30.63404205,0 76.35222044,30.63408614,0 76.35212942,30.63413022,0 76.35205996,30.63419711,0 76.35199193,30.63426551,0 76.35192391,30.63433392,0 76.35185589,30.63440233,0 76.35178787,30.63447074,0 76.35171985,30.63453914,0 76.35165622,30.63461016,0 76.35160693,30.63468967,0 76.35155764,30.63476919,0 76.35150834,30.63484870,0 76.35145905,30.63492821,0 76.35140975,30.63500773,0 76.35136046,30.63508724,0 76.35131116,30.63516676,0 76.35126187,30.63524627,0 76.35121257,30.63532578,0 76.35116328,30.63540530,0 76.35111399,30.63548481,0 76.35106469,30.63556432,0 76.35101540,30.63564384,0 76.35096610,30.63572335,0 76.35091681,30.63580286,0 76.35086751,30.63588238,0 76.35081822,30.63596189,0 76.35076892,30.63604141,0 76.35071962,30.63612092,0 76.35067033,30.63620043,0 76.35062103,30.63627995,0 76.35057174,30.63635946,0 76.35052244,30.63643897,0 76.35047315,30.63651849,0 76.35042385,30.63659800,0 76.35037455,30.63667751,0 76.35032526,30.63675703,0 76.35027596,30.63683654,0 76.35022667,30.63691605,0 76.35017737,30.63699557,0 76.35012807,30.63707508,0 76.35007878,30.63715459,0 76.35002948,30.63723411,0 76.34998018,30.63731362,0 76.34993089,30.63739313,0 76.34988159,30.63747265,0 76.34983381,30.63755282,0 76.34978859,30.63763413,0 76.34974338,30.63771544,0 76.34969817,30.63779675,0 76.34965295,30.63787805,0 76.34960774,30.63795936,0 76.34956253,30.63804067,0 76.34951731,30.63812198,0 76.34947210,30.63820328,0 76.34942689,30.63828459,0 76.34938167,30.63836590,0 76.34933646,30.63844721,0 76.34929125,30.63852851,0 76.34924603,30.63860982,0 76.34920082,30.63869113,0 76.34915560,30.63877244,0 76.34911039,30.63885374,0 76.34906518,30.63893505,0 76.34901996,30.63901636,0 76.34897475,30.63909767,0 76.34892953,30.63917897,0 76.34888432,30.63926028,0 76.34883910,30.63934159,0 76.34879389,30.63942290,0 76.34874867,30.63950420,0 76.34870346,30.63958551,0 76.34865825,30.63966682,0 76.34861303,30.63974813,0 76.34856782,30.63982943,0 76.34852260,30.63991074,0 76.34847739,30.63999205,0 76.34843217,30.64007335,0 76.34838696,30.64015466,0 76.34834174,30.64023597,0 76.34829652,30.64031728,0 76.34825131,30.64039858,0 76.34820609,30.64047989,0 76.34816088,30.64056120,0 76.34811566,30.64064250,0 76.34807045,30.64072381,0 76.34802523,30.64080512,0 76.34798002,30.64088643,0 76.34793480,30.64096773,0 76.34788958,30.64104904,0 76.34784426,30.64113030,0 76.34779247,30.64120862,0 76.34774068,30.64128694,0 76.34768889,30.64136526,0 76.34763710,30.64144358,0 76.34758530,30.64152190,0 76.34753351,30.64160022,0 76.34748172,30.64167854,0 76.34742993,30.64175686,0 76.34737814,30.64183517,0 76.34732634,30.64191349,0 76.34727455,30.64199181,0 76.34722245,30.64206996,0 76.34715983,30.64214212,0 76.34709720,30.64221428,0 76.34703457,30.64228644,0 76.34697195,30.64235860,0 76.34690932,30.64243076,0 76.34684669,30.64250292,0 76.34677509,30.64256703,0 76.34668940,30.64261851,0 76.34660372,30.64266999,0 76.34651803,30.64272148,0 76.34643235,30.64277296,0 76.34634667,30.64282444,0 76.34626098,30.64287593,0 76.34617530,30.64292741,0 76.34608961,30.64297889,0 76.34600393,30.64303037,0 76.34591824,30.64308185,0 76.34583256,30.64313334,0 76.34574687,30.64318482,0 76.34566119,30.64323630,0 76.34557550,30.64328778,0 76.34548981,30.64333927,0 76.34540413,30.64339075,0 76.34531844,30.64344223,0 76.34523276,30.64349371,0 76.34514707,30.64354519,0 76.34506139,30.64359667,0 76.34497570,30.64364816,0 76.34489001,30.64369964,0 76.34480433,30.64375112,0 76.34471864,30.64380260,0 76.34463295,30.64385408,0 76.34454727,30.64390556,0 76.34446158,30.64395705,0 76.34437589,30.64400853,0 76.34429021,30.64406001,0 76.34420452,30.64411149,0 76.34411883,30.64416297,0 76.34403315,30.64421445,0 76.34394746,30.64426593,0 76.34386177,30.64431741,0 76.34377608,30.64436889,0 76.34369040,30.64442038,0 76.34360471,30.64447186,0 76.34351902,30.64452334,0 76.34343333,30.64457482,0 76.34334765,30.64462630,0 76.34326196,30.64467778,0 76.34317627,30.64472926,0 76.34309058,30.64478074,0 76.34300489,30.64483222,0 76.34291921,30.64488370,0 76.34283352,30.64493518,0 76.34274783,30.64498666,0 76.34266214,30.64503814,0 76.34257645,30.64508962,0 76.34249076,30.64514110,0 76.34240507,30.64519258,0 76.34231938,30.64524406,0 76.34223370,30.64529554,0 76.34214801,30.64534702,0 76.34206232,30.64539850,0 76.34197663,30.64544998,0 76.34189094,30.64550146,0 76.34180525,30.64555294,0 76.34171956,30.64560442,0 76.34163387,30.64565590,0 76.34154818,30.64570738,0 76.34146249,30.64575886,0 76.34137680,30.64581034,0 76.34129111,30.64586182,0 76.34120542,30.64591330,0 76.34111973,30.64596478,0 76.34103404,30.64601626,0 76.34094835,30.64606773,0 76.34086266,30.64611921,0 76.34077697,30.64617069,0 76.34069128,30.64622217,0 76.34060324,30.64627058,0 76.34051472,30.64631833,0 76.34042619,30.64636609,0 76.34033766,30.64641385,0 76.34024914,30.64646160,0 76.34016061,30.64650936,0 76.34007208,30.64655712,0 76.33998355,30.64660487,0 76.33989503,30.64665263,0 76.33980650,30.64670038,0 76.33971797,30.64674814,0 76.33962944,30.64679590,0 76.33954092,30.64684365,0 76.33945239,30.64689141,0 76.33936386,30.64693916,0 76.33927533,30.64698692,0 76.33918680,30.64703468,0 76.33909827,30.64708243,0 76.33900975,30.64713019,0 76.33892122,30.64717794,0 76.33883269,30.64722570,0 76.33874501,30.64727458,0 76.33865897,30.64732563,0 76.33857294,30.64737667,0 76.33848690,30.64742772,0 76.33840087,30.64747877,0 76.33831483,30.64752982,0 76.33822879,30.64758087,0 76.33814276,30.64763191,0 76.33805672,30.64768296,0 76.33797069,30.64773401,0 76.33788465,30.64778506,0 76.33779861,30.64783611,0 76.33771258,30.64788715,0 76.33762654,30.64793820,0 76.33754050,30.64798925,0 76.33745447,30.64804030,0 76.33736843,30.64809134,0 76.33728239,30.64814239,0 76.33719635,30.64819344,0 76.33711032,30.64824449,0 76.33702428,30.64829553,0 76.33693824,30.64834658,0 76.33685220,30.64839763,0 76.33676617,30.64844868,0 76.33668013,30.64849972,0 76.33659409,30.64855077,0 76.33650805,30.64860182,0 76.33642202,30.64865286,0 76.33633598,30.64870391,0 76.33624994,30.64875496,0 76.33616390,30.64880600,0 76.33607786,30.64885705,0 76.33599182,30.64890810,0 76.33590579,30.64895914,0 76.33581975,30.64901019,0 76.33573371,30.64906124,0 76.33564767,30.64911228,0 76.33556163,30.64916333,0 76.33547559,30.64921438,0 76.33538955,30.64926542,0 76.33530351,30.64931647,0 76.33521747,30.64936752,0 76.33513143,30.64941856,0 76.33504539,30.64946961,0 76.33495936,30.64952065,0 76.33487332,30.64957170,0 76.33478728,30.64962275,0 76.33470124,30.64967379,0 76.33461520,30.64972484,0 76.33452916,30.64977588,0 76.33444312,30.64982693,0 76.33435708,30.64987797,0 76.33427104,30.64992902,0 76.33418500,30.64998007,0 76.33409895,30.65003111,0 76.33401291,30.65008216,0 76.33392687,30.65013320,0 76.33384083,30.65018425,0 76.33375479,30.65023529,0 76.33366875,30.65028634,0 76.33358271,30.65033738,0 76.33349667,30.65038843,0 76.33341063,30.65043947,0 76.33332459,30.65049052,0 76.33323854,30.65054156,0 76.33315250,30.65059261,0 76.33306646,30.65064365,0 76.33298042,30.65069470,0 76.33289438,30.65074574,0 76.33280834,30.65079679,0 76.33272229,30.65084783,0 76.33263625,30.65089888,0 76.33255694,30.65095744,0 76.33247820,30.65101665,0 76.33239947,30.65107585,0 76.33232074,30.65113506,0 76.33224200,30.65119427,0 76.33216327,30.65125348,0 76.33208453,30.65131269,0 76.33200580,30.65137190,0 76.33192706,30.65143111,0 76.33184833,30.65149031,0 76.33176959,30.65154952,0 76.33169086,30.65160873,0 76.33161212,30.65166794,0 76.33153339,30.65172715,0 76.33145465,30.65178635,0 76.33137591,30.65184556,0 76.33129718,30.65190477,0 76.33121844,30.65196398,0 76.33113971,30.65202319,0 76.33106097,30.65208239,0 76.33098224,30.65214160,0 76.33090350,30.65220081,0 76.33082476,30.65226002,0 76.33074603,30.65231922,0 76.33066729,30.65237843,0 76.33058855,30.65243764,0 76.33050982,30.65249685,0 76.33043108,30.65255605,0 76.33034752,30.65260960,0 76.33025880,30.65265710,0 76.33017007,30.65270459,0 76.33008135,30.65275208,0 76.32999262,30.65279956,0 76.32990390,30.65284705,0 76.32981517,30.65289454,0 76.32972645,30.65294203,0 76.32963772,30.65298952,0 76.32954900,30.65303701,0 76.32946027,30.65308450,0 76.32937154,30.65313199,0 76.32928282,30.65317948,0 76.32919409,30.65322697,0 76.32910537,30.65327446,0 76.32901664,30.65332195,0 76.32892791,30.65336944,0 76.32883919,30.65341693,0 76.32875046,30.65346442,0 76.32866174,30.65351191,0 76.32857301,30.65355940,0 76.32848428,30.65360688,0 76.32839556,30.65365437,0 76.32830683,30.65370186,0 76.32821810,30.65374935,0 76.32812938,30.65379684,0 76.32804065,30.65384433,0 76.32795192,30.65389182,0 76.32786320,30.65393931,0 76.32777447,30.65398679,0 76.32768574,30.65403428,0 76.32759701,30.65408177,0 76.32750829,30.65412926,0 76.32741956,30.65417675,0 76.32733083,30.65422423,0 76.32724210,30.65427172,0 76.32715338,30.65431921,0 76.32706465,30.65436670,0 76.32697592,30.65441419,0 76.32688719,30.65446167,0 76.32679846,30.65450916,0 76.32670973,30.65455665,0 76.32662101,30.65460414,0 76.32653228,30.65465163,0 76.32644355,30.65469911,0 76.32635482,30.65474660,0 76.32626609,30.65479409,0 76.32617736,30.65484158,0 76.32608863,30.65488906,0 76.32599991,30.65493655,0 76.32591118,30.65498404,0 76.32582245,30.65503152,0 76.32573372,30.65507901,0 76.32564499,30.65512650,0 76.32555626,30.65517399,0 76.32546753,30.65522147,0 76.32537880,30.65526896,0 76.32529007,30.65531645,0 76.32520134,30.65536393,0 76.32511261,30.65541142,0 76.32502388,30.65545891,0 76.32493515,30.65550639,0 76.32484642,30.65555388,0 76.32475769,30.65560137,0 76.32466896,30.65564885,0 76.32458023,30.65569634,0 76.32449150,30.65574382,0 76.32440277,30.65579131,0 76.32431404,30.65583880,0 76.32422531,30.65588628,0 76.32413658,30.65593377,0 76.32404785,30.65598126,0 76.32395911,30.65602874,0 76.32387036,30.65607619,0 76.32378159,30.65612363,0 76.32369283,30.65617107,0 76.32360406,30.65621850,0 76.32351529,30.65626594,0 76.32342653,30.65631338,0 76.32333776,30.65636082,0 76.32324900,30.65640825,0 76.32316023,30.65645569,0 76.32307146,30.65650313,0 76.32298270,30.65655056,0 76.32289393,30.65659800,0 76.32280516,30.65664544,0 76.32271640,30.65669287,0 76.32262763,30.65674031,0 76.32253886,30.65678775,0 76.32245010,30.65683518,0 76.32236133,30.65688262,0 76.32227256,30.65693006,0 76.32218379,30.65697749,0 76.32209503,30.65702493,0 76.32200626,30.65707237,0 76.32191749,30.65711980,0 76.32182872,30.65716724,0 76.32173996,30.65721468,0 76.32165119,30.65726211,0 76.32156242,30.65730955,0 76.32147365,30.65735698,0 76.32138488,30.65740442,0 76.32129611,30.65745185,0 76.32120734,30.65749928,0 76.32111857,30.65754672,0 76.32102980,30.65759415,0 76.32094103,30.65764159,0 76.32085226,30.65768902,0 76.32076349,30.65773645,0 76.32067472,30.65778389,0 76.32058595,30.65783132,0 76.32049718,30.65787875,0 76.32040841,30.65792619,0 76.32031964,30.65797362,0 76.32023087,30.65802105,0 76.32014210,30.65806849,0 76.32005333,30.65811592,0 76.31996456,30.65816335,0 76.31987579,30.65821079,0 76.31978702,30.65825822,0 76.31969824,30.65830565,0 76.31960947,30.65835309,0 76.31952070,30.65840052,0 76.31943193,30.65844795,0 76.31934316,30.65849538,0 76.31925439,30.65854282,0 76.31916562,30.65859025,0 76.31907684,30.65863768,0 76.31898807,30.65868511,0 76.31889930,30.65873255,0 76.31881053,30.65877998,0 76.31872176,30.65882741,0 76.31863298,30.65887484,0 76.31854421,30.65892228,0 76.31845544,30.65896971,0 76.31836667,30.65901714,0 76.31827789,30.65906457,0 76.31818912,30.65911200,0 76.31810035,30.65915944,0 76.31801158,30.65920687,0 76.31792280,30.65925430,0 76.31783403,30.65930173,0 76.31774526,30.65934916,0 76.31765648,30.65939659,0 76.31756771,30.65944403,0 76.31747894,30.65949146,0 76.31739016,30.65953889,0 76.31730139,30.65958632,0 76.31721262,30.65963375,0 76.31712384,30.65968118,0 76.31703507,30.65972861,0 76.31694630,30.65977604,0 76.31685752,30.65982348,0 76.31676875,30.65987091,0 76.31667997,30.65991834,0 76.31659120,30.65996577,0 76.31650242,30.66001320,0 76.31641365,30.66006063,0 76.31632488,30.66010806,0 76.31623610,30.66015549,0 76.31614733,30.66020292,0 76.31605855,30.66025035,0 76.31596978,30.66029778,0 76.31588100,30.66034521,0 76.31579223,30.66039264,0 76.31570345,30.66044007,0 76.31561468,30.66048750,0 76.31552590,30.66053493,0 76.31543713,30.66058236,0 76.31534835,30.66062979,0 76.31525958,30.66067722,0 76.31517080,30.66072465,0 76.31508202,30.66077208,0 76.31499325,30.66081951,0 76.31490447,30.66086694,0 76.31481570,30.66091437,0 76.31472692,30.66096180,0 76.31463814,30.66100923,0 76.31454937,30.66105666,0 76.31446059,30.66110409,0 76.31437181,30.66115152,0 76.31428304,30.66119895,0 76.31419426,30.66124638,0 76.31410549,30.66129381,0 76.31401671,30.66134124,0 76.31392793,30.66138867,0 76.31383915,30.66143610,0 76.31375038,30.66148353,0 76.31366160,30.66153096,0 76.31357282,30.66157838,0 76.31348405,30.66162581,0 76.31339527,30.66167324,0 76.31330649,30.66172067,0 76.31321771,30.66176810,0 76.31312894,30.66181553,0 76.31304016,30.66186296,0 76.31295138,30.66191038,0 76.31286260,30.66195781,0 76.31277382,30.66200524,0 76.31268505,30.66205267,0 76.31259604,30.66209978,0 76.31250679,30.66214654,0 76.31241754,30.66219330,0 76.31232829,30.66224006,0 76.31223904,30.66228682,0 76.31214978,30.66233358,0 76.31206053,30.66238034,0 76.31197128,30.66242710,0 76.31188203,30.66247386,0 76.31179278,30.66252062,0 76.31170353,30.66256738,0 76.31161427,30.66261414,0 76.31152502,30.66266090,0 76.31143577,30.66270766,0 76.31134652,30.66275442,0 76.31125727,30.66280118,0 76.31116801,30.66284794,0 76.31107876,30.66289470,0 76.31098951,30.66294146,0 76.31090026,30.66298822,0 76.31081100,30.66303498,0 76.31072175,30.66308174,0 76.31063250,30.66312850,0 76.31054325,30.66317526,0 76.31045399,30.66322201,0 76.31036474,30.66326877,0 76.31027549,30.66331553,0 76.31018623,30.66336229,0 76.31009698,30.66340905,0 76.31000773,30.66345581,0 76.30991847,30.66350257,0 76.30982922,30.66354933,0 76.30973997,30.66359609,0 76.30965071,30.66364285,0 76.30956146,30.66368960,0 76.30947221,30.66373636,0 76.30938295,30.66378312,0 76.30929370,30.66382988,0 76.30920444,30.66387664,0 76.30911519,30.66392340,0 76.30902594,30.66397015,0 76.30893668,30.66401691,0 76.30884743,30.66406367,0 76.30875817,30.66411043,0 76.30866892,30.66415719,0 76.30857966,30.66420395,0 76.30849041,30.66425070,0 76.30840115,30.66429746,0 76.30831190,30.66434422,0 76.30822264,30.66439098,0 76.30813339,30.66443773,0 76.30804413,30.66448449,0 76.30795488,30.66453125,0 76.30786562,30.66457801,0 76.30777637,30.66462477,0 76.30768711,30.66467152,0 76.30759785,30.66471828,0 76.30750860,30.66476504,0 76.30741934,30.66481179,0 76.30733009,30.66485855,0 76.30724083,30.66490531,0 76.30715157,30.66495207,0 76.30706232,30.66499882,0 76.30697306,30.66504558,0 76.30688303,30.66509100,0 76.30678640,30.66512508,0 76.30668976,30.66515916,0 76.30659313,30.66519324,0 76.30649650,30.66522732,0 76.30639986,30.66526140,0 76.30630323,30.66529548,0 76.30620659,30.66532956,0 76.30610996,30.66536364,0 76.30601332,30.66539772,0 76.30591669,30.66543180,0 76.30582006,30.66546588,0 76.30572342,30.66549996,0 76.30562679,30.66553403,0 76.30553015,30.66556811,0 76.30543352,30.66560219,0 76.30533688,30.66563627,0 76.30524025,30.66567035,0 76.30514361,30.66570443,0 76.30504698,30.66573851,0 76.30495034,30.66577258,0 76.30485371,30.66580666,0 76.30475707,30.66584074,0 76.30466044,30.66587482,0 76.30456380,30.66590890,0 76.30446717,30.66594297,0 76.30437053,30.66597705,0 76.30427390,30.66601113,0 76.30417726,30.66604521,0 76.30408062,30.66607929,0 76.30398399,30.66611336,0 76.30388735,30.66614744,0 76.30379072,30.66618152,0 76.30369408,30.66621560,0 76.30359745,30.66624967,0 76.30350081,30.66628375,0 76.30340800,30.66632442,0 76.30331865,30.66637104,0 76.30322929,30.66641766,0 76.30313994,30.66646427,0 76.30305058,30.66651089,0 76.30296122,30.66655751,0 76.30287187,30.66660412,0 76.30278251,30.66665074,0 76.30269315,30.66669736,0 76.30260380,30.66674397,0 76.30251444,30.66679059,0 76.30242508,30.66683720,0 76.30233573,30.66688382,0 76.30224637,30.66693044,0 76.30215701,30.66697705,0 76.30206766,30.66702367,0 76.30197830,30.66707028,0 76.30188894,30.66711690,0 76.30179958,30.66716351,0 76.30171023,30.66721013,0 76.30162087,30.66725674,0 76.30153151,30.66730336,0 76.30144215,30.66734998,0 76.30135280,30.66739659,0 76.30126344,30.66744321,0 76.30117408,30.66748982,0 76.30108472,30.66753644,0 76.30099536,30.66758305,0 76.30090601,30.66762967,0 76.30081665,30.66767628,0 76.30072729,30.66772290,0 76.30063793,30.66776951,0 76.30054857,30.66781613,0 76.30045921,30.66786274,0 76.30036985,30.66790935,0 76.30028050,30.66795597,0 76.30019114,30.66800258,0 76.30010178,30.66804920,0 76.30001242,30.66809581,0 76.29992306,30.66814243,0 76.29983370,30.66818904,0 76.29974434,30.66823566,0 76.29965498,30.66828227,0 76.29956562,30.66832888,0 76.29947626,30.66837550,0 76.29938690,30.66842211,0 76.29929754,30.66846873,0 76.29920818,30.66851534,0 76.29911882,30.66856195,0 76.29902946,30.66860857,0 76.29894010,30.66865518,0 76.29885074,30.66870179,0 76.29876138,30.66874841,0 76.29867202,30.66879502,0 76.29858266,30.66884163,0 76.29849330,30.66888825,0 76.29840394,30.66893486,0 76.29831458,30.66898147,0 76.29822522,30.66902809,0 76.29813586,30.66907470,0 76.29804650,30.66912131,0 76.29795714,30.66916793,0 76.29786777,30.66921454,0 76.29777841,30.66926115,0 76.29768905,30.66930776,0 76.29759969,30.66935438,0 76.29751033,30.66940099,0 76.29742097,30.66944760,0 76.29733160,30.66949422,0 76.29724224,30.66954083,0 76.29715288,30.66958744,0 76.29706352,30.66963405,0 76.29697416,30.66968067,0 76.29688479,30.66972728,0 76.29679543,30.66977389,0 76.29670607,30.66982050,0 76.29661671,30.66986711,0 76.29652735,30.66991373,0 76.29643798,30.66996034,0 76.29634862,30.67000695,0 76.29625926,30.67005356,0 76.29616989,30.67010017,0 76.29608053,30.67014679,0 76.29599117,30.67019340,0 76.29590181,30.67024001,0 76.29581244,30.67028662,0 76.29572308,30.67033323,0 76.29563372,30.67037984,0 76.29554435,30.67042645,0 76.29545499,30.67047307,0 76.29536562,30.67051968,0 76.29527626,30.67056629,0 76.29518690,30.67061290,0 76.29509753,30.67065951,0 76.29500817,30.67070612,0 76.29491881,30.67075273,0 76.29482944,30.67079934,0 76.29474008,30.67084595,0 76.29465071,30.67089257,0 76.29456135,30.67093918,0 76.29447259,30.67098664,0 76.29438426,30.67103471,0 76.29429594,30.67108278,0 76.29420762,30.67113085,0 76.29411929,30.67117892,0 76.29403097,30.67122699,0 76.29394264,30.67127506,0 76.29385432,30.67132312,0 76.29376600,30.67137119,0 76.29367767,30.67141926,0 76.29358935,30.67146733,0 76.29350102,30.67151540,0 76.29341270,30.67156347,0 76.29332437,30.67161154,0 76.29323605,30.67165961,0 76.29314772,30.67170768,0 76.29305940,30.67175575,0 76.29297107,30.67180382,0 76.29288275,30.67185189,0 76.29279442,30.67189996,0 76.29270609,30.67194803,0 76.29261777,30.67199609,0 76.29252944,30.67204416,0 76.29244112,30.67209223,0 76.29235279,30.67214030,0 76.29226447,30.67218837,0 76.29217614,30.67223644,0 76.29208781,30.67228451,0 76.29199949,30.67233257,0 76.29191116,30.67238064,0 76.29182283,30.67242871,0 76.29173451,30.67247678,0 76.29164618,30.67252485,0 76.29155785,30.67257292,0 76.29146953,30.67262098,0 76.29138120,30.67266905,0 76.29129287,30.67271712,0 76.29120455,30.67276519,0 76.29111622,30.67281326,0 76.29102789,30.67286132,0 76.29093956,30.67290939,0 76.29085124,30.67295746,0 76.29076291,30.67300553,0 76.29067458,30.67305359,0 76.29058625,30.67310166,0 76.29049793,30.67314973,0 76.29040960,30.67319780,0 76.29032127,30.67324586,0 76.29023294,30.67329393,0 76.29014461,30.67334200,0 76.29005629,30.67339007,0 76.28996796,30.67343813,0 76.28987963,30.67348620,0 76.28979130,30.67353427,0 76.28970297,30.67358233,0 76.28961464,30.67363040,0 76.28952632,30.67367847,0 76.28943799,30.67372653,0 76.28934966,30.67377460,0 76.28926133,30.67382267,0 76.28917300,30.67387073,0 76.28908467,30.67391880,0 76.28899634,30.67396687,0 76.28890801,30.67401493,0 76.28881968,30.67406300,0 76.28873135,30.67411107,0 76.28864302,30.67415913,0 76.28855469,30.67420720,0 76.28846599,30.67425475,0 76.28837716,30.67430212,0 76.28828833,30.67434949,0 76.28819949,30.67439686,0 76.28811066,30.67444422,0 76.28802183,30.67449159,0 76.28793299,30.67453896,0 76.28784416,30.67458633,0 76.28775533,30.67463370,0 76.28766650,30.67468107,0 76.28757766,30.67472844,0 76.28748883,30.67477580,0 76.28740000,30.67482317,0 76.28731116,30.67487054,0 76.28722233,30.67491791,0 76.28713349,30.67496528,0 76.28704466,30.67501265,0 76.28695583,30.67506001,0 76.28686699,30.67510738,0 76.28677816,30.67515475,0 76.28668932,30.67520212,0 76.28660049,30.67524949,0 76.28651166,30.67529685,0 76.28642282,30.67534422,0 76.28633399,30.67539159,0 76.28624515,30.67543896,0 76.28615632,30.67548632,0 76.28606748,30.67553369,0 76.28597863,30.67558104,0 76.28588979,30.67562839,0 76.28580094,30.67567575,0 76.28571210,30.67572310,0 76.28562326,30.67577046,0 76.28553441,30.67581781,0 76.28544557,30.67586516,0 76.28535672,30.67591252,0 76.28526788,30.67595987,0 76.28517903,30.67600723,0 76.28509019,30.67605458,0 76.28500134,30.67610193,0 76.28491250,30.67614929,0 76.28482365,30.67619664,0 76.28473481,30.67624399,0 76.28464596,30.67629135,0 76.28455712,30.67633870,0 76.28446827,30.67638606,0 76.28437942,30.67643341,0 76.28429058,30.67648076,0 76.28420173,30.67652812,0 76.28411289,30.67657547,0 76.28402404,30.67662282,0 76.28393519,30.67667018,0 76.28384635,30.67671753,0 76.28375750,30.67676488,0 76.28366865,30.67681223,0 76.28357981,30.67685959,0 76.28349096,30.67690694,0 76.28340212,30.67695429,0 76.28331327,30.67700165,0 76.28322442,30.67704900,0 76.28313557,30.67709635,0 76.28304673,30.67714370,0 76.28295788,30.67719106,0 76.28286903,30.67723841,0 76.28278019,30.67728576,0 76.28269134,30.67733311,0 76.28260249,30.67738046,0 76.28251364,30.67742782,0 76.28242480,30.67747517,0 76.28233595,30.67752252,0 76.28224710,30.67756987,0 76.28215825,30.67761722,0 76.28206940,30.67766458,0 76.28198056,30.67771193,0 76.28189171,30.67775928,0 76.28180286,30.67780663,0 76.28171401,30.67785398,0 76.28162516,30.67790134,0 76.28153631,30.67794869,0 76.28144747,30.67799604,0 76.28135862,30.67804339,0 76.28126977,30.67809074,0 76.28118092,30.67813809,0 76.28109207,30.67818544,0 76.28100322,30.67823279,0 76.28091437,30.67828015,0 76.28082552,30.67832750,0 76.28073667,30.67837485,0 76.28064782,30.67842220,0 76.28055897,30.67846955,0 76.28047013,30.67851690,0 76.28038128,30.67856425,0 76.28029243,30.67861160,0 76.28020358,30.67865895,0 76.28011473,30.67870630,0 76.28002588,30.67875365,0 76.27993703,30.67880100,0 76.27984818,30.67884835,0 76.27975933,30.67889571,0 76.27967047,30.67894306,0 76.27958162,30.67899041,0 76.27949277,30.67903776,0 76.27940392,30.67908511,0 76.27931507,30.67913246,0 76.27922622,30.67917981,0 76.27913737,30.67922716,0 76.27904852,30.67927451,0 76.27895967,30.67932186,0 76.27887082,30.67936921,0 76.27878197,30.67941656,0 76.27869311,30.67946390,0 76.27860426,30.67951125,0 76.27851541,30.67955860,0 76.27842656,30.67960595,0 76.27833771,30.67965330,0 76.27824886,30.67970065,0 76.27816000,30.67974800,0 76.27807115,30.67979535,0 76.27798230,30.67984270,0 76.27789345,30.67989005,0 76.27780460,30.67993740,0 76.27771574,30.67998475,0 76.27762689,30.68003210,0 76.27753804,30.68007944,0 76.27744919,30.68012679,0 76.27736033,30.68017414,0 76.27727148,30.68022149,0 76.27718263,30.68026884,0 76.27709378,30.68031619,0 76.27700492,30.68036354,0 76.27691607,30.68041089,0 76.27682722,30.68045823,0 76.27673836,30.68050558,0 76.27664951,30.68055293,0 76.27656066,30.68060028,0 76.27647180,30.68064763,0 76.27638295,30.68069498,0 76.27629409,30.68074232,0 76.27620524,30.68078967,0 76.27611639,30.68083702,0 76.27602753,30.68088437,0 76.27593868,30.68093171,0 76.27584982,30.68097906,0 76.27576097,30.68102641,0 76.27567212,30.68107376,0 76.27558326,30.68112111,0 76.27549441,30.68116845,0 76.27540555,30.68121580,0 76.27531670,30.68126315,0 76.27522784,30.68131050,0 76.27513899,30.68135784,0 76.27505013,30.68140519,0 76.27496128,30.68145254,0 76.27487242,30.68149988,0 76.27478357,30.68154723,0 76.27469471,30.68159458,0 76.27460586,30.68164193,0 76.27451700,30.68168927,0 76.27442815,30.68173662,0 76.27433929,30.68178397,0 76.27425043,30.68183131,0 76.27416158,30.68187866,0 76.27407272,30.68192601,0 76.27398387,30.68197335,0 76.27389501,30.68202070,0 76.27380615,30.68206805,0 76.27371730,30.68211539,0 76.27362844,30.68216274,0 76.27353959,30.68221008,0 76.27345073,30.68225743,0 76.27336187,30.68230478,0 76.27327302,30.68235212,0 76.27318416,30.68239947,0 76.27309530,30.68244681,0 76.27300644,30.68249416,0 76.27291759,30.68254151,0 76.27282873,30.68258885,0 76.27273987,30.68263620,0 76.27265102,30.68268354,0 76.27256216,30.68273089,0 76.27247330,30.68277823,0 76.27238444,30.68282558,0 76.27229559,30.68287293,0 76.27220673,30.68292027,0 76.27211787,30.68296762,0 76.27202901,30.68301496,0 76.27194015,30.68306231,0 76.27185130,30.68310965,0 76.27176244,30.68315700,0 76.27167358,30.68320434,0 76.27158472,30.68325169,0 76.27149586,30.68329903,0 76.27140700,30.68334638,0 76.27131814,30.68339372,0 76.27122929,30.68344107,0 76.27114043,30.68348841,0 76.27105157,30.68353576,0 76.27096271,30.68358310,0 76.27087385,30.68363044,0 76.27078499,30.68367779,0 76.27069613,30.68372513,0 76.27060727,30.68377248,0 76.27051841,30.68381982,0 76.27042955,30.68386717,0 76.27034069,30.68391451,0 76.27025183,30.68396185,0 76.27016297,30.68400920,0 76.27007411,30.68405654,0 76.26998525,30.68410389,0 76.26989639,30.68415123,0 76.26980753,30.68419857,0 76.26971867,30.68424592,0 76.26962981,30.68429326,0 76.26954095,30.68434060,0 76.26945209,30.68438795,0 76.26936323,30.68443529,0 76.26927437,30.68448263,0 76.26918551,30.68452998,0 76.26909665,30.68457732,0 76.26900779,30.68462466,0 76.26891893,30.68467201,0 76.26883007,30.68471935,0 76.26874120,30.68476669,0 76.26865234,30.68481404,0 76.26856348,30.68486138,0 76.26847462,30.68490872,0 76.26838576,30.68495607,0 76.26829690,30.68500341,0 76.26820804,30.68505075,0 76.26811917,30.68509809,0 76.26803031,30.68514544,0 76.26794145,30.68519278,0 76.26785259,30.68524012,0 76.26776373,30.68528746,0 76.26767486,30.68533481,0 76.26758600,30.68538215,0 76.26749714,30.68542949,0 76.26740828,30.68547683,0 76.26731941,30.68552417,0 76.26723055,30.68557152,0 76.26714169,30.68561886,0 76.26705282,30.68566620,0 76.26696396,30.68571354,0 76.26687510,30.68576088,0 76.26678623,30.68580823,0 76.26669737,30.68585557,0 76.26660851,30.68590291,0 76.26651964,30.68595025,0 76.26643078,30.68599759,0 76.26634192,30.68604493,0 76.26625305,30.68609228,0 76.26616419,30.68613962,0 76.26607533,30.68618696,0 76.26598646,30.68623430,0 76.26589760,30.68628164,0 76.26580873,30.68632898,0 76.26571987,30.68637632,0 76.26563101,30.68642366,0 76.26554214,30.68647100,0 76.26545328,30.68651834,0 76.26536441,30.68656569,0 76.26527555,30.68661303,0 76.26518668,30.68666037,0 76.26509782,30.68670771,0 76.26500895,30.68675505,0 76.26492009,30.68680239,0 76.26483122,30.68684973,0 76.26474236,30.68689707,0 76.26465349,30.68694441,0 76.26456463,30.68699175,0 76.26447576,30.68703909,0 76.26438689,30.68708643,0 76.26429803,30.68713377,0 76.26420916,30.68718111,0 76.26412030,30.68722845,0 76.26403143,30.68727579,0 76.26394257,30.68732313,0 76.26385370,30.68737047,0 76.26376483,30.68741781,0 76.26367597,30.68746515,0 76.26358710,30.68751249,0 76.26349823,30.68755983,0 76.26340937,30.68760717,0 76.26332050,30.68765451,0 76.26323163,30.68770185,0 76.26314277,30.68774919,0 76.26305390,30.68779653,0 76.26296503,30.68784387,0 76.26287617,30.68789120,0 76.26278730,30.68793854,0 76.26269843,30.68798588,0 76.26260957,30.68803322,0 76.26252070,30.68808056,0 76.26243183,30.68812790,0 76.26234296,30.68817524,0 76.26225410,30.68822258,0 76.26216523,30.68826992,0 76.26207636,30.68831726,0 76.26198749,30.68836459,0 76.26189862,30.68841193,0 76.26180976,30.68845927,0 76.26172089,30.68850661,0 76.26163202,30.68855395,0 76.26154315,30.68860129,0 76.26145428,30.68864862,0 76.26136541,30.68869596,0 76.26127655,30.68874330,0 76.26118768,30.68879064,0 76.26109881,30.68883798,0 76.26100994,30.68888532,0 76.26092107,30.68893265,0 76.26083220,30.68897999,0 76.26074333,30.68902733,0 76.26065446,30.68907467,0 76.26056559,30.68912200,0 76.26047672,30.68916934,0 76.26038785,30.68921668,0 76.26029899,30.68926402,0 76.26021012,30.68931135,0 76.26012125,30.68935869,0 76.26003238,30.68940603,0 76.25994351,30.68945337,0 76.25985464,30.68950070,0 76.25976577,30.68954804,0 76.25967690,30.68959538,0 76.25958803,30.68964272,0 76.25949916,30.68969005,0 76.25941028,30.68973739,0 76.25932141,30.68978473,0 76.25923254,30.68983206,0 76.25914367,30.68987940,0 76.25905480,30.68992674,0 76.25896593,30.68997407,0 76.25887706,30.69002141,0 76.25878819,30.69006875,0 76.25869932,30.69011608,0 76.25861045,30.69016342,0 76.25852158,30.69021076,0 76.25843270,30.69025809,0 76.25834383,30.69030543,0 76.25825496,30.69035276,0 76.25816609,30.69040010,0 76.25807722,30.69044744,0 76.25798835,30.69049477,0 76.25789947,30.69054211,0 76.25781060,30.69058944,0 76.25772173,30.69063678,0 76.25763286,30.69068412,0 76.25754398,30.69073145,0 76.25745511,30.69077879,0 76.25736624,30.69082612,0 76.25727737,30.69087346,0 76.25718849,30.69092079,0 76.25709962,30.69096813,0 76.25701075,30.69101546,0 76.25692188,30.69106280,0 76.25683300,30.69111013,0 76.25674413,30.69115747,0 76.25665526,30.69120481,0 76.25656638,30.69125214,0 76.25647751,30.69129948,0 76.25638864,30.69134681,0 76.25629976,30.69139414,0 76.25621089,30.69144148,0 76.25612202,30.69148881,0 76.25603314,30.69153615,0 76.25594427,30.69158348,0 76.25585539,30.69163082,0 76.25576652,30.69167815,0 76.25567765,30.69172549,0 76.25558877,30.69177282,0 76.25549990,30.69182016,0 76.25541102,30.69186749,0 76.25532215,30.69191482,0 76.25523327,30.69196216,0 76.25514440,30.69200949,0 76.25505552,30.69205683,0 76.25496665,30.69210416,0 76.25487777,30.69215149,0 76.25478890,30.69219883,0 76.25470002,30.69224616,0 76.25461115,30.69229350,0 76.25452227,30.69234083,0 76.25443340,30.69238816,0 76.25434452,30.69243550,0 76.25425565,30.69248283,0 76.25416677,30.69253016,0 76.25407789,30.69257750,0 76.25398902,30.69262483,0 76.25390014,30.69267216,0 76.25381127,30.69271950,0 76.25372239,30.69276683,0 76.25363351,30.69281416,0 76.25354464,30.69286150,0 76.25345576,30.69290883,0 76.25336689,30.69295616,0 76.25327801,30.69300349,0 76.25318913,30.69305083,0 76.25310026,30.69309816,0 76.25301138,30.69314549,0 76.25292250,30.69319283,0 76.25283362,30.69324016,0 76.25274475,30.69328749,0 76.25265587,30.69333482,0 76.25256699,30.69338216,0 76.25247812,30.69342949,0 76.25238924,30.69347682,0 76.25230036,30.69352415,0 76.25221148,30.69357148,0 76.25212261,30.69361882,0 76.25203373,30.69366615,0 76.25194485,30.69371348,0 76.25185597,30.69376081,0 76.25176709,30.69380814,0 76.25167822,30.69385548,0 76.25158934,30.69390281,0 76.25150046,30.69395014,0 76.25141158,30.69399747,0 76.25132270,30.69404480,0 76.25123382,30.69409213,0 76.25114494,30.69413947,0 76.25105607,30.69418680,0 76.25096719,30.69423413,0 76.25087831,30.69428146,0 76.25078943,30.69432879,0 76.25070055,30.69437612,0 76.25061167,30.69442345,0 76.25052279,30.69447078,0 76.25043391,30.69451812,0 76.25034503,30.69456545,0 76.25025615,30.69461278,0 76.25016727,30.69466011,0 76.25007839,30.69470744,0 76.24998951,30.69475477,0 76.24990063,30.69480210,0 76.24981175,30.69484943,0 76.24972287,30.69489676,0 76.24963399,30.69494409,0 76.24954511,30.69499142,0 76.24945623,30.69503875,0 76.24936735,30.69508608,0 76.24927847,30.69513341,0 76.24918959,30.69518074,0 76.24910071,30.69522807,0 76.24901183,30.69527540,0 76.24892295,30.69532273,0 76.24883407,30.69537006,0 76.24874519,30.69541739,0 76.24865631,30.69546472,0 76.24856742,30.69551205,0 76.24847854,30.69555938,0 76.24838966,30.69560671,0 76.24830078,30.69565404,0 76.24821190,30.69570137,0 76.24812302,30.69574870,0 76.24803414,30.69579603,0 76.24794525,30.69584336,0 76.24785637,30.69589069,0 76.24776749,30.69593802,0 76.24767861,30.69598535,0 76.24758973,30.69603268,0 76.24750084,30.69608000,0 76.24741196,30.69612733,0 76.24732308,30.69617466,0 76.24723420,30.69622199,0 76.24714531,30.69626932,0 76.24705643,30.69631665,0 76.24696755,30.69636398,0 76.24687866,30.69641131,0 76.24678978,30.69645863,0 76.24670090,30.69650596,0 76.24661202,30.69655329,0 76.24652313,30.69660062,0 76.24643425,30.69664795,0 76.24634536,30.69669528,0 76.24625648,30.69674260,0 76.24616760,30.69678993,0 76.24607871,30.69683726,0 76.24598983,30.69688459,0 76.24590095,30.69693192,0 76.24581206,30.69697924,0 76.24572318,30.69702657,0 76.24563429,30.69707390,0 76.24554541,30.69712123,0 76.24545653,30.69716856,0 76.24536764,30.69721588,0 76.24527876,30.69726321,0 76.24518987,30.69731054,0 76.24510099,30.69735787,0 76.24501210,30.69740519,0 76.24492322,30.69745252,0 76.24483433,30.69749985,0 76.24474545,30.69754718,0 76.24465656,30.69759450,0 76.24456768,30.69764183,0 76.24447879,30.69768916,0 76.24438991,30.69773648,0 76.24430102,30.69778381,0 76.24421214,30.69783114,0 76.24412325,30.69787846,0 76.24403436,30.69792579,0 76.24394548,30.69797312,0 76.24385659,30.69802044,0 76.24376771,30.69806777,0 76.24367882,30.69811510,0 76.24358993,30.69816242,0 76.24350105,30.69820975,0 76.24341216,30.69825708,0 76.24332328,30.69830440,0 76.24323439,30.69835173,0 76.24314550,30.69839905,0 76.24305662,30.69844638,0 76.24296773,30.69849371,0 76.24287884,30.69854103,0 76.24278995,30.69858836,0 76.24270107,30.69863568,0 76.24261218,30.69868301,0 76.24252329,30.69873034,0 76.24243441,30.69877766,0 76.24234552,30.69882499,0 76.24225663,30.69887231,0 76.24216774,30.69891964,0 76.24207886,30.69896696,0 76.24198997,30.69901429,0 76.24190108,30.69906161,0 76.24181219,30.69910894,0 76.24172330,30.69915626,0 76.24163442,30.69920359,0 76.24154553,30.69925092,0 76.24145664,30.69929824,0 76.24136775,30.69934557,0 76.24127886,30.69939289,0 76.24118997,30.69944021,0 76.24110109,30.69948754,0 76.24101220,30.69953486,0 76.24092331,30.69958219,0 76.24083442,30.69962951,0 76.24074553,30.69967684,0 76.24065664,30.69972416,0 76.24056775,30.69977149,0 76.24047886,30.69981881,0 76.24038997,30.69986614,0 76.24030108,30.69991346,0 76.24021219,30.69996078,0 76.24012330,30.70000811,0 76.24003441,30.70005543,0 76.23994552,30.70010276,0 76.23985663,30.70015008,0 76.23976774,30.70019740,0 76.23967885,30.70024473,0 76.23958996,30.70029205,0 76.23950107,30.70033938,0 76.23941218,30.70038670,0 76.23932329,30.70043402,0 76.23923440,30.70048135,0 76.23914551,30.70052867,0 76.23905662,30.70057599,0 76.23896773,30.70062332,0 76.23887884,30.70067064,0 76.23878995,30.70071796,0 76.23870106,30.70076529,0 76.23861217,30.70081261,0 76.23852328,30.70085993,0 76.23843438,30.70090725,0 76.23834549,30.70095458,0 76.23825660,30.70100190,0 76.23816771,30.70104922,0 76.23807882,30.70109655,0 76.23798993,30.70114387,0 76.23790103,30.70119119,0 76.23781214,30.70123851,0 76.23772325,30.70128584,0 76.23763436,30.70133316,0 76.23754547,30.70138048,0 76.23745657,30.70142780,0 76.23736768,30.70147513,0 76.23727879,30.70152245,0 76.23718990,30.70156977,0 76.23710100,30.70161709,0 76.23701211,30.70166441,0 76.23692322,30.70171174,0 76.23683433,30.70175906,0 76.23674543,30.70180638,0 76.23665654,30.70185370,0 76.23656765,30.70190102,0 76.23647875,30.70194835,0 76.23638986,30.70199567,0 76.23630097,30.70204299,0 76.23621207,30.70209031,0 76.23612318,30.70213763,0 76.23603429,30.70218495,0 76.23594539,30.70223227,0 76.23585650,30.70227960,0 76.23576760,30.70232692,0 76.23567871,30.70237424,0 76.23558982,30.70242156,0 76.23550092,30.70246888,0 76.23541203,30.70251620,0 76.23532313,30.70256352,0 76.23523424,30.70261084,0 76.23514534,30.70265816,0 76.23505645,30.70270548,0 76.23496755,30.70275281,0 76.23487866,30.70280013,0 76.23478976,30.70284745,0 76.23470087,30.70289477,0 76.23461197,30.70294209,0 76.23452308,30.70298941,0 76.23443418,30.70303673,0 76.23434529,30.70308405,0 76.23425639,30.70313137,0 76.23416750,30.70317869,0 76.23407860,30.70322601,0 76.23398971,30.70327333,0 76.23390081,30.70332065,0 76.23381191,30.70336797,0 76.23372302,30.70341529,0 76.23363412,30.70346261,0 76.23354523,30.70350993,0 76.23345633,30.70355725,0 76.23336743,30.70360457,0 76.23327854,30.70365189,0 76.23318964,30.70369921,0 76.23310074,30.70374653,0 76.23301185,30.70379385,0 76.23292295,30.70384116,0 76.23283405,30.70388848,0 76.23274516,30.70393580,0 76.23265388,30.70397922,0 76.23255842,30.70401576,0 76.23246295,30.70405230,0 76.23236749,30.70408884,0 76.23227571,30.70413142,0 76.23218683,30.70417877,0 76.23209796,30.70422612,0 76.23200908,30.70427346,0 76.23192020,30.70432081,0 76.23183132,30.70436816,0 76.23174244,30.70441551,0 76.23165357,30.70446285,0 76.23156469,30.70451020,0 76.23147581,30.70455755,0 76.23138693,30.70460489,0 76.23129805,30.70465224,0 76.23120918,30.70469958,0 76.23112030,30.70474693,0 76.23103142,30.70479428,0 76.23094254,30.70484162,0 76.23085366,30.70488897,0 76.23076478,30.70493632,0 76.23067590,30.70498366,0 76.23058703,30.70503101,0 76.23049815,30.70507835,0 76.23040927,30.70512570,0 76.23032039,30.70517305,0 76.23023151,30.70522039,0 76.23014263,30.70526774,0 76.23005375,30.70531508,0 76.22996487,30.70536243,0 76.22987599,30.70540977,0 76.22978711,30.70545712,0 76.22969823,30.70550447,0 76.22960935,30.70555181,0 76.22952047,30.70559916,0 76.22943159,30.70564650,0 76.22934271,30.70569385,0 76.22925383,30.70574119,0 76.22916495,30.70578854,0 76.22907607,30.70583588,0 76.22898719,30.70588323,0 76.22889831,30.70593057,0 76.22880895,30.70597724,0 76.22871919,30.70602332,0 76.22862942,30.70606940,0 76.22853966,30.70611548,0 76.22844989,30.70616156,0 76.22836012,30.70620764,0 76.22827036,30.70625372,0 76.22818059,30.70629980,0 76.22809082,30.70634588,0 76.22800106,30.70639196,0 76.22791129,30.70643804,0 76.22782152,30.70648412,0 76.22773175,30.70653020,0 76.22764199,30.70657628,0 76.22755222,30.70662236,0 76.22746245,30.70666844,0 76.22737269,30.70671452,0 76.22728292,30.70676060,0 76.22719315,30.70680668,0 76.22710338,30.70685276,0 76.22701361,30.70689884,0 76.22692385,30.70694492,0 76.22683408,30.70699100,0 76.22674431,30.70703708,0 76.22665454,30.70708316,0 76.22656477,30.70712924,0 76.22647501,30.70717532,0 76.22638524,30.70722140,0 76.22629547,30.70726748,0 76.22620570,30.70731356,0 76.22611593,30.70735964,0 76.22602616,30.70740571,0 76.22593639,30.70745179,0 76.22584663,30.70749787,0 76.22575686,30.70754395,0 76.22566709,30.70759003,0 76.22557732,30.70763611,0 76.22548755,30.70768219,0 76.22539778,30.70772827,0 76.22530801,30.70777434,0 76.22521824,30.70782042,0 76.22512847,30.70786650,0 76.22503870,30.70791258,0 76.22494893,30.70795866,0 76.22485916,30.70800474,0 76.22476939,30.70805081,0 76.22467962,30.70809689,0 76.22458985,30.70814297,0 76.22450008,30.70818905,0 76.22441031,30.70823513,0 76.22432054,30.70828120,0 76.22423077,30.70832728,0 76.22414100,30.70837336,0 76.22405123,30.70841944,0 76.22396146,30.70846551,0 76.22387169,30.70851159,0 76.22378192,30.70855767,0 76.22369215,30.70860375,0 76.22360238,30.70864982,0 76.22351260,30.70869590,0 76.22342283,30.70874198,0 76.22333419,30.70878964,0 76.22324642,30.70883850,0 76.22315865,30.70888737,0 76.22307087,30.70893624,0 76.22298310,30.70898510,0 76.22289533,30.70903397,0 76.22280755,30.70908283,0 76.22271978,30.70913170,0 76.22263200,30.70918057,0 76.22254423,30.70922943,0 76.22245645,30.70927830,0 76.22236868,30.70932716,0 76.22228091,30.70937603,0 76.22219313,30.70942489,0 76.22210536,30.70947376,0 76.22201758,30.70952263,0 76.22192981,30.70957149,0 76.22184203,30.70962036,0 76.22175426,30.70966922,0 76.22166648,30.70971809,0 76.22157870,30.70976695,0 76.22149093,30.70981582,0 76.22140315,30.70986468,0 76.22131538,30.70991355,0 76.22122760,30.70996241,0 76.22113983,30.71001128,0 76.22105205,30.71006014,0 76.22096427,30.71010901,0 76.22087650,30.71015787,0 76.22078872,30.71020674,0 76.22070095,30.71025560,0 76.22061317,30.71030447,0 76.22052539,30.71035333,0 76.22043762,30.71040219,0 76.22034984,30.71045106,0 76.22026206,30.71049992,0 76.22017429,30.71054879,0 76.22008644,30.71059756,0 76.21999856,30.71064628,0 76.21991067,30.71069500,0 76.21982279,30.71074372,0 76.21973491,30.71079244,0 76.21964702,30.71084116,0 76.21955914,30.71088988,0 76.21947125,30.71093860,0 76.21938337,30.71098732,0 76.21929548,30.71103604,0 76.21920760,30.71108476,0 76.21911972,30.71113348,0 76.21903183,30.71118220,0 76.21894395,30.71123092,0 76.21885606,30.71127964,0 76.21876818,30.71132836,0 76.21868029,30.71137708,0 76.21859241,30.71142580,0 76.21850452,30.71147452,0 76.21841663,30.71152324,0 76.21832875,30.71157196,0 76.21824086,30.71162068,0 76.21815298,30.71166940,0 76.21806509,30.71171812,0 76.21797721,30.71176684,0 76.21788932,30.71181556,0 76.21780143,30.71186428,0 76.21771355,30.71191300,0 76.21762566,30.71196171,0 76.21753778,30.71201043,0 76.21744989,30.71205915,0 76.21736200,30.71210787,0 76.21727412,30.71215659,0 76.21718623,30.71220531,0 76.21709834,30.71225403,0 76.21701046,30.71230275,0 76.21692257,30.71235147,0 76.21683468,30.71240018,0 76.21674680,30.71244890,0 76.21665891,30.71249762,0 76.21657102,30.71254634,0 76.21648313,30.71259506,0 76.21639525,30.71264378,0 76.21630736,30.71269249,0 76.21621947,30.71274121,0 76.21613158,30.71278993,0 76.21604370,30.71283865,0 76.21595581,30.71288737,0 76.21586792,30.71293608,0 76.21578003,30.71298480,0 76.21569214,30.71303352,0 76.21560426,30.71308224,0 76.21551637,30.71313096,0 76.21542848,30.71317967,0 76.21534059,30.71322839,0 76.21525270,30.71327711,0 76.21516481,30.71332583,0 76.21507692,30.71337454,0 76.21498904,30.71342326,0 76.21490115,30.71347198,0 76.21481326,30.71352070,0 76.21472537,30.71356941,0 76.21463748,30.71361813,0 76.21454856,30.71366541,0 76.21445889,30.71371164,0 76.21436922,30.71375787,0 76.21427955,30.71380410,0 76.21418987,30.71385033,0 76.21410020,30.71389655,0 76.21401053,30.71394278,0 76.21392086,30.71398901,0 76.21383118,30.71403524,0 76.21374151,30.71408147,0 76.21365184,30.71412770,0 76.21356217,30.71417392,0 76.21347249,30.71422015,0 76.21338282,30.71426638,0 76.21329315,30.71431261,0 76.21320348,30.71435883,0 76.21311380,30.71440506,0 76.21302413,30.71445129,0 76.21293446,30.71449752,0 76.21284478,30.71454375,0 76.21275511,30.71458997,0 76.21266544,30.71463620,0 76.21257576,30.71468243,0 76.21248609,30.71472866,0 76.21239642,30.71477488,0 76.21230674,30.71482111,0 76.21221707,30.71486734,0 76.21212739,30.71491356,0 76.21203772,30.71495979,0 76.21194805,30.71500602,0 76.21185837,30.71505225,0 76.21176870,30.71509847,0 76.21167902,30.71514470,0 76.21158935,30.71519093,0 76.21149967,30.71523715,0 76.21141000,30.71528338,0 76.21132032,30.71532961,0 76.21123065,30.71537583,0 76.21114097,30.71542206,0 76.21105130,30.71546829,0 76.21096162,30.71551451,0 76.21087195,30.71556074,0 76.21078227,30.71560696,0 76.21069260,30.71565319,0 76.21060292,30.71569942,0 76.21051325,30.71574564,0 76.21042357,30.71579187,0 76.21033427,30.71583862,0 76.21024518,30.71588569,0 76.21015609,30.71593275,0 76.21006700,30.71597982,0 76.20997791,30.71602688,0 76.20988882,30.71607395,0 76.20979973,30.71612101,0 76.20971064,30.71616808,0 76.20962155,30.71621514,0 76.20953246,30.71626221,0 76.20944337,30.71630927,0 76.20935428,30.71635634,0 76.20926519,30.71640340,0 76.20917610,30.71645047,0 76.20908701,30.71649753,0 76.20899792,30.71654459,0 76.20890883,30.71659166,0 76.20881974,30.71663872,0 76.20873065,30.71668579,0 76.20864156,30.71673285,0 76.20855247,30.71677992,0 76.20846338,30.71682698,0 76.20837428,30.71687404,0 76.20828519,30.71692111,0 76.20819610,30.71696817,0 76.20810701,30.71701523,0 76.20801792,30.71706230,0 76.20792883,30.71710936,0 76.20783974,30.71715643,0 76.20775065,30.71720349,0 76.20766155,30.71725055,0 76.20757246,30.71729762,0 76.20748337,30.71734468,0 76.20739428,30.71739174,0 76.20730519,30.71743881,0 76.20721609,30.71748587,0 76.20712700,30.71753293,0 76.20703791,30.71757999,0 76.20694882,30.71762706,0 76.20685972,30.71767412,0 76.20677063,30.71772118,0 76.20668154,30.71776825,0 76.20659245,30.71781531,0 76.20650335,30.71786237,0 76.20641426,30.71790943,0 76.20632517,30.71795650,0 76.20623607,30.71800356,0 76.20614698,30.71805062,0 76.20605789,30.71809768,0 76.20596880,30.71814475,0 76.20587970,30.71819181,0 76.20579061,30.71823887,0 76.20570151,30.71828593,0 76.20561248,30.71833308,0 76.20552349,30.71838028,0 76.20543450,30.71842749,0 76.20534551,30.71847470,0 76.20525651,30.71852190,0 76.20516752,30.71856911,0 76.20507853,30.71861631,0 76.20498954,30.71866352,0 76.20490055,30.71871073,0 76.20481155,30.71875793,0 76.20472256,30.71880514,0 76.20463357,30.71885234,0 76.20454458,30.71889955,0 76.20445558,30.71894675,0 76.20436659,30.71899396,0 76.20427760,30.71904116,0 76.20418860,30.71908837,0 76.20409961,30.71913557,0 76.20401062,30.71918278,0 76.20392163,30.71922998,0 76.20383263,30.71927719,0 76.20374364,30.71932439,0 76.20365465,30.71937160,0 76.20356565,30.71941880,0 76.20347666,30.71946601,0 76.20338767,30.71951321,0 76.20329867,30.71956042,0 76.20320968,30.71960762,0 76.20312068,30.71965483,0 76.20303169,30.71970203,0 76.20294270,30.71974924,0 76.20285370,30.71979644,0 76.20276471,30.71984365,0 76.20267571,30.71989085,0 76.20258672,30.71993805,0 76.20249772,30.71998526,0 76.20240873,30.72003246,0 76.20231973,30.72007967,0 76.20223074,30.72012687,0 76.20214174,30.72017407,0 76.20205275,30.72022128,0 76.20196375,30.72026848,0 76.20187476,30.72031569,0 76.20178576,30.72036289,0 76.20169677,30.72041009,0 76.20160777,30.72045730,0 76.20151878,30.72050450,0 76.20142978,30.72055170,0 76.20134079,30.72059891,0 76.20125179,30.72064611,0 76.20116280,30.72069331,0 76.20107380,30.72074052,0 76.20098480,30.72078772,0 76.20089581,30.72083492,0 76.20080681,30.72088213,0 76.20071781,30.72092933,0 76.20062882,30.72097653,0 76.20053982,30.72102373,0 76.20045082,30.72107094,0 76.20036183,30.72111814,0 76.20027283,30.72116534,0 76.20018383,30.72121255,0 76.20009484,30.72125975,0 76.20000584,30.72130695,0 76.19991684,30.72135415,0 76.19982785,30.72140135,0 76.19973885,30.72144856,0 76.19964985,30.72149576,0 76.19956085,30.72154296,0 76.19947186,30.72159016,0 76.19938286,30.72163737,0 76.19929386,30.72168457,0 76.19920487,30.72173177,0 76.19911587,30.72177898,0 76.19902687,30.72182618,0 76.19893788,30.72187339,0 76.19884888,30.72192059,0 76.19875989,30.72196780,0 76.19867089,30.72201500,0 76.19858189,30.72206221,0 76.19849290,30.72210941,0 76.19840390,30.72215662,0 76.19831491,30.72220382,0 76.19822591,30.72225103,0 76.19813691,30.72229823,0 76.19804792,30.72234543,0 76.19795892,30.72239264,0 76.19786992,30.72243984,0 76.19778092,30.72248705,0 76.19769193,30.72253425,0 76.19760293,30.72258145,0 76.19751393,30.72262866,0 76.19742494,30.72267586,0 76.19733594,30.72272307,0 76.19724694,30.72277027,0 76.19715794,30.72281747,0 76.19706895,30.72286468,0 76.19697995,30.72291188,0 76.19689095,30.72295908,0 76.19680195,30.72300629,0 76.19671271,30.72305314,0 76.19662328,30.72309974,0 76.19653386,30.72314634,0 76.19644444,30.72319294,0 76.19635501,30.72323954,0 76.19626559,30.72328614,0 76.19617617,30.72333274,0 76.19608674,30.72337934,0 76.19599732,30.72342594,0 76.19590789,30.72347254,0 76.19581847,30.72351914,0 76.19572905,30.72356573,0 76.19563962,30.72361233,0 76.19555020,30.72365893,0 76.19546077,30.72370553,0 76.19537135,30.72375213,0 76.19528192,30.72379873,0 76.19519250,30.72384533,0 76.19510307,30.72389193,0 76.19501365,30.72393853,0 76.19492422,30.72398512,0 76.19483480,30.72403172,0 76.19474537,30.72407832,0 76.19465595,30.72412492,0 76.19456652,30.72417152,0 76.19447710,30.72421812,0 76.19438767,30.72426471,0 76.19429825,30.72431131,0 76.19420882,30.72435791,0 76.19411939,30.72440451,0 76.19402997,30.72445111,0 76.19394054,30.72449770,0 76.19385112,30.72454430,0 76.19376169,30.72459090,0 76.19367226,30.72463750,0 76.19358284,30.72468410,0 76.19349341,30.72473069,0 76.19340399,30.72477729,0 76.19331456,30.72482389,0 76.19322513,30.72487049,0 76.19313571,30.72491708,0 76.19304628,30.72496368,0 76.19295685,30.72501028,0 76.19286742,30.72505687,0 76.19277800,30.72510347,0 76.19268857,30.72515007,0 76.19259914,30.72519667,0 76.19250972,30.72524326,0 76.19242029,30.72528986,0 76.19233086,30.72533646,0 76.19224143,30.72538305,0 76.19215200,30.72542965,0 76.19206258,30.72547625,0 76.19197315,30.72552284,0 76.19188372,30.72556944,0 76.19179429,30.72561604,0 76.19170486,30.72566263,0 76.19161555,30.72570939,0 76.19152637,30.72575634,0 76.19143718,30.72580328,0 76.19134800,30.72585022,0 76.19125881,30.72589716,0 76.19116962,30.72594410,0 76.19108044,30.72599104,0 76.19099125,30.72603799,0 76.19090206,30.72608493,0 76.19081288,30.72613187,0 76.19072369,30.72617881,0 76.19063450,30.72622575,0 76.19054532,30.72627269,0 76.19045613,30.72631963,0 76.19036694,30.72636657,0 76.19027776,30.72641352,0 76.19018857,30.72646046,0 76.19009938,30.72650740,0 76.19001019,30.72655434,0 76.18992101,30.72660128,0 76.18983182,30.72664822,0 76.18974263,30.72669516,0 76.18965344,30.72674210,0 76.18956426,30.72678904,0 76.18947507,30.72683598,0 76.18938588,30.72688292,0 76.18929669,30.72692986,0 76.18920750,30.72697680,0 76.18911831,30.72702374,0 76.18902913,30.72707068,0 76.18893994,30.72711762,0 76.18885075,30.72716456,0 76.18876156,30.72721150,0 76.18867237,30.72725844,0 76.18858318,30.72730538,0 76.18849399,30.72735232,0 76.18840481,30.72739926,0 76.18831562,30.72744620,0 76.18822643,30.72749314,0 76.18813724,30.72754008,0 76.18804805,30.72758702,0 76.18795886,30.72763396,0 76.18786967,30.72768090,0 76.18778061,30.72772802,0 76.18769165,30.72777528,0 76.18760268,30.72782254,0 76.18751372,30.72786979,0 76.18742475,30.72791705,0 76.18733579,30.72796431,0 76.18724682,30.72801156,0 76.18715785,30.72805882,0 76.18706889,30.72810607,0 76.18697992,30.72815333,0 76.18689096,30.72820058,0 76.18680199,30.72824784,0 76.18671303,30.72829510,0 76.18662406,30.72834235,0 76.18653509,30.72838961,0 76.18644613,30.72843686,0 76.18635716,30.72848412,0 76.18626819,30.72853137,0 76.18617923,30.72857863,0 76.18609026,30.72862588,0 76.18600129,30.72867314,0 76.18591233,30.72872039,0 76.18582336,30.72876765,0 76.18573439,30.72881491,0 76.18564543,30.72886216,0 76.18555646,30.72890941,0 76.18546749,30.72895667,0 76.18537852,30.72900392,0 76.18528956,30.72905118,0 76.18520059,30.72909843,0 76.18511162,30.72914569,0 76.18502265,30.72919294,0 76.18493369,30.72924020,0 76.18484472,30.72928745,0 76.18475575,30.72933471,0 76.18466678,30.72938196,0 76.18457781,30.72942922,0 76.18448885,30.72947647,0 76.18439988,30.72952372,0 76.18431091,30.72957098,0 76.18422194,30.72961823,0 76.18413297,30.72966549,0 76.18404400,30.72971274,0 76.18395504,30.72975999,0 76.18386607,30.72980725,0 76.18377710,30.72985450,0 76.18368813,30.72990175,0 76.18359916,30.72994901,0 76.18351019,30.72999626,0 76.18342122,30.73004352,0 76.18333225,30.73009077,0 76.18324328,30.73013802,0 76.18315431,30.73018528,0 76.18306534,30.73023253,0 76.18297637,30.73027978,0 76.18288740,30.73032704,0 76.18279843,30.73037429,0 76.18270946,30.73042154,0 76.18262049,30.73046879,0 76.18253152,30.73051605,0 76.18244255,30.73056330,0 76.18235358,30.73061055,0 76.18226461,30.73065781,0 76.18217564,30.73070506,0 76.18208667,30.73075231,0 76.18199770,30.73079956,0 76.18190873,30.73084682,0 76.18181976,30.73089407,0 76.18173079,30.73094132,0 76.18164182,30.73098857,0 76.18155285,30.73103583,0 76.18146388,30.73108308,0 76.18137490,30.73113033,0 76.18128593,30.73117758,0 76.18119696,30.73122483,0 76.18110799,30.73127209,0 76.18101902,30.73131934,0 76.18093005,30.73136659,0 76.18084107,30.73141384,0 76.18075210,30.73146109,0 76.18066313,30.73150835,0 76.18057416,30.73155560,0 76.18048519,30.73160285,0 76.18039621,30.73165010,0 76.18030724,30.73169735,0 76.18021827,30.73174460,0 76.18012930,30.73179185,0 76.18004032,30.73183911,0 76.17995135,30.73188636,0 76.17986238,30.73193361,0 76.17977341,30.73198086,0 76.17968443,30.73202811,0 76.17959546,30.73207536,0 76.17950649,30.73212261,0 76.17941751,30.73216986,0 76.17932854,30.73221711,0 76.17923957,30.73226436,0 76.17915059,30.73231161,0 76.17906162,30.73235887,0 76.17897265,30.73240612,0 76.17888367,30.73245337,0 76.17879470,30.73250062,0 76.17870573,30.73254787,0 76.17861675,30.73259512,0 76.17852778,30.73264237,0 76.17843880,30.73268962,0 76.17834983,30.73273687,0 76.17826086,30.73278412,0 76.17817188,30.73283137,0 76.17808291,30.73287862,0 76.17799393,30.73292587,0 76.17790496,30.73297312,0 76.17781598,30.73302037,0 76.17772701,30.73306762,0 76.17763803,30.73311487,0 76.17754906,30.73316212,0 76.17746008,30.73320937,0 76.17737111,30.73325662,0 76.17728213,30.73330387,0 76.17719316,30.73335112,0 76.17710418,30.73339837,0 76.17701520,30.73344561,0 76.17692623,30.73349286,0 76.17683725,30.73354011,0 76.17674828,30.73358736,0 76.17665930,30.73363461,0 76.17657033,30.73368186,0 76.17648135,30.73372911,0 76.17639237,30.73377636,0 76.17630340,30.73382361,0 76.17621442,30.73387086,0 76.17612544,30.73391810,0 76.17603647,30.73396535,0 76.17594749,30.73401260,0 76.17585851,30.73405985,0 76.17576954,30.73410710,0 76.17568056,30.73415435,0 76.17559158,30.73420159,0 76.17550261,30.73424884,0 76.17541363,30.73429609,0 76.17532465,30.73434334,0 76.17523567,30.73439059,0 76.17514670,30.73443783,0 76.17505772,30.73448508,0 76.17496874,30.73453233,0 76.17487976,30.73457958,0 76.17479079,30.73462683,0 76.17470181,30.73467407,0 76.17461283,30.73472132,0 76.17452385,30.73476857,0 76.17443487,30.73481582,0 76.17434590,30.73486306,0 76.17425692,30.73491031,0 76.17416794,30.73495756,0 76.17407896,30.73500481,0 76.17398998,30.73505205,0 76.17390100,30.73509930,0 76.17381202,30.73514655,0 76.17372304,30.73519379,0 76.17363407,30.73524104,0 76.17354509,30.73528829,0 76.17345611,30.73533554,0 76.17336713,30.73538278,0 76.17327815,30.73543003,0 76.17318917,30.73547728,0 76.17310019,30.73552452,0 76.17301121,30.73557177,0 76.17292223,30.73561902,0 76.17283325,30.73566626,0 76.17274427,30.73571351,0 76.17265529,30.73576075,0 76.17256631,30.73580800,0 76.17247733,30.73585525,0 76.17238835,30.73590249,0 76.17229937,30.73594974,0 76.17221039,30.73599699,0 76.17212141,30.73604423,0 76.17203243,30.73609148,0 76.17194345,30.73613872,0 76.17185447,30.73618597,0 76.17176549,30.73623321,0 76.17167651,30.73628046,0 76.17158753,30.73632771,0 76.17149854,30.73637495,0 76.17140956,30.73642220,0 76.17132058,30.73646944,0 76.17123160,30.73651669,0 76.17114262,30.73656393,0 76.17105364,30.73661118,0 76.17096466,30.73665842,0 76.17087567,30.73670567,0 76.17078669,30.73675291,0 76.17069771,30.73680016,0 76.17060873,30.73684740,0 76.17051975,30.73689465,0 76.17043076,30.73694189,0 76.17034178,30.73698914,0 76.17025280,30.73703638,0 76.17016382,30.73708363,0 76.17007483,30.73713087,0 76.16998606,30.73717840,0 76.16989743,30.73722614,0 76.16980880,30.73727388,0 76.16972017,30.73732162,0 76.16963154,30.73736935,0 76.16954291,30.73741709,0 76.16945428,30.73746483,0 76.16936565,30.73751257,0 76.16927702,30.73756030,0 76.16918839,30.73760804,0 76.16909976,30.73765578,0 76.16901113,30.73770351,0 76.16892250,30.73775125,0 76.16883387,30.73779899,0 76.16874524,30.73784672,0 76.16865661,30.73789446,0 76.16856798,30.73794220,0 76.16847935,30.73798993,0 76.16839072,30.73803767,0 76.16830209,30.73808541,0 76.16821345,30.73813314,0 76.16812482,30.73818088,0 76.16803619,30.73822862,0 76.16794756,30.73827635,0 76.16785893,30.73832409,0 76.16777030,30.73837182,0 76.16768167,30.73841956,0 76.16759303,30.73846730,0 76.16750440,30.73851503,0 76.16741577,30.73856277,0 76.16732714,30.73861050,0 76.16723851,30.73865824,0 76.16714988,30.73870598,0 76.16706124,30.73875371,0 76.16697261,30.73880145,0 76.16688398,30.73884918,0 76.16679535,30.73889692,0 76.16670671,30.73894465,0 76.16661808,30.73899239,0 76.16652945,30.73904012,0 76.16644082,30.73908786,0 76.16635218,30.73913559,0 76.16626355,30.73918333,0 76.16617492,30.73923106,0 76.16608628,30.73927880,0 76.16599765,30.73932653,0 76.16590902,30.73937427,0 76.16582038,30.73942200,0 76.16573175,30.73946974,0 76.16564312,30.73951747,0 76.16555448,30.73956521,0 76.16546585,30.73961294,0 76.16537722,30.73966068,0 76.16528858,30.73970841,0 76.16519995,30.73975615,0 76.16511131,30.73980388,0 76.16502268,30.73985161,0 76.16493404,30.73989935,0 76.16484541,30.73994708,0 76.16475678,30.73999482,0 76.16466814,30.74004255,0 76.16457951,30.74009028,0 76.16449087,30.74013802,0 76.16440224,30.74018575,0 76.16431360,30.74023349,0 76.16422497,30.74028122,0 76.16413633,30.74032895,0 76.16404770,30.74037669,0 76.16395906,30.74042442,0 76.16387043,30.74047215,0 76.16378179,30.74051989,0 76.16369316,30.74056762,0 76.16360452,30.74061535,0 76.16351588,30.74066309,0 76.16342725,30.74071082,0 76.16333861,30.74075855,0 76.16324998,30.74080629,0 76.16316134,30.74085402,0 76.16307270,30.74090175,0 76.16298407,30.74094949,0 76.16289543,30.74099722,0 76.16280679,30.74104495,0 76.16271816,30.74109269,0 76.16262952,30.74114042,0 76.16254089,30.74118815,0 76.16245225,30.74123588,0 76.16236361,30.74128362,0 76.16227497,30.74133135,0 76.16218634,30.74137908,0 76.16209770,30.74142681,0 76.16200906,30.74147454,0 76.16192043,30.74152228,0 76.16183179,30.74157001,0 76.16174315,30.74161774,0 76.16165451,30.74166547,0 76.16156588,30.74171321,0 76.16147724,30.74176094,0 76.16138860,30.74180867,0 76.16129996,30.74185640,0 76.16121132,30.74190413,0 76.16112246,30.74195155,0 76.16103344,30.74199875,0 76.16094442,30.74204595,0 76.16085540,30.74209314,0 76.16076638,30.74214034,0 76.16067736,30.74218754,0 76.16058834,30.74223474,0 76.16049932,30.74228193,0 76.16041029,30.74232913,0 76.16032127,30.74237633,0 76.16023225,30.74242353,0 76.16014323,30.74247072,0 76.16005421,30.74251792,0 76.15996519,30.74256512,0 76.15987617,30.74261232,0 76.15978714,30.74265951,0 76.15969812,30.74270671,0 76.15960910,30.74275391,0 76.15952008,30.74280110,0 76.15943106,30.74284830,0 76.15934204,30.74289550,0 76.15925301,30.74294270,0 76.15916399,30.74298989,0 76.15907497,30.74303709,0 76.15898595,30.74308429,0 76.15889693,30.74313148,0 76.15880790,30.74317868,0 76.15871888,30.74322588,0 76.15862986,30.74327307,0 76.15854083,30.74332027,0 76.15845181,30.74336747,0 76.15836279,30.74341466,0 76.15827377,30.74346186,0 76.15818474,30.74350906,0 76.15809572,30.74355625,0 76.15800670,30.74360345,0 76.15791767,30.74365064,0 76.15782865,30.74369784,0 76.15773963,30.74374504,0 76.15765060,30.74379223,0 76.15756158,30.74383943,0 76.15747256,30.74388662,0 76.15738353,30.74393382,0 76.15729451,30.74398102,0 76.15720548,30.74402821,0 76.15711646,30.74407541,0 76.15702744,30.74412260,0 76.15693841,30.74416980,0 76.15684939,30.74421699,0 76.15676036,30.74426419,0 76.15667134,30.74431138,0 76.15658231,30.74435858,0 76.15649329,30.74440578,0 76.15640430,30.74445302,0 76.15631531,30.74450026,0 76.15622632,30.74454751,0 76.15613733,30.74459475,0 76.15604834,30.74464200,0 76.15595935,30.74468924,0 76.15587036,30.74473649,0 76.15578137,30.74478373,0 76.15569238,30.74483098,0 76.15560339,30.74487822,0 76.15551440,30.74492546,0 76.15542541,30.74497271,0 76.15533642,30.74501995,0 76.15524743,30.74506720,0 76.15515844,30.74511444,0 76.15506945,30.74516169,0 76.15498046,30.74520893,0 76.15489146,30.74525617,0 76.15480247,30.74530342,0 76.15471348,30.74535066,0 76.15462449,30.74539790,0 76.15453550,30.74544515,0 76.15444651,30.74549239,0 76.15435752,30.74553963,0 76.15426853,30.74558688,0 76.15417953,30.74563412,0 76.15409054,30.74568136,0 76.15400155,30.74572861,0 76.15391256,30.74577585,0 76.15382357,30.74582309,0 76.15373457,30.74587034,0 76.15364558,30.74591758,0 76.15355659,30.74596482,0 76.15346760,30.74601207,0 76.15337860,30.74605931,0 76.15328961,30.74610655,0 76.15320062,30.74615379,0 76.15311163,30.74620104,0 76.15302263,30.74624828,0 76.15293356,30.74629541,0 76.15284435,30.74634235,0 76.15275514,30.74638928,0 76.15266593,30.74643622,0 76.15257672,30.74648316,0 76.15248752,30.74653010,0 76.15239831,30.74657703,0 76.15230910,30.74662397,0 76.15221999,30.74667106,0 76.15213096,30.74671825,0 76.15204194,30.74676544,0 76.15195291,30.74681264,0 76.15186388,30.74685983,0 76.15177485,30.74690702,0 76.15168582,30.74695421,0 76.15159679,30.74700140,0 76.15150776,30.74704859,0 76.15141873,30.74709579,0 76.15132970,30.74714298,0 76.15124067,30.74719017,0 76.15115164,30.74723736,0 76.15106261,30.74728455,0 76.15097358,30.74733174,0 76.15088455,30.74737894,0 76.15079552,30.74742613,0 76.15070649,30.74747332,0 76.15061746,30.74752051,0 76.15052842,30.74756770,0 76.15043939,30.74761489,0 76.15035036,30.74766208,0 76.15026133,30.74770927,0 76.15017230,30.74775646,0 76.15008327,30.74780365,0 76.14999424,30.74785085,0 76.14990521,30.74789804,0 76.14981618,30.74794523,0 76.14972714,30.74799242,0 76.14963811,30.74803961,0 76.14954908,30.74808680,0 76.14946005,30.74813399,0 76.14937102,30.74818118,0 76.14928198,30.74822837,0 76.14919295,30.74827556,0 76.14910392,30.74832275,0 76.14901489,30.74836994,0 76.14892586,30.74841713,0 76.14883682,30.74846432,0 76.14874779,30.74851151,0 76.14865876,30.74855870,0 76.14856973,30.74860589,0 76.14848069,30.74865308,0 76.14839166,30.74870027,0 76.14830263,30.74874746,0 76.14821359,30.74879465,0 76.14812456,30.74884184,0 76.14803553,30.74888903,0 76.14794649,30.74893622,0 76.14785746,30.74898340,0 76.14776843,30.74903059,0 76.14767939,30.74907778,0 76.14759036,30.74912497,0 76.14750133,30.74917216,0 76.14741229,30.74921935,0 76.14732326,30.74926654,0 76.14723422,30.74931373,0 76.14714519,30.74936092,0 76.14705616,30.74940811,0 76.14696712,30.74945529,0 76.14687809,30.74950248,0 76.14678905,30.74954967,0 76.14670002,30.74959686,0 76.14661098,30.74964405,0 76.14652195,30.74969124,0 76.14643291,30.74973842,0 76.14634388,30.74978561,0 76.14625485,30.74983280,0 76.14616581,30.74987999,0 76.14607677,30.74992718,0 76.14598774,30.74997437,0 76.14589870,30.75002155,0 76.14580967,30.75006874,0 76.14572063,30.75011593,0 76.14563160,30.75016312,0 76.14554256,30.75021030,0 76.14545353,30.75025749,0 76.14536449,30.75030468,0 76.14527545,30.75035187,0 76.14518642,30.75039906,0 76.14509738,30.75044624,0 76.14500835,30.75049343,0 76.14491931,30.75054062,0 76.14483027,30.75058780,0 76.14474124,30.75063499,0 76.14465220,30.75068218,0 76.14456316,30.75072937,0 76.14447413,30.75077655,0 76.14438509,30.75082374,0 76.14429605,30.75087093,0 76.14420702,30.75091811,0 76.14411798,30.75096530,0 76.14402894,30.75101249,0 76.14393990,30.75105967,0 76.14385087,30.75110686,0 76.14376183,30.75115405,0 76.14367279,30.75120123,0 76.14358375,30.75124842,0 76.14349472,30.75129561,0 76.14340568,30.75134279,0 76.14331663,30.75138997,0 76.14322758,30.75143714,0 76.14313854,30.75148431,0 76.14304949,30.75153148,0 76.14296044,30.75157865,0 76.14287139,30.75162582,0 76.14278234,30.75167299,0 76.14269329,30.75172016,0 76.14260423,30.75176733,0 76.14251518,30.75181450,0 76.14242613,30.75186167,0 76.14233708,30.75190883,0 76.14224803,30.75195600,0 76.14215898,30.75200317,0 76.14206993,30.75205034,0 76.14198088,30.75209751,0 76.14189183,30.75214468,0 76.14180278,30.75219185,0 76.14171373,30.75223902,0 76.14162468,30.75228619,0 76.14153563,30.75233335,0 76.14144657,30.75238052,0 76.14135752,30.75242769,0 76.14126847,30.75247486,0 76.14117942,30.75252203,0 76.14109037,30.75256920,0 76.14100132,30.75261637,0 76.14091226,30.75266353,0 76.14082321,30.75271070,0 76.14073416,30.75275787,0 76.14064511,30.75280504,0 76.14055606,30.75285221,0 76.14046700,30.75289937,0 76.14037795,30.75294654,0 76.14028890,30.75299371,0 76.14019985,30.75304088,0 76.14011079,30.75308805,0 76.14002174,30.75313521,0 76.13993269,30.75318238,0 76.13984363,30.75322955,0 76.13975458,30.75327672,0 76.13966553,30.75332388,0 76.13957647,30.75337105,0 76.13948742,30.75341822,0 76.13939837,30.75346539,0 76.13930931,30.75351255,0 76.13922026,30.75355972,0 76.13913121,30.75360689,0 76.13904215,30.75365405,0 76.13895310,30.75370122,0 76.13886405,30.75374839,0 76.13877499,30.75379555,0 76.13868594,30.75384272,0 76.13859688,30.75388989,0 76.13850783,30.75393705,0 76.13841877,30.75398422,0 76.13832972,30.75403139,0 76.13824067,30.75407855,0 76.13815161,30.75412572,0 76.13806256,30.75417289,0 76.13797350,30.75422005,0 76.13788445,30.75426722,0 76.13779539,30.75431439,0 76.13770634,30.75436155,0 76.13761728,30.75440872,0 76.13752823,30.75445588,0 76.13743917,30.75450305,0 76.13735012,30.75455022,0 76.13726106,30.75459738,0 76.13717200,30.75464455,0 76.13708295,30.75469171,0 76.13699389,30.75473888,0 76.13690484,30.75478604,0 76.13681578,30.75483321,0 76.13672672,30.75488038,0 76.13663767,30.75492754,0 76.13654861,30.75497471,0 76.13645956,30.75502187,0 76.13637050,30.75506904,0 76.13628144,30.75511620,0 76.13619239,30.75516337,0 76.13610333,30.75521053,0 76.13601427,30.75525770,0 76.13592522,30.75530486,0 76.13583616,30.75535203,0 76.13574710,30.75539919,0 76.13565805,30.75544636,0 76.13556899,30.75549352,0 76.13547993,30.75554069,0 76.13539087,30.75558785,0 76.13530182,30.75563502,0 76.13521276,30.75568218,0 76.13512370,30.75572934,0 76.13503464,30.75577651,0 76.13494559,30.75582367,0 76.13485653,30.75587084,0 76.13476747,30.75591800,0 76.13467841,30.75596517,0 76.13458935,30.75601233,0 76.13450030,30.75605949,0 76.13441071,30.75610590,0 76.13432076,30.75615179,0 76.13423081,30.75619767,0 76.13414086,30.75624355,0 76.13405091,30.75628944,0 76.13396096,30.75633532,0 76.13387101,30.75638120,0 76.13378106,30.75642709,0 76.13369110,30.75647297,0 76.13360115,30.75651885,0 76.13351120,30.75656474,0 76.13342125,30.75661062,0 76.13333130,30.75665650,0 76.13324135,30.75670239,0 76.13315140,30.75674827,0 76.13306144,30.75679415,0 76.13297149,30.75684004,0 76.13288154,30.75688592,0 76.13279159,30.75693180,0 76.13270164,30.75697768,0 76.13261168,30.75702357,0 76.13252173,30.75706945,0 76.13243178,30.75711533,0 76.13234183,30.75716121,0 76.13225187,30.75720710,0 76.13216192,30.75725298,0 76.13207197,30.75729886,0 76.13198202,30.75734474,0 76.13189206,30.75739063,0 76.13180211,30.75743651,0 76.13171216,30.75748239,0 76.13162220,30.75752827,0 76.13153225,30.75757415,0 76.13144230,30.75762004,0 76.13135234,30.75766592,0 76.13126239,30.75771180,0 76.13117244,30.75775768,0 76.13108248,30.75780356,0 76.13099253,30.75784944,0 76.13090257,30.75789533,0 76.13081262,30.75794121,0 76.13072267,30.75798709,0 76.13063271,30.75803297,0 76.13054276,30.75807885,0 76.13045280,30.75812473,0 76.13036285,30.75817061,0 76.13027290,30.75821649,0 76.13018294,30.75826237,0 76.13009299,30.75830826,0 76.13000303,30.75835414,0 76.12991308,30.75840002,0 76.12982312,30.75844590,0 76.12973317,30.75849178,0 76.12964321,30.75853766,0 76.12955326,30.75858354,0 76.12946246,30.75862816,0 76.12937128,30.75867220,0 76.12928011,30.75871625,0 76.12918893,30.75876030,0 76.12909776,30.75880434,0 76.12900658,30.75884839,0 76.12891540,30.75889244,0 76.12882423,30.75893648,0 76.12873305,30.75898053,0 76.12864187,30.75902458,0 76.12855070,30.75906862,0 76.12845952,30.75911267,0 76.12836834,30.75915672,0 76.12827717,30.75920076,0 76.12818599,30.75924481,0 76.12809481,30.75928885,0 76.12800364,30.75933290,0 76.12791246,30.75937695,0 76.12782128,30.75942099,0 76.12773011,30.75946504,0 76.12763893,30.75950908,0 76.12754775,30.75955313,0 76.12745657,30.75959718,0 76.12736540,30.75964122,0 76.12727422,30.75968527,0 76.12718304,30.75972931,0 76.12709186,30.75977336,0 76.12700068,30.75981740,0 76.12690951,30.75986145,0 76.12681833,30.75990549,0 76.12672715,30.75994954,0 76.12663597,30.75999359,0 76.12654479,30.76003763,0 76.12645361,30.76008168,0 76.12636244,30.76012572,0 76.12627126,30.76016977,0 76.12618008,30.76021381,0 76.12608890,30.76025785,0 76.12599772,30.76030190,0 76.12590654,30.76034594,0 76.12581536,30.76038999,0 76.12572418,30.76043403,0 76.12563300,30.76047808,0 76.12554183,30.76052212,0 76.12545065,30.76056617,0 76.12536140,30.76061301,0 76.12527340,30.76066162,0 76.12518539,30.76071024,0 76.12509738,30.76075886,0 76.12500937,30.76080747,0 76.12492136,30.76085609,0 76.12483335,30.76090471,0 76.12474534,30.76095332,0 76.12465733,30.76100194,0 76.12456932,30.76105056,0 76.12448131,30.76109917,0 76.12439330,30.76114779,0 76.12430529,30.76119641,0 76.12421728,30.76124502,0 76.12412927,30.76129364,0 76.12404126,30.76134226,0 76.12395325,30.76139087,0 76.12386524,30.76143949,0 76.12377723,30.76148810,0 76.12368922,30.76153672,0 76.12360121,30.76158534,0 76.12351320,30.76163395,0 76.12342519,30.76168257,0 76.12333718,30.76173118,0 76.12324917,30.76177980,0 76.12316116,30.76182842,0 76.12307315,30.76187703,0 76.12298513,30.76192565,0 76.12289712,30.76197426,0 76.12280911,30.76202288,0 76.12272110,30.76207149,0 76.12263309,30.76212011,0 76.12254508,30.76216872,0 76.12245706,30.76221734,0 76.12236905,30.76226595,0 76.12228104,30.76231457,0 76.12219303,30.76236318,0 76.12210502,30.76241180,0 76.12201700,30.76246041,0 76.12192899,30.76250903,0 76.12184098,30.76255764,0 76.12175297,30.76260626,0 76.12166496,30.76265487,0 76.12157694,30.76270349,0 76.12148893,30.76275210,0 76.12140092,30.76280072,0 76.12131290,30.76284933,0 76.12122489,30.76289795,0 76.12113688,30.76294656,0 76.12104887,30.76299517,0 76.12096085,30.76304379,0 76.12087284,30.76309240,0 76.12078483,30.76314102,0 76.12069681,30.76318963,0 76.12060880,30.76323824,0 76.12052078,30.76328686,0 76.12043277,30.76333547,0 76.12034476,30.76338409,0 76.12025674,30.76343270,0 76.12016873,30.76348131,0 76.12008071,30.76352993,0 76.11999270,30.76357854,0 76.11990469,30.76362715,0 76.11981667,30.76367577,0 76.11972866,30.76372438,0 76.11964064,30.76377299,0 76.11955263,30.76382161,0 76.11946461,30.76387022,0 76.11937660,30.76391883,0 76.11928858,30.76396745,0 76.11920057,30.76401606,0 76.11911255,30.76406467,0 76.11902454,30.76411329,0 76.11893652,30.76416190,0 76.11884851,30.76421051,0 76.11876049,30.76425913,0 76.11867248,30.76430774,0 76.11858446,30.76435635,0 76.11849645,30.76440496,0 76.11840843,30.76445358,0 76.11832041,30.76450219,0 76.11823240,30.76455080,0 76.11814438,30.76459941,0 76.11805636,30.76464803,0 76.11796835,30.76469664,0 76.11788033,30.76474525,0 76.11779232,30.76479386,0 76.11770430,30.76484247,0 76.11761628,30.76489109,0 76.11752827,30.76493970,0 76.11744025,30.76498831,0 76.11735223,30.76503692,0 76.11726422,30.76508553,0 76.11717620,30.76513415,0 76.11708818,30.76518276,0 76.11700016,30.76523137,0 76.11691215,30.76527998,0 76.11682413,30.76532859,0 76.11673611,30.76537720,0 76.11664809,30.76542581,0 76.11655936,30.76547343,0 76.11647021,30.76552048,0 76.11638106,30.76556754,0 76.11629192,30.76561459,0 76.11620277,30.76566164,0 76.11611362,30.76570869,0 76.11602447,30.76575574,0 76.11593533,30.76580279,0 76.11584618,30.76584985,0 76.11575703,30.76589690,0 76.11566788,30.76594395,0 76.11557874,30.76599100,0 76.11548959,30.76603805,0 76.11540044,30.76608510,0 76.11531129,30.76613215,0 76.11522214,30.76617920,0 76.11513299,30.76622626,0 76.11504385,30.76627331,0 76.11495470,30.76632036,0 76.11486555,30.76636741,0 76.11477640,30.76641446,0 76.11468725,30.76646151,0 76.11459810,30.76650856,0 76.11450895,30.76655561,0 76.11441981,30.76660266,0 76.11433066,30.76664971,0 76.11424151,30.76669676,0 76.11415236,30.76674381,0 76.11406321,30.76679086,0 76.11397406,30.76683791,0 76.11388491,30.76688496,0 76.11379576,30.76693201,0 76.11370661,30.76697906,0 76.11361746,30.76702611,0 76.11352831,30.76707316,0 76.11343916,30.76712021,0 76.11335001,30.76716726,0 76.11326086,30.76721431,0 76.11317171,30.76726136,0 76.11308256,30.76730841,0 76.11299341,30.76735546,0 76.11290426,30.76740251,0 76.11281511,30.76744956,0 76.11272596,30.76749661,0 76.11263681,30.76754366,0 76.11254766,30.76759071,0 76.11245851,30.76763776,0 76.11236935,30.76768481,0 76.11228020,30.76773186,0 76.11219105,30.76777891,0 76.11210190,30.76782595,0 76.11201275,30.76787300,0 76.11192360,30.76792005,0 76.11183445,30.76796710,0 76.11174530,30.76801415,0 76.11165614,30.76806120,0 76.11156699,30.76810825,0 76.11147784,30.76815530,0 76.11138869,30.76820234,0 76.11129954,30.76824939,0 76.11121038,30.76829644,0 76.11112123,30.76834349,0 76.11103208,30.76839054,0 76.11094293,30.76843759,0 76.11085377,30.76848463,0 76.11076462,30.76853168,0 76.11067547,30.76857873,0 76.11058632,30.76862578,0 76.11049716,30.76867283,0 76.11040801,30.76871987,0 76.11031886,30.76876692,0 76.11022970,30.76881397,0 76.11014055,30.76886102,0 76.11005140,30.76890807,0 76.10996224,30.76895511,0 76.10987309,30.76900216,0 76.10978394,30.76904921,0 76.10969478,30.76909626,0 76.10960563,30.76914330,0 76.10951648,30.76919035,0 76.10942732,30.76923740,0 76.10933817,30.76928445,0 76.10924902,30.76933149,0 76.10915986,30.76937854,0 76.10907071,30.76942559,0 76.10898155,30.76947263,0 76.10889240,30.76951968,0 76.10880324,30.76956673,0 76.10871409,30.76961378,0 76.10862494,30.76966082,0 76.10853578,30.76970787,0 76.10844663,30.76975492,0 76.10835747,30.76980196,0 76.10826832,30.76984901,0 76.10817916,30.76989606,0 76.10809001,30.76994310,0 76.10800085,30.76999015,0 76.10791170,30.77003720,0 76.10782254,30.77008424,0 76.10773339,30.77013129,0 76.10764423,30.77017833,0 76.10755507,30.77022538,0 76.10746592,30.77027243,0 76.10737676,30.77031947,0 76.10728761,30.77036652,0 76.10719845,30.77041356,0 76.10710929,30.77046061,0 76.10702014,30.77050766,0 76.10693098,30.77055470,0 76.10684183,30.77060175,0 76.10675267,30.77064879,0 76.10666351,30.77069584,0 76.10657436,30.77074288,0 76.10648520,30.77078993,0 76.10639604,30.77083697,0 76.10630689,30.77088402,0 76.10621773,30.77093106,0 76.10612857,30.77097811,0 76.10603941,30.77102515,0 76.10595026,30.77107220,0 76.10586110,30.77111924,0 76.10577194,30.77116629,0 76.10568278,30.77121333,0 76.10559363,30.77126038,0 76.10550447,30.77130742,0 76.10541531,30.77135447,0 76.10532615,30.77140151,0 76.10523700,30.77144856,0 76.10514784,30.77149560,0 76.10505868,30.77154264,0 76.10496952,30.77158969,0 76.10488036,30.77163673,0 76.10479120,30.77168378,0 76.10470205,30.77173082,0 76.10461289,30.77177787,0 76.10452373,30.77182491,0 76.10443457,30.77187195,0 76.10434541,30.77191900,0 76.10425625,30.77196604,0 76.10416709,30.77201309,0 76.10407793,30.77206013,0 76.10398877,30.77210717,0 76.10389961,30.77215422,0 76.10381046,30.77220126,0 76.10372130,30.77224830,0 76.10363214,30.77229535,0 76.10354298,30.77234239,0 76.10345382,30.77238943,0 76.10336466,30.77243648,0 76.10327550,30.77248352,0 76.10318634,30.77253056,0 76.10309718,30.77257761,0 76.10300802,30.77262465,0 76.10291886,30.77267169,0 76.10282970,30.77271873,0 76.10274054,30.77276578,0 76.10265138,30.77281282,0 76.10256221,30.77285986,0 76.10247305,30.77290691,0 76.10238389,30.77295395,0 76.10229473,30.77300099,0 76.10220557,30.77304803,0 76.10211641,30.77309508,0 76.10202725,30.77314212,0 76.10193809,30.77318916,0 76.10184893,30.77323620,0 76.10175977,30.77328324,0 76.10167060,30.77333029,0 76.10158144,30.77337733,0 76.10149228,30.77342437,0 76.10140312,30.77347141,0 76.10131396,30.77351845,0 76.10122479,30.77356550,0 76.10113563,30.77361254,0 76.10104647,30.77365958,0 76.10095731,30.77370662,0 76.10086815,30.77375366,0 76.10077898,30.77380070,0 76.10068982,30.77384775,0 76.10060066,30.77389479,0 76.10051150,30.77394183,0 76.10042233,30.77398887,0 76.10033317,30.77403591,0 76.10024401,30.77408295,0 76.10015484,30.77412999,0 76.10006568,30.77417703,0 76.09997652,30.77422407,0 76.09988736,30.77427112,0 76.09979819,30.77431816,0 76.09970903,30.77436520,0 76.09961986,30.77441224,0 76.09953070,30.77445928,0 76.09944154,30.77450632,0 76.09935237,30.77455336,0 76.09926321,30.77460040,0 76.09917405,30.77464744,0 76.09908488,30.77469448,0 76.09899572,30.77474152,0 76.09890655,30.77478856,0 76.09881739,30.77483560,0 76.09872826,30.77488270,0 76.09863916,30.77492983,0 76.09855006,30.77497695,0 76.09846096,30.77502408,0 76.09837186,30.77507121,0 76.09828275,30.77511834,0 76.09819365,30.77516547,0 76.09810455,30.77521259,0 76.09801544,30.77525972,0 76.09792634,30.77530685,0 76.09783724,30.77535398,0 76.09774814,30.77540110,0 76.09765903,30.77544823,0 76.09756993,30.77549536,0 76.09748083,30.77554249,0 76.09739172,30.77558961,0 76.09730262,30.77563674,0 76.09721352,30.77568387,0 76.09712441,30.77573100,0 76.09703531,30.77577812,0 76.09694621,30.77582525,0 76.09685710,30.77587238,0 76.09676800,30.77591950,0 76.09667889,30.77596663,0 76.09658979,30.77601376,0 76.09650068,30.77606088,0 76.09641158,30.77610801,0 76.09632248,30.77615514,0 76.09623337,30.77620226,0 76.09614427,30.77624939,0 76.09605516,30.77629652,0 76.09596606,30.77634364,0 76.09587695,30.77639077,0 76.09578785,30.77643789,0 76.09569874,30.77648502,0 76.09560964,30.77653215,0 76.09552053,30.77657927,0 76.09543143,30.77662640,0 76.09534232,30.77667352,0 76.09525322,30.77672065,0 76.09516411,30.77676778,0 76.09507500,30.77681490,0 76.09498590,30.77686203,0 76.09489679,30.77690915,0 76.09480769,30.77695628,0 76.09471858,30.77700340,0 76.09462948,30.77705053,0 76.09454037,30.77709766,0 76.09445126,30.77714478,0 76.09436216,30.77719191,0 76.09427305,30.77723903,0 76.09418394,30.77728616,0 76.09409484,30.77733328,0 76.09400573,30.77738041,0 76.09391662,30.77742753,0 76.09382752,30.77747466,0 76.09373841,30.77752178,0 76.09364930,30.77756891,0 76.09356020,30.77761603,0 76.09347109,30.77766315,0 76.09338198,30.77771028,0 76.09329287,30.77775740,0 76.09320377,30.77780453,0 76.09311466,30.77785165,0 76.09302555,30.77789878,0 76.09293644,30.77794590,0 76.09284734,30.77799303,0 76.09275823,30.77804015,0 76.09266912,30.77808727,0 76.09258001,30.77813440,0 76.09249090,30.77818152,0 76.09240179,30.77822865,0 76.09231269,30.77827577,0 76.09222358,30.77832289,0 76.09213447,30.77837002,0 76.09204536,30.77841714,0 76.09195625,30.77846426,0 76.09186714,30.77851139,0 76.09177803,30.77855851,0 76.09168892,30.77860564,0 76.09159982,30.77865276,0 76.09151071,30.77869988,0 76.09142160,30.77874701,0 76.09133249,30.77879413,0 76.09124338,30.77884125,0 76.09115427,30.77888837,0 76.09106516,30.77893550,0 76.09097605,30.77898262,0 76.09088694,30.77902974,0 76.09079783,30.77907687,0 76.09070872,30.77912399,0 76.09061961,30.77917111,0 76.09053050,30.77921823,0 76.09044139,30.77926536,0 76.09035228,30.77931248,0 76.09026317,30.77935960,0 76.09017406,30.77940673,0 76.09008495,30.77945385,0 76.08999584,30.77950097,0 76.08990673,30.77954809,0 76.08981785,30.77959554,0 76.08972909,30.77964316,0 76.08964034,30.77969079,0 76.08955159,30.77973841,0 76.08946284,30.77978604,0 76.08937409,30.77983366,0 76.08928534,30.77988129,0 76.08919658,30.77992891,0 76.08910783,30.77997654,0 76.08901908,30.78002416,0 76.08893033,30.78007179,0 76.08884158,30.78011941,0 76.08875282,30.78016704,0 76.08866407,30.78021466,0 76.08857532,30.78026229,0 76.08848657,30.78030991,0 76.08839781,30.78035753,0 76.08830906,30.78040516,0 76.08822031,30.78045278,0 76.08813155,30.78050041,0 76.08804280,30.78054803,0 76.08795405,30.78059566,0 76.08786530,30.78064328,0 76.08777654,30.78069090,0 76.08768779,30.78073853,0 76.08759903,30.78078615,0 76.08751028,30.78083378,0 76.08742153,30.78088140,0 76.08733277,30.78092902,0 76.08724402,30.78097665,0 76.08715527,30.78102427,0 76.08706651,30.78107190,0 76.08697776,30.78111952,0 76.08688900,30.78116714,0 76.08680025,30.78121477,0 76.08671150,30.78126239,0 76.08662274,30.78131001,0 76.08653399,30.78135764,0 76.08644523,30.78140526,0 76.08635648,30.78145288,0 76.08626772,30.78150050,0 76.08617897,30.78154813,0 76.08609021,30.78159575,0 76.08600146,30.78164337,0 76.08591270,30.78169100,0 76.08582395,30.78173862,0 76.08573519,30.78178624,0 76.08564644,30.78183386,0 76.08555768,30.78188149,0 76.08546892,30.78192911,0 76.08538017,30.78197673,0 76.08529141,30.78202435,0 76.08520266,30.78207198,0 76.08511390,30.78211960,0 76.08502515,30.78216722,0 76.08493639,30.78221484,0 76.08484763,30.78226247,0 76.08475888,30.78231009,0 76.08467012,30.78235771,0 76.08458136,30.78240533,0 76.08449261,30.78245295,0 76.08440385,30.78250058,0 76.08431509,30.78254820,0 76.08422634,30.78259582,0 76.08413758,30.78264344,0 76.08404882,30.78269106,0 76.08396007,30.78273868,0 76.08387131,30.78278631,0 76.08378255,30.78283393,0 76.08369379,30.78288155,0 76.08360504,30.78292917,0 76.08351628,30.78297679,0 76.08342752,30.78302441,0 76.08333847,30.78307162,0 76.08324931,30.78311869,0 76.08316016,30.78316575,0 76.08307101,30.78321282,0 76.08298185,30.78325989,0 76.08289270,30.78330695,0 76.08280355,30.78335402,0 76.08271439,30.78340109,0 76.08262524,30.78344816,0 76.08253609,30.78349522,0 76.08244693,30.78354229,0 76.08235778,30.78358936,0 76.08226862,30.78363642,0 76.08217947,30.78368349,0 76.08209031,30.78373056,0 76.08200116,30.78377762,0 76.08191201,30.78382469,0 76.08182285,30.78387175,0 76.08173370,30.78391882,0 76.08164454,30.78396589,0 76.08155539,30.78401295,0 76.08146623,30.78406002,0 76.08137708,30.78410709,0 76.08128792,30.78415415,0 76.08119877,30.78420122,0 76.08110961,30.78424828,0 76.08102046,30.78429535,0 76.08093130,30.78434242,0 76.08084214,30.78438948,0 76.08075299,30.78443655,0 76.08066383,30.78448361,0 76.08057468,30.78453068,0 76.08048552,30.78457774,0 76.08039636,30.78462481,0 76.08030721,30.78467187,0 76.08021805,30.78471894,0 76.08012890,30.78476600,0 76.08003974,30.78481307,0 76.07995058,30.78486013,0 76.07986143,30.78490720,0 76.07977227,30.78495426,0 76.07968311,30.78500133,0 76.07959395,30.78504839,0 76.07950480,30.78509545,0 76.07941564,30.78514252,0 76.07932648,30.78518958,0 76.07923733,30.78523665,0 76.07914817,30.78528371,0 76.07905901,30.78533078,0 76.07896985,30.78537784,0 76.07888070,30.78542490,0 76.07879154,30.78547197,0 76.07870238,30.78551903,0 76.07861322,30.78556610,0 76.07852406,30.78561316,0 76.07843491,30.78566022,0 76.07834575,30.78570729,0 76.07825659,30.78575435,0 76.07816743,30.78580141,0 76.07807827,30.78584848,0 76.07798911,30.78589554,0 76.07789995,30.78594261,0 76.07781080,30.78598967,0 76.07772164,30.78603673,0 76.07763248,30.78608380,0 76.07754332,30.78613086,0 76.07745416,30.78617792,0 76.07736500,30.78622498,0 76.07727584,30.78627205,0 76.07718668,30.78631911,0 76.07709752,30.78636617,0 76.07700836,30.78641324,0 76.07691920,30.78646030,0 76.07683004,30.78650736,0 76.07674088,30.78655443,0 76.07665172,30.78660149,0 76.07656256,30.78664855,0 76.07647340,30.78669561,0 76.07638424,30.78674268,0 76.07629508,30.78678974,0 76.07620592,30.78683680,0 76.07611676,30.78688386,0 76.07602760,30.78693093,0 76.07593844,30.78697799,0 76.07584928,30.78702505,0 76.07576012,30.78707211,0 76.07567096,30.78711917,0 76.07558180,30.78716624,0 76.07549264,30.78721330,0 76.07540348,30.78726036,0 76.07531432,30.78730742,0 76.07522516,30.78735448,0 76.07513599,30.78740155,0 76.07504683,30.78744861,0 76.07495767,30.78749567,0 76.07486851,30.78754273,0 76.07477935,30.78758979,0 76.07469019,30.78763685,0 76.07460102,30.78768391,0 76.07451186,30.78773098,0 76.07442270,30.78777804,0 76.07433354,30.78782510,0 76.07424438,30.78787216,0 76.07415521,30.78791922,0 76.07406605,30.78796628,0 76.07397689,30.78801334,0 76.07388773,30.78806040,0 76.07379856,30.78810746,0 76.07370940,30.78815453,0 76.07362024,30.78820159,0 76.07353108,30.78824865,0 76.07344191,30.78829571,0 76.07335275,30.78834277,0 76.07326359,30.78838983,0 76.07317442,30.78843689,0 76.07308526,30.78848395,0 76.07299610,30.78853101,0 76.07290693,30.78857807,0 76.07281777,30.78862513,0 76.07272860,30.78867219,0 76.07263944,30.78871925,0 76.07255028,30.78876631,0 76.07246111,30.78881337,0 76.07237195,30.78886043,0 76.07228279,30.78890749,0 76.07219362,30.78895455,0 76.07210446,30.78900161,0 76.07201529,30.78904867,0 76.07192613,30.78909573,0 76.07183696,30.78914279,0 76.07174780,30.78918985,0 76.07165863,30.78923691,0 76.07156947,30.78928397,0 76.07148030,30.78933103,0 76.07139114,30.78937808,0 76.07130197,30.78942514,0 76.07121281,30.78947220,0 76.07112364,30.78951926,0 76.07103448,30.78956632,0 76.07094531,30.78961338,0 76.07085615,30.78966044,0 76.07076698,30.78970750,0 76.07067782,30.78975456,0 76.07058865,30.78980162,0 76.07049948,30.78984867,0 76.07041032,30.78989573,0 76.07032115,30.78994279,0 76.07023199,30.78998985,0 76.07014282,30.79003691,0 76.07005365,30.79008397,0 76.06996449,30.79013102,0 76.06987532,30.79017808,0 76.06978615,30.79022514,0 76.06969699,30.79027220,0 76.06960782,30.79031926,0 76.06951865,30.79036632,0 76.06942949,30.79041337,0 76.06934032,30.79046043,0 76.06925115,30.79050749,0 76.06916199,30.79055455,0 76.06907282,30.79060160,0 76.06898365,30.79064866,0 76.06889448,30.79069572,0 76.06880532,30.79074278,0 76.06871615,30.79078983,0 76.06862698,30.79083689,0 76.06853781,30.79088395,0 76.06844864,30.79093101,0 76.06835948,30.79097806,0 76.06827031,30.79102512,0 76.06818114,30.79107218,0 76.06809197,30.79111923,0 76.06800280,30.79116629,0 76.06791364,30.79121335,0 76.06782447,30.79126041,0 76.06773530,30.79130746,0 76.06764613,30.79135452,0 76.06755696,30.79140158,0 76.06746779,30.79144863,0 76.06737862,30.79149569,0 76.06728945,30.79154275,0 76.06720028,30.79158980,0 76.06711112,30.79163686,0 76.06702195,30.79168391,0 76.06693278,30.79173097,0 76.06684361,30.79177803,0 76.06675444,30.79182508,0 76.06666527,30.79187214,0 76.06657610,30.79191920,0 76.06648693,30.79196625,0 76.06639776,30.79201331,0 76.06630859,30.79206036,0 76.06621942,30.79210742,0 76.06613025,30.79215447,0 76.06604108,30.79220153,0 76.06595191,30.79224858,0 76.06586274,30.79229564,0 76.06577356,30.79234269,0 76.06568439,30.79238975,0 76.06559522,30.79243680,0 76.06550605,30.79248386,0 76.06541688,30.79253091,0 76.06532771,30.79257797,0 76.06523854,30.79262502,0 76.06514937,30.79267208,0 76.06506020,30.79271913,0 76.06497102,30.79276619,0 76.06488185,30.79281324,0 76.06479268,30.79286030,0 76.06470351,30.79290735,0 76.06461434,30.79295441,0 76.06452516,30.79300146,0 76.06443599,30.79304852,0 76.06434682,30.79309557,0 76.06425765,30.79314262,0 76.06416848,30.79318968,0 76.06407930,30.79323673,0 76.06399013,30.79328379,0 76.06390096,30.79333084,0 76.06381179,30.79337789,0 76.06372261,30.79342495,0 76.06363344,30.79347200,0 76.06354427,30.79351906,0 76.06345510,30.79356611,0 76.06336592,30.79361316,0 76.06327675,30.79366022,0 76.06318758,30.79370727,0 76.06309840,30.79375433,0 76.06300923,30.79380138,0 76.06292006,30.79384843,0 76.06283088,30.79389549,0 76.06274171,30.79394254,0 76.06265254,30.79398959,0 76.06256336,30.79403665,0 76.06247419,30.79408370,0 76.06238501,30.79413075,0 76.06229584,30.79417781,0 76.06220667,30.79422486,0 76.06211749,30.79427191,0 76.06202832,30.79431896,0 76.06193914,30.79436602,0 76.06184997,30.79441307,0 76.06176079,30.79446012,0 76.06167162,30.79450718,0 76.06158244,30.79455423,0 76.06149327,30.79460128,0 76.06140409,30.79464833,0 76.06131492,30.79469539,0 76.06122574,30.79474244,0 76.06113657,30.79478949,0 76.06104739,30.79483654,0 76.06095822,30.79488359,0 76.06086904,30.79493065,0 76.06077987,30.79497770,0 76.06069069,30.79502475,0 76.06060152,30.79507180,0 76.06051234,30.79511885,0 76.06042316,30.79516591,0 76.06033399,30.79521296,0 76.06024481,30.79526001,0 76.06015564,30.79530706,0 76.06006646,30.79535411,0 76.05997728,30.79540116,0 76.05988811,30.79544821,0 76.05979893,30.79549527,0 76.05970975,30.79554232,0 76.05962058,30.79558937,0 76.05953140,30.79563642,0 76.05944222,30.79568347,0 76.05935305,30.79573052,0 76.05926387,30.79577757,0 76.05917469,30.79582462,0 76.05908551,30.79587168,0 76.05899634,30.79591873,0 76.05890716,30.79596578,0 76.05881798,30.79601283,0 76.05872880,30.79605988,0 76.05863963,30.79610693,0 76.05855045,30.79615398,0 76.05846127,30.79620103,0 76.05837209,30.79624808,0 76.05828292,30.79629513,0 76.05819374,30.79634218,0 76.05810456,30.79638923,0 76.05801538,30.79643628,0 76.05792620,30.79648333,0 76.05783702,30.79653038,0 76.05774785,30.79657743,0 76.05765867,30.79662448,0 76.05756949,30.79667153,0 76.05748031,30.79671858,0 76.05739113,30.79676563,0 76.05730195,30.79681268,0 76.05721277,30.79685973,0 76.05712359,30.79690678,0 76.05703441,30.79695383,0 76.05694524,30.79700088,0 76.05685606,30.79704793,0 76.05676688,30.79709498,0 76.05667770,30.79714203,0 76.05658852,30.79718908,0 76.05649934,30.79723613,0 76.05641016,30.79728318,0 76.05632098,30.79733023,0 76.05623180,30.79737728,0 76.05614262,30.79742432,0 76.05605344,30.79747137,0 76.05596426,30.79751842,0 76.05587508,30.79756547,0 76.05578590,30.79761252,0 76.05569672,30.79765957,0 76.05560754,30.79770662,0 76.05551836,30.79775367,0 76.05542917,30.79780071,0 76.05533999,30.79784776,0 76.05525081,30.79789481,0 76.05516163,30.79794186,0 76.05507245,30.79798891,0 76.05498327,30.79803596,0 76.05489409,30.79808300,0 76.05480491,30.79813005,0 76.05471572,30.79817710,0 76.05462654,30.79822415,0 76.05453736,30.79827120,0 76.05444818,30.79831824,0 76.05435900,30.79836529,0 76.05426982,30.79841234,0 76.05418063,30.79845939,0 76.05409145,30.79850644,0 76.05400227,30.79855348,0 76.05391309,30.79860053,0 76.05382391,30.79864758,0 76.05373472,30.79869463,0 76.05364554,30.79874167,0 76.05355636,30.79878872,0 76.05346717,30.79883577,0 76.05337799,30.79888281,0 76.05328881,30.79892986,0 76.05319963,30.79897691,0 76.05311044,30.79902396,0 76.05302126,30.79907100,0 76.05293208,30.79911805,0 76.05284289,30.79916510,0 76.05275371,30.79921214,0 76.05266453,30.79925919,0 76.05257534,30.79930624,0 76.05248616,30.79935328,0 76.05239698,30.79940033,0 76.05230779,30.79944738,0 76.05221861,30.79949442,0 76.05212942,30.79954147,0 76.05204024,30.79958851,0 76.05195106,30.79963556,0 76.05186187,30.79968261,0 76.05177269,30.79972965,0 76.05168350,30.79977670,0 76.05159432,30.79982375,0 76.05150513,30.79987079,0 76.05141595,30.79991784,0 76.05132676,30.79996488,0 76.05123758,30.80001193,0 76.05114839,30.80005897,0 76.05105921,30.80010602,0 76.05097002,30.80015307,0 76.05088084,30.80020011,0 76.05079165,30.80024716,0 76.05070247,30.80029420,0 76.05061328,30.80034125,0 76.05052410,30.80038829,0 76.05043491,30.80043534,0 76.05034572,30.80048238,0 76.05025654,30.80052943,0 76.05016735,30.80057647,0 76.05007817,30.80062352,0 76.04998898,30.80067056,0 76.04989979,30.80071761,0 76.04981061,30.80076465,0 76.04972142,30.80081170,0 76.04963223,30.80085874,0 76.04954305,30.80090579,0 76.04945232,30.80095056,0 76.04936114,30.80099466,0 76.04926996,30.80103877,0 76.04917878,30.80108287,0 76.04908760,30.80112698,0 76.04899642,30.80117108,0 76.04890523,30.80121518,0 76.04881405,30.80125929,0 76.04872287,30.80130339,0 76.04863169,30.80134749,0 76.04854051,30.80139160,0 76.04844933,30.80143570,0 76.04835815,30.80147981,0 76.04826696,30.80152391,0 76.04817578,30.80156801,0 76.04808460,30.80161212,0 76.04799342,30.80165622,0 76.04790224,30.80170032,0 76.04781105,30.80174443,0 76.04771987,30.80178853,0 76.04762869,30.80183263,0 76.04753751,30.80187673,0 76.04744632,30.80192084,0 76.04735514,30.80196494,0 76.04726396,30.80200904,0 76.04717277,30.80205315,0 76.04708159,30.80209725,0 76.04699041,30.80214135,0 76.04689923,30.80218545,0 76.04680804,30.80222956,0 76.04671686,30.80227366,0 76.04662568,30.80231776,0 76.04653449,30.80236186,0 76.04644331,30.80240596,0 76.04635213,30.80245007,0 76.04626094,30.80249417,0 76.04616976,30.80253827,0 76.04607857,30.80258237,0 76.04598739,30.80262648,0 76.04589621,30.80267058,0 76.04580502,30.80271468,0 76.04571384,30.80275878,0 76.04562265,30.80280288,0 76.04553147,30.80284698,0 76.04544028,30.80289109,0 76.04534910,30.80293519,0 76.04525792,30.80297929,0 76.04516790,30.80302512,0 76.04507851,30.80307188,0 76.04498912,30.80311865,0 76.04489974,30.80316541,0 76.04481035,30.80321217,0 76.04472096,30.80325893,0 76.04463157,30.80330569,0 76.04454218,30.80335245,0 76.04445279,30.80339921,0 76.04436340,30.80344597,0 76.04427401,30.80349273,0 76.04418462,30.80353949,0 76.04409523,30.80358625,0 76.04400584,30.80363301,0 76.04391645,30.80367977,0 76.04382706,30.80372653,0 76.04373767,30.80377329,0 76.04364828,30.80382005,0 76.04355889,30.80386681,0 76.04346950,30.80391357,0 76.04338011,30.80396033,0 76.04329072,30.80400709,0 76.04320133,30.80405385,0 76.04311194,30.80410061,0 76.04302255,30.80414737,0 76.04293316,30.80419413,0 76.04284377,30.80424089,0 76.04275437,30.80428765,0 76.04266498,30.80433440,0 76.04257559,30.80438116,0 76.04248620,30.80442792,0 76.04239681,30.80447468,0 76.04230742,30.80452144,0 76.04221803,30.80456820,0 76.04212864,30.80461496,0 76.04203924,30.80466172,0 76.04194985,30.80470848,0 76.04186046,30.80475523,0 76.04177107,30.80480199,0 76.04168168,30.80484875,0 76.04159228,30.80489551,0 76.04150289,30.80494227,0 76.04141350,30.80498903,0 76.04132411,30.80503579,0 76.04123471,30.80508254,0 76.04114532,30.80512930,0 76.04105593,30.80517606,0 76.04096654,30.80522282,0 76.04087714,30.80526958,0 76.04078775,30.80531633,0 76.04069836,30.80536309,0 76.04060896,30.80540985,0 76.04051957,30.80545661,0 76.04043018,30.80550337,0 76.04034078,30.80555012,0 76.04025139,30.80559688,0 76.04016200,30.80564364,0 76.04007260,30.80569040,0 76.03998321,30.80573715,0 76.03989381,30.80578391,0 76.03980442,30.80583067,0 76.03971503,30.80587742,0 76.03962563,30.80592418,0 76.03953624,30.80597094,0 76.03944684,30.80601770,0 76.03935745,30.80606445,0 76.03926806,30.80611121,0 76.03917866,30.80615797,0 76.03908927,30.80620472,0 76.03899987,30.80625148,0 76.03891048,30.80629824,0 76.03882108,30.80634499,0 76.03873169,30.80639175,0 76.03864229,30.80643851,0 76.03855290,30.80648526,0 76.03846350,30.80653202,0 76.03837411,30.80657878,0 76.03828471,30.80662553,0 76.03819532,30.80667229,0 76.03810592,30.80671904,0 76.03801669,30.80676603,0 76.03792752,30.80681311,0 76.03783836,30.80686020,0 76.03774919,30.80690728,0 76.03766002,30.80695436,0 76.03757086,30.80700144,0 76.03748169,30.80704852,0 76.03739252,30.80709561,0 76.03730336,30.80714269,0 76.03721419,30.80718977,0 76.03712503,30.80723685,0 76.03703586,30.80728393,0 76.03694669,30.80733102,0 76.03685753,30.80737810,0 76.03676836,30.80742518,0 76.03667919,30.80747226,0 76.03659003,30.80751934,0 76.03650086,30.80756642,0 76.03641169,30.80761351,0 76.03632252,30.80766059,0 76.03623407,30.80770865,0 76.03614598,30.80775723,0 76.03605790,30.80780580,0 76.03596981,30.80785437,0 76.03588173,30.80790295,0 76.03579364,30.80795152,0 76.03570555,30.80800010,0 76.03561747,30.80804867,0 76.03552938,30.80809724,0 76.03544129,30.80814582,0 76.03535321,30.80819439,0 76.03526512,30.80824297,0 76.03517703,30.80829154,0 76.03508895,30.80834011,0 76.03500086,30.80838869,0 76.03491277,30.80843726,0 76.03482469,30.80848583,0 76.03473660,30.80853441,0 76.03464851,30.80858298,0 76.03456042,30.80863155,0 76.03447234,30.80868013,0 76.03438425,30.80872870,0 76.03429616,30.80877727,0 76.03420807,30.80882585,0 76.03411999,30.80887442,0 76.03403190,30.80892299,0 76.03394381,30.80897157,0 76.03385572,30.80902014,0 76.03376763,30.80906871,0 76.03367954,30.80911728,0 76.03359146,30.80916586,0 76.03350337,30.80921443,0 76.03341528,30.80926300,0 76.03332719,30.80931157,0 76.03323910,30.80936015,0 76.03315101,30.80940872,0 76.03306292,30.80945729,0 76.03297483,30.80950586,0 76.03288675,30.80955444,0 76.03279866,30.80960301,0 76.03271057,30.80965158,0 76.03262248,30.80970015,0 76.03253439,30.80974872,0 76.03244630,30.80979730,0 76.03235821,30.80984587,0 76.03227012,30.80989444,0 76.03218203,30.80994301,0 76.03209394,30.80999158,0 76.03200585,30.81004015,0 76.03191776,30.81008873,0 76.03182967,30.81013730,0 76.03174158,30.81018587,0 76.03165349,30.81023444,0 76.03156540,30.81028301,0 76.03147731,30.81033158,0 76.03138922,30.81038015,0 76.03130113,30.81042873,0 76.03121303,30.81047730,0 76.03112494,30.81052587,0 76.03103685,30.81057444,0 76.03094876,30.81062301,0 76.03086067,30.81067158,0 76.03077258,30.81072015,0 76.03068449,30.81076872,0 76.03059640,30.81081729,0 76.03050830,30.81086586,0 76.03042021,30.81091443,0 76.03033212,30.81096300,0 76.03024403,30.81101157,0 76.03015594,30.81106014,0 76.03006784,30.81110871,0 76.02997975,30.81115729,0 76.02989166,30.81120586,0 76.02980357,30.81125443,0 76.02971548,30.81130300,0 76.02962738,30.81135157,0 76.02953929,30.81140014,0 76.02945120,30.81144871,0 76.02936311,30.81149728,0 76.02927501,30.81154585,0 76.02918692,30.81159441,0 76.02909883,30.81164298,0 76.02901073,30.81169155,0 76.02892264,30.81174012,0 76.02883455,30.81178869,0 76.02874645,30.81183726,0 76.02865836,30.81188583,0 76.02857027,30.81193440,0 76.02848217,30.81198297,0 76.02839408,30.81203154,0 76.02830599,30.81208011,0 76.02821789,30.81212868,0 76.02812980,30.81217725,0 76.02804170,30.81222582,0 76.02795361,30.81227439,0 76.02786552,30.81232295,0 76.02777742,30.81237152,0 76.02768933,30.81242009,0 76.02760123,30.81246866,0 76.02751314,30.81251723,0 76.02742427,30.81256474,0 76.02733505,30.81261174,0 76.02724582,30.81265875,0 76.02715660,30.81270576,0 76.02706738,30.81275276,0 76.02697815,30.81279977,0 76.02688893,30.81284678,0 76.02679970,30.81289378,0 76.02671048,30.81294079,0 76.02662125,30.81298780,0 76.02653203,30.81303481,0 76.02644280,30.81308181,0 76.02635358,30.81312882,0 76.02626435,30.81317583,0 76.02617512,30.81322283,0 76.02608590,30.81326984,0 76.02599667,30.81331684,0 76.02590745,30.81336385,0 76.02581822,30.81341086,0 76.02572900,30.81345786,0 76.02563977,30.81350487,0 76.02555054,30.81355188,0 76.02546132,30.81359888,0 76.02537209,30.81364589,0 76.02528286,30.81369289,0 76.02519364,30.81373990,0 76.02510441,30.81378691,0 76.02501518,30.81383391,0 76.02492596,30.81388092,0 76.02483673,30.81392792,0 76.02474750,30.81397493,0 76.02465828,30.81402193,0 76.02456905,30.81406894,0 76.02447982,30.81411594,0 76.02439060,30.81416295,0 76.02430137,30.81420995,0 76.02421214,30.81425696,0 76.02412291,30.81430397,0 76.02403368,30.81435097,0 76.02394446,30.81439798,0 76.02385523,30.81444498,0 76.02376600,30.81449199,0 76.02367677,30.81453899,0 76.02358755,30.81458599,0 76.02349832,30.81463300,0 76.02340909,30.81468000,0 76.02331986,30.81472701,0 76.02323063,30.81477401,0 76.02314140,30.81482102,0 76.02305217,30.81486802,0 76.02296295,30.81491503,0 76.02287372,30.81496203,0 76.02278449,30.81500903,0 76.02269526,30.81505604,0 76.02260603,30.81510304,0 76.02251680,30.81515005,0 76.02242757,30.81519705,0 76.02233834,30.81524406,0 76.02224911,30.81529106,0 76.02215988,30.81533806,0 76.02207065,30.81538507,0 76.02198142,30.81543207,0 76.02189219,30.81547907,0 76.02180297,30.81552608,0 76.02171374,30.81557308,0 76.02162451,30.81562008,0 76.02153527,30.81566709,0 76.02144604,30.81571409,0 76.02135681,30.81576109,0 76.02126758,30.81580810,0 76.02117835,30.81585510,0 76.02108912,30.81590210,0 76.02099989,30.81594911,0 76.02091066,30.81599611,0 76.02082143,30.81604311,0 76.02073220,30.81609012,0 76.02064297,30.81613712,0 76.02055374,30.81618412,0 76.02046451,30.81623112,0 76.02037528,30.81627813,0 76.02028604,30.81632513,0 76.02019681,30.81637213,0 76.02010758,30.81641913,0 76.02001835,30.81646614,0 76.01992912,30.81651314,0 76.01983989,30.81656014,0 76.01975065,30.81660714,0 76.01966142,30.81665415,0 76.01957219,30.81670115,0 76.01948296,30.81674815,0 76.01939373,30.81679515,0 76.01930449,30.81684215,0 76.01921526,30.81688916,0 76.01912603,30.81693616,0 76.01903680,30.81698316,0 76.01894756,30.81703016,0 76.01885833,30.81707716,0 76.01876910,30.81712416,0 76.01867986,30.81717117,0 76.01859063,30.81721817,0 76.01850140,30.81726517,0 76.01841217,30.81731217,0 76.01832293,30.81735917,0 76.01823370,30.81740617,0 76.01814447,30.81745317,0 76.01805523,30.81750017,0 76.01796600,30.81754717,0 76.01787676,30.81759418,0 76.01778753,30.81764118,0 76.01769830,30.81768818,0 76.01760906,30.81773518,0 76.01751983,30.81778218,0 76.01743059,30.81782918,0 76.01734136,30.81787618,0 76.01725213,30.81792318,0 76.01716289,30.81797018,0 76.01707366,30.81801718,0 76.01698442,30.81806418,0 76.01689519,30.81811118,0 76.01680595,30.81815818,0 76.01671672,30.81820518,0 76.01662748,30.81825218,0 76.01653825,30.81829918,0 76.01644901,30.81834618,0 76.01635978,30.81839318,0 76.01627054,30.81844018,0 76.01618131,30.81848718,0 76.01609207,30.81853418,0 76.01600284,30.81858118,0 76.01591360,30.81862818,0 76.01582436,30.81867518,0 76.01573513,30.81872218,0 76.01564589,30.81876918,0 76.01555666,30.81881618,0 76.01546742,30.81886318,0 76.01537818,30.81891018,0 76.01528895,30.81895718,0 76.01519971,30.81900418,0 76.01511048,30.81905118,0 76.01502124,30.81909817,0 76.01493200,30.81914517,0 76.01484277,30.81919217,0 76.01475353,30.81923917,0 76.01466429,30.81928617,0 76.01457505,30.81933317,0 76.01448582,30.81938017,0 76.01439658,30.81942717,0 76.01430734,30.81947416,0 76.01421811,30.81952116,0 76.01412887,30.81956816,0 76.01403963,30.81961516,0 76.01395039,30.81966216,0 76.01386116,30.81970916,0 76.01377192,30.81975615,0 76.01368268,30.81980315,0 76.01359344,30.81985015,0 76.01350420,30.81989715,0 76.01341497,30.81994415,0 76.01332573,30.81999115,0 76.01323649,30.82003814,0 76.01314725,30.82008514,0 76.01305801,30.82013214,0 76.01296877,30.82017914,0 76.01287954,30.82022613,0 76.01279030,30.82027313,0 76.01270106,30.82032013,0 76.01261182,30.82036713,0 76.01252258,30.82041412,0 76.01243334,30.82046112,0 76.01234410,30.82050812,0 76.01225486,30.82055512,0 76.01216562,30.82060211,0 76.01207638,30.82064911,0 76.01198714,30.82069611,0 76.01189790,30.82074310,0 76.01180866,30.82079010,0 76.01171942,30.82083710,0 76.01163018,30.82088409,0 76.01154094,30.82093109,0 76.01145170,30.82097809,0 76.01136246,30.82102508,0 76.01127322,30.82107208,0 76.01118398,30.82111908,0 76.01109474,30.82116607,0 76.01100550,30.82121307,0 76.01091626,30.82126007,0 76.01082702,30.82130706,0 76.01073778,30.82135406,0 76.01064854,30.82140105,0 76.01055930,30.82144805,0 76.01047006,30.82149505,0 76.01038082,30.82154204,0 76.01029158,30.82158904,0 76.01020233,30.82163603,0 76.01011309,30.82168303,0 76.01002385,30.82173003,0 76.00993461,30.82177702,0 76.00984537,30.82182402,0 76.00975613,30.82187101,0 76.00966689,30.82191801,0 76.00957764,30.82196500,0 76.00948840,30.82201200,0 76.00939916,30.82205899,0 76.00930992,30.82210599,0 76.00922067,30.82215298,0 76.00913143,30.82219998,0 76.00904219,30.82224697,0 76.00895295,30.82229397,0 76.00886370,30.82234096,0 76.00877446,30.82238796,0 76.00868522,30.82243495,0 76.00859598,30.82248195,0 76.00850673,30.82252894,0 76.00841749,30.82257594,0 76.00832825,30.82262293,0 76.00823900,30.82266993,0 76.00814976,30.82271692,0 76.00806052,30.82276392,0 76.00797127,30.82281091,0 76.00788203,30.82285790,0 76.00779279,30.82290490,0 76.00770354,30.82295189,0 76.00761430,30.82299889,0 76.00752505,30.82304588,0 76.00743581,30.82309287,0 76.00734657,30.82313987,0 76.00725732,30.82318686,0 76.00716808,30.82323386,0 76.00707883,30.82328085,0 76.00698959,30.82332784,0 76.00690034,30.82337484,0 76.00681110,30.82342183,0 76.00672186,30.82346882,0 76.00663261,30.82351582,0 76.00654337,30.82356281,0 76.00645412,30.82360980,0 76.00636488,30.82365680,0 76.00627563,30.82370379,0 76.00618639,30.82375078,0 76.00609714,30.82379778,0 76.00600789,30.82384477,0 76.00591865,30.82389176,0 76.00582940,30.82393875,0 76.00574016,30.82398575,0 76.00565091,30.82403274,0 76.00556167,30.82407973,0 76.00547242,30.82412673,0 76.00538317,30.82417372,0 76.00529393,30.82422071,0 76.00520468,30.82426770,0 76.00511544,30.82431470,0 76.00502619,30.82436169,0 76.00493694,30.82440868,0 76.00484770,30.82445567,0 76.00475845,30.82450266,0 76.00466920,30.82454966,0 76.00457996,30.82459665,0 76.00449071,30.82464364,0 76.00440146,30.82469063,0 76.00431221,30.82473762,0 76.00422297,30.82478462,0 76.00413372,30.82483161,0 76.00404447,30.82487860,0 76.00395523,30.82492559,0 76.00386598,30.82497258,0 76.00377673,30.82501957,0 76.00368748,30.82506657,0 76.00359823,30.82511356,0 76.00350899,30.82516055,0 76.00341974,30.82520754,0 76.00333049,30.82525453,0 76.00324124,30.82530152,0 76.00315199,30.82534851,0 76.00306275,30.82539550,0 76.00297350,30.82544249,0 76.00288425,30.82548949,0 76.00279500,30.82553648,0 76.00270575,30.82558347,0 76.00261650,30.82563046,0 76.00252725,30.82567745,0 76.00243800,30.82572444,0 76.00234876,30.82577143,0 76.00225951,30.82581842,0 76.00217026,30.82586541,0 76.00208101,30.82591240,0 76.00199176,30.82595939,0 76.00190251,30.82600638,0 76.00181326,30.82605337,0 76.00172401,30.82610036,0 76.00163476,30.82614735,0 76.00154551,30.82619434,0 76.00145626,30.82624133,0 76.00136701,30.82628832,0 76.00127776,30.82633531,0 76.00118851,30.82638230,0 76.00109926,30.82642929,0 76.00101001,30.82647628,0 76.00092076,30.82652327,0 76.00083151,30.82657026,0 76.00074226,30.82661725,0 76.00065301,30.82666424,0 76.00056376,30.82671123,0 76.00047451,30.82675822,0 76.00038525,30.82680521,0 76.00029600,30.82685220,0 76.00020675,30.82689918,0 76.00011750,30.82694617,0 76.00002825,30.82699316,0 75.99993900,30.82704015,0 75.99984975,30.82708714,0 75.99976049,30.82713413,0 75.99967124,30.82718112,0 75.99958199,30.82722811,0 75.99949274,30.82727509,0 75.99940349,30.82732208,0 75.99931424,30.82736907,0 75.99922498,30.82741606,0 75.99913573,30.82746305,0 75.99904648,30.82751004,0 75.99895723,30.82755703,0 75.99886797,30.82760401,0 75.99877872,30.82765100,0 75.99868947,30.82769799,0 75.99860022,30.82774498,0 75.99851096,30.82779197,0 75.99842171,30.82783895,0 75.99833246,30.82788594,0 75.99824320,30.82793293,0 75.99815395,30.82797992,0 75.99806470,30.82802690,0 75.99797544,30.82807389,0 75.99788619,30.82812088,0 75.99779694,30.82816787,0 75.99770768,30.82821485,0 75.99761843,30.82826184,0 75.99752918,30.82830883,0 75.99743992,30.82835582,0 75.99735067,30.82840280,0 75.99726141,30.82844979,0 75.99717216,30.82849678,0 75.99708291,30.82854376,0 75.99699365,30.82859075,0 75.99690440,30.82863774,0 75.99681514,30.82868473,0 75.99672589,30.82873171,0 75.99663663,30.82877870,0 75.99654738,30.82882569,0 75.99645812,30.82887267,0 75.99636887,30.82891966,0 75.99627961,30.82896664,0 75.99619036,30.82901363,0 75.99610110,30.82906062,0 75.99601185,30.82910760,0 75.99592259,30.82915459,0 75.99583334,30.82920158,0 75.99574408,30.82924856,0 75.99565483,30.82929555,0 75.99556557,30.82934253,0 75.99547631,30.82938952,0 75.99538706,30.82943651,0 75.99529780,30.82948349,0 75.99520855,30.82953048,0 75.99511929,30.82957746,0 75.99503003,30.82962445,0 75.99494078,30.82967143,0 75.99485152,30.82971842,0 75.99476226,30.82976541,0 75.99467301,30.82981239,0 75.99458375,30.82985938,0 75.99449449,30.82990636,0 75.99440524,30.82995335,0 75.99431598,30.83000033,0 75.99422672,30.83004732,0 75.99413747,30.83009430,0 75.99404821,30.83014129,0 75.99395895,30.83018827,0 75.99386969,30.83023526,0 75.99378044,30.83028224,0 75.99369118,30.83032923,0 75.99360192,30.83037621,0 75.99351266,30.83042319,0 75.99342341,30.83047018,0 75.99333415,30.83051716,0 75.99324489,30.83056415,0 75.99315563,30.83061113,0 75.99306637,30.83065812,0 75.99297712,30.83070510,0 75.99288786,30.83075209,0 75.99279860,30.83079907,0 75.99270934,30.83084605,0 75.99262008,30.83089304,0 75.99253082,30.83094002,0 75.99244156,30.83098701,0 75.99235230,30.83103399,0 75.99226305,30.83108097,0 75.99217379,30.83112796,0 75.99208453,30.83117494,0 75.99199527,30.83122192,0 75.99190601,30.83126891,0 75.99181675,30.83131589,0 75.99172753,30.83136294,0 75.99163834,30.83141001,0 75.99154914,30.83145708,0 75.99145995,30.83150416,0 75.99137075,30.83155123,0 75.99128155,30.83159830,0 75.99119236,30.83164538,0 75.99110316,30.83169245,0 75.99101397,30.83173952,0 75.99092477,30.83178660,0 75.99083557,30.83183367,0 75.99074638,30.83188074,0 75.99065718,30.83192782,0 75.99056798,30.83197489,0 75.99047879,30.83202196,0 75.99038959,30.83206904,0 75.99030039,30.83211611,0 75.99021120,30.83216318,0 75.99012200,30.83221025,0 75.99003280,30.83225733,0 75.98994360,30.83230440,0 75.98985441,30.83235147,0 75.98976521,30.83239854,0 75.98967601,30.83244562,0 75.98958681,30.83249269,0 75.98949762,30.83253976,0 75.98940842,30.83258683,0 75.98931922,30.83263391,0 75.98923002,30.83268098,0 75.98914082,30.83272805,0 75.98905163,30.83277512,0 75.98896243,30.83282219,0 75.98887323,30.83286927,0 75.98878403,30.83291634,0 75.98869483,30.83296341,0 75.98860563,30.83301048,0 75.98851644,30.83305755,0 75.98842724,30.83310463,0 75.98833804,30.83315170,0 75.98824884,30.83319877,0 75.98815964,30.83324584,0 75.98807044,30.83329291,0 75.98798124,30.83333998,0 75.98789204,30.83338705,0 75.98780284,30.83343412,0 75.98771364,30.83348120,0 75.98762444,30.83352827,0 75.98753524,30.83357534,0 75.98744604,30.83362241,0 75.98735684,30.83366948,0 75.98726764,30.83371655,0 75.98717844,30.83376362,0 75.98708924,30.83381069,0 75.98700004,30.83385776,0 75.98691084,30.83390483,0 75.98682164,30.83395190,0 75.98673244,30.83399897,0 75.98664324,30.83404605,0 75.98655404,30.83409312,0 75.98646484,30.83414019,0 75.98637564,30.83418726,0 75.98628644,30.83423433,0 75.98619724,30.83428140,0 75.98610804,30.83432847,0
          </coordinates>
        </LineString>
      </Placemark>
    </Folder>

    <Folder>
      <name>Link Line Bifurcation (SMUN KM 1173 to Rajpura)</name>
      <Placemark>
        <name>SMUN Link Line Bifurcation</name>
        <description>Straight connecting line bifurcating from KM 1173 (SMUN) connecting link bridges 105, 107, 111, 113, 115, 117 towards Rajpura Junction.</description>
        <styleUrl>#linkTrackStyle</styleUrl>
        <LineString>
          <tessellate>1</tessellate>
          <coordinates>
            76.64583999,30.45235362,0 76.63013226,30.46232607,0 76.62703848,30.46434195,0 76.61560245,30.47154813,0 76.61411564,30.47248039,0 76.61209212,30.47380533,0 76.60175528,30.48087192,0
          </coordinates>
        </LineString>
      </Placemark>
    </Folder>

    <Folder>
      <name>DFCC Chainage (KM 1076 to 1250)</name>
      <Placemark>
        <name><![CDATA[KM 1076]]></name>
        <description><![CDATA[
<b>DFCC Chainage Post:</b> KM 1076<br>
<b>UTM Easting:</b> 739,449.673 m<br>
<b>UTM Northing:</b> 3,320,537.056 m<br>
<b>Latitude:</b> 29.99240105°<br>
<b>Longitude:</b> 77.48210929°
]]></description>
        <styleUrl>#kmStyle</styleUrl>
        <Point>
          <coordinates>77.48210929,29.99240105,0</coordinates>
        </Point>
      </Placemark>
      <Placemark>
        <name><![CDATA[KM 1077]]></name>
        <description><![CDATA[
<b>DFCC Chainage Post:</b> KM 1077<br>
<b>UTM Easting:</b> 738,582.315 m<br>
<b>UTM Northing:</b> 3,321,034.459 m<br>
<b>Latitude:</b> 29.99705488°<br>
<b>Longitude:</b> 77.47323661°
]]></description>
        <styleUrl>#kmStyle</styleUrl>
        <Point>
          <coordinates>77.47323661,29.99705488,0</coordinates>
        </Point>
      </Placemark>
      <Placemark>
        <name><![CDATA[KM 1078]]></name>
        <description><![CDATA[
<b>DFCC Chainage Post:</b> KM 1078<br>
<b>UTM Easting:</b> 737,726.644 m<br>
<b>UTM Northing:</b> 3,321,551.902 m<br>
<b>Latitude:</b> 30.00188657°<br>
<b>Longitude:</b> 77.46448861°
]]></description>
        <styleUrl>#kmStyle</styleUrl>
        <Point>
          <coordinates>77.46448861,30.00188657,0</coordinates>
        </Point>
      </Placemark>
      <Placemark>
        <name><![CDATA[KM 1079]]></name>
        <description><![CDATA[
<b>DFCC Chainage Post:</b> KM 1079<br>
<b>UTM Easting:</b> 736,866.258 m<br>
<b>UTM Northing:</b> 3,322,061.544 m<br>
<b>Latitude:</b> 30.00664830°<br>
<b>Longitude:</b> 77.45568916°
]]></description>
        <styleUrl>#kmStyle</styleUrl>
        <Point>
          <coordinates>77.45568916,30.00664830,0</coordinates>
        </Point>
      </Placemark>
      <Placemark>
        <name><![CDATA[KM 1080]]></name>
        <description><![CDATA[
<b>DFCC Chainage Post:</b> KM 1080<br>
<b>UTM Easting:</b> 736,005.786 m<br>
<b>UTM Northing:</b> 3,322,571.042 m<br>
<b>Latitude:</b> 30.01140819°<br>
<b>Longitude:</b> 77.44688791°
]]></description>
        <styleUrl>#kmStyle</styleUrl>
        <Point>
          <coordinates>77.44688791,30.01140819,0</coordinates>
        </Point>
      </Placemark>
      <Placemark>
        <name><![CDATA[KM 1081]]></name>
        <description><![CDATA[
<b>DFCC Chainage Post:</b> KM 1081<br>
<b>UTM Easting:</b> 735,145.314 m<br>
<b>UTM Northing:</b> 3,323,080.539 m<br>
<b>Latitude:</b> 30.01616754°<br>
<b>Longitude:</b> 77.43808579°
]]></description>
        <styleUrl>#kmStyle</styleUrl>
        <Point>
          <coordinates>77.43808579,30.01616754,0</coordinates>
        </Point>
      </Placemark>
      <Placemark>
        <name><![CDATA[KM 1082]]></name>
        <description><![CDATA[
<b>DFCC Chainage Post:</b> KM 1082<br>
<b>UTM Easting:</b> 734,287.180 m<br>
<b>UTM Northing:</b> 3,323,593.892 m<br>
<b>Latitude:</b> 30.02096066°<br>
<b>Longitude:</b> 77.42930789°
]]></description>
        <styleUrl>#kmStyle</styleUrl>
        <Point>
          <coordinates>77.42930789,30.02096066,0</coordinates>
        </Point>
      </Placemark>
      <Placemark>
        <name><![CDATA[KM 1083]]></name>
        <description><![CDATA[
<b>DFCC Chainage Post:</b> KM 1083<br>
<b>UTM Easting:</b> 733,425.397 m<br>
<b>UTM Northing:</b> 3,324,100.669 m<br>
<b>Latitude:</b> 30.02569464°<br>
<b>Longitude:</b> 77.42048985°
]]></description>
        <styleUrl>#kmStyle</styleUrl>
        <Point>
          <coordinates>77.42048985,30.02569464,0</coordinates>
        </Point>
      </Placemark>
      <Placemark>
        <name><![CDATA[KM 1084]]></name>
        <description><![CDATA[
<b>DFCC Chainage Post:</b> KM 1084<br>
<b>UTM Easting:</b> 732,567.658 m<br>
<b>UTM Northing:</b> 3,324,614.626 m<br>
<b>Latitude:</b> 30.03049205°<br>
<b>Longitude:</b> 77.41171442°
]]></description>
        <styleUrl>#kmStyle</styleUrl>
        <Point>
          <coordinates>77.41171442,30.03049205,0</coordinates>
        </Point>
      </Placemark>
      <Placemark>
        <name><![CDATA[KM 1085]]></name>
        <description><![CDATA[
<b>DFCC Chainage Post:</b> KM 1085<br>
<b>UTM Easting:</b> 731,707.200 m<br>
<b>UTM Northing:</b> 3,325,124.036 m<br>
<b>Latitude:</b> 30.03524842°<br>
<b>Longitude:</b> 77.40290895°
]]></description>
        <styleUrl>#kmStyle</styleUrl>
        <Point>
          <coordinates>77.40290895,30.03524842,0</coordinates>
        </Point>
      </Placemark>
      <Placemark>
        <name><![CDATA[KM 1086]]></name>
        <description><![CDATA[
<b>DFCC Chainage Post:</b> KM 1086<br>
<b>UTM Easting:</b> 730,844.861 m<br>
<b>UTM Northing:</b> 3,325,630.333 m<br>
<b>Latitude:</b> 30.03997654°<br>
<b>Longitude:</b> 77.39408246°
]]></description>
        <styleUrl>#kmStyle</styleUrl>
        <Point>
          <coordinates>77.39408246,30.03997654,0</coordinates>
        </Point>
      </Placemark>
      <Placemark>
        <name><![CDATA[KM 1087]]></name>
        <description><![CDATA[
<b>DFCC Chainage Post:</b> KM 1087<br>
<b>UTM Easting:</b> 729,986.008 m<br>
<b>UTM Northing:</b> 3,326,142.524 m<br>
<b>Latitude:</b> 30.04475659°<br>
<b>Longitude:</b> 77.38529249°
]]></description>
        <styleUrl>#kmStyle</styleUrl>
        <Point>
          <coordinates>77.38529249,30.04475659,0</coordinates>
        </Point>
      </Placemark>
      <Placemark>
        <name><![CDATA[KM 1088]]></name>
        <description><![CDATA[
<b>DFCC Chainage Post:</b> KM 1088<br>
<b>UTM Easting:</b> 729,125.393 m<br>
<b>UTM Northing:</b> 3,326,651.779 m<br>
<b>Latitude:</b> 30.04950996°<br>
<b>Longitude:</b> 77.37648276°
]]></description>
        <styleUrl>#kmStyle</styleUrl>
        <Point>
          <coordinates>77.37648276,30.04950996,0</coordinates>
        </Point>
      </Placemark>
      <Placemark>
        <name><![CDATA[KM 1089]]></name>
        <description><![CDATA[
<b>DFCC Chainage Post:</b> KM 1089<br>
<b>UTM Easting:</b> 728,271.773 m<br>
<b>UTM Northing:</b> 3,327,172.073 m<br>
<b>Latitude:</b> 30.05436101°<br>
<b>Longitude:</b> 77.36774703°
]]></description>
        <styleUrl>#kmStyle</styleUrl>
        <Point>
          <coordinates>77.36774703,30.05436101,0</coordinates>
        </Point>
      </Placemark>
      <Placemark>
        <name><![CDATA[KM 1090]]></name>
        <description><![CDATA[
<b>DFCC Chainage Post:</b> KM 1090<br>
<b>UTM Easting:</b> 727,569.114 m<br>
<b>UTM Northing:</b> 3,327,877.502 m<br>
<b>Latitude:</b> 30.06085275°<br>
<b>Longitude:</b> 77.36061487°
]]></description>
        <styleUrl>#kmStyle</styleUrl>
        <Point>
          <coordinates>77.36061487,30.06085275,0</coordinates>
        </Point>
      </Placemark>
      <Placemark>
        <name><![CDATA[KM 1091]]></name>
        <description><![CDATA[
<b>DFCC Chainage Post:</b> KM 1091<br>
<b>UTM Easting:</b> 726,976.291 m<br>
<b>UTM Northing:</b> 3,328,680.618 m<br>
<b>Latitude:</b> 30.06820459°<br>
<b>Longitude:</b> 77.35464125°
]]></description>
        <styleUrl>#kmStyle</styleUrl>
        <Point>
          <coordinates>77.35464125,30.06820459,0</coordinates>
        </Point>
      </Placemark>
      <Placemark>
        <name><![CDATA[KM 1092]]></name>
        <description><![CDATA[
<b>DFCC Chainage Post:</b> KM 1092<br>
<b>UTM Easting:</b> 726,297.611 m<br>
<b>UTM Northing:</b> 3,329,413.334 m<br>
<b>Latitude:</b> 30.07493731°<br>
<b>Longitude:</b> 77.34776166°
]]></description>
        <styleUrl>#kmStyle</styleUrl>
        <Point>
          <coordinates>77.34776166,30.07493731,0</coordinates>
        </Point>
      </Placemark>
      <Placemark>
        <name><![CDATA[KM 1093]]></name>
        <description><![CDATA[
<b>DFCC Chainage Post:</b> KM 1093<br>
<b>UTM Easting:</b> 725,618.879 m<br>
<b>UTM Northing:</b> 3,330,146.047 m<br>
<b>Latitude:</b> 30.08166970°<br>
<b>Longitude:</b> 77.34088060°
]]></description>
        <styleUrl>#kmStyle</styleUrl>
        <Point>
          <coordinates>77.34088060,30.08166970,0</coordinates>
        </Point>
      </Placemark>
      <Placemark>
        <name><![CDATA[KM 1094]]></name>
        <description><![CDATA[
<b>DFCC Chainage Post:</b> KM 1094<br>
<b>UTM Easting:</b> 724,972.613 m<br>
<b>UTM Northing:</b> 3,330,909.160 m<br>
<b>Latitude:</b> 30.08866990°<br>
<b>Longitude:</b> 77.33434169°
]]></description>
        <styleUrl>#kmStyle</styleUrl>
        <Point>
          <coordinates>77.33434169,30.08866990,0</coordinates>
        </Point>
      </Placemark>
      <Placemark>
        <name><![CDATA[KM 1095]]></name>
        <description><![CDATA[
<b>DFCC Chainage Post:</b> KM 1095<br>
<b>UTM Easting:</b> 724,289.100 m<br>
<b>UTM Northing:</b> 3,331,636.550 m<br>
<b>Latitude:</b> 30.09535456°<br>
<b>Longitude:</b> 77.32740809°
]]></description>
        <styleUrl>#kmStyle</styleUrl>
        <Point>
          <coordinates>77.32740809,30.09535456,0</coordinates>
        </Point>
      </Placemark>
      <Placemark>
        <name><![CDATA[KM 1096]]></name>
        <description><![CDATA[
<b>DFCC Chainage Post:</b> KM 1096<br>
<b>UTM Easting:</b> 723,445.941 m<br>
<b>UTM Northing:</b> 3,332,172.106 m<br>
<b>Latitude:</b> 30.10033835°<br>
<b>Longitude:</b> 77.31877755°
]]></description>
        <styleUrl>#kmStyle</styleUrl>
        <Point>
          <coordinates>77.31877755,30.10033835,0</coordinates>
        </Point>
      </Placemark>
      <Placemark>
        <name><![CDATA[KM 1097]]></name>
        <description><![CDATA[
<b>DFCC Chainage Post:</b> KM 1097<br>
<b>UTM Easting:</b> 722,584.026 m<br>
<b>UTM Northing:</b> 3,332,679.159 m<br>
<b>Latitude:</b> 30.10506803°<br>
<b>Longitude:</b> 77.30994564°
]]></description>
        <styleUrl>#kmStyle</styleUrl>
        <Point>
          <coordinates>77.30994564,30.10506803,0</coordinates>
        </Point>
      </Placemark>
      <Placemark>
        <name><![CDATA[KM 1098]]></name>
        <description><![CDATA[
<b>DFCC Chainage Post:</b> KM 1098<br>
<b>UTM Easting:</b> 721,722.111 m<br>
<b>UTM Northing:</b> 3,333,186.212 m<br>
<b>Latitude:</b> 30.10979716°<br>
<b>Longitude:</b> 77.30111285°
]]></description>
        <styleUrl>#kmStyle</styleUrl>
        <Point>
          <coordinates>77.30111285,30.10979716,0</coordinates>
        </Point>
      </Placemark>
      <Placemark>
        <name><![CDATA[KM 1099]]></name>
        <description><![CDATA[
<b>DFCC Chainage Post:</b> KM 1099<br>
<b>UTM Easting:</b> 720,829.234 m<br>
<b>UTM Northing:</b> 3,333,632.769 m<br>
<b>Latitude:</b> 30.11398583°<br>
<b>Longitude:</b> 77.29194546°
]]></description>
        <styleUrl>#kmStyle</styleUrl>
        <Point>
          <coordinates>77.29194546,30.11398583,0</coordinates>
        </Point>
      </Placemark>
      <Placemark>
        <name><![CDATA[KM 1100]]></name>
        <description><![CDATA[
<b>DFCC Chainage Post:</b> KM 1100<br>
<b>UTM Easting:</b> 719,988.076 m<br>
<b>UTM Northing:</b> 3,334,168.978 m<br>
<b>Latitude:</b> 30.11897298°<br>
<b>Longitude:</b> 77.28333232°
]]></description>
        <styleUrl>#kmStyle</styleUrl>
        <Point>
          <coordinates>77.28333232,30.11897298,0</coordinates>
        </Point>
      </Placemark>
      <Placemark>
        <name><![CDATA[KM 1101]]></name>
        <description><![CDATA[
<b>DFCC Chainage Post:</b> KM 1101<br>
<b>UTM Easting:</b> 719,100.231 m<br>
<b>UTM Northing:</b> 3,334,617.426 m<br>
<b>Latitude:</b> 30.12317664°<br>
<b>Longitude:</b> 77.27421587°
]]></description>
        <styleUrl>#kmStyle</styleUrl>
        <Point>
          <coordinates>77.27421587,30.12317664,0</coordinates>
        </Point>
      </Placemark>
      <Placemark>
        <name><![CDATA[KM 1102]]></name>
        <description><![CDATA[
<b>DFCC Chainage Post:</b> KM 1102<br>
<b>UTM Easting:</b> 718,178.960 m<br>
<b>UTM Northing:</b> 3,335,006.248 m<br>
<b>Latitude:</b> 30.12684801°<br>
<b>Longitude:</b> 77.26473957°
]]></description>
        <styleUrl>#kmStyle</styleUrl>
        <Point>
          <coordinates>77.26473957,30.12684801,0</coordinates>
        </Point>
      </Placemark>
      <Placemark>
        <name><![CDATA[KM 1103]]></name>
        <description><![CDATA[
<b>DFCC Chainage Post:</b> KM 1103<br>
<b>UTM Easting:</b> 717,255.006 m<br>
<b>UTM Northing:</b> 3,335,388.754 m<br>
<b>Latitude:</b> 30.13046226°<br>
<b>Longitude:</b> 77.25523343°
]]></description>
        <styleUrl>#kmStyle</styleUrl>
        <Point>
          <coordinates>77.25523343,30.13046226,0</coordinates>
        </Point>
      </Placemark>
      <Placemark>
        <name><![CDATA[KM 1104]]></name>
        <description><![CDATA[
<b>DFCC Chainage Post:</b> KM 1104<br>
<b>UTM Easting:</b> 716,329.605 m<br>
<b>UTM Northing:</b> 3,335,767.545 m<br>
<b>Latitude:</b> 30.13404261°<br>
<b>Longitude:</b> 77.24571077°
]]></description>
        <styleUrl>#kmStyle</styleUrl>
        <Point>
          <coordinates>77.24571077,30.13404261,0</coordinates>
        </Point>
      </Placemark>
      <Placemark>
        <name><![CDATA[KM 1105]]></name>
        <description><![CDATA[
<b>DFCC Chainage Post:</b> KM 1105<br>
<b>UTM Easting:</b> 715,403.966 m<br>
<b>UTM Northing:</b> 3,336,145.940 m<br>
<b>Latitude:</b> 30.13761877°<br>
<b>Longitude:</b> 77.23618484°
]]></description>
        <styleUrl>#kmStyle</styleUrl>
        <Point>
          <coordinates>77.23618484,30.13761877,0</coordinates>
        </Point>
      </Placemark>
      <Placemark>
        <name><![CDATA[KM 1106]]></name>
        <description><![CDATA[
<b>DFCC Chainage Post:</b> KM 1106<br>
<b>UTM Easting:</b> 714,479.907 m<br>
<b>UTM Northing:</b> 3,336,528.190 m<br>
<b>Latitude:</b> 30.14122877°<br>
<b>Longitude:</b> 77.22667536°
]]></description>
        <styleUrl>#kmStyle</styleUrl>
        <Point>
          <coordinates>77.22667536,30.14122877,0</coordinates>
        </Point>
      </Placemark>
      <Placemark>
        <name><![CDATA[KM 1107]]></name>
        <description><![CDATA[
<b>DFCC Chainage Post:</b> KM 1107<br>
<b>UTM Easting:</b> 713,555.848 m<br>
<b>UTM Northing:</b> 3,336,910.441 m<br>
<b>Latitude:</b> 30.14483810°<br>
<b>Longitude:</b> 77.21716515°
]]></description>
        <styleUrl>#kmStyle</styleUrl>
        <Point>
          <coordinates>77.21716515,30.14483810,0</coordinates>
        </Point>
      </Placemark>
      <Placemark>
        <name><![CDATA[KM 1108]]></name>
        <description><![CDATA[
<b>DFCC Chainage Post:</b> KM 1108<br>
<b>UTM Easting:</b> 712,631.564 m<br>
<b>UTM Northing:</b> 3,337,292.145 m<br>
<b>Latitude:</b> 30.14844189°<br>
<b>Longitude:</b> 77.20765176°
]]></description>
        <styleUrl>#kmStyle</styleUrl>
        <Point>
          <coordinates>77.20765176,30.14844189,0</coordinates>
        </Point>
      </Placemark>
      <Placemark>
        <name><![CDATA[KM 1109]]></name>
        <description><![CDATA[
<b>DFCC Chainage Post:</b> KM 1109<br>
<b>UTM Easting:</b> 711,708.158 m<br>
<b>UTM Northing:</b> 3,337,675.957 m<br>
<b>Latitude:</b> 30.15206389°<br>
<b>Longitude:</b> 77.19814718°
]]></description>
        <styleUrl>#kmStyle</styleUrl>
        <Point>
          <coordinates>77.19814718,30.15206389,0</coordinates>
        </Point>
      </Placemark>
      <Placemark>
        <name><![CDATA[KM 1110]]></name>
        <description><![CDATA[
<b>DFCC Chainage Post:</b> KM 1110<br>
<b>UTM Easting:</b> 710,784.574 m<br>
<b>UTM Northing:</b> 3,338,059.341 m<br>
<b>Latitude:</b> 30.15568139°<br>
<b>Longitude:</b> 77.18863993°
]]></description>
        <styleUrl>#kmStyle</styleUrl>
        <Point>
          <coordinates>77.18863993,30.15568139,0</coordinates>
        </Point>
      </Placemark>
      <Placemark>
        <name><![CDATA[KM 1111]]></name>
        <description><![CDATA[
<b>DFCC Chainage Post:</b> KM 1111<br>
<b>UTM Easting:</b> 709,860.867 m<br>
<b>UTM Northing:</b> 3,338,442.438 m<br>
<b>Latitude:</b> 30.15929567°<br>
<b>Longitude:</b> 77.17913062°
]]></description>
        <styleUrl>#kmStyle</styleUrl>
        <Point>
          <coordinates>77.17913062,30.15929567,0</coordinates>
        </Point>
      </Placemark>
      <Placemark>
        <name><![CDATA[KM 1112]]></name>
        <description><![CDATA[
<b>DFCC Chainage Post:</b> KM 1112<br>
<b>UTM Easting:</b> 708,935.917 m<br>
<b>UTM Northing:</b> 3,338,822.525 m<br>
<b>Latitude:</b> 30.16288236°<br>
<b>Longitude:</b> 77.16960709°
]]></description>
        <styleUrl>#kmStyle</styleUrl>
        <Point>
          <coordinates>77.16960709,30.16288236,0</coordinates>
        </Point>
      </Placemark>
      <Placemark>
        <name><![CDATA[KM 1113]]></name>
        <description><![CDATA[
<b>DFCC Chainage Post:</b> KM 1113<br>
<b>UTM Easting:</b> 708,011.834 m<br>
<b>UTM Northing:</b> 3,339,204.715 m<br>
<b>Latitude:</b> 30.16648722°<br>
<b>Longitude:</b> 77.16009223°
]]></description>
        <styleUrl>#kmStyle</styleUrl>
        <Point>
          <coordinates>77.16009223,30.16648722,0</coordinates>
        </Point>
      </Placemark>
      <Placemark>
        <name><![CDATA[KM 1114]]></name>
        <description><![CDATA[
<b>DFCC Chainage Post:</b> KM 1114<br>
<b>UTM Easting:</b> 707,089.779 m<br>
<b>UTM Northing:</b> 3,339,591.758 m<br>
<b>Latitude:</b> 30.17013483°<br>
<b>Longitude:</b> 77.15059864°
]]></description>
        <styleUrl>#kmStyle</styleUrl>
        <Point>
          <coordinates>77.15059864,30.17013483,0</coordinates>
        </Point>
      </Placemark>
      <Placemark>
        <name><![CDATA[KM 1115]]></name>
        <description><![CDATA[
<b>DFCC Chainage Post:</b> KM 1115<br>
<b>UTM Easting:</b> 706,166.283 m<br>
<b>UTM Northing:</b> 3,339,975.360 m<br>
<b>Latitude:</b> 30.17375099°<br>
<b>Longitude:</b> 77.14108870°
]]></description>
        <styleUrl>#kmStyle</styleUrl>
        <Point>
          <coordinates>77.14108870,30.17375099,0</coordinates>
        </Point>
      </Placemark>
      <Placemark>
        <name><![CDATA[KM 1116]]></name>
        <description><![CDATA[
<b>DFCC Chainage Post:</b> KM 1116<br>
<b>UTM Easting:</b> 705,242.393 m<br>
<b>UTM Northing:</b> 3,340,358.018 m<br>
<b>Latitude:</b> 30.17735805°<br>
<b>Longitude:</b> 77.13157375°
]]></description>
        <styleUrl>#kmStyle</styleUrl>
        <Point>
          <coordinates>77.13157375,30.17735805,0</coordinates>
        </Point>
      </Placemark>
      <Placemark>
        <name><![CDATA[KM 1117]]></name>
        <description><![CDATA[
<b>DFCC Chainage Post:</b> KM 1117<br>
<b>UTM Easting:</b> 704,314.724 m<br>
<b>UTM Northing:</b> 3,340,731.220 m<br>
<b>Latitude:</b> 30.18087981°<br>
<b>Longitude:</b> 77.12201702°
]]></description>
        <styleUrl>#kmStyle</styleUrl>
        <Point>
          <coordinates>77.12201702,30.18087981,0</coordinates>
        </Point>
      </Placemark>
      <Placemark>
        <name><![CDATA[KM 1118]]></name>
        <description><![CDATA[
<b>DFCC Chainage Post:</b> KM 1118<br>
<b>UTM Easting:</b> 703,394.221 m<br>
<b>UTM Northing:</b> 3,341,121.733 m<br>
<b>Latitude:</b> 30.18455583°<br>
<b>Longitude:</b> 77.11253729°
]]></description>
        <styleUrl>#kmStyle</styleUrl>
        <Point>
          <coordinates>77.11253729,30.18455583,0</coordinates>
        </Point>
      </Placemark>
      <Placemark>
        <name><![CDATA[KM 1119]]></name>
        <description><![CDATA[
<b>DFCC Chainage Post:</b> KM 1119<br>
<b>UTM Easting:</b> 702,470.663 m<br>
<b>UTM Northing:</b> 3,341,505.191 m<br>
<b>Latitude:</b> 30.18816807°<br>
<b>Longitude:</b> 77.10302375°
]]></description>
        <styleUrl>#kmStyle</styleUrl>
        <Point>
          <coordinates>77.10302375,30.18816807,0</coordinates>
        </Point>
      </Placemark>
      <Placemark>
        <name><![CDATA[KM 1120]]></name>
        <description><![CDATA[
<b>DFCC Chainage Post:</b> KM 1120<br>
<b>UTM Easting:</b> 701,547.105 m<br>
<b>UTM Northing:</b> 3,341,888.648 m<br>
<b>Latitude:</b> 30.19177965°<br>
<b>Longitude:</b> 77.09350948°
]]></description>
        <styleUrl>#kmStyle</styleUrl>
        <Point>
          <coordinates>77.09350948,30.19177965,0</coordinates>
        </Point>
      </Placemark>
      <Placemark>
        <name><![CDATA[KM 1121]]></name>
        <description><![CDATA[
<b>DFCC Chainage Post:</b> KM 1121<br>
<b>UTM Easting:</b> 700,623.546 m<br>
<b>UTM Northing:</b> 3,342,272.106 m<br>
<b>Latitude:</b> 30.19539057°<br>
<b>Longitude:</b> 77.08399447°
]]></description>
        <styleUrl>#kmStyle</styleUrl>
        <Point>
          <coordinates>77.08399447,30.19539057,0</coordinates>
        </Point>
      </Placemark>
      <Placemark>
        <name><![CDATA[KM 1122]]></name>
        <description><![CDATA[
<b>DFCC Chainage Post:</b> KM 1122<br>
<b>UTM Easting:</b> 699,699.474 m<br>
<b>UTM Northing:</b> 3,342,654.315 m<br>
<b>Latitude:</b> 30.19898965°<br>
<b>Longitude:</b> 77.07447318°
]]></description>
        <styleUrl>#kmStyle</styleUrl>
        <Point>
          <coordinates>77.07447318,30.19898965,0</coordinates>
        </Point>
      </Placemark>
      <Placemark>
        <name><![CDATA[KM 1123]]></name>
        <description><![CDATA[
<b>DFCC Chainage Post:</b> KM 1123<br>
<b>UTM Easting:</b> 698,775.916 m<br>
<b>UTM Northing:</b> 3,343,037.772 m<br>
<b>Latitude:</b> 30.20259925°<br>
<b>Longitude:</b> 77.06495672°
]]></description>
        <styleUrl>#kmStyle</styleUrl>
        <Point>
          <coordinates>77.06495672,30.20259925,0</coordinates>
        </Point>
      </Placemark>
      <Placemark>
        <name><![CDATA[KM 1124]]></name>
        <description><![CDATA[
<b>DFCC Chainage Post:</b> KM 1124<br>
<b>UTM Easting:</b> 697,852.358 m<br>
<b>UTM Northing:</b> 3,343,421.230 m<br>
<b>Latitude:</b> 30.20620819°<br>
<b>Longitude:</b> 77.05543952°
]]></description>
        <styleUrl>#kmStyle</styleUrl>
        <Point>
          <coordinates>77.05543952,30.20620819,0</coordinates>
        </Point>
      </Placemark>
      <Placemark>
        <name><![CDATA[KM 1125]]></name>
        <description><![CDATA[
<b>DFCC Chainage Post:</b> KM 1125<br>
<b>UTM Easting:</b> 696,928.402 m<br>
<b>UTM Northing:</b> 3,343,803.706 m<br>
<b>Latitude:</b> 30.20980768°<br>
<b>Longitude:</b> 77.04591729°
]]></description>
        <styleUrl>#kmStyle</styleUrl>
        <Point>
          <coordinates>77.04591729,30.20980768,0</coordinates>
        </Point>
      </Placemark>
      <Placemark>
        <name><![CDATA[KM 1126]]></name>
        <description><![CDATA[
<b>DFCC Chainage Post:</b> KM 1126<br>
<b>UTM Easting:</b> 696,001.925 m<br>
<b>UTM Northing:</b> 3,344,179.800 m<br>
<b>Latitude:</b> 30.21334936°<br>
<b>Longitude:</b> 77.03636698°
]]></description>
        <styleUrl>#kmStyle</styleUrl>
        <Point>
          <coordinates>77.03636698,30.21334936,0</coordinates>
        </Point>
      </Placemark>
      <Placemark>
        <name><![CDATA[KM 1127]]></name>
        <description><![CDATA[
<b>DFCC Chainage Post:</b> KM 1127<br>
<b>UTM Easting:</b> 695,082.406 m<br>
<b>UTM Northing:</b> 3,344,572.531 m<br>
<b>Latitude:</b> 30.21703929°<br>
<b>Longitude:</b> 77.02689126°
]]></description>
        <styleUrl>#kmStyle</styleUrl>
        <Point>
          <coordinates>77.02689126,30.21703929,0</coordinates>
        </Point>
      </Placemark>
      <Placemark>
        <name><![CDATA[KM 1128]]></name>
        <description><![CDATA[
<b>DFCC Chainage Post:</b> KM 1128<br>
<b>UTM Easting:</b> 694,158.788 m<br>
<b>UTM Northing:</b> 3,344,955.845 m<br>
<b>Latitude:</b> 30.22064430°<br>
<b>Longitude:</b> 77.01737050°
]]></description>
        <styleUrl>#kmStyle</styleUrl>
        <Point>
          <coordinates>77.01737050,30.22064430,0</coordinates>
        </Point>
      </Placemark>
      <Placemark>
        <name><![CDATA[KM 1129]]></name>
        <description><![CDATA[
<b>DFCC Chainage Post:</b> KM 1129<br>
<b>UTM Easting:</b> 693,235.170 m<br>
<b>UTM Northing:</b> 3,345,339.159 m<br>
<b>Latitude:</b> 30.22424865°<br>
<b>Longitude:</b> 77.00784902°
]]></description>
        <styleUrl>#kmStyle</styleUrl>
        <Point>
          <coordinates>77.00784902,30.22424865,0</coordinates>
        </Point>
      </Placemark>
      <Placemark>
        <name><![CDATA[KM 1130]]></name>
        <description><![CDATA[
<b>DFCC Chainage Post:</b> KM 1130<br>
<b>UTM Easting:</b> 692,330.860 m<br>
<b>UTM Northing:</b> 3,345,763.132 m<br>
<b>Latitude:</b> 30.22821596°<br>
<b>Longitude:</b> 76.99853476°
]]></description>
        <styleUrl>#kmStyle</styleUrl>
        <Point>
          <coordinates>76.99853476,30.22821596,0</coordinates>
        </Point>
      </Placemark>
      <Placemark>
        <name><![CDATA[KM 1131]]></name>
        <description><![CDATA[
<b>DFCC Chainage Post:</b> KM 1131<br>
<b>UTM Easting:</b> 691,474.165 m<br>
<b>UTM Northing:</b> 3,346,278.955 m<br>
<b>Latitude:</b> 30.23300352°<br>
<b>Longitude:</b> 76.98973095°
]]></description>
        <styleUrl>#kmStyle</styleUrl>
        <Point>
          <coordinates>76.98973095,30.23300352,0</coordinates>
        </Point>
      </Placemark>
      <Placemark>
        <name><![CDATA[KM 1132]]></name>
        <description><![CDATA[
<b>DFCC Chainage Post:</b> KM 1132<br>
<b>UTM Easting:</b> 690,617.471 m<br>
<b>UTM Northing:</b> 3,346,794.780 m<br>
<b>Latitude:</b> 30.23779053°<br>
<b>Longitude:</b> 76.98092628°
]]></description>
        <styleUrl>#kmStyle</styleUrl>
        <Point>
          <coordinates>76.98092628,30.23779053,0</coordinates>
        </Point>
      </Placemark>
      <Placemark>
        <name><![CDATA[KM 1133]]></name>
        <description><![CDATA[
<b>DFCC Chainage Post:</b> KM 1133<br>
<b>UTM Easting:</b> 689,753.226 m<br>
<b>UTM Northing:</b> 3,347,297.488 m<br>
<b>Latitude:</b> 30.24245987°<br>
<b>Longitude:</b> 76.97203992°
]]></description>
        <styleUrl>#kmStyle</styleUrl>
        <Point>
          <coordinates>76.97203992,30.24245987,0</coordinates>
        </Point>
      </Placemark>
      <Placemark>
        <name><![CDATA[KM 1134]]></name>
        <description><![CDATA[
<b>DFCC Chainage Post:</b> KM 1134<br>
<b>UTM Easting:</b> 688,948.435 m<br>
<b>UTM Northing:</b> 3,347,887.173 m<br>
<b>Latitude:</b> 30.24790382°<br>
<b>Longitude:</b> 76.96378593°
]]></description>
        <styleUrl>#kmStyle</styleUrl>
        <Point>
          <coordinates>76.96378593,30.24790382,0</coordinates>
        </Point>
      </Placemark>
      <Placemark>
        <name><![CDATA[KM 1135]]></name>
        <description><![CDATA[
<b>DFCC Chainage Post:</b> KM 1135<br>
<b>UTM Easting:</b> 688,059.791 m<br>
<b>UTM Northing:</b> 3,348,343.872 m<br>
<b>Latitude:</b> 30.25216089°<br>
<b>Longitude:</b> 76.95463612°
]]></description>
        <styleUrl>#kmStyle</styleUrl>
        <Point>
          <coordinates>76.95463612,30.25216089,0</coordinates>
        </Point>
      </Placemark>
      <Placemark>
        <name><![CDATA[KM 1136]]></name>
        <description><![CDATA[
<b>DFCC Chainage Post:</b> KM 1136<br>
<b>UTM Easting:</b> 687,234.428 m<br>
<b>UTM Northing:</b> 3,348,908.474 m<br>
<b>Latitude:</b> 30.25738077°<br>
<b>Longitude:</b> 76.94616212°
]]></description>
        <styleUrl>#kmStyle</styleUrl>
        <Point>
          <coordinates>76.94616212,30.25738077,0</coordinates>
        </Point>
      </Placemark>
      <Placemark>
        <name><![CDATA[KM 1137]]></name>
        <description><![CDATA[
<b>DFCC Chainage Post:</b> KM 1137<br>
<b>UTM Easting:</b> 686,409.739 m<br>
<b>UTM Northing:</b> 3,349,474.032 m<br>
<b>Latitude:</b> 30.26260866°<br>
<b>Longitude:</b> 76.93769439°
]]></description>
        <styleUrl>#kmStyle</styleUrl>
        <Point>
          <coordinates>76.93769439,30.26260866,0</coordinates>
        </Point>
      </Placemark>
      <Placemark>
        <name><![CDATA[KM 1138]]></name>
        <description><![CDATA[
<b>DFCC Chainage Post:</b> KM 1138<br>
<b>UTM Easting:</b> 685,584.236 m<br>
<b>UTM Northing:</b> 3,350,038.255 m<br>
<b>Latitude:</b> 30.26782411°<br>
<b>Longitude:</b> 76.92921706°
]]></description>
        <styleUrl>#kmStyle</styleUrl>
        <Point>
          <coordinates>76.92921706,30.26782411,0</coordinates>
        </Point>
      </Placemark>
      <Placemark>
        <name><![CDATA[KM 1139]]></name>
        <description><![CDATA[
<b>DFCC Chainage Post:</b> KM 1139<br>
<b>UTM Easting:</b> 684,761.004 m<br>
<b>UTM Northing:</b> 3,350,605.944 m<br>
<b>Latitude:</b> 30.27306996°<br>
<b>Longitude:</b> 76.92076301°
]]></description>
        <styleUrl>#kmStyle</styleUrl>
        <Point>
          <coordinates>76.92076301,30.27306996,0</coordinates>
        </Point>
      </Placemark>
      <Placemark>
        <name><![CDATA[KM 1140]]></name>
        <description><![CDATA[
<b>DFCC Chainage Post:</b> KM 1140<br>
<b>UTM Easting:</b> 683,934.862 m<br>
<b>UTM Northing:</b> 3,351,169.407 m<br>
<b>Latitude:</b> 30.27827762°<br>
<b>Longitude:</b> 76.91227707°
]]></description>
        <styleUrl>#kmStyle</styleUrl>
        <Point>
          <coordinates>76.91227707,30.27827762,0</coordinates>
        </Point>
      </Placemark>
      <Placemark>
        <name><![CDATA[KM 1141]]></name>
        <description><![CDATA[
<b>DFCC Chainage Post:</b> KM 1141<br>
<b>UTM Easting:</b> 683,108.721 m<br>
<b>UTM Northing:</b> 3,351,732.869 m<br>
<b>Latitude:</b> 30.28348478°<br>
<b>Longitude:</b> 76.90379023°
]]></description>
        <styleUrl>#kmStyle</styleUrl>
        <Point>
          <coordinates>76.90379023,30.28348478,0</coordinates>
        </Point>
      </Placemark>
      <Placemark>
        <name><![CDATA[KM 1142]]></name>
        <description><![CDATA[
<b>DFCC Chainage Post:</b> KM 1142<br>
<b>UTM Easting:</b> 682,282.579 m<br>
<b>UTM Northing:</b> 3,352,296.332 m<br>
<b>Latitude:</b> 30.28869141°<br>
<b>Longitude:</b> 76.89530247°
]]></description>
        <styleUrl>#kmStyle</styleUrl>
        <Point>
          <coordinates>76.89530247,30.28869141,0</coordinates>
        </Point>
      </Placemark>
      <Placemark>
        <name><![CDATA[KM 1143]]></name>
        <description><![CDATA[
<b>DFCC Chainage Post:</b> KM 1143<br>
<b>UTM Easting:</b> 681,449.429 m<br>
<b>UTM Northing:</b> 3,352,848.971 m<br>
<b>Latitude:</b> 30.29380095°<br>
<b>Longitude:</b> 76.88673908°
]]></description>
        <styleUrl>#kmStyle</styleUrl>
        <Point>
          <coordinates>76.88673908,30.29380095,0</coordinates>
        </Point>
      </Placemark>
      <Placemark>
        <name><![CDATA[KM 1144]]></name>
        <description><![CDATA[
<b>DFCC Chainage Post:</b> KM 1144<br>
<b>UTM Easting:</b> 680,630.788 m<br>
<b>UTM Northing:</b> 3,353,423.271 m<br>
<b>Latitude:</b> 30.29910317°<br>
<b>Longitude:</b> 76.87832932°
]]></description>
        <styleUrl>#kmStyle</styleUrl>
        <Point>
          <coordinates>76.87832932,30.29910317,0</coordinates>
        </Point>
      </Placemark>
      <Placemark>
        <name><![CDATA[KM 1145]]></name>
        <description><![CDATA[
<b>DFCC Chainage Post:</b> KM 1145<br>
<b>UTM Easting:</b> 679,783.879 m<br>
<b>UTM Northing:</b> 3,353,954.602 m<br>
<b>Latitude:</b> 30.30402153°<br>
<b>Longitude:</b> 76.86961745°
]]></description>
        <styleUrl>#kmStyle</styleUrl>
        <Point>
          <coordinates>76.86961745,30.30402153,0</coordinates>
        </Point>
      </Placemark>
      <Placemark>
        <name><![CDATA[KM 1146]]></name>
        <description><![CDATA[
<b>DFCC Chainage Post:</b> KM 1146<br>
<b>UTM Easting:</b> 678,938.617 m<br>
<b>UTM Northing:</b> 3,354,487.941 m<br>
<b>Latitude:</b> 30.30895722°<br>
<b>Longitude:</b> 76.86092215°
]]></description>
        <styleUrl>#kmStyle</styleUrl>
        <Point>
          <coordinates>76.86092215,30.30895722,0</coordinates>
        </Point>
      </Placemark>
      <Placemark>
        <name><![CDATA[KM 1147]]></name>
        <description><![CDATA[
<b>DFCC Chainage Post:</b> KM 1147<br>
<b>UTM Easting:</b> 678,178.252 m<br>
<b>UTM Northing:</b> 3,355,136.047 m<br>
<b>Latitude:</b> 30.31491499°<br>
<b>Longitude:</b> 76.85312802°
]]></description>
        <styleUrl>#kmStyle</styleUrl>
        <Point>
          <coordinates>76.85312802,30.31491499,0</coordinates>
        </Point>
      </Placemark>
      <Placemark>
        <name><![CDATA[KM 1148]]></name>
        <description><![CDATA[
<b>DFCC Chainage Post:</b> KM 1148<br>
<b>UTM Easting:</b> 677,549.806 m<br>
<b>UTM Northing:</b> 3,355,910.150 m<br>
<b>Latitude:</b> 30.32198939°<br>
<b>Longitude:</b> 76.84672576°
]]></description>
        <styleUrl>#kmStyle</styleUrl>
        <Point>
          <coordinates>76.84672576,30.32198939,0</coordinates>
        </Point>
      </Placemark>
      <Placemark>
        <name><![CDATA[KM 1149]]></name>
        <description><![CDATA[
<b>DFCC Chainage Post:</b> KM 1149<br>
<b>UTM Easting:</b> 676,651.747 m<br>
<b>UTM Northing:</b> 3,356,158.316 m<br>
<b>Latitude:</b> 30.32435924°<br>
<b>Longitude:</b> 76.83743073°
]]></description>
        <styleUrl>#kmStyle</styleUrl>
        <Point>
          <coordinates>76.83743073,30.32435924,0</coordinates>
        </Point>
      </Placemark>
      <Placemark>
        <name><![CDATA[KM 1150]]></name>
        <description><![CDATA[
<b>DFCC Chainage Post:</b> KM 1150<br>
<b>UTM Easting:</b> 675,688.296 m<br>
<b>UTM Northing:</b> 3,356,193.274 m<br>
<b>Latitude:</b> 30.32481491°<br>
<b>Longitude:</b> 76.82741959°
]]></description>
        <styleUrl>#kmStyle</styleUrl>
        <Point>
          <coordinates>76.82741959,30.32481491,0</coordinates>
        </Point>
      </Placemark>
      <Placemark>
        <name><![CDATA[KM 1151]]></name>
        <description><![CDATA[
<b>DFCC Chainage Post:</b> KM 1151<br>
<b>UTM Easting:</b> 675,432.354 m<br>
<b>UTM Northing:</b> 3,357,095.849 m<br>
<b>Latitude:</b> 30.33299291°<br>
<b>Longitude:</b> 76.82490953°
]]></description>
        <styleUrl>#kmStyle</styleUrl>
        <Point>
          <coordinates>76.82490953,30.33299291,0</coordinates>
        </Point>
      </Placemark>
      <Placemark>
        <name><![CDATA[KM 1152]]></name>
        <description><![CDATA[
<b>DFCC Chainage Post:</b> KM 1152<br>
<b>UTM Easting:</b> 675,218.067 m<br>
<b>UTM Northing:</b> 3,358,015.557 m<br>
<b>Latitude:</b> 30.34131936°<br>
<b>Longitude:</b> 76.82283511°
]]></description>
        <styleUrl>#kmStyle</styleUrl>
        <Point>
          <coordinates>76.82283511,30.34131936,0</coordinates>
        </Point>
      </Placemark>
      <Placemark>
        <name><![CDATA[KM 1153]]></name>
        <description><![CDATA[
<b>DFCC Chainage Post:</b> KM 1153<br>
<b>UTM Easting:</b> 674,392.141 m<br>
<b>UTM Northing:</b> 3,358,579.126 m<br>
<b>Latitude:</b> 30.34652200°<br>
<b>Longitude:</b> 76.81434022°
]]></description>
        <styleUrl>#kmStyle</styleUrl>
        <Point>
          <coordinates>76.81434022,30.34652200,0</coordinates>
        </Point>
      </Placemark>
      <Placemark>
        <name><![CDATA[KM 1154]]></name>
        <description><![CDATA[
<b>DFCC Chainage Post:</b> KM 1154<br>
<b>UTM Easting:</b> 673,565.675 m<br>
<b>UTM Northing:</b> 3,359,142.042 m<br>
<b>Latitude:</b> 30.35171831°<br>
<b>Longitude:</b> 76.80583869°
]]></description>
        <styleUrl>#kmStyle</styleUrl>
        <Point>
          <coordinates>76.80583869,30.35171831,0</coordinates>
        </Point>
      </Placemark>
      <Placemark>
        <name><![CDATA[KM 1155]]></name>
        <description><![CDATA[
<b>DFCC Chainage Post:</b> KM 1155<br>
<b>UTM Easting:</b> 672,752.694 m<br>
<b>UTM Northing:</b> 3,359,724.323 m<br>
<b>Latitude:</b> 30.35708684°<br>
<b>Longitude:</b> 76.79747968°
]]></description>
        <styleUrl>#kmStyle</styleUrl>
        <Point>
          <coordinates>76.79747968,30.35708684,0</coordinates>
        </Point>
      </Placemark>
      <Placemark>
        <name><![CDATA[KM 1156]]></name>
        <description><![CDATA[
<b>DFCC Chainage Post:</b> KM 1156<br>
<b>UTM Easting:</b> 671,930.834 m<br>
<b>UTM Northing:</b> 3,360,293.896 m<br>
<b>Latitude:</b> 30.36234151°<br>
<b>Longitude:</b> 76.78902532°
]]></description>
        <styleUrl>#kmStyle</styleUrl>
        <Point>
          <coordinates>76.78902532,30.36234151,0</coordinates>
        </Point>
      </Placemark>
      <Placemark>
        <name><![CDATA[KM 1157]]></name>
        <description><![CDATA[
<b>DFCC Chainage Post:</b> KM 1157<br>
<b>UTM Easting:</b> 671,112.540 m<br>
<b>UTM Northing:</b> 3,360,868.695 m<br>
<b>Latitude:</b> 30.36764230°<br>
<b>Longitude:</b> 76.78060797°
]]></description>
        <styleUrl>#kmStyle</styleUrl>
        <Point>
          <coordinates>76.78060797,30.36764230,0</coordinates>
        </Point>
      </Placemark>
      <Placemark>
        <name><![CDATA[KM 1158]]></name>
        <description><![CDATA[
<b>DFCC Chainage Post:</b> KM 1158<br>
<b>UTM Easting:</b> 670,293.334 m<br>
<b>UTM Northing:</b> 3,361,442.186 m<br>
<b>Latitude:</b> 30.37293090°<br>
<b>Longitude:</b> 76.77218002°
]]></description>
        <styleUrl>#kmStyle</styleUrl>
        <Point>
          <coordinates>76.77218002,30.37293090,0</coordinates>
        </Point>
      </Placemark>
      <Placemark>
        <name><![CDATA[KM 1159]]></name>
        <description><![CDATA[
<b>DFCC Chainage Post:</b> KM 1159<br>
<b>UTM Easting:</b> 669,462.403 m<br>
<b>UTM Northing:</b> 3,361,997.813 m<br>
<b>Latitude:</b> 30.37805952°<br>
<b>Longitude:</b> 76.76362626°
]]></description>
        <styleUrl>#kmStyle</styleUrl>
        <Point>
          <coordinates>76.76362626,30.37805952,0</coordinates>
        </Point>
      </Placemark>
      <Placemark>
        <name><![CDATA[KM 1160]]></name>
        <description><![CDATA[
<b>DFCC Chainage Post:</b> KM 1160<br>
<b>UTM Easting:</b> 668,660.819 m<br>
<b>UTM Northing:</b> 3,362,595.419 m<br>
<b>Latitude:</b> 30.38356214°<br>
<b>Longitude:</b> 76.75538369°
]]></description>
        <styleUrl>#kmStyle</styleUrl>
        <Point>
          <coordinates>76.75538369,30.38356214,0</coordinates>
        </Point>
      </Placemark>
      <Placemark>
        <name><![CDATA[KM 1161]]></name>
        <description><![CDATA[
<b>DFCC Chainage Post:</b> KM 1161<br>
<b>UTM Easting:</b> 667,840.252 m<br>
<b>UTM Northing:</b> 3,363,166.917 m<br>
<b>Latitude:</b> 30.38883142°<br>
<b>Longitude:</b> 76.74693848°
]]></description>
        <styleUrl>#kmStyle</styleUrl>
        <Point>
          <coordinates>76.74693848,30.38883142,0</coordinates>
        </Point>
      </Placemark>
      <Placemark>
        <name><![CDATA[KM 1162]]></name>
        <description><![CDATA[
<b>DFCC Chainage Post:</b> KM 1162<br>
<b>UTM Easting:</b> 667,023.651 m<br>
<b>UTM Northing:</b> 3,363,744.081 m<br>
<b>Latitude:</b> 30.39415075°<br>
<b>Longitude:</b> 76.73853452°
]]></description>
        <styleUrl>#kmStyle</styleUrl>
        <Point>
          <coordinates>76.73853452,30.39415075,0</coordinates>
        </Point>
      </Placemark>
      <Placemark>
        <name><![CDATA[KM 1163]]></name>
        <description><![CDATA[
<b>DFCC Chainage Post:</b> KM 1163<br>
<b>UTM Easting:</b> 666,183.424 m<br>
<b>UTM Northing:</b> 3,364,284.782 m<br>
<b>Latitude:</b> 30.39914393°<br>
<b>Longitude:</b> 76.72987801°
]]></description>
        <styleUrl>#kmStyle</styleUrl>
        <Point>
          <coordinates>76.72987801,30.39914393,0</coordinates>
        </Point>
      </Placemark>
      <Placemark>
        <name><![CDATA[KM 1164]]></name>
        <description><![CDATA[
<b>DFCC Chainage Post:</b> KM 1164<br>
<b>UTM Easting:</b> 665,382.154 m<br>
<b>UTM Northing:</b> 3,364,882.362 m<br>
<b>Latitude:</b> 30.40464427°<br>
<b>Longitude:</b> 76.72163498°
]]></description>
        <styleUrl>#kmStyle</styleUrl>
        <Point>
          <coordinates>76.72163498,30.40464427,0</coordinates>
        </Point>
      </Placemark>
      <Placemark>
        <name><![CDATA[KM 1165]]></name>
        <description><![CDATA[
<b>DFCC Chainage Post:</b> KM 1165<br>
<b>UTM Easting:</b> 664,570.407 m<br>
<b>UTM Northing:</b> 3,365,465.980 m<br>
<b>Latitude:</b> 30.41001961°<br>
<b>Longitude:</b> 76.71327978°
]]></description>
        <styleUrl>#kmStyle</styleUrl>
        <Point>
          <coordinates>76.71327978,30.41001961,0</coordinates>
        </Point>
      </Placemark>
      <Placemark>
        <name><![CDATA[KM 1166]]></name>
        <description><![CDATA[
<b>DFCC Chainage Post:</b> KM 1166<br>
<b>UTM Easting:</b> 663,752.910 m<br>
<b>UTM Northing:</b> 3,366,041.855 m<br>
<b>Latitude:</b> 30.41532539°<br>
<b>Longitude:</b> 76.70486261°
]]></description>
        <styleUrl>#kmStyle</styleUrl>
        <Point>
          <coordinates>76.70486261,30.41532539,0</coordinates>
        </Point>
      </Placemark>
      <Placemark>
        <name><![CDATA[KM 1167]]></name>
        <description><![CDATA[
<b>DFCC Chainage Post:</b> KM 1167<br>
<b>UTM Easting:</b> 662,935.091 m<br>
<b>UTM Northing:</b> 3,366,617.324 m<br>
<b>Latitude:</b> 30.42062705°<br>
<b>Longitude:</b> 76.69644109°
]]></description>
        <styleUrl>#kmStyle</styleUrl>
        <Point>
          <coordinates>76.69644109,30.42062705,0</coordinates>
        </Point>
      </Placemark>
      <Placemark>
        <name><![CDATA[KM 1168]]></name>
        <description><![CDATA[
<b>DFCC Chainage Post:</b> KM 1168<br>
<b>UTM Easting:</b> 662,109.223 m<br>
<b>UTM Northing:</b> 3,367,180.728 m<br>
<b>Latitude:</b> 30.42582043°<br>
<b>Longitude:</b> 76.68793299°
]]></description>
        <styleUrl>#kmStyle</styleUrl>
        <Point>
          <coordinates>76.68793299,30.42582043,0</coordinates>
        </Point>
      </Placemark>
      <Placemark>
        <name><![CDATA[KM 1169]]></name>
        <description><![CDATA[
<b>DFCC Chainage Post:</b> KM 1169<br>
<b>UTM Easting:</b> 661,291.043 m<br>
<b>UTM Northing:</b> 3,367,755.280 m<br>
<b>Latitude:</b> 30.43111283°<br>
<b>Longitude:</b> 76.67950573°
]]></description>
        <styleUrl>#kmStyle</styleUrl>
        <Point>
          <coordinates>76.67950573,30.43111283,0</coordinates>
        </Point>
      </Placemark>
      <Placemark>
        <name><![CDATA[KM 1170]]></name>
        <description><![CDATA[
<b>DFCC Chainage Post:</b> KM 1170<br>
<b>UTM Easting:</b> 660,477.293 m<br>
<b>UTM Northing:</b> 3,368,336.474 m<br>
<b>Latitude:</b> 30.43646403°<br>
<b>Longitude:</b> 76.67112469°
]]></description>
        <styleUrl>#kmStyle</styleUrl>
        <Point>
          <coordinates>76.67112469,30.43646403,0</coordinates>
        </Point>
      </Placemark>
      <Placemark>
        <name><![CDATA[KM 1171]]></name>
        <description><![CDATA[
<b>DFCC Chainage Post:</b> KM 1171<br>
<b>UTM Easting:</b> 659,659.960 m<br>
<b>UTM Northing:</b> 3,368,912.639 m<br>
<b>Latitude:</b> 30.44176983°<br>
<b>Longitude:</b> 76.66270464°
]]></description>
        <styleUrl>#kmStyle</styleUrl>
        <Point>
          <coordinates>76.66270464,30.44176983,0</coordinates>
        </Point>
      </Placemark>
      <Placemark>
        <name><![CDATA[KM 1172]]></name>
        <description><![CDATA[
<b>DFCC Chainage Post:</b> KM 1172<br>
<b>UTM Easting:</b> 658,842.627 m<br>
<b>UTM Northing:</b> 3,369,488.804 m<br>
<b>Latitude:</b> 30.44707512°<br>
<b>Longitude:</b> 76.65428366°
]]></description>
        <styleUrl>#kmStyle</styleUrl>
        <Point>
          <coordinates>76.65428366,30.44707512,0</coordinates>
        </Point>
      </Placemark>
      <Placemark>
        <name><![CDATA[KM 1173]]></name>
        <description><![CDATA[
<b>DFCC Chainage Post:</b> KM 1173<br>
<b>UTM Easting:</b> 658,023.245 m<br>
<b>UTM Northing:</b> 3,370,062.026 m<br>
<b>Latitude:</b> 30.45235362°<br>
<b>Longitude:</b> 76.64583999°
]]></description>
        <styleUrl>#kmStyle</styleUrl>
        <Point>
          <coordinates>76.64583999,30.45235362,0</coordinates>
        </Point>
      </Placemark>
      <Placemark>
        <name><![CDATA[KM 1174]]></name>
        <description><![CDATA[
<b>DFCC Chainage Post:</b> KM 1174<br>
<b>UTM Easting:</b> 657,202.063 m<br>
<b>UTM Northing:</b> 3,370,632.679 m<br>
<b>Latitude:</b> 30.45760866°<br>
<b>Longitude:</b> 76.63737627°
]]></description>
        <styleUrl>#kmStyle</styleUrl>
        <Point>
          <coordinates>76.63737627,30.45760866,0</coordinates>
        </Point>
      </Placemark>
      <Placemark>
        <name><![CDATA[KM 1175]]></name>
        <description><![CDATA[
<b>DFCC Chainage Post:</b> KM 1175<br>
<b>UTM Easting:</b> 656,375.278 m<br>
<b>UTM Northing:</b> 3,371,194.712 m<br>
<b>Latitude:</b> 30.46278616°<br>
<b>Longitude:</b> 76.62885198°
]]></description>
        <styleUrl>#kmStyle</styleUrl>
        <Point>
          <coordinates>76.62885198,30.46278616,0</coordinates>
        </Point>
      </Placemark>
      <Placemark>
        <name><![CDATA[KM 1176]]></name>
        <description><![CDATA[
<b>DFCC Chainage Post:</b> KM 1176<br>
<b>UTM Easting:</b> 655,650.956 m<br>
<b>UTM Northing:</b> 3,371,822.722 m<br>
<b>Latitude:</b> 30.46854500°<br>
<b>Longitude:</b> 76.62140362°
]]></description>
        <styleUrl>#kmStyle</styleUrl>
        <Point>
          <coordinates>76.62140362,30.46854500,0</coordinates>
        </Point>
      </Placemark>
      <Placemark>
        <name><![CDATA[KM 1177]]></name>
        <description><![CDATA[
<b>DFCC Chainage Post:</b> KM 1177<br>
<b>UTM Easting:</b> 654,870.575 m<br>
<b>UTM Northing:</b> 3,372,419.323 m<br>
<b>Latitude:</b> 30.47402734°<br>
<b>Longitude:</b> 76.61336590°
]]></description>
        <styleUrl>#kmStyle</styleUrl>
        <Point>
          <coordinates>76.61336590,30.47402734,0</coordinates>
        </Point>
      </Placemark>
      <Placemark>
        <name><![CDATA[KM 1178]]></name>
        <description><![CDATA[
<b>DFCC Chainage Post:</b> KM 1178<br>
<b>UTM Easting:</b> 654,039.453 m<br>
<b>UTM Northing:</b> 3,372,972.394 m<br>
<b>Latitude:</b> 30.47912307°<br>
<b>Longitude:</b> 76.60479238°
]]></description>
        <styleUrl>#kmStyle</styleUrl>
        <Point>
          <coordinates>76.60479238,30.47912307,0</coordinates>
        </Point>
      </Placemark>
      <Placemark>
        <name><![CDATA[KM 1179]]></name>
        <description><![CDATA[
<b>DFCC Chainage Post:</b> KM 1179<br>
<b>UTM Easting:</b> 653,252.835 m<br>
<b>UTM Northing:</b> 3,373,589.407 m<br>
<b>Latitude:</b> 30.48478936°<br>
<b>Longitude:</b> 76.59669089°
]]></description>
        <styleUrl>#kmStyle</styleUrl>
        <Point>
          <coordinates>76.59669089,30.48478936,0</coordinates>
        </Point>
      </Placemark>
      <Placemark>
        <name><![CDATA[KM 1180]]></name>
        <description><![CDATA[
<b>DFCC Chainage Post:</b> KM 1180<br>
<b>UTM Easting:</b> 652,446.786 m<br>
<b>UTM Northing:</b> 3,374,180.946 m<br>
<b>Latitude:</b> 30.49022787°<br>
<b>Longitude:</b> 76.58838233°
]]></description>
        <styleUrl>#kmStyle</styleUrl>
        <Point>
          <coordinates>76.58838233,30.49022787,0</coordinates>
        </Point>
      </Placemark>
      <Placemark>
        <name><![CDATA[KM 1181]]></name>
        <description><![CDATA[
<b>DFCC Chainage Post:</b> KM 1181<br>
<b>UTM Easting:</b> 651,632.683 m<br>
<b>UTM Northing:</b> 3,374,761.590 m<br>
<b>Latitude:</b> 30.49556861°<br>
<b>Longitude:</b> 76.57998736°
]]></description>
        <styleUrl>#kmStyle</styleUrl>
        <Point>
          <coordinates>76.57998736,30.49556861,0</coordinates>
        </Point>
      </Placemark>
      <Placemark>
        <name><![CDATA[KM 1182]]></name>
        <description><![CDATA[
<b>DFCC Chainage Post:</b> KM 1182<br>
<b>UTM Easting:</b> 650,827.494 m<br>
<b>UTM Northing:</b> 3,375,354.594 m<br>
<b>Latitude:</b> 30.50101921°<br>
<b>Longitude:</b> 76.57168610°
]]></description>
        <styleUrl>#kmStyle</styleUrl>
        <Point>
          <coordinates>76.57168610,30.50101921,0</coordinates>
        </Point>
      </Placemark>
      <Placemark>
        <name><![CDATA[KM 1183]]></name>
        <description><![CDATA[
<b>DFCC Chainage Post:</b> KM 1183<br>
<b>UTM Easting:</b> 650,023.704 m<br>
<b>UTM Northing:</b> 3,375,949.507 m<br>
<b>Latitude:</b> 30.50648635°<br>
<b>Longitude:</b> 76.56339876°
]]></description>
        <styleUrl>#kmStyle</styleUrl>
        <Point>
          <coordinates>76.56339876,30.50648635,0</coordinates>
        </Point>
      </Placemark>
      <Placemark>
        <name><![CDATA[KM 1184]]></name>
        <description><![CDATA[
<b>DFCC Chainage Post:</b> KM 1184<br>
<b>UTM Easting:</b> 649,219.914 m<br>
<b>UTM Northing:</b> 3,376,544.420 m<br>
<b>Latitude:</b> 30.51195300°<br>
<b>Longitude:</b> 76.55511047°
]]></description>
        <styleUrl>#kmStyle</styleUrl>
        <Point>
          <coordinates>76.55511047,30.51195300,0</coordinates>
        </Point>
      </Placemark>
      <Placemark>
        <name><![CDATA[KM 1185]]></name>
        <description><![CDATA[
<b>DFCC Chainage Post:</b> KM 1185<br>
<b>UTM Easting:</b> 648,416.124 m<br>
<b>UTM Northing:</b> 3,377,139.333 m<br>
<b>Latitude:</b> 30.51741915°<br>
<b>Longitude:</b> 76.54682125°
]]></description>
        <styleUrl>#kmStyle</styleUrl>
        <Point>
          <coordinates>76.54682125,30.51741915,0</coordinates>
        </Point>
      </Placemark>
      <Placemark>
        <name><![CDATA[KM 1186]]></name>
        <description><![CDATA[
<b>DFCC Chainage Post:</b> KM 1186<br>
<b>UTM Easting:</b> 647,612.334 m<br>
<b>UTM Northing:</b> 3,377,734.246 m<br>
<b>Latitude:</b> 30.52288479°<br>
<b>Longitude:</b> 76.53853109°
]]></description>
        <styleUrl>#kmStyle</styleUrl>
        <Point>
          <coordinates>76.53853109,30.52288479,0</coordinates>
        </Point>
      </Placemark>
      <Placemark>
        <name><![CDATA[KM 1187]]></name>
        <description><![CDATA[
<b>DFCC Chainage Post:</b> KM 1187<br>
<b>UTM Easting:</b> 646,808.544 m<br>
<b>UTM Northing:</b> 3,378,329.159 m<br>
<b>Latitude:</b> 30.52834994°<br>
<b>Longitude:</b> 76.53023999°
]]></description>
        <styleUrl>#kmStyle</styleUrl>
        <Point>
          <coordinates>76.53023999,30.52834994,0</coordinates>
        </Point>
      </Placemark>
      <Placemark>
        <name><![CDATA[KM 1188]]></name>
        <description><![CDATA[
<b>DFCC Chainage Post:</b> KM 1188<br>
<b>UTM Easting:</b> 646,017.174 m<br>
<b>UTM Northing:</b> 3,378,940.396 m<br>
<b>Latitude:</b> 30.53396032°<br>
<b>Longitude:</b> 76.52207968°
]]></description>
        <styleUrl>#kmStyle</styleUrl>
        <Point>
          <coordinates>76.52207968,30.53396032,0</coordinates>
        </Point>
      </Placemark>
      <Placemark>
        <name><![CDATA[KM 1189]]></name>
        <description><![CDATA[
<b>DFCC Chainage Post:</b> KM 1189<br>
<b>UTM Easting:</b> 645,216.849 m<br>
<b>UTM Northing:</b> 3,379,539.889 m<br>
<b>Latitude:</b> 30.53946536°<br>
<b>Longitude:</b> 76.51382345°
]]></description>
        <styleUrl>#kmStyle</styleUrl>
        <Point>
          <coordinates>76.51382345,30.53946536,0</coordinates>
        </Point>
      </Placemark>
      <Placemark>
        <name><![CDATA[KM 1190]]></name>
        <description><![CDATA[
<b>DFCC Chainage Post:</b> KM 1190<br>
<b>UTM Easting:</b> 644,409.941 m<br>
<b>UTM Northing:</b> 3,380,130.422 m<br>
<b>Latitude:</b> 30.54488988°<br>
<b>Longitude:</b> 76.50549643°
]]></description>
        <styleUrl>#kmStyle</styleUrl>
        <Point>
          <coordinates>76.50549643,30.54488988,0</coordinates>
        </Point>
      </Placemark>
      <Placemark>
        <name><![CDATA[KM 1191]]></name>
        <description><![CDATA[
<b>DFCC Chainage Post:</b> KM 1191<br>
<b>UTM Easting:</b> 643,596.788 m<br>
<b>UTM Northing:</b> 3,380,712.114 m<br>
<b>Latitude:</b> 30.55023489°<br>
<b>Longitude:</b> 76.49710215°
]]></description>
        <styleUrl>#kmStyle</styleUrl>
        <Point>
          <coordinates>76.49710215,30.55023489,0</coordinates>
        </Point>
      </Placemark>
      <Placemark>
        <name><![CDATA[KM 1192]]></name>
        <description><![CDATA[
<b>DFCC Chainage Post:</b> KM 1192<br>
<b>UTM Easting:</b> 642,793.431 m<br>
<b>UTM Northing:</b> 3,381,307.612 m<br>
<b>Latitude:</b> 30.55570275°<br>
<b>Longitude:</b> 76.48881095°
]]></description>
        <styleUrl>#kmStyle</styleUrl>
        <Point>
          <coordinates>76.48881095,30.55570275,0</coordinates>
        </Point>
      </Placemark>
      <Placemark>
        <name><![CDATA[KM 1193]]></name>
        <description><![CDATA[
<b>DFCC Chainage Post:</b> KM 1193<br>
<b>UTM Easting:</b> 641,992.190 m<br>
<b>UTM Northing:</b> 3,381,905.933 m<br>
<b>Latitude:</b> 30.56119533°<br>
<b>Longitude:</b> 76.48054125°
]]></description>
        <styleUrl>#kmStyle</styleUrl>
        <Point>
          <coordinates>76.48054125,30.56119533,0</coordinates>
        </Point>
      </Placemark>
      <Placemark>
        <name><![CDATA[KM 1194]]></name>
        <description><![CDATA[
<b>DFCC Chainage Post:</b> KM 1194<br>
<b>UTM Easting:</b> 641,189.413 m<br>
<b>UTM Northing:</b> 3,382,502.212 m<br>
<b>Latitude:</b> 30.56666917°<br>
<b>Longitude:</b> 76.47225433°
]]></description>
        <styleUrl>#kmStyle</styleUrl>
        <Point>
          <coordinates>76.47225433,30.56666917,0</coordinates>
        </Point>
      </Placemark>
      <Placemark>
        <name><![CDATA[KM 1195]]></name>
        <description><![CDATA[
<b>DFCC Chainage Post:</b> KM 1195<br>
<b>UTM Easting:</b> 640,386.636 m<br>
<b>UTM Northing:</b> 3,383,098.492 m<br>
<b>Latitude:</b> 30.57214251°<br>
<b>Longitude:</b> 76.46396646°
]]></description>
        <styleUrl>#kmStyle</styleUrl>
        <Point>
          <coordinates>76.46396646,30.57214251,0</coordinates>
        </Point>
      </Placemark>
      <Placemark>
        <name><![CDATA[KM 1196]]></name>
        <description><![CDATA[
<b>DFCC Chainage Post:</b> KM 1196<br>
<b>UTM Easting:</b> 639,583.859 m<br>
<b>UTM Northing:</b> 3,383,694.772 m<br>
<b>Latitude:</b> 30.57761535°<br>
<b>Longitude:</b> 76.45567766°
]]></description>
        <styleUrl>#kmStyle</styleUrl>
        <Point>
          <coordinates>76.45567766,30.57761535,0</coordinates>
        </Point>
      </Placemark>
      <Placemark>
        <name><![CDATA[KM 1197]]></name>
        <description><![CDATA[
<b>DFCC Chainage Post:</b> KM 1197<br>
<b>UTM Easting:</b> 638,785.259 m<br>
<b>UTM Northing:</b> 3,384,296.547 m<br>
<b>Latitude:</b> 30.58313678°<br>
<b>Longitude:</b> 76.44743220°
]]></description>
        <styleUrl>#kmStyle</styleUrl>
        <Point>
          <coordinates>76.44743220,30.58313678,0</coordinates>
        </Point>
      </Placemark>
      <Placemark>
        <name><![CDATA[KM 1198]]></name>
        <description><![CDATA[
<b>DFCC Chainage Post:</b> KM 1198<br>
<b>UTM Easting:</b> 637,977.401 m<br>
<b>UTM Northing:</b> 3,384,885.797 m<br>
<b>Latitude:</b> 30.58854580°<br>
<b>Longitude:</b> 76.43908759°
]]></description>
        <styleUrl>#kmStyle</styleUrl>
        <Point>
          <coordinates>76.43908759,30.58854580,0</coordinates>
        </Point>
      </Placemark>
      <Placemark>
        <name><![CDATA[KM 1199]]></name>
        <description><![CDATA[
<b>DFCC Chainage Post:</b> KM 1199<br>
<b>UTM Easting:</b> 637,175.332 m<br>
<b>UTM Northing:</b> 3,385,483.029 m<br>
<b>Latitude:</b> 30.59402563°<br>
<b>Longitude:</b> 76.43080347°
]]></description>
        <styleUrl>#kmStyle</styleUrl>
        <Point>
          <coordinates>76.43080347,30.59402563,0</coordinates>
        </Point>
      </Placemark>
      <Placemark>
        <name><![CDATA[KM 1200]]></name>
        <description><![CDATA[
<b>DFCC Chainage Post:</b> KM 1200<br>
<b>UTM Easting:</b> 636,373.281 m<br>
<b>UTM Northing:</b> 3,386,080.284 m<br>
<b>Latitude:</b> 30.59950518°<br>
<b>Longitude:</b> 76.42251859°
]]></description>
        <styleUrl>#kmStyle</styleUrl>
        <Point>
          <coordinates>76.42251859,30.59950518,0</coordinates>
        </Point>
      </Placemark>
      <Placemark>
        <name><![CDATA[KM 1201]]></name>
        <description><![CDATA[
<b>DFCC Chainage Post:</b> KM 1201<br>
<b>UTM Easting:</b> 635,570.903 m<br>
<b>UTM Northing:</b> 3,386,677.098 m<br>
<b>Latitude:</b> 30.60498027°<br>
<b>Longitude:</b> 76.41422931°
]]></description>
        <styleUrl>#kmStyle</styleUrl>
        <Point>
          <coordinates>76.41422931,30.60498027,0</coordinates>
        </Point>
      </Placemark>
      <Placemark>
        <name><![CDATA[KM 1202]]></name>
        <description><![CDATA[
<b>DFCC Chainage Post:</b> KM 1202<br>
<b>UTM Easting:</b> 634,762.596 m<br>
<b>UTM Northing:</b> 3,387,265.698 m<br>
<b>Latitude:</b> 30.61038144°<br>
<b>Longitude:</b> 76.40587617°
]]></description>
        <styleUrl>#kmStyle</styleUrl>
        <Point>
          <coordinates>76.40587617,30.61038144,0</coordinates>
        </Point>
      </Placemark>
      <Placemark>
        <name><![CDATA[KM 1203]]></name>
        <description><![CDATA[
<b>DFCC Chainage Post:</b> KM 1203<br>
<b>UTM Easting:</b> 633,926.999 m<br>
<b>UTM Northing:</b> 3,387,815.038 m<br>
<b>Latitude:</b> 30.61543099°<br>
<b>Longitude:</b> 76.39723238°
]]></description>
        <styleUrl>#kmStyle</styleUrl>
        <Point>
          <coordinates>76.39723238,30.61543099,0</coordinates>
        </Point>
      </Placemark>
      <Placemark>
        <name><![CDATA[KM 1204]]></name>
        <description><![CDATA[
<b>DFCC Chainage Post:</b> KM 1204<br>
<b>UTM Easting:</b> 633,093.035 m<br>
<b>UTM Northing:</b> 3,388,366.750 m<br>
<b>Latitude:</b> 30.62050120°<br>
<b>Longitude:</b> 76.38860500°
]]></description>
        <styleUrl>#kmStyle</styleUrl>
        <Point>
          <coordinates>76.38860500,30.62050120,0</coordinates>
        </Point>
      </Placemark>
      <Placemark>
        <name><![CDATA[KM 1205]]></name>
        <description><![CDATA[
<b>DFCC Chainage Post:</b> KM 1205<br>
<b>UTM Easting:</b> 632,312.612 m<br>
<b>UTM Northing:</b> 3,388,988.038 m<br>
<b>Latitude:</b> 30.62619258°<br>
<b>Longitude:</b> 76.38054414°
]]></description>
        <styleUrl>#kmStyle</styleUrl>
        <Point>
          <coordinates>76.38054414,30.62619258,0</coordinates>
        </Point>
      </Placemark>
      <Placemark>
        <name><![CDATA[KM 1206]]></name>
        <description><![CDATA[
<b>DFCC Chainage Post:</b> KM 1206<br>
<b>UTM Easting:</b> 632,089.962 m<br>
<b>UTM Northing:</b> 3,389,950.023 m<br>
<b>Latitude:</b> 30.63489540°<br>
<b>Longitude:</b> 76.37834461°
]]></description>
        <styleUrl>#kmStyle</styleUrl>
        <Point>
          <coordinates>76.37834461,30.63489540,0</coordinates>
        </Point>
      </Placemark>
      <Placemark>
        <name><![CDATA[KM 1207]]></name>
        <description><![CDATA[
<b>DFCC Chainage Post:</b> KM 1207<br>
<b>UTM Easting:</b> 631,271.461 m<br>
<b>UTM Northing:</b> 3,390,363.778 m<br>
<b>Latitude:</b> 30.63871819°<br>
<b>Longitude:</b> 76.36985830°
]]></description>
        <styleUrl>#kmStyle</styleUrl>
        <Point>
          <coordinates>76.36985830,30.63871819,0</coordinates>
        </Point>
      </Placemark>
      <Placemark>
        <name><![CDATA[KM 1208]]></name>
        <description><![CDATA[
<b>DFCC Chainage Post:</b> KM 1208<br>
<b>UTM Easting:</b> 630,491.630 m<br>
<b>UTM Northing:</b> 3,389,755.845 m<br>
<b>Latitude:</b> 30.63331941°<br>
<b>Longitude:</b> 76.36164564°
]]></description>
        <styleUrl>#kmStyle</styleUrl>
        <Point>
          <coordinates>76.36164564,30.63331941,0</coordinates>
        </Point>
      </Placemark>
      <Placemark>
        <name><![CDATA[KM 1209]]></name>
        <description><![CDATA[
<b>DFCC Chainage Post:</b> KM 1209<br>
<b>UTM Easting:</b> 629,577.942 m<br>
<b>UTM Northing:</b> 3,389,835.002 m<br>
<b>Latitude:</b> 30.63413298°<br>
<b>Longitude:</b> 76.35212372°
]]></description>
        <styleUrl>#kmStyle</styleUrl>
        <Point>
          <coordinates>76.35212372,30.63413298,0</coordinates>
        </Point>
      </Placemark>
      <Placemark>
        <name><![CDATA[KM 1210]]></name>
        <description><![CDATA[
<b>DFCC Chainage Post:</b> KM 1210<br>
<b>UTM Easting:</b> 629,097.826 m<br>
<b>UTM Northing:</b> 3,390,708.825 m<br>
<b>Latitude:</b> 30.64206793°<br>
<b>Longitude:</b> 76.34722422°
]]></description>
        <styleUrl>#kmStyle</styleUrl>
        <Point>
          <coordinates>76.34722422,30.64206793,0</coordinates>
        </Point>
      </Placemark>
      <Placemark>
        <name><![CDATA[KM 1211]]></name>
        <description><![CDATA[
<b>DFCC Chainage Post:</b> KM 1211<br>
<b>UTM Easting:</b> 628,281.191 m<br>
<b>UTM Northing:</b> 3,391,274.293 m<br>
<b>Latitude:</b> 30.64725719°<br>
<b>Longitude:</b> 76.33877432°
]]></description>
        <styleUrl>#kmStyle</styleUrl>
        <Point>
          <coordinates>76.33877432,30.64725719,0</coordinates>
        </Point>
      </Placemark>
      <Placemark>
        <name><![CDATA[KM 1212]]></name>
        <description><![CDATA[
<b>DFCC Chainage Post:</b> KM 1212<br>
<b>UTM Easting:</b> 627,470.778 m<br>
<b>UTM Northing:</b> 3,391,855.439 m<br>
<b>Latitude:</b> 30.65258668°<br>
<b>Longitude:</b> 76.33039036°
]]></description>
        <styleUrl>#kmStyle</styleUrl>
        <Point>
          <coordinates>76.33039036,30.65258668,0</coordinates>
        </Point>
      </Placemark>
      <Placemark>
        <name><![CDATA[KM 1213]]></name>
        <description><![CDATA[
<b>DFCC Chainage Post:</b> KM 1213<br>
<b>UTM Easting:</b> 626,614.275 m<br>
<b>UTM Northing:</b> 3,392,371.574 m<br>
<b>Latitude:</b> 30.65733406°<br>
<b>Longitude:</b> 76.32151654°
]]></description>
        <styleUrl>#kmStyle</styleUrl>
        <Point>
          <coordinates>76.32151654,30.65733406,0</coordinates>
        </Point>
      </Placemark>
      <Placemark>
        <name><![CDATA[KM 1214]]></name>
        <description><![CDATA[
<b>DFCC Chainage Post:</b> KM 1214<br>
<b>UTM Easting:</b> 625,757.520 m<br>
<b>UTM Northing:</b> 3,392,887.297 m<br>
<b>Latitude:</b> 30.66207718°<br>
<b>Longitude:</b> 76.31263916°
]]></description>
        <styleUrl>#kmStyle</styleUrl>
        <Point>
          <coordinates>76.31263916,30.66207718,0</coordinates>
        </Point>
      </Placemark>
      <Placemark>
        <name><![CDATA[KM 1215]]></name>
        <description><![CDATA[
<b>DFCC Chainage Post:</b> KM 1215<br>
<b>UTM Easting:</b> 624,872.127 m<br>
<b>UTM Northing:</b> 3,393,345.068 m<br>
<b>Latitude:</b> 30.66629990°<br>
<b>Longitude:</b> 76.30345502°
]]></description>
        <styleUrl>#kmStyle</styleUrl>
        <Point>
          <coordinates>76.30345502,30.66629990,0</coordinates>
        </Point>
      </Placemark>
      <Placemark>
        <name><![CDATA[KM 1216]]></name>
        <description><![CDATA[
<b>DFCC Chainage Post:</b> KM 1216<br>
<b>UTM Easting:</b> 624,010.503 m<br>
<b>UTM Northing:</b> 3,393,851.518 m<br>
<b>Latitude:</b> 30.67095867°<br>
<b>Longitude:</b> 76.29452397°
]]></description>
        <styleUrl>#kmStyle</styleUrl>
        <Point>
          <coordinates>76.29452397,30.67095867,0</coordinates>
        </Point>
      </Placemark>
      <Placemark>
        <name><![CDATA[KM 1217]]></name>
        <description><![CDATA[
<b>DFCC Chainage Post:</b> KM 1217<br>
<b>UTM Easting:</b> 623,156.702 m<br>
<b>UTM Northing:</b> 3,394,372.005 m<br>
<b>Latitude:</b> 30.67574267°<br>
<b>Longitude:</b> 76.28567538°
]]></description>
        <styleUrl>#kmStyle</styleUrl>
        <Point>
          <coordinates>76.28567538,30.67574267,0</coordinates>
        </Point>
      </Placemark>
      <Placemark>
        <name><![CDATA[KM 1218]]></name>
        <description><![CDATA[
<b>DFCC Chainage Post:</b> KM 1218<br>
<b>UTM Easting:</b> 622,299.569 m<br>
<b>UTM Northing:</b> 3,394,887.101 m<br>
<b>Latitude:</b> 30.68047780°<br>
<b>Longitude:</b> 76.27679049°
]]></description>
        <styleUrl>#kmStyle</styleUrl>
        <Point>
          <coordinates>76.27679049,30.68047780,0</coordinates>
        </Point>
      </Placemark>
      <Placemark>
        <name><![CDATA[KM 1219]]></name>
        <description><![CDATA[
<b>DFCC Chainage Post:</b> KM 1219<br>
<b>UTM Easting:</b> 621,442.437 m<br>
<b>UTM Northing:</b> 3,395,402.197 m<br>
<b>Latitude:</b> 30.68521235°<br>
<b>Longitude:</b> 76.26790472°
]]></description>
        <styleUrl>#kmStyle</styleUrl>
        <Point>
          <coordinates>76.26790472,30.68521235,0</coordinates>
        </Point>
      </Placemark>
      <Placemark>
        <name><![CDATA[KM 1220]]></name>
        <description><![CDATA[
<b>DFCC Chainage Post:</b> KM 1220<br>
<b>UTM Easting:</b> 620,585.304 m<br>
<b>UTM Northing:</b> 3,395,917.293 m<br>
<b>Latitude:</b> 30.68994630°<br>
<b>Longitude:</b> 76.25901807°
]]></description>
        <styleUrl>#kmStyle</styleUrl>
        <Point>
          <coordinates>76.25901807,30.68994630,0</coordinates>
        </Point>
      </Placemark>
      <Placemark>
        <name><![CDATA[KM 1221]]></name>
        <description><![CDATA[
<b>DFCC Chainage Post:</b> KM 1221<br>
<b>UTM Easting:</b> 619,728.172 m<br>
<b>UTM Northing:</b> 3,396,432.389 m<br>
<b>Latitude:</b> 30.69467967°<br>
<b>Longitude:</b> 76.25013054°
]]></description>
        <styleUrl>#kmStyle</styleUrl>
        <Point>
          <coordinates>76.25013054,30.69467967,0</coordinates>
        </Point>
      </Placemark>
      <Placemark>
        <name><![CDATA[KM 1222]]></name>
        <description><![CDATA[
<b>DFCC Chainage Post:</b> KM 1222<br>
<b>UTM Easting:</b> 618,871.039 m<br>
<b>UTM Northing:</b> 3,396,947.485 m<br>
<b>Latitude:</b> 30.69941245°<br>
<b>Longitude:</b> 76.24124212°
]]></description>
        <styleUrl>#kmStyle</styleUrl>
        <Point>
          <coordinates>76.24124212,30.69941245,0</coordinates>
        </Point>
      </Placemark>
      <Placemark>
        <name><![CDATA[KM 1223]]></name>
        <description><![CDATA[
<b>DFCC Chainage Post:</b> KM 1223<br>
<b>UTM Easting:</b> 618,011.329 m<br>
<b>UTM Northing:</b> 3,397,458.153 m<br>
<b>Latitude:</b> 30.70410495°<br>
<b>Longitude:</b> 76.23232541°
]]></description>
        <styleUrl>#kmStyle</styleUrl>
        <Point>
          <coordinates>76.23232541,30.70410495,0</coordinates>
        </Point>
      </Placemark>
      <Placemark>
        <name><![CDATA[KM 1224]]></name>
        <description><![CDATA[
<b>DFCC Chainage Post:</b> KM 1224<br>
<b>UTM Easting:</b> 617,149.377 m<br>
<b>UTM Northing:</b> 3,397,964.925 m<br>
<b>Latitude:</b> 30.70876193°<br>
<b>Longitude:</b> 76.22338396°
]]></description>
        <styleUrl>#kmStyle</styleUrl>
        <Point>
          <coordinates>76.22338396,30.70876193,0</coordinates>
        </Point>
      </Placemark>
      <Placemark>
        <name><![CDATA[KM 1225]]></name>
        <description><![CDATA[
<b>DFCC Chainage Post:</b> KM 1225<br>
<b>UTM Easting:</b> 616,302.354 m<br>
<b>UTM Northing:</b> 3,398,496.291 m<br>
<b>Latitude:</b> 30.71363873°<br>
<b>Longitude:</b> 76.21460031°
]]></description>
        <styleUrl>#kmStyle</styleUrl>
        <Point>
          <coordinates>76.21460031,30.71363873,0</coordinates>
        </Point>
      </Placemark>
      <Placemark>
        <name><![CDATA[KM 1226]]></name>
        <description><![CDATA[
<b>DFCC Chainage Post:</b> KM 1226<br>
<b>UTM Easting:</b> 615,441.058 m<br>
<b>UTM Northing:</b> 3,399,004.308 m<br>
<b>Latitude:</b> 30.71830570°<br>
<b>Longitude:</b> 76.20566410°
]]></description>
        <styleUrl>#kmStyle</styleUrl>
        <Point>
          <coordinates>76.20566410,30.71830570,0</coordinates>
        </Point>
      </Placemark>
      <Placemark>
        <name><![CDATA[KM 1227]]></name>
        <description><![CDATA[
<b>DFCC Chainage Post:</b> KM 1227<br>
<b>UTM Easting:</b> 614,583.295 m<br>
<b>UTM Northing:</b> 3,399,518.353 m<br>
<b>Latitude:</b> 30.72302611°<br>
<b>Longitude:</b> 76.19676458°
]]></description>
        <styleUrl>#kmStyle</styleUrl>
        <Point>
          <coordinates>76.19676458,30.72302611,0</coordinates>
        </Point>
      </Placemark>
      <Placemark>
        <name><![CDATA[KM 1228]]></name>
        <description><![CDATA[
<b>DFCC Chainage Post:</b> KM 1228<br>
<b>UTM Easting:</b> 613,722.548 m<br>
<b>UTM Northing:</b> 3,400,027.329 m<br>
<b>Latitude:</b> 30.72770049°<br>
<b>Longitude:</b> 76.18783245°
]]></description>
        <styleUrl>#kmStyle</styleUrl>
        <Point>
          <coordinates>76.18783245,30.72770049,0</coordinates>
        </Point>
      </Placemark>
      <Placemark>
        <name><![CDATA[KM 1229]]></name>
        <description><![CDATA[
<b>DFCC Chainage Post:</b> KM 1229<br>
<b>UTM Easting:</b> 612,865.195 m<br>
<b>UTM Northing:</b> 3,400,542.056 m<br>
<b>Latitude:</b> 30.73242583°<br>
<b>Longitude:</b> 76.17893552°
]]></description>
        <styleUrl>#kmStyle</styleUrl>
        <Point>
          <coordinates>76.17893552,30.73242583,0</coordinates>
        </Point>
      </Placemark>
      <Placemark>
        <name><![CDATA[KM 1230]]></name>
        <description><![CDATA[
<b>DFCC Chainage Post:</b> KM 1230<br>
<b>UTM Easting:</b> 612,007.841 m<br>
<b>UTM Northing:</b> 3,401,056.784 m<br>
<b>Latitude:</b> 30.73715059°<br>
<b>Longitude:</b> 76.17003770°
]]></description>
        <styleUrl>#kmStyle</styleUrl>
        <Point>
          <coordinates>76.17003770,30.73715059,0</coordinates>
        </Point>
      </Placemark>
      <Placemark>
        <name><![CDATA[KM 1231]]></name>
        <description><![CDATA[
<b>DFCC Chainage Post:</b> KM 1231<br>
<b>UTM Easting:</b> 611,153.870 m<br>
<b>UTM Northing:</b> 3,401,576.975 m<br>
<b>Latitude:</b> 30.74192373°<br>
<b>Longitude:</b> 76.16117493°
]]></description>
        <styleUrl>#kmStyle</styleUrl>
        <Point>
          <coordinates>76.16117493,30.74192373,0</coordinates>
        </Point>
      </Placemark>
      <Placemark>
        <name><![CDATA[KM 1232]]></name>
        <description><![CDATA[
<b>DFCC Chainage Post:</b> KM 1232<br>
<b>UTM Easting:</b> 610,296.244 m<br>
<b>UTM Northing:</b> 3,402,091.250 m<br>
<b>Latitude:</b> 30.74664325°<br>
<b>Longitude:</b> 76.15227247°
]]></description>
        <styleUrl>#kmStyle</styleUrl>
        <Point>
          <coordinates>76.15227247,30.74664325,0</coordinates>
        </Point>
      </Placemark>
      <Placemark>
        <name><![CDATA[KM 1233]]></name>
        <description><![CDATA[
<b>DFCC Chainage Post:</b> KM 1233<br>
<b>UTM Easting:</b> 609,438.619 m<br>
<b>UTM Northing:</b> 3,402,605.525 m<br>
<b>Latitude:</b> 30.75136217°<br>
<b>Longitude:</b> 76.14336912°
]]></description>
        <styleUrl>#kmStyle</styleUrl>
        <Point>
          <coordinates>76.14336912,30.75136217,0</coordinates>
        </Point>
      </Placemark>
      <Placemark>
        <name><![CDATA[KM 1234]]></name>
        <description><![CDATA[
<b>DFCC Chainage Post:</b> KM 1234<br>
<b>UTM Easting:</b> 608,580.884 m<br>
<b>UTM Northing:</b> 3,403,119.617 m<br>
<b>Latitude:</b> 30.75607886°<br>
<b>Longitude:</b> 76.13446373°
]]></description>
        <styleUrl>#kmStyle</styleUrl>
        <Point>
          <coordinates>76.13446373,30.75607886,0</coordinates>
        </Point>
      </Placemark>
      <Placemark>
        <name><![CDATA[KM 1235]]></name>
        <description><![CDATA[
<b>DFCC Chainage Post:</b> KM 1235<br>
<b>UTM Easting:</b> 607,709.768 m<br>
<b>UTM Northing:</b> 3,403,610.113 m<br>
<b>Latitude:</b> 30.76058329°<br>
<b>Longitude:</b> 76.12541519°
]]></description>
        <styleUrl>#kmStyle</styleUrl>
        <Point>
          <coordinates>76.12541519,30.76058329,0</coordinates>
        </Point>
      </Placemark>
      <Placemark>
        <name><![CDATA[KM 1236]]></name>
        <description><![CDATA[
<b>DFCC Chainage Post:</b> KM 1236<br>
<b>UTM Easting:</b> 606,862.232 m<br>
<b>UTM Northing:</b> 3,404,140.334 m<br>
<b>Latitude:</b> 30.76544339°<br>
<b>Longitude:</b> 76.11661628°
]]></description>
        <styleUrl>#kmStyle</styleUrl>
        <Point>
          <coordinates>76.11661628,30.76544339,0</coordinates>
        </Point>
      </Placemark>
      <Placemark>
        <name><![CDATA[KM 1237]]></name>
        <description><![CDATA[
<b>DFCC Chainage Post:</b> KM 1237<br>
<b>UTM Easting:</b> 606,003.830 m<br>
<b>UTM Northing:</b> 3,404,653.311 m<br>
<b>Latitude:</b> 30.77014829°<br>
<b>Longitude:</b> 76.10770116°
]]></description>
        <styleUrl>#kmStyle</styleUrl>
        <Point>
          <coordinates>76.10770116,30.77014829,0</coordinates>
        </Point>
      </Placemark>
      <Placemark>
        <name><![CDATA[KM 1238]]></name>
        <description><![CDATA[
<b>DFCC Chainage Post:</b> KM 1238<br>
<b>UTM Easting:</b> 605,145.427 m<br>
<b>UTM Northing:</b> 3,405,166.288 m<br>
<b>Latitude:</b> 30.77485260°<br>
<b>Longitude:</b> 76.09878516°
]]></description>
        <styleUrl>#kmStyle</styleUrl>
        <Point>
          <coordinates>76.09878516,30.77485260,0</coordinates>
        </Point>
      </Placemark>
      <Placemark>
        <name><![CDATA[KM 1239]]></name>
        <description><![CDATA[
<b>DFCC Chainage Post:</b> KM 1239<br>
<b>UTM Easting:</b> 604,287.620 m<br>
<b>UTM Northing:</b> 3,405,680.242 m<br>
<b>Latitude:</b> 30.77956508°<br>
<b>Longitude:</b> 76.08987460°
]]></description>
        <styleUrl>#kmStyle</styleUrl>
        <Point>
          <coordinates>76.08987460,30.77956508,0</coordinates>
        </Point>
      </Placemark>
      <Placemark>
        <name><![CDATA[KM 1240]]></name>
        <description><![CDATA[
<b>DFCC Chainage Post:</b> KM 1240<br>
<b>UTM Easting:</b> 603,432.226 m<br>
<b>UTM Northing:</b> 3,406,198.111 m<br>
<b>Latitude:</b> 30.78431208°<br>
<b>Longitude:</b> 76.08098877°
]]></description>
        <styleUrl>#kmStyle</styleUrl>
        <Point>
          <coordinates>76.08098877,30.78431208,0</coordinates>
        </Point>
      </Placemark>
      <Placemark>
        <name><![CDATA[KM 1241]]></name>
        <description><![CDATA[
<b>DFCC Chainage Post:</b> KM 1241<br>
<b>UTM Easting:</b> 602,574.072 m<br>
<b>UTM Northing:</b> 3,406,711.504 m<br>
<b>Latitude:</b> 30.78901834°<br>
<b>Longitude:</b> 76.07207276°
]]></description>
        <styleUrl>#kmStyle</styleUrl>
        <Point>
          <coordinates>76.07207276,30.78901834,0</coordinates>
        </Point>
      </Placemark>
      <Placemark>
        <name><![CDATA[KM 1242]]></name>
        <description><![CDATA[
<b>DFCC Chainage Post:</b> KM 1242<br>
<b>UTM Easting:</b> 601,715.918 m<br>
<b>UTM Northing:</b> 3,407,224.897 m<br>
<b>Latitude:</b> 30.79372400°<br>
<b>Longitude:</b> 76.06315588°
]]></description>
        <styleUrl>#kmStyle</styleUrl>
        <Point>
          <coordinates>76.06315588,30.79372400,0</coordinates>
        </Point>
      </Placemark>
      <Placemark>
        <name><![CDATA[KM 1243]]></name>
        <description><![CDATA[
<b>DFCC Chainage Post:</b> KM 1243<br>
<b>UTM Easting:</b> 600,857.765 m<br>
<b>UTM Northing:</b> 3,407,738.290 m<br>
<b>Latitude:</b> 30.79842906°<br>
<b>Longitude:</b> 76.05423812°
]]></description>
        <styleUrl>#kmStyle</styleUrl>
        <Point>
          <coordinates>76.05423812,30.79842906,0</coordinates>
        </Point>
      </Placemark>
      <Placemark>
        <name><![CDATA[KM 1244]]></name>
        <description><![CDATA[
<b>DFCC Chainage Post:</b> KM 1244<br>
<b>UTM Easting:</b> 599,990.831 m<br>
<b>UTM Northing:</b> 3,408,236.205 m<br>
<b>Latitude:</b> 30.80299463°<br>
<b>Longitude:</b> 76.04522620°
]]></description>
        <styleUrl>#kmStyle</styleUrl>
        <Point>
          <coordinates>76.04522620,30.80299463,0</coordinates>
        </Point>
      </Placemark>
      <Placemark>
        <name><![CDATA[KM 1245]]></name>
        <description><![CDATA[
<b>DFCC Chainage Post:</b> KM 1245<br>
<b>UTM Easting:</b> 599,131.304 m<br>
<b>UTM Northing:</b> 3,408,747.165 m<br>
<b>Latitude:</b> 30.80767666°<br>
<b>Longitude:</b> 76.03629209°
]]></description>
        <styleUrl>#kmStyle</styleUrl>
        <Point>
          <coordinates>76.03629209,30.80767666,0</coordinates>
        </Point>
      </Placemark>
      <Placemark>
        <name><![CDATA[KM 1246]]></name>
        <description><![CDATA[
<b>DFCC Chainage Post:</b> KM 1246<br>
<b>UTM Easting:</b> 598,283.833 m<br>
<b>UTM Northing:</b> 3,409,277.595 m<br>
<b>Latitude:</b> 30.81253275°<br>
<b>Longitude:</b> 76.02748499°
]]></description>
        <styleUrl>#kmStyle</styleUrl>
        <Point>
          <coordinates>76.02748499,30.81253275,0</coordinates>
        </Point>
      </Placemark>
      <Placemark>
        <name><![CDATA[KM 1247]]></name>
        <description><![CDATA[
<b>DFCC Chainage Post:</b> KM 1247<br>
<b>UTM Easting:</b> 597,425.530 m<br>
<b>UTM Northing:</b> 3,409,790.738 m<br>
<b>Latitude:</b> 30.81723318°<br>
<b>Longitude:</b> 76.01856212°
]]></description>
        <styleUrl>#kmStyle</styleUrl>
        <Point>
          <coordinates>76.01856212,30.81723318,0</coordinates>
        </Point>
      </Placemark>
      <Placemark>
        <name><![CDATA[KM 1248]]></name>
        <description><![CDATA[
<b>DFCC Chainage Post:</b> KM 1248<br>
<b>UTM Easting:</b> 596,567.228 m<br>
<b>UTM Northing:</b> 3,410,303.882 m<br>
<b>Latitude:</b> 30.82193302°<br>
<b>Longitude:</b> 76.00963837°
]]></description>
        <styleUrl>#kmStyle</styleUrl>
        <Point>
          <coordinates>76.00963837,30.82193302,0</coordinates>
        </Point>
      </Placemark>
      <Placemark>
        <name><![CDATA[KM 1249]]></name>
        <description><![CDATA[
<b>DFCC Chainage Post:</b> KM 1249<br>
<b>UTM Easting:</b> 595,708.925 m<br>
<b>UTM Northing:</b> 3,410,817.025 m<br>
<b>Latitude:</b> 30.82663226°<br>
<b>Longitude:</b> 76.00071374°
]]></description>
        <styleUrl>#kmStyle</styleUrl>
        <Point>
          <coordinates>76.00071374,30.82663226,0</coordinates>
        </Point>
      </Placemark>
      <Placemark>
        <name><![CDATA[KM 1250]]></name>
        <description><![CDATA[
<b>DFCC Chainage Post:</b> KM 1250<br>
<b>UTM Easting:</b> 594,850.622 m<br>
<b>UTM Northing:</b> 3,411,330.169 m<br>
<b>Latitude:</b> 30.83133090°<br>
<b>Longitude:</b> 75.99178823°
]]></description>
        <styleUrl>#kmStyle</styleUrl>
        <Point>
          <coordinates>75.99178823,30.83133090,0</coordinates>
        </Point>
      </Placemark>
    </Folder>

    <Folder>
      <name>Proposed DFC Stations (14)</name>
      <Placemark>
        <name><![CDATA[New Piikhani Jn.]]></name>
        <description><![CDATA[East: 736,537.263<br>North: 3,322,218.343<br>Longitude: 77.45231573<br>Latitude: 30.00812562]]></description>
        <styleUrl>#propStnStyle</styleUrl>
        <Point>
          <coordinates>77.45231573,30.00812562,0</coordinates>
        </Point>
      </Placemark>
      <Placemark>
        <name><![CDATA[New Kalanaur Jn.]]></name>
        <description><![CDATA[East: 725,396.56<br>North: 3,330,335.9<br>Longitude: 77.3392062<br>Latitude: 30.0830391]]></description>
        <styleUrl>#propStnStyle</styleUrl>
        <Point>
          <coordinates>77.33920620,30.08303910,0</coordinates>
        </Point>
      </Placemark>
      <Placemark>
        <name><![CDATA[New jagadhari workshop]]></name>
        <description><![CDATA[East: 714,535.31<br>North: 3,336,481.302<br>Longitude: 77.22724067<br>Latitude: 30.14079619]]></description>
        <styleUrl>#propStnStyle</styleUrl>
        <Point>
          <coordinates>77.22724067,30.14079619,0</coordinates>
        </Point>
      </Placemark>
      <Placemark>
        <name><![CDATA[New Darazpur]]></name>
        <description><![CDATA[East: 708,294.882<br>North: 3,339,056.916<br>Longitude: 77.16300067<br>Latitude: 30.16510596]]></description>
        <styleUrl>#propStnStyle</styleUrl>
        <Point>
          <coordinates>77.16300067,30.16510596,0</coordinates>
        </Point>
      </Placemark>
      <Placemark>
        <name><![CDATA[New Barara]]></name>
        <description><![CDATA[East: 698,486.926<br>North: 3,343,130.264<br>Longitude: 77.0619736<br>Latitude: 30.20348062]]></description>
        <styleUrl>#propStnStyle</styleUrl>
        <Point>
          <coordinates>77.06197360,30.20348062,0</coordinates>
        </Point>
      </Placemark>
      <Placemark>
        <name><![CDATA[New Kesri]]></name>
        <description><![CDATA[East: 687,913.547<br>North: 3,348,414.04<br>Longitude: 76.95312937<br>Latitude: 30.25281641]]></description>
        <styleUrl>#propStnStyle</styleUrl>
        <Point>
          <coordinates>76.95312937,30.25281641,0</coordinates>
        </Point>
      </Placemark>
      <Placemark>
        <name><![CDATA[New Dukhcri]]></name>
        <description><![CDATA[East: 680,340.814<br>North: 3,353,586.413<br>Longitude: 76.87534333<br>Latitude: 30.30061785]]></description>
        <styleUrl>#propStnStyle</styleUrl>
        <Point>
          <coordinates>76.87534333,30.30061785,0</coordinates>
        </Point>
      </Placemark>
      <Placemark>
        <name><![CDATA[New Ambala City]]></name>
        <description><![CDATA[East: 671,463.673<br>North: 3,360,559.151<br>Longitude: 76.7842097<br>Latitude: 30.36480047]]></description>
        <styleUrl>#propStnStyle</styleUrl>
        <Point>
          <coordinates>76.78420970,30.36480047,0</coordinates>
        </Point>
      </Placemark>
      <Placemark>
        <name><![CDATA[New Shambhu Jn.]]></name>
        <description><![CDATA[East: 660,132.974<br>North: 3,368,552.096<br>Longitude: 76.66757351<br>Latitude: 30.43845483]]></description>
        <styleUrl>#propStnStyle</styleUrl>
        <Point>
          <coordinates>76.66757351,30.43845483,0</coordinates>
        </Point>
      </Placemark>
      <Placemark>
        <name><![CDATA[New Sarai Banjara]]></name>
        <description><![CDATA[East: 645,550.306<br>North: 3,379,320.061<br>Longitude: 76.51726774<br>Latitude: 30.53744193]]></description>
        <styleUrl>#propStnStyle</styleUrl>
        <Point>
          <coordinates>76.51726774,30.53744193,0</coordinates>
        </Point>
      </Placemark>
      <Placemark>
        <name><![CDATA[New Sirhind Jn.]]></name>
        <description><![CDATA[East: 634,786.894<br>North: 3,387,276.22<br>Longitude: 76.40613096<br>Latitude: 30.61047362]]></description>
        <styleUrl>#propStnStyle</styleUrl>
        <Point>
          <coordinates>76.40613096,30.61047362,0</coordinates>
        </Point>
      </Placemark>
      <Placemark>
        <name><![CDATA[New Mandi Gobindgarh]]></name>
        <description><![CDATA[East: 626,410.283<br>North: 3,392,422.108<br>Longitude: 76.31939408<br>Latitude: 30.65781158]]></description>
        <styleUrl>#propStnStyle</styleUrl>
        <Point>
          <coordinates>76.31939408,30.65781158,0</coordinates>
        </Point>
      </Placemark>
      <Placemark>
        <name><![CDATA[New Khanna]]></name>
        <description><![CDATA[East: 612,798.913<br>North: 3,400,538.507<br>Longitude: 76.17824291<br>Latitude: 30.7324001]]></description>
        <styleUrl>#propStnStyle</styleUrl>
        <Point>
          <coordinates>76.17824291,30.73240010,0</coordinates>
        </Point>
      </Placemark>
      <Placemark>
        <name><![CDATA[New Chawa Pail Jn.]]></name>
        <description><![CDATA[East: 605,521.641<br>North: 3,404,908.38<br>Longitude: 76.1026895<br>Latitude: 30.77249243]]></description>
        <styleUrl>#propStnStyle</styleUrl>
        <Point>
          <coordinates>76.10268950,30.77249243,0</coordinates>
        </Point>
      </Placemark>
    </Folder>

    <Folder>
      <name>Existing IR Stations (23)</name>
      <Placemark>
        <name><![CDATA[Pilkhani/PKY]]></name>
        <description><![CDATA[East: 738,557.872<br>North: 3,321,112.971<br>Longitude: 77.473001<br>Latitude: 29.9977675]]></description>
        <styleUrl>#exitStnStyle</styleUrl>
        <Point>
          <coordinates>77.47300100,29.99776750,0</coordinates>
        </Point>
      </Placemark>
      <Placemark>
        <name><![CDATA[Sarsawa/SSW]]></name>
        <description><![CDATA[East: 733,736.207<br>North: 3,323,899.266<br>Longitude: 77.4236662<br>Latitude: 30.0238194]]></description>
        <styleUrl>#exitStnStyle</styleUrl>
        <Point>
          <coordinates>77.42366620,30.02381940,0</coordinates>
        </Point>
      </Placemark>
      <Placemark>
        <name><![CDATA[Kalanour/KNZ]]></name>
        <description><![CDATA[East: 725,512.983<br>North: 3,330,262.575<br>Longitude: 77.3398074<br>Latitude: 30.08274]]></description>
        <styleUrl>#exitStnStyle</styleUrl>
        <Point>
          <coordinates>77.33980740,30.08274000,0</coordinates>
        </Point>
      </Placemark>
      <Placemark>
        <name><![CDATA[Yamunanagar Jagadhri/JUD]]></name>
        <description><![CDATA[East: 720,398.186<br>North: 3,334,024.216<br>Longitude: 77.2875561<br>Latitude: 30.1175936]]></description>
        <styleUrl>#exitStnStyle</styleUrl>
        <Point>
          <coordinates>77.28755610,30.11759360,0</coordinates>
        </Point>
      </Placemark>
      <Placemark>
        <name><![CDATA[Jagadhri Workshop/JUDW]]></name>
        <description><![CDATA[East: 716,004.117<br>North: 3,335,986.162<br>Longitude: 77.2423786<br>Latitude: 30.1360717]]></description>
        <styleUrl>#exitStnStyle</styleUrl>
        <Point>
          <coordinates>77.24237860,30.13607170,0</coordinates>
        </Point>
      </Placemark>
      <Placemark>
        <name><![CDATA[Darazpur/DZP]]></name>
        <description><![CDATA[East: 711,520.216<br>North: 3,337,742.76<br>Longitude: 77.1962103<br>Latitude: 30.152699]]></description>
        <styleUrl>#exitStnStyle</styleUrl>
        <Point>
          <coordinates>77.19621030,30.15269900,0</coordinates>
        </Point>
      </Placemark>
      <Placemark>
        <name><![CDATA[Mustafabad/MFB]]></name>
        <description><![CDATA[East: 704,343.905<br>North: 3,340,805.15<br>Longitude: 77.1223342<br>Latitude: 30.1815416]]></description>
        <styleUrl>#exitStnStyle</styleUrl>
        <Point>
          <coordinates>77.12233420,30.18154160,0</coordinates>
        </Point>
      </Placemark>
      <Placemark>
        <name><![CDATA[Barara/RAA]]></name>
        <description><![CDATA[East: 696,218.258<br>North: 3,344,161.86<br>Longitude: 77.03861<br>Latitude: 30.2131526]]></description>
        <styleUrl>#exitStnStyle</styleUrl>
        <Point>
          <coordinates>77.03861000,30.21315260,0</coordinates>
        </Point>
      </Placemark>
      <Placemark>
        <name><![CDATA[Tandwal/TDW]]></name>
        <description><![CDATA[East: 691,369.451<br>North: 3,346,383.508<br>Longitude: 76.9886623<br>Latitude: 30.233963]]></description>
        <styleUrl>#exitStnStyle</styleUrl>
        <Point>
          <coordinates>76.98866230,30.23396300,0</coordinates>
        </Point>
      </Placemark>
      <Placemark>
        <name><![CDATA[Kesri/KES]]></name>
        <description><![CDATA[East: 686,041.881<br>North: 3,349,804.126<br>Longitude: 76.9339308<br>Latitude: 30.2656423]]></description>
        <styleUrl>#exitStnStyle</styleUrl>
        <Point>
          <coordinates>76.93393080,30.26564230,0</coordinates>
        </Point>
      </Placemark>
      <Placemark>
        <name><![CDATA[Dukheri/DOKY]]></name>
        <description><![CDATA[East: 681,323.615<br>North: 3,352,955.787<br>Longitude: 76.8854499<br>Latitude: 30.2947832]]></description>
        <styleUrl>#exitStnStyle</styleUrl>
        <Point>
          <coordinates>76.88544990,30.29478320,0</coordinates>
        </Point>
      </Placemark>
      <Placemark>
        <name><![CDATA[Ambala Cantt Jn/UMB]]></name>
        <description><![CDATA[East: 675,797.004<br>North: 3,357,698.752<br>Longitude: 76.8288022<br>Latitude: 30.3383778]]></description>
        <styleUrl>#exitStnStyle</styleUrl>
        <Point>
          <coordinates>76.82880220,30.33837780,0</coordinates>
        </Point>
      </Placemark>
      <Placemark>
        <name><![CDATA[Ambala City/UBC]]></name>
        <description><![CDATA[East: 669,524.594<br>North: 3,362,037.029<br>Longitude: 76.7642796<br>Latitude: 30.3784045]]></description>
        <styleUrl>#exitStnStyle</styleUrl>
        <Point>
          <coordinates>76.76427960,30.37840450,0</coordinates>
        </Point>
      </Placemark>
      <Placemark>
        <name><![CDATA[Shambhu/SMU]]></name>
        <description><![CDATA[East: 661,717.134<br>North: 3,367,524.22<br>Longitude: 76.6839051<br>Latitude: 30.4289715]]></description>
        <styleUrl>#exitStnStyle</styleUrl>
        <Point>
          <coordinates>76.68390510,30.42897150,0</coordinates>
        </Point>
      </Placemark>
      <Placemark>
        <name><![CDATA[Rajpura Jn/RPJ]]></name>
        <description><![CDATA[East: 652,972.162<br>North: 3,373,724.461<br>Longitude: 76.5937875<br>Latitude: 30.4860434]]></description>
        <styleUrl>#exitStnStyle</styleUrl>
        <Point>
          <coordinates>76.59378750,30.48604340,0</coordinates>
        </Point>
      </Placemark>
      <Placemark>
        <name><![CDATA[Sarai Banjara/SBJ]]></name>
        <description><![CDATA[East: 645,339.533<br>North: 3,379,366.542<br>Longitude: 76.5150777<br>Latitude: 30.5378868]]></description>
        <styleUrl>#exitStnStyle</styleUrl>
        <Point>
          <coordinates>76.51507770,30.53788680,0</coordinates>
        </Point>
      </Placemark>
      <Placemark>
        <name><![CDATA[Sadhoogarh/SDY]]></name>
        <description><![CDATA[East: 638,877.713<br>North: 3,384,262.633<br>Longitude: 76.4483916<br>Latitude: 30.5828201]]></description>
        <styleUrl>#exitStnStyle</styleUrl>
        <Point>
          <coordinates>76.44839160,30.58282010,0</coordinates>
        </Point>
      </Placemark>
      <Placemark>
        <name><![CDATA[Sirhind Jn/SIR]]></name>
        <description><![CDATA[East: 632,480.611<br>North: 3,388,712.591<br>Longitude: 76.3822613<br>Latitude: 30.6236891]]></description>
        <styleUrl>#exitStnStyle</styleUrl>
        <Point>
          <coordinates>76.38226130,30.62368910,0</coordinates>
        </Point>
      </Placemark>
      <Placemark>
        <name><![CDATA[Mandi Gobindgarh/GVG]]></name>
        <description><![CDATA[East: 624,260.683<br>North: 3,393,693.697<br>Longitude: 76.297116<br>Latitude: 30.6695089]]></description>
        <styleUrl>#exitStnStyle</styleUrl>
        <Point>
          <coordinates>76.29711600,30.66950890,0</coordinates>
        </Point>
      </Placemark>
      <Placemark>
        <name><![CDATA[Khanna/KNN]]></name>
        <description><![CDATA[East: 617,148.298<br>North: 3,397,895.242<br>Longitude: 76.2233648<br>Latitude: 30.7081334]]></description>
        <styleUrl>#exitStnStyle</styleUrl>
        <Point>
          <coordinates>76.22336480,30.70813340,0</coordinates>
        </Point>
      </Placemark>
      <Placemark>
        <name><![CDATA[Chawa Pail/CHA]]></name>
        <description><![CDATA[East: 607,900.633<br>North: 3,403,498.798<br>Longitude: 76.1273974<br>Latitude: 30.7595617]]></description>
        <styleUrl>#exitStnStyle</styleUrl>
        <Point>
          <coordinates>76.12739740,30.75956170,0</coordinates>
        </Point>
      </Placemark>
      <Placemark>
        <name><![CDATA[Doraha/DOA]]></name>
        <description><![CDATA[East: 599,843.787<br>North: 3,408,315.325<br>Longitude: 76.043697<br>Latitude: 30.8037208]]></description>
        <styleUrl>#exitStnStyle</styleUrl>
        <Point>
          <coordinates>76.04369700,30.80372080,0</coordinates>
        </Point>
      </Placemark>
      <Placemark>
        <name><![CDATA[Sanehwal/SNL]]></name>
        <description><![CDATA[East: 593,617.393<br>North: 3,412,040.519<br>Longitude: 75.9789598<br>Latitude: 30.8378379]]></description>
        <styleUrl>#exitStnStyle</styleUrl>
        <Point>
          <coordinates>75.97895980,30.83783790,0</coordinates>
        </Point>
      </Placemark>
    </Folder>

    <Folder>
      <name>Level Crossings (14)</name>
      <Placemark>
        <name><![CDATA[LC - 96]]></name>
        <description><![CDATA[EAST: 739,492.778<br>NORT: 3,320,511.718<br>Longitude: 77.3681951<br>Latitude: 30.0539844]]></description>
        <styleUrl>#lcStyle</styleUrl>
        <Point>
          <coordinates>77.36819510,30.05398440,0</coordinates>
        </Point>
      </Placemark>
      <Placemark>
        <name><![CDATA[LC - 97]]></name>
        <description><![CDATA[EAST: 739,006.078<br>NORT: 3,320,797.716<br>Longitude: 77.307595<br>Latitude: 30.1063531]]></description>
        <styleUrl>#lcStyle</styleUrl>
        <Point>
          <coordinates>77.30759500,30.10635310,0</coordinates>
        </Point>
      </Placemark>
      <Placemark>
        <name><![CDATA[LC - 98]]></name>
        <description><![CDATA[EAST: 738,139.907<br>NORT: 3,321,297.122<br>Longitude: 77.2815788<br>Latitude: 30.120059]]></description>
        <styleUrl>#lcStyle</styleUrl>
        <Point>
          <coordinates>77.28157880,30.12005900,0</coordinates>
        </Point>
      </Placemark>
      <Placemark>
        <name><![CDATA[LC - 103]]></name>
        <description><![CDATA[EAST: 737,284.009<br>NORT: 3,321,814.188<br>Longitude: 77.1996023<br>Latitude: 30.1514308]]></description>
        <styleUrl>#lcStyle</styleUrl>
        <Point>
          <coordinates>77.19960230,30.15143080,0</coordinates>
        </Point>
      </Placemark>
      <Placemark>
        <name><![CDATA[LC - 106]]></name>
        <description><![CDATA[EAST: 736,423.537<br>NORT: 3,322,323.685<br>Longitude: 77.1469076<br>Latitude: 30.1715618]]></description>
        <styleUrl>#lcStyle</styleUrl>
        <Point>
          <coordinates>77.14690760,30.17156180,0</coordinates>
        </Point>
      </Placemark>
      <Placemark>
        <name><![CDATA[LC - 118]]></name>
        <description><![CDATA[EAST: 735,649.867<br>NORT: 3,322,781.786<br>Longitude: 76.9211549<br>Latitude: 30.2728437]]></description>
        <styleUrl>#lcStyle</styleUrl>
        <Point>
          <coordinates>76.92115490,30.27284370,0</coordinates>
        </Point>
      </Placemark>
      <Placemark>
        <name><![CDATA[LC - 124]]></name>
        <description><![CDATA[EAST: 734,789.395<br>NORT: 3,323,291.284<br>Longitude: 76.7971289<br>Latitude: 30.3572496]]></description>
        <styleUrl>#lcStyle</styleUrl>
        <Point>
          <coordinates>76.79712890,30.35724960,0</coordinates>
        </Point>
      </Placemark>
      <Placemark>
        <name><![CDATA[LC - 127]]></name>
        <description><![CDATA[EAST: 733,927.146<br>NORT: 3,323,797.351<br>Longitude: 76.7548037<br>Latitude: 30.3837502]]></description>
        <styleUrl>#lcStyle</styleUrl>
        <Point>
          <coordinates>76.75480370,30.38375020,0</coordinates>
        </Point>
      </Placemark>
      <Placemark>
        <name><![CDATA[LC - 151]]></name>
        <description><![CDATA[EAST: 733,072.403<br>NORT: 3,324,316.198<br>Longitude: 76.2947697<br>Latitude: 30.6710004]]></description>
        <styleUrl>#lcStyle</styleUrl>
        <Point>
          <coordinates>76.29476970,30.67100040,0</coordinates>
        </Point>
      </Placemark>
      <Placemark>
        <name><![CDATA[LC - 159]]></name>
        <description><![CDATA[EAST: 732,209.976<br>NORT: 3,324,822.345<br>Longitude: 76.1514448<br>Latitude: 30.7471837]]></description>
        <styleUrl>#lcStyle</styleUrl>
        <Point>
          <coordinates>76.15144480,30.74718370,0</coordinates>
        </Point>
      </Placemark>
      <Placemark>
        <name><![CDATA[LC - 163]]></name>
        <description><![CDATA[EAST: 731,351.222<br>NORT: 3,325,334.68<br>Longitude: 76.0825458<br>Latitude: 30.783406]]></description>
        <styleUrl>#lcStyle</styleUrl>
        <Point>
          <coordinates>76.08254580,30.78340600,0</coordinates>
        </Point>
      </Placemark>
      <Placemark>
        <name><![CDATA[LC - 164]]></name>
        <description><![CDATA[EAST: 730,488.794<br>NORT: 3,325,840.825<br>Longitude: 76.0377932<br>Latitude: 30.8069694]]></description>
        <styleUrl>#lcStyle</styleUrl>
        <Point>
          <coordinates>76.03779320,30.80696940,0</coordinates>
        </Point>
      </Placemark>
      <Placemark>
        <name><![CDATA[LC - 157]]></name>
        <description><![CDATA[EAST: <br>NORT: <br>Longitude: 76.19286<br>Latitude: 30.72516]]></description>
        <styleUrl>#lcStyle</styleUrl>
        <Point>
          <coordinates>76.19286000,30.72516000,0</coordinates>
        </Point>
      </Placemark>
      <Placemark>
        <name><![CDATA[LC - 158]]></name>
        <description><![CDATA[EAST: <br>NORT: <br>Longitude: 76.1802756<br>Latitude: 30.73187]]></description>
        <styleUrl>#lcStyle</styleUrl>
        <Point>
          <coordinates>76.18027560,30.73187000,0</coordinates>
        </Point>
      </Placemark>
    </Folder>

  </Document>
</kml>