"Pole Name","Pole ID","Map KM (approx)","DataID","Latitude","Longitude","Alt"
"OHE 1167/05","1167/05","1167.2291","1659","30.42188","76.694544","226.2"
"OHE 1167/06","1167/06","1167.2849","1658","30.422171400000003","76.69407070000001","225.801"
"OHE 1167/07","1167/07","1167.3470","1657","30.422505300000005","76.6935516","226.101"
"OHE 1167/08","1167/08","1167.4037","1656","30.422789200000004","76.6930611","227.5"
"OHE 1167/09","1167/09","1167.4617","1655","30.4231062","76.6925799","226.7"
"OHE 1167/10","1167/10","1167.5197","1654","30.4234137","76.6920913","225.7"
"OHE 1167/11","1167/11","1167.5702","1653","30.423620400000004","76.6916161","223.7"
"OHE 1167/12","1167/12","1167.6309","1652","30.4239926","76.6911458","226.101"
"OHE 1167/13","1167/13","1167.6876","1651","30.424294900000003","76.6906696","227.2"
"OHE 1167/14","1167/14","1167.7379","1650","30.424542499999998","76.6902299","225.9"
"OHE 1167/15","1167/15","1167.7734","1649","30.4247294","76.6899298","227.4"
"OHE 1167/16","1167/16","1167.8330","1648","30.425033299999996","76.6894167","224.301"
"OHE 1167/17","1167/17","1167.8754","1647","30.425236900000005","76.68904390000002","225.601"
"OHE 1167/18","1167/18","1167.9226","1646","30.4254744","76.6886341","227.601"
"OHE 1167/19","1167/19","1167.9656","1645","30.4256784","76.6882526","227.4"
"OHE 1168/01","1168/01","1168.0243","1644","30.425956200000005","76.687734","226.702"
"OHE 1168/02","1168/02","1168.0841","1643","30.426253499999998","76.6872144","226.801"
"OHE 1168/03","1168/03","1168.1289","1642","30.4264729","76.6868224","225.801"
"OHE 1168/04","1168/04","1168.1688","1641","30.4266986","76.6864979","226.4"
"OHE 1168/05","1168/05","1168.2249","1640","30.426964800000004","76.6859994","225.301"
"OHE 1168/06","1168/06","1168.2801","1639","30.4272707","76.6855451","226.301"
"OHE 1168/07","1168/07","1168.3241","1638","30.4275004","76.6851729","225.702"
"OHE 1168/08","1168/08","1168.3690","1637","30.427770099999996","76.6848208","224.5"
"OHE 1168/09","1168/09","1168.4289","1636","30.4280752","76.6843061","223.801"
"OHE 1168/10","1168/10","1168.4869","1635","30.4283847","76.6838194","225.801"
"OHE 1168/11","1168/11","1168.5453","1634","30.428702799999996","76.683334","227.4"
"OHE 1168/12","1168/12","1168.5996","1633","30.4289934","76.6828794","229.202"
"OHE 1168/13","1168/13","1168.6603","1632","30.4293087","76.6823628","223.9"
"OHE 1168/14","1168/14","1168.7036","1631","30.4295589","76.6820166","226.101"
"OHE 1168/15","1168/15","1168.7390","1630","30.429738400000005","76.681711","226"
"OHE 1168/16","1168/16","1168.7798","1629","30.429937499999998","76.6813531","223.5"
"OHE 1168/17","1168/17","1168.8312","1628","30.4302262","76.6809343","224.801"
"OHE 1168/18","1168/18","1168.8899","1627","30.4305264","76.6804302","226.101"
"OHE 1168/19","1168/19","1168.9445","1626","30.4308742","76.6800201","224.801"
"OHE 1169/01","1169/01","1169.0022","1625","30.431177699999996","76.6795334","226.5"
"OHE 1169/02","1169/02","1169.0648","1624","30.4315067","76.6790035","230"
"OHE 1169/03","1169/03","1169.1102","1623","30.4317613","76.6786333","231.801"
"OHE 1169/04","1169/04","1169.1554","1622","30.4320109","76.6782613","231.202"
"OHE 1169/05","1169/05","1169.2017","1621","30.432271","76.6778821","227.5"
"OHE 1169/06","1169/06","1169.2370","1620","30.432453699999996","76.6775828","229.5"
"OHE 1169/07","1169/07","1169.2764","1619","30.4326769","76.6772632","228.5"
"OHE 1169/08","1169/08","1169.3177","1618","30.432885899999995","76.6769056","229.702"
"OHE 1169/09","1169/09","1169.3773","1617","30.433177100000005","76.6763831","225.9"
"OHE 1169/10","1169/10","1169.4346","1616","30.43348","76.6758999","225"
"OHE 1169/11","1169/11","1169.4753","1615","30.4337375","76.6755913","229"
"OHE 1169/12","1169/12","1169.5144","1614","30.4339321","76.6752523","226.4"
"OHE 1169/13","1169/13","1169.5738","1613","30.434241400000005","76.6747462","228.101"
"OHE 1169/14","1169/14","1169.6204","1612","30.4344999","76.6743623","227.4"
"OHE 1169/15","1169/15","1169.6755","1611","30.4347945","76.6739032","225.4"
"OHE 1169/16","1169/16","1169.7313","1610","30.4351051","76.6734443","231.5"
"OHE 1169/17","1169/17","1169.7946","1609","30.4354258","76.6728985","228.801"
"OHE 1169/18","1169/18","1169.8386","1608","30.435671899999996","76.6725377","230.801"
"OHE 1169/19","1169/19","1169.8983","1607","30.435984300000005","76.6720312","233.601"
"OHE 1169/20","1169/20","1169.9507","1606","30.4362668","76.6715945","231.702"
"OHE 1170/01","1170/01","1170.0098","1605","30.4365808","76.6710979","230.101"
"OHE 1170/02","1170/02","1170.0642","1604","30.436849900000002","76.6706222","229.9"
"OHE 1170/03","1170/03","1170.1239","1603","30.437197099999995","76.6701471","229.101"
"OHE 1170/04","1170/04","1170.1752","1602","30.437451500000005","76.6697008","233.301"
"OHE 1170/05","1170/05","1170.2215","1601","30.4376989","76.6693117","231.9"
"OHE 1170/06","1170/06","1170.2648","1600","30.437902","76.6689226","230.702"
"OHE 1170/07","1170/07","1170.3247","1599","30.4382296","76.668428","225.202"
"OHE 1170/08","1170/08","1170.3771","1598","30.4385075","76.6679859","228.202"
"OHE 1170/09","1170/09","1170.4181","1597","30.4387201","76.66763569999999","231.9"
"OHE 1170/10","1170/10","1170.4533","1596","30.4389183","76.6673493","227.301"
"OHE 1170/11","1170/11","1170.4818","1595","30.4390252","76.6670726","229.601"
"OHE 1170/12","1170/12","1170.5197","1594","30.439252699999997","76.6667752","230.202"
"OHE 1170/13","1170/13","1170.5650","1593","30.439485799999996","76.6663878","222"
"OHE 1170/14","1170/14","1170.6043","1592","30.4397049","76.6660656","222.5"
"OHE 1170/15","1170/15","1170.6334","1591","30.439820699999995","76.6657883","224"
"OHE 1170/16","1170/16","1170.6704","1590","30.4400272","76.6654852","222.5"
"OHE 1170/17","1170/17","1170.7054","1589","30.440227600000004","76.6652027","222.101"
"OHE 1170/18","1170/18","1170.7488","1588","30.440466099999995","76.6648449","225.601"
"OHE 1170/19","1170/19","1170.7847","1587","30.4406601","76.6645459","227.5"
"OHE 1170/20","1170/20","1170.8311","1586","30.4409126","76.6641596","222.9"
"OHE 1170/21","1170/21","1170.8831","1585","30.4411982","76.6637297","226.202"
"OHE 1170/22","1170/22","1170.9404","1584","30.441495900000003","76.6632425","225.702"
"OHE 1170/23","1170/23","1170.9934","1583","30.4417903","76.6628064","226.9"
"OHE 1171/02","1171/02","1171.1041","1581","30.442348100000004","76.6618498","228.301"
"OHE 1171/03","1171/03","1171.1621","1580","30.4426642","76.6613689","224.702"
"OHE 1171/04","1171/04","1171.2244","1579","30.443018999999996","76.6608647","227.301"
"OHE 1171/05","1171/05","1171.2853","1578","30.443307100000002","76.6603216","222.4"
"OHE 1171/06","1171/06","1171.3392","1577","30.443606299999995","76.6598794","225.202"
"OHE 1171/07","1171/07","1171.4000","1576","30.4439047","76.6593481","225.9"
"OHE 1171/08","1171/08","1171.4460","1575","30.4441743","76.6589816","228.801"
"OHE 1171/09","1171/09","1171.4884","1574","30.4443772","76.6586061","228.4"
"OHE 1171/10","1171/10","1171.5235","1573","30.444558500000003","76.6583063","237.801"
"OHE 1171/11","1171/11","1171.5608","1572","30.4448042","76.6580324","236.301"
"OHE 1171/12","1171/12","1171.6010","1571","30.444998000000002","76.6576771","236.702"
"OHE 1171/13","1171/13","1171.6407","1570","30.445211299999997","76.6573451","238"
"OHE 1171/14","1171/14","1171.6955","1569","30.44551","76.6568904","235.801"
"OHE 1171/15","1171/15","1171.7438","1568","30.445782099999995","76.6564973","236.4"
"OHE 1171/16","1171/16","1171.7878","1567","30.4459933","76.6561085","238.9"
"OHE 1171/17","1171/17","1171.8319","1566","30.446228200000004","76.6557373","239.202"
"OHE 1171/18","1171/18","1171.8818","1565","30.446503599999996","76.6553259","235.601"
"OHE 1171/19","1171/19","1171.9146","1564","30.446664600000002","76.6550388","236"
"OHE 1171/20","1171/20","1171.9663","1563","30.446952699999997","76.6546153","238"
"OHE 1172/01","1172/01","1172.0225","1562","30.447227399999996","76.6541229","229.301"
"OHE 1172/02","1172/02","1172.0858","1561","30.4475583","76.6535856","229.4"
"OHE 1172/03","1172/03","1172.1402","1560","30.447867400000003","76.6531459","230.601"
"OHE 1172/04","1172/04","1172.1965","1559","30.448161599999995","76.6526656","227.301"
"OHE 1172/05","1172/05","1172.2553","1558","30.448485899999998","76.6521833","225.601"
"OHE 1172/06","1172/06","1172.3085","1557","30.4487431","76.6517133","228.5"
"OHE 1172/07","1172/07","1172.3666","1556","30.4490602","76.65123049999998","224.702"
"OHE 1172/08","1172/08","1172.4181","1555","30.449318500000004","76.6507837","226.601"
"OHE 1172/09","1172/09","1172.4729","1554","30.449605299999998","76.6503187","226.202"
"OHE 1172/10","1172/10","1172.5260","1553","30.4498909","76.6498749","226.202"
"OHE 1172/11","1172/11","1172.5731","1552","30.4501395","76.6494768","227.301"
"OHE 1172/12","1172/12","1172.6291","1551","30.450436799999995","76.6490056","226.5"
"OHE 1172/13","1172/13","1172.6834","1550","30.4507157","76.648541","225.5"
"OHE 1172/14","1172/14","1172.7316","1549","30.450973599999998","76.6481365","226.601"
"OHE 1172/15","1172/15","1172.7618","1548","30.451118800000003","76.6478697","226.702"
"OHE 1172/16","1172/16","1172.8243","1547","30.4514735","76.6473629","223.601"
"OHE 1172/17","1172/17","1172.8641","1546","30.4516675","76.6470142","224.601"
"OHE 1172/18","1172/18","1172.9110","1545","30.4519281","76.6466287","224.101"
"OHE 1172/19","1172/19","1172.9646","1544","30.4522058","76.646171","224.4"
"OHE 1173/01","1173/01","1173.0194","1543","30.4525029","76.6457148","225.301"
"OHE 1173/02","1173/02","1173.0730","1542","30.4527946","76.6452704","223.202"
"OHE 1173/03","1173/03","1173.1270","1541","30.4530698","76.6448063","222.5"
"OHE 1173/04","1173/04","1173.1778","1540","30.453334400000003","76.6443742","222.301"
"OHE 1173/05","1173/05","1173.2333","1539","30.4536339","76.6439111","224.801"
"OHE 1173/06","1173/06","1173.2893","1538","30.453915199999997","76.6434259","222.702"
"OHE 1173/07","1173/07","1173.3425","1537","30.4541934","76.6429741","220.5"
"OHE 1173/08","1173/08","1173.4008","1536","30.4545066","76.6424861","223"
"OHE 1173/09","1173/09","1173.4585","1535","30.4548113","76.6419999","221"
"OHE 1173/10","1173/10","1173.5150","1534","30.455096900000004","76.641512","222.601"
"OHE 1173/11","1173/11","1173.5714","1533","30.455391500000005","76.6410334","219.101"
"OHE 1173/12","1173/12","1173.6302","1532","30.4557107","76.6405432","220.2"
"OHE 1173/13","1173/13","1173.6907","1531","30.456025500000003","76.640029","221"
"OHE 1173/14","1173/14","1173.7481","1530","30.456331700000003","76.6395467","219.601"
"OHE 1173/15","1173/15","1173.8033","1529","30.456593899999998","76.6390565","222.4"
"OHE 1173/16","1173/16","1173.8561","1528","30.456890100000003","76.638625","220.2"
"OHE 1173/17","1173/17","1173.9107","1527","30.4572157","76.6381958","222"
"OHE 1173/18","1173/18","1173.9703","1526","30.457491600000004","76.6376604","220.7"
"OHE 1174/10","1174/10","1174.0292","1525","30.457786699999996","76.6371492","220.9"
"OHE 1174/02","1174/02","1174.0903","1524","30.458119000000003","76.63664249999998","223.202"
"OHE 1174/03","1174/03","1174.1472","1523","30.458407899999997","76.6361511","221.9"
"OHE 1174/04","1174/04","1174.1976","1522","30.4586724","76.6357242","220.801"
"OHE 1174/05","1174/05","1174.2539","1521","30.458981699999995","76.6352592","221.702"
"OHE 1174/06","1174/06","1174.3153","1520","30.459300100000004","76.6347358","223.202"
"OHE 1174/07","1174/07","1174.3736","1519","30.459596499999996","76.6342325","222"
"OHE 1174/08","1174/08","1174.4294","1518","30.4599182","76.6337847","225.301"
"OHE 1174/09","1174/09","1174.4896","1517","30.460224100000005","76.6332653","227.301"
"OHE 1174/10","1174/10","1174.5474","1516","30.460518900000004","76.6327683","228"
"OHE 1174/11","1174/11","1174.5997","1515","30.460796300000002","76.6323277","224.702"
"OHE 1174/12","1174/12","1174.6561","1514","30.4610948","76.6318525","228.101"
"OHE 1174/13","1174/13","1174.7129","1513","30.4613834","76.6313641","230.4"
"OHE 1174/14","1174/14","1174.7672","1512","30.461695899999995","76.6309266","230.5"
"OHE 1174/15","1174/15","1174.8160","1511","30.4619334","76.630498","230.9"
"OHE 1174/16","1174/16","1174.8550","1510","30.462138400000004","76.6301675","228.702"
"OHE 1174/17","1174/17","1174.9022","1509","30.462370899999996","76.6297561","232"
"OHE 1174/18","1174/18","1174.9370","1508","30.4625628","76.6294647","228.601"
"OHE 1174/19","1174/19","1174.9755","1507","30.4627471","76.629119","229.5"
"OHE 1175/01","1175/01","1175.0200","1506","30.462959500000004","76.6287212","229.702"
"OHE 1175/02","1175/02","1175.0697","1505","30.4631278","76.6282358","231.601"
"OHE 1175/03","1175/03","1175.1108","1504","30.463283","76.6278393","227.5"
"OHE 1175/04","1175/04","1175.1508","1503","30.4633989","76.6274458","228"
"OHE 1175/05","1175/05","1175.1903","1502","30.463525100000002","76.6270739","229.5"
"OHE 1175/06","1175/06","1175.2375","1501","30.4636851","76.6266523","229.5"
"OHE 1175/07","1175/07","1175.2851","1500","30.463836399999998","76.6262298","231.601"
"OHE 1175/08","1175/08","1175.3297","1499","30.4640059","76.625834","232.301"
"OHE 1175/09","1175/09","1175.3761","1498","30.4641716","76.6253935","234"
"OHE 1175/10","1175/10","1175.4233","1497","30.4644107","76.6249909","236.4"
"OHE 1175/11","1175/11","1175.4664","1496","30.464613999999997","76.6245964","229.9"
"OHE 1175/12","1175/12","1175.5079","1495","30.464852600000004","76.6242511","230.601"
"OHE 1175/13","1175/13","1175.5410","1494","30.465061100000003","76.6239883","231.202"
"OHE 1175/14","1175/14","1175.5800","1493","30.4653192","76.6236947","231.5"
"OHE 1175/15","1175/15","1175.6241","1492","30.465627299999998","76.6233814","235.5"
"OHE 1175/16","1175/16","1175.6676","1491","30.4659575","76.6231091","231.702"
"OHE 1175/17","1175/17","1175.7138","1490","30.466287299999998","76.6227936","233.101"
"OHE 1175/18","1175/18","1175.7538","1489","30.4666178","76.6225942","232.301"
"OHE 1175/19","1175/19","1175.7988","1488","30.466978699999995","76.62236749999998","232.702"
"OHE 1175/20","1175/20","1175.8365","1487","30.467290400000003","76.6222039","231.9"
"OHE 1175/21","1175/21","1175.8768","1486","30.467597099999995","76.6220007","230.9"
"OHE 1175/22","1175/22","1175.9127","1485","30.4678884","76.6218686","225.702"
"OHE 1175/23","1175/23","1175.9632","1484","30.4682621","76.6215977","231.601"
"OHE 1176/01","1176/01","1176.0120","1483","30.468657599999997","76.6213922","230.5"
"OHE 1176/02","1176/02","1176.0558","1482","30.469026299999996","76.6212185","233.9"
"OHE 1176/03","1176/03","1176.0944","1481","30.4693255","76.6209904","234.301"
"OHE 1176/04","1176/04","1176.1343","1480","30.469638900000003","76.6207973","235.202"
"OHE 1176/05","1176/05","1176.1771","1479","30.4699542","76.62054830000001","233.9"
"OHE 1176/06","1176/06","1176.2136","1478","30.4701823","76.6202749","233.601"
"OHE 1176/07","1176/07","1176.2558","1477","30.470478899999996","76.6200152","236.301"
"OHE 1176/08","1176/08","1176.2977","1476","30.470730600000003","76.6196818","234.5"
"OHE 1176/09","1176/09","1176.3370","1475","30.4709817","76.6193714","232.601"
"OHE 1176/17","1176/17","1176.6717","1467","30.472614799999995","76.6164179","234.9"
"OHE 1176/18","1176/18","1176.7077","1466","30.472754099999996","76.6160718","232.301"
"OHE 1176/19","1176/19","1176.7549","1465","30.4729946","76.615658","233.702"
"OHE 1176/20","1176/20","1176.8113","1464","30.473246099999997","76.6151392","229.702"
"OHE 1176/21","1176/21","1176.8682","1463","30.4735005","76.6146153","231.4"
"OHE 1176/22","1176/22","1176.9313","1462","30.4738061","76.6140523","231.101"
"OHE 1176/23","1176/23","1176.9782","1461","30.474021900000004","76.61362750000002","234.4"
"OHE 1177/01","1177/01","1177.0265","1460","30.474241399999997","76.613191","234.101"
"OHE 1177/02","1177/02","1177.0522","1459","30.474367999999995","76.6129675","231.5"
"OHE 1177/03","1177/03","1177.0872","1458","30.4745372","76.61266529999999","231.202"
"OHE 1177/04","1177/04","1177.1148","1457","30.474657999999998","76.612415","229"
"OHE 1177/05","1177/05","1177.1484","1456","30.474807600000002","76.6121115","233.5"
"OHE 1177/06","1177/06","1177.2014","1455","30.475065200000003","76.6116485","232.9"
"OHE 1177/07","1177/07","1177.2466","1454","30.4752749","76.6112454","232"
"OHE 1177/08","1177/08","1177.2945","1453","30.4754793","76.6108047","231.101"
"OHE 1177/09","1177/09","1177.3313","1452","30.475630799999998","76.6104621","226.301"
"OHE 1177/10","1177/10","1177.3795","1451","30.4758644","76.6100382","227.9"
"OHE 1177/11","1177/11","1177.4293","1450","30.476107099999997","76.6096023","228.601"
"OHE 1177/12","1177/12","1177.4767","1449","30.476360300000003","76.6092038","224.801"
"OHE 1177/13","1177/13","1177.5277","1448","30.476613799999996","76.6087605","232.101"
"OHE 1177/14","1177/14","1177.5811","1447","30.4768798","76.6082973","232.101"
"OHE 1177/15","1177/15","1177.6331","1446","30.4771578","76.6078598","226"
"OHE 1177/16","1177/16","1177.6833","1445","30.4774068","76.6074237","225.101"
"OHE 1177/17","1177/17","1177.7306","1444","30.4776836","76.6070471","230.702"
"OHE 1177/18","1177/18","1177.7794","1443","30.4779216","76.6066186","227.4"
"OHE 1177/19","1177/19","1177.8234","1442","30.478207899999997","76.6062932","229"
"OHE 1177/20","1177/20","1177.8663","1441","30.478456100000002","76.6059501","229.9"
"OHE 1177/21","1177/21","1177.9109","1440","30.4787198","76.6056001","237.202"
"OHE 1177/22","1177/22","1177.9700","1439","30.4790629","76.6051297","234.9"
"OHE 1178/01","1178/01","1178.0277","1438","30.479374500000002","76.6046473","233.601"
"OHE 1178/02","1178/02","1178.0851","1437","30.479725799999997","76.6042104","236"
"OHE 1178/03","1178/03","1178.1313","1436","30.4799834","76.6038323","234.801"
"OHE 1178/04","1178/04","1178.1750","1435","30.4802358","76.6034826","234"
"OHE 1178/05","1178/05","1178.2289","1434","30.4805118","76.60301869999999","235.5"
"OHE 1178/06","1178/06","1178.2929","1433","30.480906399999995","76.6025313","239.5"
"OHE 1178/07","1178/07","1178.3470","1432","30.481205999999997","76.6020874","239.4"
"OHE 1178/08","1178/08","1178.3975","1431","30.481458400000005","76.6016463","236.9"
"OHE 1178/09","1178/09","1178.4572","1430","30.4817962","76.6011621","240.801"
"OHE 1178/10","1178/10","1178.5174","1429","30.482133999999995","76.6006722","236.9"
"OHE 1178/11","1178/11","1178.5632","1428","30.482397800000005","76.6003066","238"
"OHE 1178/12","1178/12","1178.6019","1427","30.4825986","76.599976","235.301"
"OHE 1178/13","1178/13","1178.6457","1426","30.482835599999998","76.5996108","238.2"
"OHE 1178/14","1178/14","1178.6915","1425","30.4830777","76.5992237","238.2"
"OHE 1178/15","1178/15","1178.7385","1424","30.483335099999998","76.5988351","235.801"
"OHE 1178/16","1178/16","1178.7740","1423","30.483562399999997","76.59857230000001","239.5"
"OHE 1178/17","1178/17","1178.8294","1422","30.4838245","76.59807500000001","229.2"
"OHE 1178/18","1178/18","1178.8798","1421","30.4841552","76.5977077","230.7"
"OHE 1178/19","1178/19","1178.9349","1420","30.4844839","76.5972786","231.7"
"OHE 1178/20","1178/20","1178.9813","1419","30.4847742","76.596929","235.801"
"OHE 1179/01","1179/01","1179.0302","1418","30.485062799999998","76.5965351","236.7"
"OHE 1179/02","1179/02","1179.0768","1417","30.4853345","76.5961662","232.801"
"OHE 1179/03","1179/03","1179.1259","1416","30.4855945","76.5957522","233.601"
"OHE 1179/04","1179/04","1179.1765","1415","30.4858813","76.5953419","232.801"
"OHE 1179/05","1179/05","1179.2216","1414","30.486127099999997","76.5949668","235.9"
"OHE 1179/06","1179/06","1179.2720","1413","30.486412499999997","76.5945578","235.601"
"OHE 1179/07","1179/07","1179.3181","1412","30.486554700000003","76.59408","218.601"
"OHE 1179/08","1179/08","1179.3714","1411","30.4868458","76.5936379","224.4"
"OHE 1179/09","1179/09","1179.4285","1410","30.4871696","76.5931752","225"
"OHE 1179/10","1179/10","1179.4884","1409","30.4874636","76.592648","223.301"
"OHE 1179/11","1179/11","1179.5349","1408","30.487758799999998","76.5922991","223"
"OHE 1179/12","1179/12","1179.5936","1407","30.488071199999997","76.5918052","224.2"
"OHE 1179/13","1179/13","1179.6516","1406","30.488381800000003","76.5913202","226"
"OHE 1179/14","1179/14","1179.7122","1405","30.4887175","76.5908205","225.5"
"OHE 1179/15","1179/15","1179.7730","1404","30.4890295","76.5902999","227.5"
"OHE 1179/16","1179/16","1179.8186","1403","30.4892793","76.5899214","222.4"
"OHE 1179/17","1179/17","1179.8745","1402","30.4895873","76.58946140000002","222.7"
"OHE 1179/18","1179/18","1179.9262","1401","30.4898455","76.5890119","221.801"
"OHE 1179/19","1179/19","1179.9710","1400","30.490092800000003","76.5886431","226.101"
"OHE 1180/01","1180/01","1180.0295","1399","30.4903966","76.588144","223"
"OHE 1180/02","1180/02","1180.0914","1398","30.4907058","76.587607","226.601"
"OHE 1180/03","1180/03","1180.1475","1397","30.490996699999997","76.5871271","223.101"
"OHE 1180/04","1180/04","1180.1978","1396","30.4912691","76.5867083","224.4"
"OHE 1180/05","1180/05","1180.2564","1395","30.491591200000002","76.5862241","221.5"
"OHE 1180/06","1180/06","1180.3045","1394","30.4918552","76.5858263","224.101"
"OHE 1180/07","1180/07","1180.3579","1393","30.492115200000004","76.5853572","220.2"
"OHE 1180/08","1180/08","1180.4134","1392","30.4924452","76.5849192","221.301"
"OHE 1180/09","1180/09","1180.4633","1391","30.4926932","76.5844842","218.9"
"OHE 1180/10","1180/10","1180.5005","1390","30.4928899","76.58417089999999","218.2"
"OHE 1180/11","1180/11","1180.5331","1389","30.4930789","76.5839093","220.101"
"OHE 1180/12","1180/12","1180.5462","1388","30.4931993","76.5838436","221.2"
"OHE 1180/13","1180/13","1180.5783","1387","30.4934543","76.5836468","221.5"
"OHE 1180/14","1180/14","1180.6100","1386","30.493685200000005","76.5834353","221.5"
"OHE 1180/15","1180/15","1180.6723","1385","30.4938267","76.5827455","221.5"
"OHE 1180/16","1180/16","1180.7070","1384","30.4940073","76.5824488","220.601"
"OHE 1180/17","1180/17","1180.7689","1383","30.494317099999996","76.5819119","221"
"OHE 1180/18","1180/18","1180.8250","1382","30.4946318","76.5814534","221.9"
"OHE 1180/19","1180/19","1180.8881","1381","30.494957100000004","76.5809145","220.9"
"OHE 1180/20","1180/20","1180.9457","1380","30.495281299999995","76.5804449","222.801"
"OHE 1181/01","1181/01","1180.9999","1379","30.4955679","76.5799878","224.4"
"OHE 1181/02","1181/02","1181.0602","1378","30.4958999","76.5794906","225.9"
"OHE 1181/03","1181/03","1181.1191","1377","30.496220499999996","76.5790003","222.7"
"OHE 1181/04","1181/04","1181.1702","1376","30.496496700000005","76.5785746","224.7"
"OHE 1181/05","1181/05","1181.2118","1375","30.4967311","76.5782351","225"
"OHE 1181/06","1181/06","1181.2618","1374","30.496995299999995","76.5778137","224"
"OHE 1181/07","1181/07","1181.3179","1373","30.497293","76.5773414","224.2"
"OHE 1181/08","1181/08","1181.3703","1372","30.497575700000002","76.5769032","224.2"
"OHE 1181/09","1181/09","1181.4149","1371","30.4978418","76.5765534","224.5"
"OHE 1181/10","1181/10","1181.4622","1370","30.4980732","76.5761375","224.5"
"OHE 1181/11","1181/11","1181.5188","1369","30.4984129","76.5756959","226.301"
"OHE 1181/12","1181/12","1181.5689","1368","30.498673399999998","76.5752682","225.801"
"OHE 1181/13","1181/13","1181.6269","1367","30.499006099999995","76.5748003","226.101"
"OHE 1181/14","1181/14","1181.6846","1366","30.499327300000004","76.5743288","226.2"
"OHE 1181/15","1181/15","1181.7424","1365","30.4996216","76.5738306","226.5"
"OHE 1181/16","1181/16","1181.8023","1364","30.499931500000002","76.5733177","224.301"
"OHE 1181/17","1181/17","1181.8599","1363","30.5002846","76.5728754","226.9"
"OHE 1181/18","1181/18","1181.9109","1362","30.5005661","76.5724538","227.9"
"OHE 1181/19","1181/19","1181.9685","1361","30.5008609","76.5719596","228.301"
"OHE 1182/01","1182/01","1182.0236","1360","30.5011374","76.5714818","228.601"
"OHE 1182/02","1182/02","1182.0802","1359","30.501465900000003","76.571029","226.7"
"OHE 1182/03","1182/03","1182.1380","1358","30.501751800000005","76.5705232","228.7"
"OHE 1182/04","1182/04","1182.1988","1357","30.502124200000004","76.5700545","225.101"
"OHE 1182/05","1182/05","1182.2575","1356","30.502419099999997","76.5695447","228"
"OHE 1182/06","1182/06","1182.3128","1355","30.5027534","76.569116","228"
"OHE 1182/07","1182/07","1182.3714","1354","30.503061499999998","76.5686191","227.301"
"OHE 1182/08","1182/08","1182.4301","1353","30.503377500000003","76.5681281","227.801"
"OHE 1182/09","1182/09","1182.4833","1352","30.5036761","76.5676939","226.601"
"OHE 1182/10","1182/10","1182.5462","1351","30.5040198","76.5671732","228.301"
"OHE 1182/11","1182/11","1182.6028","1350","30.504329700000003","76.5667042","226.4"
"OHE 1182/12","1182/12","1182.6628","1349","30.5046654","76.566213","225.801"
"OHE 1182/13","1182/13","1182.7124","1348","30.504923","76.565791","227"
"OHE 1182/14","1182/14","1182.7576","1347","30.5051774","76.5654231","226.5"
"OHE 1182/15","1182/15","1182.8079","1346","30.505437400000005","76.5649923","225.601"
"OHE 1182/16","1182/16","1182.8487","1345","30.505688700000004","76.56467820000002","224"
"OHE 1182/17","1182/17","1182.8937","1344","30.505913000000003","76.5642868","225"
"OHE 1182/18","1182/18","1182.9415","1343","30.506186899999996","76.5639019","228.2"
"OHE 1182/19","1182/19","1182.9807","1342","30.5063933","76.5635695","226.7"
"OHE 1183/01","1183/01","1183.0284","1341","30.5066547","76.5631747","228.601"
"OHE 1183/02","1183/02","1183.0728","1340","30.506895700000005","76.5628064","226.801"
"OHE 1183/03","1183/03","1183.1169","1339","30.507163999999996","76.5624642","228.301"
"OHE 1183/04","1183/04","1183.1665","1338","30.5073906","76.56201459999998","229.7"
"OHE 1183/05","1183/05","1183.2210","1337","30.5077096","76.5615812","227.301"
"OHE 1183/06","1183/06","1183.2786","1336","30.508027099999996","76.56110599999998","228.301"
"OHE 1183/07","1183/07","1183.3366","1335","30.5083525","76.560631","226.7"
"OHE 1183/08","1183/08","1183.3957","1334","30.508679599999997","76.560145","227.4"
"OHE 1183/09","1183/09","1183.4548","1333","30.508970700000003","76.5596283","225.4"
"OHE 1183/10","1183/10","1183.5123","1332","30.5093013","76.5591653","227.101"
"OHE 1183/11","1183/11","1183.5611","1331","30.5095507","76.5587451","225.801"
"OHE 1183/12","1183/12","1183.6156","1330","30.509878200000003","76.5583202","227.601"
"OHE 1183/13","1183/13","1183.6750","1329","30.5101725","76.5578001","227.4"
"OHE 1183/14","1183/14","1183.7273","1328","30.5104789","76.5573855","229.601"
"OHE 1183/15","1183/15","1183.7870","1327","30.510794900000004","76.5568815","226.4"
"OHE 1183/16","1183/16","1183.8363","1326","30.511065999999996","76.55647329999998","227.5"
"OHE 1183/17","1183/17","1183.8841","1325","30.511329","76.55608","228.5"
"OHE 1183/18","1183/18","1183.9320","1324","30.511590099999996","76.555682","228.2"
"OHE 1183/19","1183/19","1183.9696","1323","30.511803","76.55537639999999","228.5"
"OHE 1184/01","1184/01","1184.0180","1322","30.512047999999997","76.5549581","227.9"
"OHE 1184/02","1184/02","1184.0630","1321","30.512302","76.554592","224"
"OHE 1184/03","1184/03","1184.1174","1320","30.5126182","76.554158","226.5"
"OHE 1184/04","1184/04","1184.1689","1319","30.512889200000004","76.553721","225.9"
"OHE 1184/05","1184/05","1184.2286","1318","30.513207200000004","76.5532188","222.4"
"OHE 1184/06","1184/06","1184.2856","1317","30.513529500000004","76.5527565","224"
"OHE 1184/07","1184/07","1184.3443","1316","30.5138375","76.5522578","223.601"
"OHE 1184/08","1184/08","1184.4004","1315","30.5141469","76.5517948","225.601"
"OHE 1184/09","1184/09","1184.4596","1314","30.514481499999995","76.5513147","224.801"
"OHE 1184/10","1184/10","1184.5191","1313","30.514792199999995","76.5508096","224.801"
"OHE 1184/11","1184/11","1184.5676","1312","30.515061800000005","76.5504108","225.4"
"OHE 1184/12","1184/12","1184.6274","1311","30.5153941","76.5499207","224.101"
"OHE 1184/13","1184/13","1184.6927","1310","30.515757500000003","76.5493847","223.2"
"OHE 1184/14","1184/14","1184.7393","1309","30.515997500000005","76.5489854","224.601"
"OHE 1184/15","1184/15","1184.7946","1308","30.5163118","76.5485371","224.5"
"OHE 1184/16","1184/16","1184.8558","1307","30.516639300000005","76.5480242","220.7"
"OHE 1184/17","1184/17","1184.9087","1306","30.516914400000005","76.5475724","220"
"OHE 1184/18","1184/18","1184.9558","1305","30.5171777","76.5471886","218.601"
"OHE 1185/01","1185/01","1185.0124","1304","30.5175036","76.546733","219"
"OHE 1185/02","1185/02","1185.0720","1303","30.5178256","76.5462365","219.301"
"OHE 1185/03","1185/03","1185.1199","1302","30.518084799999997","76.5458372","219.801"
"OHE 1185/04","1185/04","1185.1699","1301","30.518351800000005","76.5454161","220.801"
"OHE 1185/05","1185/05","1185.2294","1300","30.518679399999996","76.5449249","217.601"
"OHE 1185/06","1185/06","1185.2885","1299","30.5190116","76.5444432","216.4"
"OHE 1185/07","1185/07","1185.3477","1298","30.519315399999996","76.5439355","219.4"
"OHE 1185/08","1185/08","1185.4047","1297","30.519645799999996","76.5434797","221.101"
"OHE 1185/09","1185/09","1185.4618","1296","30.5199437","76.54299340000001","220"
"OHE 1185/10","1185/10","1185.5164","1295","30.520235699999997","76.5425344","219.801"
"OHE 1185/11","1185/11","1185.5716","1294","30.520552199999997","76.5420902","220.101"
"OHE 1185/12","1185/12","1185.6240","1293","30.5208377","76.5416549","220.9"
"OHE 1185/13","1185/13","1185.6821","1292","30.5211441","76.5411637","218.4"
"OHE 1185/14","1185/14","1185.7427","1291","30.521477000000004","76.5406626","218.301"
"OHE 1185/15","1185/15","1185.7964","1290","30.5217636","76.54021200000001","218"
"OHE 1185/16","1185/16","1185.8545","1289","30.5220856","76.5397339","216.601"
"OHE 1185/17","1185/17","1185.9114","1288","30.522416500000002","76.5392802","218.801"
"OHE 1185/18","1185/18","1185.9714","1287","30.522747400000004","76.53878490000001","219.7"
"OHE 1186/01","1186/01","1186.0345","1286","30.5230739","76.5382448","223"
"OHE 1186/02","1186/02","1186.0869","1285","30.523384899999996","76.5378321","223.7"
"OHE 1186/03","1186/03","1186.1447","1284","30.5236946","76.5373487","225.301"
"OHE 1186/04","1186/04","1186.2032","1283","30.524001800000004","76.5368513","226.2"
"OHE 1186/05","1186/05","1186.2542","1282","30.524277199999997","76.5364264","227.4"
"OHE 1186/06","1186/06","1186.3135","1281","30.5246027","76.5359361","225"
"OHE 1186/07","1186/07","1186.3618","1280","30.5248802","76.53554749999999","224.9"
"OHE 1186/08","1186/08","1186.4138","1279","30.5251602","76.5351119","223.4"
"OHE 1186/09","1186/09","1186.4768","1278","30.5255007","76.5345869","225.4"
"OHE 1186/10","1186/10","1186.5312","1277","30.5257945","76.5341333","224.2"
"OHE 1186/11","1186/11","1186.5882","1276","30.526103499999998","76.5336579","223.9"
"OHE 1186/12","1186/12","1186.6530","1275","30.526469800000005","76.533132","223.301"
"OHE 1186/13","1186/13","1186.7105","1274","30.526774499999995","76.5326467","224.601"
"OHE 1186/14","1186/14","1186.7605","1273","30.5270352","76.5322203","226.301"
"OHE 1186/15","1186/15","1186.8145","1272","30.527344000000003","76.5317846","222.7"
"OHE 1186/16","1186/16","1186.8618","1271","30.527612700000002","76.5314013","220.9"
"OHE 1186/17","1186/17","1186.9089","1270","30.527872600000002","76.5310144","220.2"
"OHE 1186/18","1186/18","1186.9669","1269","30.5281839","76.5305266","221.601"
"OHE 1187/01","1187/01","1187.0137","1268","30.528437999999998","76.5301383","219.801"
"OHE 1187/02","1187/02","1187.0586","1267","30.5286554","76.5297403","223.801"
"OHE 1187/03","1187/03","1187.1128","1266","30.528963799999996","76.529303","219.801"
"OHE 1187/04","1187/04","1187.1640","1265","30.5292741","76.52890469999998","226.9"
"OHE 1187/05","1187/05","1187.2072","1264","30.5294942","76.5285322","228"
"OHE 1187/06","1187/06","1187.2575","1263","30.5297762","76.528122","226.2"
"OHE 1187/07","1187/07","1187.3164","1262","30.530127","76.5276611","225.301"
"OHE 1187/08","1187/08","1187.3697","1261","30.530426200000004","76.5272261","225.4"
"OHE 1187/09","1187/09","1187.4152","1260","30.5306582","76.526833","228"
"OHE 1187/10","1187/10","1187.4528","1259","30.5308906","76.526546","224.5"
"OHE 1187/11","1187/11","1187.5020","1258","30.531150700000005","76.5261293","226"
"OHE 1187/12","1187/12","1187.5604","1257","30.5314784","76.5256542","227.801"
"OHE 1187/13","1187/13","1187.6067","1256","30.5317576","76.5252934","224.4"
"OHE 1187/14","1187/14","1187.6623","1255","30.5320732","76.5248425","227"
"OHE 1187/15","1187/15","1187.7177","1254","30.5324161","76.5244214","225.7"
"OHE 1187/16","1187/16","1187.7783","1253","30.5327308","76.5239022","225.801"
"OHE 1187/17","1187/17","1187.8313","1252","30.533033499999995","76.5234757","225.801"
"OHE 1187/18","1187/18","1187.8871","1251","30.5333478","76.52302089999999","228.101"
"OHE 1187/19","1187/19","1187.9430","1250","30.5336698","76.5225727","226.301"
"OHE 1187/20","1187/20","1187.9954","1249","30.533946399999998","76.5221293","226.801"
"OHE 1188/01","1188/01","1188.0502","1248","30.534248699999996","76.5216762","230.101"
"OHE 1188/02","1188/02","1188.1051","1247","30.534559100000003","76.521229","227.4"
"OHE 1188/03","1188/03","1188.1562","1246","30.5348564","76.5208216","228.9"
"OHE 1188/04","1188/04","1188.2113","1245","30.5351671","76.5203723","227.301"
"OHE 1188/05","1188/05","1188.2717","1244","30.535506900000005","76.5198802","226.801"
"OHE 1188/06","1188/06","1188.3206","1243","30.5357684","76.5194674","226.301"
"OHE 1188/07","1188/07","1188.3724","1242","30.536039399999996","76.51902649999998","226.2"
"OHE 1188/08","1188/08","1188.4154","1241","30.5362932","76.51868600000002","226.101"
"OHE 1188/09","1188/09","1188.4588","1240","30.536516599999995","76.518313","227.301"
"OHE 1188/10","1188/10","1188.5151","1239","30.5368261","76.5178607","227.7"
"OHE 1188/11","1188/11","1188.5734","1238","30.5371424","76.5173753","226"
"OHE 1188/12","1188/12","1188.6142","1237","30.537341799999997","76.5170154","228.101"
"OHE 1188/13","1188/13","1188.6451","1236","30.537542900000002","76.5167863","227.4"
"OHE 1188/14","1188/14","1188.6925","1235","30.5377798","76.5163735","229.601"
"OHE 1188/15","1188/15","1188.7459","1234","30.5380876","76.5159443","227.601"
"OHE 1188/16","1188/16","1188.8108","1233","30.538444599999995","76.5154058","231.5"
"OHE 1188/17","1188/17","1188.8544","1232","30.5386828","76.5150443","230.2"
"OHE 1188/18","1188/18","1188.9102","1231","30.538978600000004","76.5145727","229.9"
"OHE 1188/19","1188/19","1188.9593","1230","30.5392571","76.51417340000002","229.4"
"OHE 1189/01","1189/01","1189.0143","1229","30.539558699999997","76.5137181","228.7"
"OHE 1189/02","1189/02","1189.0686","1228","30.539851300000002","76.5132641","227.9"
"OHE 1189/03","1189/03","1189.1232","1227","30.5401527","76.5128146","226.801"
"OHE 1189/04","1189/04","1189.1765","1226","30.540444900000004","76.5123726","228.9"
"OHE 1189/05","1189/05","1189.2318","1225","30.540756699999996","76.51192340000001","226.9"
"OHE 1189/06","1189/06","1189.2869","1224","30.541054999999997","76.511464","226.502"
"OHE 1189/07","1189/07","1189.3460","1223","30.541361100000003","76.5109585","223.601"
"OHE 1189/08","1189/08","1189.4085","1222","30.541708900000003","76.5104444","221.801"
"OHE 1189/09","1189/09","1189.4605","1221","30.5420039","76.5100239","220.702"
"OHE 1189/10","1189/10","1189.5026","1220","30.542232","76.5096735","221.101"
"OHE 1189/11","1189/11","1189.5432","1219","30.542450700000003","76.5093336","223.4"
"OHE 1189/13","1189/13","1189.6023","1218","30.542779400000004","76.5088492","220.4"
"OHE 1189/14","1189/14","1189.6433","1217","30.5429859","76.5084936","227.101"
"OHE 1189/15","1189/15","1189.6759","1216","30.543173099999997","76.5082301","224.4"
"OHE 1189/16","1189/16","1189.7327","1215","30.543504799999997","76.5077788","226.9"
"OHE 1189/17","1189/17","1189.7880","1214","30.543786099999995","76.5073015","225.4"
"OHE 1189/18","1189/18","1189.8390","1213","30.544064400000003","76.5068782","223.702"
"OHE 1189/19","1189/19","1189.8942","1212","30.5443354","76.5063935","228.502"
"OHE 1189/20","1189/20","1189.9429","1211","30.544612999999995","76.5059991","225.002"
"OHE 1189/21","1189/21","1189.9974","1210","30.544907","76.5055437","227.202"
"OHE 1190/01","1190/01","1190.0462","1209","30.545131799999997","76.5051045","227.502"
"OHE 1190/02","1190/02","1190.0929","1208","30.545384","76.5047141","229.301"
"OHE 1190/03","1190/03","1190.1321","1207","30.545574400000003","76.5043691","227.601"
"OHE 1190/04","1190/04","1190.1724","1206","30.5457876","76.5040282","225.702"
"OHE 1190/05","1190/05","1190.2115","1205","30.546003499999998","76.5037063","225.9"
"OHE 1190/06","1190/06","1190.2618","1204","30.5462553","76.5032691","224.002"
"OHE 1190/07","1190/07","1190.3132","1203","30.5465041","76.5028159","222.002"
"OHE 1190/08","1190/08","1190.3617","1202","30.546762600000005","76.5024083","223.202"
"OHE 1190/09","1190/09","1190.4125","1201","30.547026","76.5019761","220.702"
"OHE 1190/10","1190/10","1190.4681","1200","30.5473406","76.5015233","223.4"
"OHE 1190/11","1190/11","1190.5212","1199","30.5476258","76.5010789","220.702"
"OHE 1190/12","1190/12","1190.5706","1198","30.547904000000003","76.5006751","220.601"
"OHE 1190/13","1190/13","1190.6298","1197","30.5482273","76.5001841","222.301"
"OHE 1190/14","1190/14","1190.6858","1196","30.548523900000003","76.4997122","225.4"
"OHE 1190/15","1190/15","1190.7460","1195","30.548845599999996","76.4992078","227.301"
"OHE 1190/16","1190/16","1190.8058","1194","30.549198499999996","76.4987333","227.601"
"OHE 1190/17","1190/17","1190.8671","1193","30.5495059","76.4982017","226.502"
"OHE 1190/18","1190/18","1190.9208","1192","30.549815200000005","76.4977698","230.502"
"OHE 1190/19","1190/19","1190.9700","1191","30.550086200000003","76.4973639","226.502"
"OHE 1191/01","1191/01","1191.0183","1190","30.550335700000005","76.4969506","227.101"
"OHE 1191/02","1191/02","1191.0614","1189","30.550565399999996","76.496588","226.4"
"OHE 1191/03","1191/03","1191.1105","1188","30.550835599999996","76.4961831","226.601"
"OHE 1191/04","1191/04","1191.1538","1187","30.551087800000005","76.4958377","226.601"
"OHE 1191/05","1191/05","1191.1959","1186","30.551312100000004","76.4954833","225.9"
"OHE 1191/06","1191/06","1191.2469","1185","30.551593200000003","76.4950623","225.202"
"OHE 1191/07","1191/07","1191.2920","1184","30.5518411","76.4946891","225.002"
"OHE 1191/08","1191/08","1191.3401","1183","30.552113899999995","76.4942985","225.301"
"OHE 1191/09","1191/09","1191.4010","1182","30.5524291","76.49377840000001","225.202"
"OHE 1191/10","1191/10","1191.4573","1181","30.552741","76.4933152","223.702"
"OHE 1191/11","1191/11","1191.5171","1180","30.553074100000003","76.4928252","225.202"
"OHE 1191/12","1191/12","1191.5679","1179","30.5533431","76.49239659999999","225.801"
"OHE 1191/13","1191/13","1191.6267","1178","30.5536646","76.4919084","223.9"
"OHE 1191/14","1191/14","1191.6900","1177","30.554006200000003","76.4913805","225.702"
"OHE 1191/15","1191/15","1191.7448","1176","30.5543202","76.4909381","226.702"
"OHE 1191/16","1191/16","1191.8039","1175","30.5546369","76.4904417","225.702"
"OHE 1191/17","1191/17","1191.8663","1174","30.5549596","76.4899084","227.4"
"OHE 1191/18","1191/18","1191.9078","1173","30.5552037","76.4895807","226.202"
"OHE 1191/19","1191/19","1191.9560","1172","30.5554759","76.4891872","227.002"
"OHE 1192/01","1192/01","1192.0148","1171","30.5557947","76.4886984","225.801"
"OHE 1192/02","1192/02","1192.0724","1170","30.5561052","76.4882157","227.502"
"OHE 1192/03","1192/03","1192.1244","1169","30.5563919","76.4877865","227.801"
"OHE 1192/04","1192/04","1192.1752","1168","30.5566591","76.4873564","226.4"
"OHE 1192/05","1192/05","1192.2237","1167","30.5569203","76.4869513","227.301"
"OHE 1192/06","1192/06","1192.2862","1166","30.5572791","76.4864472","228.9"
"OHE 1192/07","1192/07","1192.3433","1165","30.5575832","76.485967","226.702"
"OHE 1192/08","1192/08","1192.4027","1164","30.557913900000003","76.4854805","227.801"
"OHE 1192/09","1192/09","1192.4610","1163","30.5582387","76.4850022","226.9"
"OHE 1192/10","1192/10","1192.5217","1162","30.558580100000004","76.4845073","227.301"
"OHE 1192/11","1192/11","1192.5703","1161","30.558837999999998","76.4840972","227.4"
"OHE 1192/12","1192/12","1192.6276","1160","30.5591725","76.48364109999999","227.301"
"OHE 1192/13","1192/13","1192.6862","1159","30.5594903","76.4831528","229.202"
"OHE 1192/14","1192/14","1192.7449","1158","30.559801900000004","76.482657","226.601"
"OHE 1192/15","1192/15","1192.8033","1157","30.5601316","76.4821828","223.801"
"OHE 1192/16","1192/16","1192.8632","1156","30.560459999999996","76.4816866","228.202"
"OHE 1192/17","1192/17","1192.9225","1155","30.5607867","76.4811968","228.801"
"OHE 1192/18","1192/18","1192.9722","1154","30.561075300000002","76.4807992","227.601"
"OHE 1193/01","1193/01","1193.0297","1153","30.561385000000005","76.480319","223.702"
"OHE 1193/02","1193/02","1193.0857","1152","30.5616832","76.479848","223.101"
"OHE 1193/03","1193/03","1193.1445","1151","30.5620006","76.4793564","224.601"
"OHE 1193/04","1193/04","1193.2043","1150","30.5623179","76.4788518","222.101"
"OHE 1193/05","1193/05","1193.2609","1149","30.562627599999995","76.4783826","224.202"
"OHE 1193/06","1193/06","1193.3151","1148","30.562933999999995","76.4779426","224.502"
"OHE 1193/07","1193/07","1193.3689","1147","30.563222600000003","76.4774904","224.002"
"OHE 1193/08","1193/08","1193.4288","1146","30.563541299999997","76.476987","223.502"
"OHE 1193/09","1193/09","1193.4771","1145","30.563813799999995","76.4765933","224.301"
"OHE 1193/10","1193/10","1193.5254","1144","30.5640743","76.4761888","225.601"
"OHE 1193/11","1193/11","1193.5834","1143","30.5643816","76.4756995","226.4"
"OHE 1193/12","1193/12","1193.6334","1142","30.5646533","76.4752836","226.301"
"OHE 1193/13","1193/13","1193.6910","1141","30.5649581","76.4747977","227.702"
"OHE 1193/14","1193/14","1193.7489","1140","30.565294900000005","76.474336","226.301"
"OHE 1193/15","1193/15","1193.8071","1139","30.5656049","76.4738452","227.4"
"OHE 1193/16","1193/16","1193.8740","1138","30.565944100000003","76.4732675","227.002"
"OHE 1193/17","1193/17","1193.9228","1137","30.566239199999995","76.4728878","226.301"
"OHE 1193/18","1193/18","1193.9850","1136","30.566576900000005","76.4723695","222.101"
"OHE 1194/01","1194/01","1194.0401","1135","30.566884399999996","76.4719175","222.601"
"OHE 1194/02","1194/02","1194.1002","1134","30.56721","76.4714167","222.502"
"OHE 1194/03","1194/03","1194.1601","1133","30.5675404","76.4709226","222.601"
"OHE 1194/04","1194/04","1194.2171","1132","30.567860699999997","76.4704579","221.502"
"OHE 1194/05","1194/05","1194.2746","1131","30.568178800000002","76.4699834","220.5"
"OHE 1194/06","1194/06","1194.3336","1130","30.5685108","76.4695029","220.4"
"OHE 1194/07","1194/07","1194.3900","1129","30.568814799999995","76.469031","222.202"
"OHE 1194/08","1194/08","1194.4511","1128","30.569143499999996","76.4685204","219"
"OHE 1194/09","1194/09","1194.5087","1127","30.569452500000004","76.4680368","219.5"
"OHE 1194/10","1194/10","1194.5679","1126","30.569800900000004","76.4675666","222.301"
"OHE 1194/11","1194/11","1194.6240","1125","30.5701025","76.4670988","221.9"
"OHE 1194/12","1194/12","1194.6754","1124","30.570381199999996","76.4666697","221.202"
"OHE 1194/13","1194/13","1194.7251","1123","30.5706479","76.4662526","223.002"
"OHE 1194/14","1194/14","1194.7812","1122","30.570946600000003","76.4657811","220.801"
"OHE 1194/15","1194/15","1194.8397","1121","30.5712909","76.4653167","219.301"
"OHE 1194/16","1194/16","1194.8989","1120","30.571637500000005","76.4648462","217"
"OHE 1194/17","1194/17","1194.9584","1119","30.5719483","76.4643397","218.4"
"OHE 1195/01","1195/01","1195.0116","1118","30.5722121","76.4638746","217.301"
"OHE 1195/02","1195/02","1195.0585","1117","30.572491599999996","76.4635067","216.801"
"OHE 1195/03","1195/03","1195.1087","1116","30.5727661","76.4630901","216.601"
"OHE 1195/04","1195/04","1195.1550","1115","30.5730154","76.4627033","221.502"
"OHE 1195/05","1195/05","1195.2186","1114","30.573373300000004","76.4621834","219.801"
"OHE 1195/06","1195/06","1195.2770","1113","30.573662300000002","76.4616731","223.4"
"OHE 1195/07","1195/07","1195.3378","1112","30.5739922","76.461167","226.101"
"OHE 1195/08","1195/08","1195.3903","1111","30.574271799999998","76.4607245","227.4"
"OHE 1195/09","1195/09","1195.4501","1110","30.574617699999997","76.4602465","229.601"
"OHE 1195/10","1195/10","1195.5089","1109","30.574929999999995","76.4597501","226.601"
"OHE 1195/11","1195/11","1195.5652","1108","30.5752522","76.4592958","226.301"
"OHE 1195/12","1195/12","1195.6268","1107","30.5755798","76.4587782","222.202"
"OHE 1195/13","1195/13","1195.6856","1106","30.575902699999997","76.4582909","221.301"
"OHE 1195/14","1195/14","1195.7443","1105","30.5762222","76.4578029","225.4"
"OHE 1195/15","1195/15","1195.8013","1104","30.576528100000004","76.4573247","228.101"
"OHE 1195/16","1195/16","1195.8601","1103","30.576857800000003","76.4568451","226.801"
"OHE 1195/17","1195/17","1195.9186","1102","30.577169299999998","76.4563524","229.202"
"OHE 1195/18","1195/18","1195.9769","1101","30.5775079","76.4558858","226.4"
"OHE 1196/01","1196/01","1196.0372","1100","30.5778094","76.4553607","225.502"
"OHE 1196/02","1196/02","1196.0956","1099","30.578132799999995","76.4548798","226.101"
"OHE 1196/03","1196/03","1196.1476","1098","30.578425799999998","76.4544567","228.101"
"OHE 1196/04","1196/04","1196.2087","1097","30.578770099999996","76.4539586","227.801"
"OHE 1196/05","1196/05","1196.2691","1096","30.5790941","76.4534523","228.502"
"OHE 1196/06","1196/06","1196.3186","1095","30.579370299999997","76.4530479","229.4"
"OHE 1196/07","1196/07","1196.3763","1094","30.5796887","76.4525703","229.702"
"OHE 1196/08","1196/08","1196.4237","1093","30.579972999999995","76.4522006","233.4"
"OHE 1196/09","1196/09","1196.4788","1092","30.580266800000004","76.4517367","230.002"
"OHE 1196/10","1196/10","1196.5237","1091","30.5805365","76.4513867","232.4"
"OHE 1196/11","1196/11","1196.5692","1090","30.580799700000004","76.4510225","230.4"
"OHE 1196/12","1196/12","1196.6297","1089","30.5811144","76.45050539999998","230.202"
"OHE 1196/13","1196/13","1196.6843","1088","30.5814169","76.450056","229.502"
"OHE 1196/14","1196/14","1196.7346","1087","30.581692799999995","76.4496399","228.9"
"OHE 1196/15","1196/15","1196.7831","1086","30.5819674","76.4492453","228.202"
"OHE 1196/16","1196/16","1196.8299","1085","30.5822354","76.4488683","229.4"
"OHE 1196/17","1196/17","1196.8857","1084","30.5825059","76.4483752","233.301"
"OHE 1196/18","1196/18","1196.9245","1083","30.5827133","76.4480492","227.301"
"OHE 1196/19","1196/19","1196.9696","1082","30.582996499999997","76.4477067","218.601"
"OHE 1197/01","1197/01","1197.0286","1081","30.583304999999996","76.4472056","222.4"
"OHE 1197/02","1197/02","1197.0866","1080","30.583626200000005","76.4467282","220.601"
"OHE 1197/03","1197/03","1197.1440","1079","30.5839473","76.4462582","218.801"
"OHE 1197/04","1197/04","1197.2064","1078","30.5842888","76.4457406","221.202"
"OHE 1197/05","1197/05","1197.2612","1077","30.584590699999996","76.4452889","219.301"
"OHE 1197/06","1197/06","1197.3177","1076","30.584884600000002","76.4448066","222.801"
"OHE 1197/07","1197/07","1197.3692","1075","30.585160400000003","76.4443745","219.9"
"OHE 1197/08","1197/08","1197.4212","1074","30.585427400000004","76.4439282","223.002"
"OHE 1197/09","1197/09","1197.4772","1073","30.585726500000003","76.4434576","223.4"
"OHE 1197/10","1197/10","1197.5266","1072","30.5859913","76.4430431","221.9"
"OHE 1197/11","1197/11","1197.5726","1071","30.5862467","76.4426649","223.9"
"OHE 1197/12","1197/12","1197.6236","1070","30.5865298","76.4422464","225.801"
"OHE 1197/13","1197/13","1197.6725","1069","30.586793699999998","76.4418364","225.002"
"OHE 1197/14","1197/14","1197.7231","1068","30.587065399999997","76.4414133","226.002"
"OHE 1197/15","1197/15","1197.7683","1067","30.5873063","76.441033","224.101"
"OHE 1197/16","1197/16","1197.8294","1066","30.5876545","76.4405383","227.301"
"OHE 1197/17","1197/17","1197.8882","1065","30.587980700000003","76.44005540000002","227.301"
"OHE 1197/18","1197/18","1197.9482","1064","30.588318899999997","76.4395654","229.801"
"OHE 1198/01","1198/01","1198.0055","1063","30.588638300000003","76.4390971","227.601"
"OHE 1198/02","1198/02","1198.0651","1062","30.588952000000003","76.4385922","227.301"
"OHE 1198/03","1198/03","1198.1216","1061","30.589249600000002","76.43811380000001","224.601"
"OHE 1198/04","1198/04","1198.1801","1060","30.589588499999998","76.4376439","226.301"
"OHE 1198/05","1198/05","1198.2398","1059","30.5899267","76.4371596","227.101"
"OHE 1198/06","1198/06","1198.2982","1058","30.590215699999998","76.436648","225.601"
"OHE 1198/07","1198/07","1198.3572","1057","30.590561400000002","76.43618","225.801"
"OHE 1198/08","1198/08","1198.4167","1056","30.5908766","76.4356766","227.9"
"OHE 1198/09","1198/09","1198.4722","1055","30.591181399999996","76.4352179","225.301"
"OHE 1198/10","1198/10","1198.5341","1054","30.591528","76.4347116","228.002"
"OHE 1198/11","1198/11","1198.5915","1053","30.5918356","76.4342304","225.202"
"OHE 1198/12","1198/12","1198.6432","1052","30.5921213","76.4338041","223.202"
"OHE 1198/13","1198/13","1198.7028","1051","30.592434900000004","76.4332998","225.101"
"OHE 1198/14","1198/14","1198.7608","1050","30.592768","76.4328326","224.502"
"OHE 1198/15","1198/15","1198.8184","1049","30.593093500000002","76.4323644","226.601"
"OHE 1198/16","1198/16","1198.8750","1048","30.5933856","76.43187830000001","224.502"
"OHE 1198/17","1198/17","1198.9347","1047","30.593712400000005","76.4313827","222.601"
"OHE 1198/18","1198/18","1198.9933","1046","30.594044100000005","76.4309072","224.601"
"OHE 1199/01","1199/01","1199.0524","1045","30.5943287","76.4303826","221.202"
"OHE 1199/02","1199/02","1199.1091","1044","30.594669300000003","76.42994","220.4"
"OHE 1199/03","1199/03","1199.1690","1043","30.594998099999998","76.429443","222.4"
"OHE 1199/04","1199/04","1199.2243","1042","30.5952932","76.4289777","221.502"
"OHE 1199/05","1199/05","1199.2826","1041","30.595642100000003","76.4285223","222.101"
"OHE 1199/06","1199/06","1199.3479","1040","30.5959547","76.4279417","223.002"
"OHE 1199/07","1199/07","1199.4028","1039","30.5962573","76.4274873","223.502"
"OHE 1199/08","1199/08","1199.4589","1038","30.5965651","76.4270226","223.9"
"OHE 1199/09","1199/09","1199.5212","1037","30.596917099999995","76.4265169","223.4"
"OHE 1199/10","1199/10","1199.5779","1036","30.5972223","76.4260425","224.101"
"OHE 1199/11","1199/11","1199.6226","1035","30.597461","76.4256668","218.202"
"OHE 1199/12","1199/12","1199.6656","1034","30.5977025","76.4253145","219.7"
"OHE 1199/13","1199/13","1199.7075","1033","30.5979198","76.4249578","222.2"
"OHE 1199/14","1199/14","1199.7384","1032","30.598106999999995","76.4247168","224.402"
"OHE 1199/15","1199/15","1199.7890","1031","30.5983747","76.4242901","221.601"
"OHE 1199/16","1199/16","1199.8506","1030","30.598711","76.4237785","221"
"OHE 1199/17","1199/17","1199.9046","1029","30.598994099999995","76.4233205","220.801"
"OHE 1199/18","1199/18","1199.9595","1028","30.5993057","76.4228744","220.801"
"OHE 1200/01","1200/01","1200.0134","1027","30.599594700000004","76.422423","221.2"
"OHE 1200/02","1200/02","1200.0620","1026","30.599856199999998","76.42201529999998","219.101"
"OHE 1200/03","1200/03","1200.1130","1025","30.6001484","76.4216037","222.601"
"OHE 1200/04","1200/04","1200.1605","1024","30.6004062","76.4212077","220.301"
"OHE 1200/05","1200/05","1200.2057","1023","30.600639","76.4208208","219.4"
"OHE 1200/06","1200/06","1200.2599","1022","30.600953199999996","76.4203866","221.801"
"OHE 1200/07","1200/07","1200.3150","1021","30.6012647","76.4199403","221.7"
"OHE 1200/08","1200/08","1200.3732","1020","30.6015745","76.4194488","220.601"
"OHE 1200/09","1200/09","1200.4263","1019","30.601868799999995","76.419012","221.2"
"OHE 1200/10","1200/10","1200.4772","1018","30.6021622","76.4186033","222.2"
"OHE 1200/11","1200/11","1200.5339","1017","30.602499299999998","76.4181564","228.7"
"OHE 1200/12","1200/12","1200.5880","1016","30.602772800000004","76.4176882","225.801"
"OHE 1200/13","1200/13","1200.6349","1015","30.603040099999998","76.4173082","227.402"
"OHE 1200/14","1200/14","1200.6871","1014","30.603316600000003","76.4168675","226.7"
"OHE 1200/15","1200/15","1200.7452","1013","30.6036324","76.4163846","228.402"
"OHE 1200/16","1200/16","1200.7997","1012","30.6039176","76.4159203","226.301"
"OHE 1200/17","1200/17","1200.8408","1011","30.604143599999997","76.4155807","226.5"
"OHE 1200/18","1200/18","1200.8802","1010","30.6043695","76.415262","226.801"
"OHE 1200/19","1200/19","1200.9362","1009","30.604682900000004","76.4148041","225"
"OHE 1200/20","1200/20","1200.9684","1008","30.604859400000002","76.4145368","224.5"
"OHE 1201/01","1201/01","1201.0178","1007","30.6051327","76.4141305","222"
"OHE 1201/02","1201/02","1201.0667","1006","30.6053775","76.4137039","227.101"
"OHE 1201/03","1201/03","1201.1221","1005","30.6056952","76.4132577","222.902"
"OHE 1201/04","1201/04","1201.1803","1004","30.6060094","76.4127717","224.5"
"OHE 1201/05","1201/05","1201.2391","1003","30.606330000000003","76.4122839","225.601"
"OHE 1201/06","1201/06","1201.2910","1002","30.6066044","76.4118444","224.801"
"OHE 1201/07","1201/07","1201.3468","1001","30.6069117","76.4113825","221"
"OHE 1201/08","1201/08","1201.4045","1000","30.6072218","76.4109003","223.402"
"OHE 1201/09","1201/09","1201.4640","999","30.607564000000004","76.4104222","226.402"
"OHE 1201/10","1201/10","1201.5154","998","30.607824199999996","76.4099762","229.601"
"OHE 1201/11","1201/11","1201.5706","997","30.608140400000003","76.4095313","222.7"
"OHE 1201/12","1201/12","1201.6361","996","30.608502100000003","76.4089901","223.601"
"OHE 1201/13","1201/13","1201.6943","995","30.608777700000005","76.4084699","222"
"OHE 1201/14","1201/14","1201.7314","994","30.6090086","76.4081852","221.402"
"OHE 1201/15","1201/15","1201.7748","993","30.6092516","76.407831","222.801"
"OHE 1201/16","1201/16","1201.8175","992","30.609476200000003","76.4074694","223.5"
"OHE 1201/17","1201/17","1201.8596","991","30.6097011","76.4071142","223.801"
"OHE 1201/18","1201/18","1201.9026","990","30.609908800000003","76.4067346","222.301"
"OHE 1201/19","1201/19","1201.9567","989","30.610194","76.4062766","223.2"
"OHE 1201/20","1201/20","1201.9997","988","30.6104188","76.4059098","224.402"
"OHE 1202/01","1202/01","1202.0316","987","30.610609","76.4056557","221.402"
"OHE 1202/02","1202/02","1202.0871","986","30.610864999999997","76.4051572","220.801"
"OHE 1202/03","1202/03","1202.1418","985","30.611144399999997","76.4046864","220.7"
"OHE 1202/04","1202/04","1202.1926","984","30.6113836","76.4042354","220.601"
"OHE 1202/05","1202/05","1202.2440","983","30.6116457","76.4037926","221.2"
"OHE 1202/06","1202/06","1202.2956","982","30.611933599999997","76.403368","220.601"
"OHE 1202/07","1202/07","1202.3458","981","30.612175999999998","76.4029255","222"
"OHE 1202/08","1202/08","1202.3895","980","30.612391000000002","76.4025437","222"
"OHE 1202/09","1202/09","1202.4505","979","30.612703899999996","76.4020194","220.801"
"OHE 1202/10","1202/10","1202.5092","978","30.6129961","76.4015098","224.5"
"OHE 1202/11","1202/11","1202.5622","977","30.613263","76.4010496","224.101"
"OHE 1202/12","1202/12","1202.6147","976","30.613524799999997","76.4005943","223.902"
"OHE 1202/13","1202/13","1202.6784","975","30.6138431","76.4000407","222.601"
"OHE 1202/14","1202/14","1202.7286","974","30.6141109","76.3996173","227.101"
"OHE 1202/15","1202/15","1202.7795","973","30.6143687","76.3991779","227.601"
"OHE 1202/16","1202/16","1202.8175","972","30.614548599999996","76.3988408","224"
"OHE 1202/17","1202/17","1202.8583","971","30.614739900000004","76.3984759","224.5"
"OHE 1202/18","1202/18","1202.9150","970","30.615048499999997","76.3980029","226.5"
"OHE 1202/19","1202/19","1202.9536","969","30.615233400000005","76.3976612","225.7"
"OHE 1202/20","1202/20","1202.9975","968","30.615456699999996","76.3972843","225.402"
"OHE 1203/01","1203/01","1203.0564","967","30.6157582","76.3967775","225.902"
"OHE 1203/02","1203/02","1203.1107","966","30.6160311","76.3963076","224.902"
"OHE 1203/03","1203/03","1203.1486","965","30.616238300000003","76.3959924","226.7"
"OHE 1203/04","1203/04","1203.1913","964","30.6164253","76.3956009","223.601"
"OHE 1203/05","1203/05","1203.2452","963","30.616713899999997","76.3951462","215.601"
"OHE 1203/06","1203/06","1203.2875","962","30.616942400000003","76.3947917","218.9"
"OHE 1203/07","1203/07","1203.3263","961","30.6171136","76.3944383","216.801"
"OHE 1203/08","1203/08","1203.3713","960","30.617367600000005","76.3940702","220.7"
"OHE 1203/09","1203/09","1203.4235","959","30.617614800000002","76.3936062","216.4"
"OHE 1203/10","1203/10","1203.4658","958","30.6178314","76.3932438","218.5"
"OHE 1203/11","1203/11","1203.5121","957","30.618064800000003","76.3928407","218.801"
"OHE 1203/12","1203/12","1203.5720","956","30.6183821","76.3923365","217.2"
"OHE 1203/13","1203/13","1203.6238","955","30.618619","76.3918687","216"
"OHE 1203/14","1203/14","1203.6757","954","30.618883600000004","76.3914219","216.801"
"OHE 1203/15","1203/15","1203.7225","953","30.619113000000002","76.3910128","218.601"
"OHE 1203/16","1203/16","1203.7669","952","30.619348800000004","76.3906384","216.5"
"OHE 1203/17","1203/17","1203.8092","951","30.619549800000005","76.3902616","215.301"
"OHE 1203/18","1203/18","1203.8622","950","30.6198298","76.3898127","216.7"
"OHE 1203/19","1203/19","1203.9053","949","30.6200636","76.3894542","217.5"
"OHE 1203/20","1203/20","1203.9509","948","30.6202575","76.3890308","219.801"
"OHE 1204/01","1204/01","1204.0105","947","30.620579599999996","76.38853679999998","224.2"
"OHE 1204/02","1204/02","1204.0630","946","30.6208868","76.3881179","217.801"
"OHE 1204/03","1204/03","1204.1201","945","30.6211829","76.3876267","220.5"
"OHE 1204/04","1204/04","1204.1668","944","30.62147","76.3872604","217.2"
"OHE 1204/05","1204/05","1204.2208","943","30.621759600000004","76.3867994","220.4"
"OHE 1204/06","1204/06","1204.2669","942","30.6220143","76.3864102","220.902"
"OHE 1204/07","1204/07","1204.3199","941","30.622304999999997","76.3859615","221.7"
"OHE 1204/08","1204/08","1204.3729","940","30.6226173","76.3855317","220.902"
"OHE 1204/09","1204/09","1204.4211","939","30.6228694","76.3851141","216.2"
"OHE 1204/10","1204/10","1204.4784","938","30.623204699999995","76.3846495","218.101"
"OHE 1204/11","1204/11","1204.5339","937","30.623502299999995","76.3841802","216.801"
"OHE 1204/12","1204/12","1204.5875","936","30.6237885","76.3837272","217.801"
"OHE 1204/13","1204/13","1204.6479","935","30.624131499999997","76.3832407","222"
"OHE 1204/14","1204/14","1204.7053","934","30.624437899999997","76.3827619","221"
"OHE 1204/15","1204/15","1204.7588","933","30.624711300000005","76.3823055","219"
"OHE 1204/16","1204/16","1204.8032","932","30.624966299999997","76.3819563","223.7"
"OHE 1204/17","1204/17","1204.8475","931","30.625196800000005","76.3815827","246.801"
"OHE 1204/18","1204/18","1204.8891","930","30.625457999999995","76.3812824","240.101"
"OHE 1204/19","1204/19","1204.9379","929","30.625762300000005","76.3809307","246.801"
"OHE 1204/20","1204/20","1204.9759","928","30.626030599999996","76.3806999","246.801"
"OHE 1205/01","1205/01","1205.0170","927","30.626333799999998","76.3804685","246.801"
"OHE 1205/02","1205/02","1205.0632","926","30.6266755","76.3802105","246.801"
"OHE 1205/03","1205/03","1205.1075","925","30.627027999999996","76.37999800000001","246.801"
"OHE 1205/04","1205/04","1205.1520","924","30.627392100000005","76.3797925","246.801"
"OHE 1205/05","1205/05","1205.1982","923","30.627784200000004","76.379608","246.801"
"OHE 1205/06","1205/06","1205.2409","922","30.6281585","76.3794733","246.801"
"OHE 1205/07","1205/07","1205.2851","921","30.6285478","76.37935709999998","246.801"
"OHE 1205/08","1205/08","1205.3265","920","30.628914300000005","76.3792838","246.801"
"OHE 1205/09","1205/09","1205.3627","919","30.62923","76.3792206","246.801"
"OHE 1205/10","1205/10","1205.4100","918","30.629647299999995","76.3791788","246.801"
"OHE 1205/11","1205/11","1205.4543","917","30.630044600000005","76.3791418","246.801"
"OHE 1205/12","1205/12","1205.4986","916","30.630443300000003","76.3791062","240.101"
"OHE 1205/13","1205/13","1205.5433","915","30.6308445","76.3790718","240.101"
"OHE 1205/14","1205/14","1205.5948","914","30.631307999999997","76.3790311","240.101"
"OHE 1205/15","1205/15","1205.6499","913","30.631806999999995","76.3789986","240.101"
"OHE 1205/16","1205/16","1205.7067","912","30.6323209","76.378946","240.101"
"OHE 1205/17","1205/17","1205.7503","911","30.632716599999995","76.3789101","240.101"
"OHE 1205/18","1205/18","1205.7942","910","30.6331131","76.3788628","240.101"
"OHE 1205/19","1205/19","1205.8408","909","30.633529199999998","76.3787864","240.101"
"OHE 1205/20","1205/20","1205.8842","908","30.6339159","76.3787207","240.101"
"OHE 1205/21","1205/21","1205.9299","907","30.634312099999995","76.3786011","233.301"
"OHE 1205/22","1205/22","1205.9724","906","30.634673599999996","76.3784757","232.902"
"OHE 1206/01","1206/01","1206.0144","905","30.635027599999997","76.37833","233.2"
"OHE 1206/02","1206/02","1206.0486","904","30.635298400000003","76.378155","232.902"
"OHE 1206/03","1206/03","1206.0866","903","30.6356232","76.3780291","233.301"
"OHE 1206/04","1206/04","1206.1287","902","30.635926200000004","76.3777552","232.7"
"OHE 1206/05","1206/05","1206.1672","901","30.6362259","76.377557","233.2"
"OHE 1206/06","1206/06","1206.2091","900","30.6365067","76.3772796","234.402"
"OHE 1206/07","1206/07","1206.2529","899","30.6368102","76.3770059","232.5"
"OHE 1206/08","1206/08","1206.2942","898","30.637074","76.3767117","233.801"
"OHE 1206/09","1206/09","1206.3356","897","30.6373328","76.3764065","231.902"
"OHE 1206/10","1206/10","1206.3785","896","30.637580800000002","76.376067","232.5"
"OHE 1206/11","1206/11","1206.4161","895","30.637776900000002","76.3757496","231.101"
"OHE 1206/12","1206/12","1206.4624","894","30.6380065","76.3753479","231.5"
"OHE 1206/13","1206/13","1206.5036","893","30.6381679","76.3749533","230.7"
"OHE 1206/14","1206/14","1206.5482","892","30.638327199999996","76.3745433","230.902"
"OHE 1206/15","1206/15","1206.5912","891","30.638516499999998","76.3741423","229.7"
"OHE 1206/16","1206/16","1206.6374","890","30.6386462","76.3736838","228.902"
"OHE 1206/17","1206/17","1206.6827","889","30.638746500000003","76.3732179","229.101"
"OHE 1206/18","1206/18","1206.7288","888","30.6388071","76.3727328","231.601"
"OHE 1206/19","1206/19","1206.7694","887","30.6388699","76.3723036","229.7"
"OHE 1206/20","1206/20","1206.8124","886","30.638928700000005","76.3718443","231.601"
"OHE 1206/21","1206/21","1206.8576","885","30.6389185","76.37135830000001","230.101"
"OHE 1206/22","1206/22","1206.9000","884","30.638879599999996","76.370903","230.2"
"OHE 1206/23","1206/23","1206.9435","883","30.638823699999996","76.3704424","230.2"
"OHE 1206/24","1206/24","1206.9890","882","30.638751899999995","76.3699711","229.801"
"OHE 1207/01","1207/01","1207.0363","881","30.638632500000003","76.3695014","228.902"
"OHE 1207/02","1207/02","1207.0802","880","30.638525000000005","76.369064","231.5"
"OHE 1207/03","1207/03","1207.1249","879","30.638388099999997","76.3686223","231.902"
"OHE 1207/04","1207/04","1207.1685","878","30.638211500000004","76.3682098","232.5"
"OHE 1207/05","1207/05","1207.2081","877","30.638026500000002","76.3678455","230.7"
"OHE 1207/06","1207/06","1207.2485","876","30.6378324","76.3674765","231"
"OHE 1207/07","1207/07","1207.2919","875","30.6376057","76.367093","229.801"
"OHE 1207/08","1207/08","1207.3319","874","30.6373324","76.36679639999998","233.902"
"OHE 1207/09","1207/09","1207.3601","873","30.6371614","76.3665735","234.402"
"OHE 1207/10","1207/10","1207.4020","872","30.636931899999997","76.3662246","234.801"
"OHE 1207/11","1207/11","1207.4491","871","30.636647299999996","76.36586629999998","234.301"
"OHE 1207/12","1207/12","1207.5081","870","30.6362932","76.3654216","240.101"
"OHE 1207/13","1207/13","1207.5595","869","30.635970600000004","76.3650458","233.402"
"OHE 1207/14","1207/14","1207.6163","868","30.6356262","76.3646119","234.7"
"OHE 1207/15","1207/15","1207.6751","867","30.635260899999995","76.3641666","235.2"
"OHE 1207/16","1207/16","1207.7262","866","30.634944800000003","76.3637773","234"
"OHE 1207/17","1207/17","1207.7764","865","30.634624700000003","76.3634082","231.902"
"OHE 1207/18","1207/18","1207.8322","864","30.6342809","76.362985","233.7"
"OHE 1207/19","1207/19","1207.8717","863","30.6340423","76.3626807","235.2"
"OHE 1207/20","1207/20","1207.9052","862","30.633841300000004","76.3624187","235"
"OHE 1207/21","1207/21","1207.9507","861","30.6335863","76.3620464","235.402"
"OHE 1207/22","1207/22","1207.9901","860","30.633376199999997","76.3617232","233.902"
"OHE 1208/01","1208/01","1208.0333","859","30.6331474","76.3613637","234.402"
"OHE 1208/02","1208/02","1208.0725","858","30.6329692","76.3609977","236.101"
"OHE 1208/03","1208/03","1208.1113","857","30.6327973","76.3606385","234.301"
"OHE 1208/04","1208/04","1208.1403","856","30.632682100000004","76.360373","234.801"
"OHE 1208/05","1208/05","1208.1712","855","30.632598799999997","76.3600843","235.2"
"OHE 1208/06","1208/06","1208.2105","854","30.6324843","76.3597165","235.7"
"OHE 1208/07","1208/07","1208.2423","853","30.6324111","76.3594036","235"
"OHE 1208/08","1208/08","1208.2933","852","30.632289599999996","76.3588862","237.101"
"OHE 1208/09","1208/09","1208.3316","851","30.632247","76.3584832","235.2"
"OHE 1208/10","1208/10","1208.3714","850","30.632202599999996","76.3580596","235.5"
"OHE 1208/11","1208/11","1208.4210","849","30.632150299999996","76.3575314","233.101"
"OHE 1208/12","1208/12","1208.4600","848","30.632186900000004","76.3571144","235.801"
"OHE 1208/13","1208/13","1208.5031","847","30.632214099999995","76.3566644","234.902"
"OHE 1208/14","1208/14","1208.5453","846","30.632265","76.3562364","233.7"
"OHE 1208/15","1208/15","1208.5932","845","30.6323464","76.3557744","235.801"
"OHE 1208/16","1208/16","1208.6425","844","30.6324575","76.3553233","234.2"
"OHE 1208/17","1208/17","1208.6811","843","30.632542899999997","76.3549588","233.301"
"OHE 1208/18","1208/18","1208.7254","842","30.6326878","76.35453780000002","233.601"
"OHE 1208/19","1208/19","1208.7666","841","30.632847700000003","76.3541406","234.5"
"OHE 1208/20","1208/20","1208.8147","840","30.633071299999997","76.3536818","234.7"
"OHE 1208/21","1208/21","1208.8534","839","30.6332894","76.353337","235.402"
"OHE 1208/22","1208/22","1208.8918","838","30.633502799999995","76.3529942","235.601"
"OHE 1208/23","1208/23","1208.9296","837","30.633713199999995","76.352664","234.801"
"OHE 1208/24","1208/24","1208.9716","836","30.633977000000005","76.35234569999999","232.801"
"OHE 1209/01","1209/01","1209.0109","835","30.6342115","76.3520581","236.301"
"OHE 1209/02","1209/02","1209.0485","834","30.6344787","76.3518148","234.301"
"OHE 1209/03","1209/03","1209.0937","833","30.634791800000002","76.3515219","233.601"
"OHE 1209/04","1209/04","1209.1374","832","30.635115699999997","76.3512699","234.7"
"OHE 1209/05","1209/05","1209.1837","831","30.6354818","76.3510418","234.5"
"OHE 1209/06","1209/06","1209.2283","830","30.635836299999998","76.3508228","234.2"
"OHE 1209/07","1209/07","1209.2675","829","30.636153600000004","76.3506369","232.7"
"OHE 1209/08","1209/08","1209.3178","828","30.636565899999997","76.3504073","235.101"
"OHE 1209/09","1209/09","1209.3690","827","30.636977300000005","76.3501561","236.601"
"OHE 1209/10","1209/10","1209.4293","826","30.637479100000004","76.3499047","236.2"
"OHE 1209/11","1209/11","1209.4781","825","30.6378735","76.3496806","234.7"
"OHE 1209/12","1209/12","1209.5390","824","30.6383703","76.349413","234.7"
"OHE 1209/13","1209/13","1209.5975","823","30.6388463","76.3491505","233.7"
"OHE 1209/14","1209/14","1209.6545","822","30.6393098","76.348892","232.902"
"OHE 1209/15","1209/15","1209.7156","821","30.639809300000003","76.3486223","232.2"
"OHE 1209/16","1209/16","1209.7652","820","30.640214","76.3484024","233.601"
"OHE 1209/17","1209/17","1209.8220","819","30.6406679","76.3481296","233.2"
"OHE 1209/18","1209/18","1209.8623","818","30.640996400000002","76.3479503","233.101"
"OHE 1209/19","1209/19","1209.9034","817","30.641327999999998","76.347759","233.402"
"OHE 1209/20","1209/20","1209.9402","816","30.6416152","76.3475623","231.601"
"OHE 1209/21","1209/21","1209.9800","815","30.6419208","76.347345","233.801"
"OHE 1210/01","1210/01","1210.0162","814","30.642209200000003","76.3471635","233.2"
"OHE 1210/02","1210/02","1210.0559","813","30.642473699999996","76.3468783","234.801"
"OHE 1210/03","1210/03","1210.0962","812","30.6427678","76.3466441","232.7"
"OHE 1210/04","1210/04","1210.1347","811","30.642998400000003","76.3463588","232"
"OHE 1210/05","1210/05","1210.1747","810","30.643241699999997","76.3460633","232.101"
"OHE 1210/06","1210/06","1210.2157","809","30.643468999999996","76.3457335","229.2"
"OHE 1210/07","1210/07","1210.2552","808","30.643668400000003","76.3453967","227.601"
"OHE 1210/08","1210/08","1210.2915","807","30.643865899999998","76.3450966","232.402"
"OHE 1210/09","1210/09","1210.3326","806","30.6440575","76.3447284","232.101"
"OHE 1210/10","1210/10","1210.3716","805","30.6442589","76.34439189999999","233"
"OHE 1210/11","1210/11","1210.4320","804","30.6445582","76.3438584","232.7"
"OHE 1210/12","1210/12","1210.4842","803","30.644795300000002","76.3433776","230.5"
"OHE 1210/13","1210/13","1210.5425","802","30.645078000000005","76.342852","233.301"
"OHE 1210/14","1210/14","1210.6006","801","30.645359799999998","76.342328","234.101"
"OHE 1210/15","1210/15","1210.6581","800","30.6456267","76.34180339999999","233.2"
"OHE 1210/16","1210/16","1210.7165","799","30.645923100000005","76.3412922","233.101"
"OHE 1210/17","1210/17","1210.7738","798","30.6461917","76.3407797","230.5"
"OHE 1210/18","1210/18","1210.8254","797","30.6464151","76.3403085","232.902"
"OHE 1210/19","1210/19","1210.8688","796","30.6466378","76.3399365","233.101"
"OHE 1210/20","1210/20","1210.9222","795","30.646891199999995","76.3394642","233"
"OHE 1210/21","1210/21","1210.9718","794","30.647119799999995","76.3390214","231.801"
"OHE 1211/01","1211/01","1211.0197","793","30.647371399999997","76.3386158","227.7"
"OHE 1211/02","1211/02","1211.0647","792","30.6475946","76.3382241","230.5"
"OHE 1211/03","1211/03","1211.1257","791","30.647889099999997","76.3376862","230.4"
"OHE 1211/04","1211/04","1211.1775","790","30.648155599999996","76.337241","229.101"
"OHE 1211/05","1211/05","1211.2232","789","30.6483991","76.3368547","230"
"OHE 1211/07","1211/07","1211.3169","787","30.648838099999995","76.3360173","229.7"
"OHE 1211/08","1211/08","1211.3550","786","30.649017800000003","76.3356773","229.101"
"OHE 1211/09","1211/09","1211.4125","785","30.649313100000004","76.3351845","228.301"
"OHE 1211/10","1211/10","1211.4579","784","30.649523999999996","76.3347764","229.301"
"OHE 1211/11","1211/11","1211.5014","783","30.649698199999996","76.33436349999998","232.101"
"OHE 1211/12","1211/12","1211.5400","782","30.6498806","76.3340196","228.101"
"OHE 1211/13","1211/13","1211.5841","781","30.6501639","76.333689","229.7"
"OHE 1211/14","1211/14","1211.6207","780","30.650363700000003","76.3333861","230.7"
"OHE 1211/15","1211/15","1211.6646","779","30.650630299999996","76.3330476","228.9"
"OHE 1211/16","1211/16","1211.6973","778","30.6508275","76.33279509999998","229.301"
"OHE 1211/17","1211/17","1211.7295","777","30.651015599999997","76.3325432","230.301"
"OHE 1211/18","1211/18","1211.7577","776","30.651191999999998","76.3323331","230.4"
"OHE 1211/19","1211/19","1211.8061","775","30.6514892","76.3319661","230.4"
"OHE 1211/20","1211/20","1211.8561","774","30.651817600000005","76.331605","229.601"
"OHE 1211/21","1211/21","1211.9071","773","30.652108","76.3311879","228.101"
"OHE 1211/22","1211/22","1211.9428","772","30.652280299999997","76.3308655","229.4"
"OHE 1211/23","1211/23","1211.9797","771","30.6525027","76.3305816","228.4"
"OHE 1212/01","1212/01","1212.0204","770","30.652703200000005","76.3302282","228.4"
"OHE 1212/02","1212/02","1212.0577","769","30.652903799999997","76.329919","228.9"
"OHE 1212/03","1212/03","1212.0968","768","30.653091099999997","76.3295759","230"
"OHE 1212/04","1212/04","1212.1352","767","30.6532302","76.329205","230.2"
"OHE 1212/05","1212/05","1212.1822","766","30.6534749","76.3288064","229.601"
"OHE 1212/06","1212/06","1212.2318","765","30.653708800000004","76.328367","228.5"
"OHE 1212/07","1212/07","1212.2870","764","30.6539733","76.3278794","230.301"
"OHE 1212/08","1212/08","1212.3497","763","30.6542675","76.3273198","228.801"
"OHE 1212/09","1212/09","1212.4071","762","30.654536100000005","76.3268047","229.2"
"OHE 1212/10","1212/10","1212.4608","761","30.654791900000003","76.3263253","228"
"OHE 1212/11","1212/11","1212.5158","760","30.655049700000003","76.3258319","227.2"
"OHE 1212/12","1212/12","1212.5693","759","30.655323199999998","76.32536610000001","228.101"
"OHE 1212/13","1212/13","1212.6291","758","30.655589799999998","76.3248215","228"
"OHE 1212/14","1212/14","1212.6858","757","30.6558885","76.3243371","226.801"
"OHE 1212/15","1212/15","1212.7453","756","30.656172500000004","76.3238105","225.601"
"OHE 1212/16","1212/16","1212.8048","755","30.6564518","76.3232807","227.101"
"OHE 1212/17","1212/17","1212.8629","754","30.6567118","76.3227533","227.4"
"OHE 1212/18","1212/18","1212.9080","753","30.656934700000004","76.3223601","228.101"
"OHE 1212/19","1212/19","1212.9610","752","30.6571761","76.321882","226.9"
"OHE 1213/01","1213/01","1213.0109","751","30.6574195","76.3214434","226"
"OHE 1213/02","1213/02","1213.0575","750","30.657613500000004","76.3210106","229.801"
"OHE 1213/03","1213/03","1213.1035","749","30.657837900000004","76.3206071","226.801"
"OHE 1213/04","1213/04","1213.1375","748","30.658002000000003","76.3203066","227.9"
"OHE 1213/05","1213/05","1213.1874","747","30.658227000000004","76.3198564","232.2"
"OHE 1213/06","1213/06","1213.2397","746","30.6585026","76.3194114","225.101"
"OHE 1213/07","1213/07","1213.2773","745","30.6586724","76.3190712","225"
"OHE 1213/08","1213/08","1213.3223","744","30.6588882","76.3186735","229.9"
"OHE 1213/09","1213/09","1213.3582","743","30.6590558","76.3183534","226.9"
"OHE 1213/10","1213/10","1213.3892","742","30.659203900000005","76.3180781","226.801"
"OHE 1213/11","1213/11","1213.4399","741","30.6594347","76.3176209","230.5"
"OHE 1213/12","1213/12","1213.4794","740","30.659637400000005","76.3172824","226.9"
"OHE 1213/13","1213/13","1213.5208","739","30.6598382","76.316917","226"
"OHE 1213/14","1213/14","1213.5790","738","30.6600786","76.3163758","224"
"OHE 1213/15","1213/15","1213.6290","737","30.660312599999997","76.31592930000001","238.2"
"OHE 1213/16","1213/16","1213.6849","736","30.6605874","76.3154397","233.801"
"OHE 1213/17","1213/17","1213.7246","735","30.6607761","76.3150882","232.4"
"OHE 1213/18","1213/18","1213.7679","734","30.6609613","76.3146892","224.4"
"OHE 1213/19","1213/19","1213.8270","733","30.6612749","76.3141874","234"
"OHE 1213/20","1213/20","1213.8867","732","30.661544699999997","76.3136486","229.601"
"OHE 1213/21","1213/21","1213.9435","731","30.661821200000002","76.3131497","228.9"
"OHE 1213/22","1213/22","1214.0058","730","30.662122399999998","76.3125997","235.5"
"OHE 1214/01","1214/01","1214.0514","729","30.662333600000004","76.3121916","231.801"
"OHE 1214/02","1214/02","1214.1048","728","30.662587099999996","76.3117162","227.101"
"OHE 1214/03","1214/03","1214.1638","727","30.6628653","76.3111889","228.5"
"OHE 1214/04","1214/04","1214.2213","726","30.663119999999996","76.3106612","225.601"
"OHE 1214/05","1214/05","1214.2764","725","30.663374999999995","76.31016560000002","221.101"
"OHE 1214/06","1214/06","1214.3186","724","30.6635879","76.3097986","224.101"
"OHE 1214/07","1214/07","1214.3581","723","30.663774799999995","76.3094468","229.2"
"OHE 1214/08","1214/08","1214.3995","722","30.6639746","76.3090817","232.5"
"OHE 1214/09","1214/09","1214.4352","721","30.6641698","76.3087836","239.4"
"OHE 1214/10","1214/10","1214.4847","720","30.664396000000004","76.30833980000001","234.301"
"OHE 1214/11","1214/11","1214.5299","719","30.664610999999997","76.3079407","234"
"OHE 1214/12","1214/12","1214.5715","718","30.6647956","76.3075652","234.101"
"OHE 1214/13","1214/13","1214.6044","717","30.664928499999995","76.3072618","231.101"
"OHE 1214/14","1214/14","1214.6348","716","30.665052300000003","76.3069817","234.4"
"OHE 1214/15","1214/15","1214.6741","715","30.665220700000003","76.3066223","232.801"
"OHE 1214/16","1214/16","1214.7094","714","30.665327300000005","76.3062754","235.801"
"OHE 1214/17","1214/17","1214.7605","713","30.665481500000002","76.30577280000001","237.9"
"OHE 1214/18","1214/18","1214.8104","712","30.665645","76.3052848","235.5"
"OHE 1214/19","1214/19","1214.8534","711","30.6657664","76.3048551","233.4"
"OHE 1214/20","1214/20","1214.8962","710","30.6659087","76.3044371","237.4"
"OHE 1214/21","1214/21","1214.9346","709","30.666011400000002","76.3040514","233.5"
"OHE 1214/22","1214/22","1214.9750","708","30.666188400000003","76.3036809","238"
"OHE 1215/01","1215/01","1215.0165","707","30.666362400000004","76.303293","230.801"
"OHE 1215/02","1215/02","1215.0547","706","30.6665393","76.3029495","233.301"
"OHE 1215/03","1215/03","1215.0940","705","30.6667172","76.3025952","233.9"
"OHE 1215/04","1215/04","1215.1381","704","30.6669255","76.3022034","226.5"
"OHE 1215/05","1215/05","1215.1846","703","30.667119099999997","76.3017705","233"
"OHE 1215/06","1215/06","1215.2380","702","30.667381799999998","76.30130519999999","234"
"OHE 1215/07","1215/07","1215.2993","701","30.667670199999996","76.3007596","229.5"
"OHE 1215/08","1215/08","1215.3575","700","30.6679229","76.3002268","236.301"
"OHE 1215/09","1215/09","1215.4131","699","30.668151299999998","76.2997106","236.801"
"OHE 1215/10","1215/10","1215.4696","698","30.668426599999997","76.299215","238.4"
"OHE 1215/11","1215/11","1215.5308","697","30.6686913","76.298652","235.9"
"OHE 1215/12","1215/12","1215.5886","696","30.6689668","76.2981409","231.7"
"OHE 1215/13","1215/13","1215.6383","695","30.669176300000004","76.2976825","230.9"
"OHE 1215/14","1215/14","1215.6857","694","30.6693579","76.2972329","239.601"
"OHE 1215/15","1215/15","1215.7256","693","30.669561199999997","76.2968905","250.101"
"OHE 1215/16","1215/16","1215.7752","692","30.669774799999995","76.29643460000001","241.7"
"OHE 1215/17","1215/17","1215.8190","691","30.670030400000005","76.296078","241.101"
"OHE 1215/18","1215/18","1215.8706","690","30.6703155","76.295649","242.101"
"OHE 1215/19","1215/19","1215.9170","689","30.6705263","76.2952323","242.301"
"OHE 1215/20","1215/20","1215.9637","688","30.6707434","76.294815","242.301"
"OHE 1215/21","1215/21","1216.0014","687","30.6709688","76.2945138","242.801"
"OHE 1216/01","1216/01","1216.0433","686","30.671182100000003","76.2941513","242.601"
"OHE 1216/02","1216/02","1216.0748","685","30.671337699999995","76.2938763","242.601"
"OHE 1216/03","1216/03","1216.1186","684","30.6715551","76.2934942","242.601"
"OHE 1216/04","1216/04","1216.1711","683","30.6718178","76.2930393","242.301"
"OHE 1216/05","1216/05","1216.2196","682","30.672047399999997","76.2926075","242.301"
"OHE 1216/06","1216/06","1216.2651","681","30.672268999999996","76.2922088","242.301"
"OHE 1216/07","1216/07","1216.3116","680","30.6724842","76.2917923","242.301"
"OHE 1216/09","1216/09","1216.4146","678","30.6729976","76.2908953","221.7"
"OHE 1216/10","1216/10","1216.4647","677","30.6732303","76.29044760000001","221.4"
"OHE 1216/11","1216/11","1216.5163","676","30.673463599999998","76.2899804","221.301"
"OHE 1216/12","1216/12","1216.5650","675","30.6737101","76.2895592","220.9"
"OHE 1216/13","1216/13","1216.6118","674","30.6739447","76.2891531","222.7"
"OHE 1216/14","1216/14","1216.6579","673","30.674149600000003","76.2887338","220.801"
"OHE 1216/15","1216/15","1216.7015","672","30.674349800000005","76.2883417","219.301"
"OHE 1216/16","1216/16","1216.7578","671","30.674628900000002","76.28785","223.101"
"OHE 1216/17","1216/17","1216.8133","670","30.6748854","76.2873534","221.101"
"OHE 1216/18","1216/18","1216.8630","669","30.6751198","76.28691009999999","220.4"
"OHE 1216/19","1216/19","1216.9114","668","30.6753711","76.2864964","222.301"
"OHE 1216/20","1216/20","1216.9661","667","30.675623299999998","76.2860049","224"
"OHE 1217/01","1217/01","1217.0226","666","30.6758903","76.2855039","223.601"
"OHE 1217/02","1217/02","1217.0729","665","30.676130699999998","76.2850583","222.601"
"OHE 1217/03","1217/03","1217.1170","664","30.676323700000005","76.2846549","221"
"OHE 1217/04","1217/04","1217.1748","663","30.676612799999997","76.2841514","223.5"
"OHE 1217/05","1217/05","1217.2332","662","30.676893600000003","76.2836364","220.5"
"OHE 1217/06","1217/06","1217.2933","661","30.677168800000004","76.2830959","222.2"
"OHE 1217/07","1217/07","1217.3526","660","30.677443","76.2825639","220.5"
"OHE 1217/08","1217/08","1217.4115","659","30.677705300000003","76.2820286","221.4"
"OHE 1217/09","1217/09","1217.4676","658","30.6780016","76.2815518","222.301"
"OHE 1217/10","1217/10","1217.5250","657","30.678281299999995","76.2810478","222.5"
"OHE 1217/11","1217/11","1217.5881","656","30.678568200000004","76.2804775","222.9"
"OHE 1217/12","1217/12","1217.6497","655","30.6788498","76.2799243","217.601"
"OHE 1217/13","1217/13","1217.7032","654","30.679113999999995","76.2794566","220.2"
"OHE 1217/14","1217/14","1217.7533","653","30.679349000000002","76.2790101","218"
"OHE 1217/15","1217/15","1217.8057","652","30.679615399999996","76.2785581","221.7"
"OHE 1217/16","1217/16","1217.8615","651","30.6798684","76.2780541","224"
"OHE 1217/17","1217/17","1217.9217","650","30.680168400000003","76.2775301","222.4"
"OHE 1217/18","1217/18","1217.9763","649","30.6804488","76.2770586","225.601"
"OHE 1218/01","1218/01","1218.0358","648","30.6806828","76.2764977","223"
"OHE 1218/02","1218/02","1218.0943","647","30.6809682","76.2759834","223.5"
"OHE 1218/03","1218/03","1218.1497","646","30.681233","76.27549359999999","222.5"
"OHE 1218/04","1218/04","1218.2090","645","30.681488800000004","76.2749488","217.301"
"OHE 1218/05","1218/05","1218.2659","644","30.681787900000003","76.2744648","221"
"OHE 1218/06","1218/06","1218.3257","643","30.682045000000002","76.27391430000002","221.801"
"OHE 1218/07","1218/07","1218.3814","642","30.682337799999996","76.2734403","221.801"
"OHE 1218/08","1218/08","1218.4427","641","30.682632899999998","76.2728978","220.5"
"OHE 1218/09","1218/09","1218.5007","640","30.682909600000002","76.27238430000001","226"
"OHE 1218/10","1218/10","1218.5589","639","30.683167299999997","76.2718551","220.101"
"OHE 1218/11","1218/11","1218.6169","638","30.6834391","76.2713376","220.301"
"OHE 1218/12","1218/12","1218.6748","637","30.6837221","76.27083","218.7"
"OHE 1218/13","1218/13","1218.7342","636","30.683991799999998","76.2702941","219.101"
"OHE 1218/14","1218/14","1218.7904","635","30.6842625","76.2697979","220.301"
"OHE 1218/15","1218/15","1218.8509","634","30.6845635","76.2692705","220.801"
"OHE 1218/16","1218/16","1218.9102","633","30.684818000000003","76.268725","222.5"
"OHE 1218/17","1218/17","1218.9715","632","30.685146499999995","76.2682073","224.9"
"OHE 1219/01","1219/01","1219.0307","631","30.6854086","76.2676681","225.301"
"OHE 1219/02","1219/02","1219.0890","630","30.6856911","76.2671546","224.801"
"OHE 1219/03","1219/03","1219.1463","629","30.685969","76.2666509","220.5"
"OHE 1219/04","1219/04","1219.2047","628","30.686237800000004","76.2661257","223.4"
"OHE 1219/05","1219/05","1219.2507","627","30.686486399999996","76.2657405","223.7"
"OHE 1219/06","1219/06","1219.3009","626","30.686701700000004","76.2652764","222.2"
"OHE 1219/07","1219/07","1219.3570","625","30.686971299999996","76.2647816","223.4"
"OHE 1219/08","1219/08","1219.4074","624","30.687196000000004","76.2643236","223.101"
"OHE 1219/09","1219/09","1219.4592","623","30.687402800000005","76.2638366","223"
"OHE 1219/10","1219/10","1219.5134","622","30.6877033","76.2633866","222.601"
"OHE 1219/11","1219/11","1219.5709","621","30.687970899999996","76.2628714","219.9"
"OHE 1219/12","1219/12","1219.6343","620","30.688274","76.2623107","223"
"OHE 1219/13","1219/13","1219.6936","619","30.6885621","76.2617887","223.9"
"OHE 1219/14","1219/14","1219.7497","618","30.6888403","76.2612991","222.9"
"OHE 1219/15","1219/15","1219.8088","617","30.689106100000004","76.2607641","222.101"
"OHE 1219/16","1219/16","1219.8586","616","30.6893561","76.2603311","223.301"
"OHE 1219/17","1219/17","1219.9154","615","30.6896037","76.2598116","224.2"
"OHE 1219/18","1219/18","1219.9737","614","30.6899029","76.2593095","224.101"
"OHE 1220/01","1220/01","1220.0364","613","30.690188400000004","76.2587446","224.301"
"OHE 1220/02","1220/02","1220.0916","612","30.6904662","76.2582651","224.801"
"OHE 1220/03","1220/03","1220.1496","611","30.690699699999996","76.25772149999999","221.601"
"OHE 1220/04","1220/04","1220.2087","610","30.691005800000003","76.2572138","222.5"
"OHE 1220/05","1220/05","1220.2697","609","30.691288","76.2566669","220.5"
"OHE 1220/06","1220/06","1220.3175","608","30.691511199999997","76.2562403","221.2"
"OHE 1220/07","1220/07","1220.3738","607","30.691771299999996","76.2557346","219.601"
"OHE 1220/08","1220/08","1220.4341","606","30.6920697","76.2552084","221.2"
"OHE 1220/09","1220/09","1220.4919","605","30.6923362","76.2546903","219.7"
"OHE 1220/10","1220/10","1220.5544","604","30.692626299999997","76.25413009999998","221.7"
"OHE 1220/11","1220/11","1220.6077","603","30.692862199999997","76.2536449","222.7"
"OHE 1220/12","1220/12","1220.6665","602","30.693160200000005","76.253136","220.4"
"OHE 1220/13","1220/13","1220.7259","601","30.6934361","76.25260469999999","218.801"
"OHE 1220/14","1220/14","1220.7825","600","30.693708099999995","76.2521057","218"
"OHE 1220/15","1220/15","1220.8408","599","30.693980200000002","76.2515838","221.5"
"OHE 1220/16","1220/16","1220.8997","598","30.6942614","76.2510625","225.5"
"OHE 1220/17","1220/17","1220.9596","597","30.694545699999995","76.2505305","216.801"
"OHE 1221/01","1221/01","1221.0170","596","30.694815500000004","76.2500187","218.4"
"OHE 1221/02","1221/02","1221.0750","595","30.695089399999997","76.2495032","218.801"
"OHE 1221/03","1221/03","1221.1321","594","30.6953438","76.2489854","218.601"
"OHE 1221/04","1221/04","1221.1934","593","30.695649000000003","76.2484505","216.5"
"OHE 1221/05","1221/05","1221.2499","592","30.695918800000005","76.2479501","218.7"
"OHE 1221/06","1221/06","1221.3103","591","30.696197999999995","76.2474083","219"
"OHE 1221/07","1221/07","1221.3634","590","30.6964325","76.2469232","220.4"
"OHE 1221/08","1221/08","1221.4260","589","30.696730899999995","76.2463699","221.101"
"OHE 1221/09","1221/09","1221.4850","588","30.697017300000002","76.2458498","221.9"
"OHE 1221/10","1221/10","1221.5415","587","30.697293800000004","76.2453549","219.5"
"OHE 1221/11","1221/11","1221.5957","586","30.69755","76.2448722","217.4"
"OHE 1221/12","1221/12","1221.6493","585","30.697799900000003","76.2443937","222.101"
"OHE 1221/13","1221/13","1221.6990","584","30.698024900000004","76.2439439","219.9"
"OHE 1221/14","1221/14","1221.7571","583","30.698328999999998","76.2434478","219"
"OHE 1221/15","1221/15","1221.8145","582","30.698591200000003","76.2429316","217.601"
"OHE 1221/16","1221/16","1221.8757","581","30.6988733","76.2423822","219.301"
"OHE 1221/17","1221/17","1221.9339","580","30.6991157","76.2418406","219.801"
"OHE 1221/18","1221/18","1221.9908","579","30.699392199999995","76.2413406","221.4"
"OHE 1222/01","1222/01","1222.0474","578","30.699678699999996","76.2408504","217.4"
"OHE 1222/02","1222/02","1222.1074","577","30.699959400000004","76.2403152","220"
"OHE 1222/03","1222/03","1222.1667","576","30.7002154","76.2397702","221.301"
"OHE 1222/04","1222/04","1222.2112","575","30.7004624","76.2393993","221.801"
"OHE 1222/05","1222/05","1222.2543","574","30.7006721","76.2390206","221.4"
"OHE 1222/06","1222/06","1222.3052","573","30.700887000000005","76.2385499","220.5"
"OHE 1222/07","1222/07","1222.3613","572","30.701163399999995","76.2380588","220.5"
"OHE 1222/08","1222/08","1222.4052","571","30.701369300000003","76.237667","218.4"
"OHE 1222/09","1222/09","1222.4496","570","30.701555799999998","76.2372554","217.7"
"OHE 1222/10","1222/10","1222.5012","569","30.701788700000005","76.2367882","220.2"
"OHE 1222/11","1222/11","1222.5525","568","30.702016800000003","76.2363222","222.301"
"OHE 1222/12","1222/12","1222.5934","567","30.7022053","76.2359541","221.601"
"OHE 1222/13","1222/13","1222.6397","566","30.702436400000003","76.2355514","221.4"
"OHE 1222/14","1222/14","1222.6872","565","30.7026682","76.2351333","220.702"
"OHE 1222/15","1222/15","1222.7362","564","30.702886400000004","76.2346882","222.101"
"OHE 1222/16","1222/16","1222.7876","563","30.703123600000005","76.2342268","220.101"
"OHE 1222/17","1222/17","1222.8494","562","30.703417199999997","76.2336779","222.601"
"OHE 1222/18","1222/18","1222.9038","561","30.7036892","76.2332046","217.801"
"OHE 1222/19","1222/19","1222.9491","560","30.7039169","76.2328118","218.301"
"OHE 1222/20","1222/20","1222.9946","559","30.7041368","76.2324029","218.9"
"OHE 1223/01","1223/01","1223.0491","558","30.7043468","76.2318939","221.202"
"OHE 1223/02","1223/02","1223.0967","557","30.7046054","76.2314945","222.5"
"OHE 1223/03","1223/03","1223.1470","556","30.704831","76.2310402","222.4"
"OHE 1223/04","1223/04","1223.1921","555","30.704990199999997","76.2305999","223"
"OHE 1223/05","1223/05","1223.2412","554","30.7052151","76.2301575","222.4"
"OHE 1223/06","1223/06","1223.2805","553","30.7054268","76.2298276","225.101"
"OHE 1223/07","1223/07","1223.3251","552","30.705629299999995","76.229425","222.702"
"OHE 1223/08","1223/08","1223.3720","551","30.705875100000004","76.2290253","219.801"
"OHE 1223/09","1223/09","1223.4150","550","30.7060665","76.2286348","222.9"
"OHE 1223/10","1223/10","1223.4706","549","30.706328900000003","76.2281399","224.801"
"OHE 1223/11","1223/11","1223.5115","548","30.7065254","76.2277792","222.4"
"OHE 1223/12","1223/12","1223.5621","547","30.7067765","76.2273365","221.601"
"OHE 1223/13","1223/13","1223.6099","546","30.7069991","76.2269093","225.801"
"OHE 1223/14","1223/14","1223.6534","545","30.707193","76.226514","222.5"
"OHE 1223/15","1223/15","1223.6911","544","30.707364100000003","76.22617340000001","224.5"
"OHE 1223/16","1223/16","1223.7382","543","30.707567400000002","76.2257414","224.9"
"OHE 1223/17","1223/17","1223.7901","542","30.707831000000002","76.2252924","223.301"
"OHE 1223/18","1223/18","1223.8462","541","30.708087999999996","76.224788","225.202"
"OHE 1223/19","1223/19","1223.8846","540","30.7082479","76.2244315","226.4"
"OHE 1223/20","1223/20","1223.9192","539","30.708410800000003","76.2241233","227.5"
"OHE 1223/21","1223/21","1223.9649","538","30.7086224","76.2237137","227.301"
"OHE 1223/22","1223/22","1223.9948","537","30.708776699999998","76.2234568","231.101"
"OHE 1224/01","1224/01","1224.0386","536","30.708953000000005","76.2230465","244.301"
"OHE 1224/02","1224/02","1224.0854","535","30.7092248","76.2226687","244.7"
"OHE 1224/03","1224/03","1224.1405","534","30.709508599999996","76.2221956","244.7"
"OHE 1224/04","1224/04","1224.1785","533","30.709684900000003","76.2218553","244.301"
"OHE 1224/05","1224/05","1224.2223","532","30.709892799999995","76.22146589999998","244.5"
"OHE 1224/06","1224/06","1224.2752","531","30.710132100000003","76.220988","244.601"
"OHE 1224/07","1224/07","1224.3322","530","30.710447799999997","76.2205156","244.601"
"OHE 1224/08","1224/08","1224.3885","529","30.710673699999997","76.2199837","244.301"
"OHE 1224/09","1224/09","1224.4481","528","30.710956500000005","76.219454","244.101"
"OHE 1224/10","1224/10","1224.4998","527","30.711220200000003","76.219009","243.801"
"OHE 1224/11","1224/11","1224.5379","526","30.711381599999996","76.2186558","243.301"
"OHE 1224/12","1224/12","1224.5775","525","30.7115816","76.2183143","243.301"
"OHE 1224/13","1224/13","1224.6197","524","30.711803099999997","76.2179551","243.301"
"OHE 1224/14","1224/14","1224.6598","523","30.7119864","76.2175936","208.5"
"OHE 1224/15","1224/15","1224.7057","522","30.7122005","76.2171832","210.801"
"OHE 1224/16","1224/16","1224.7552","521","30.7124693","76.2167689","215.4"
"OHE 1224/17","1224/17","1224.8034","520","30.712713500000003","76.2163518","223.5"
"OHE 1224/18","1224/18","1224.8529","519","30.7129782","76.2159348","220.9"
"OHE 1224/19","1224/19","1224.8993","518","30.713224799999995","76.2155427","220.801"
"OHE 1224/20","1224/20","1224.9504","517","30.7134351","76.21506329999998","222.5"
"OHE 1224/21","1224/21","1224.9986","516","30.7136822","76.2146488","219.7"
"OHE 1225/01","1225/01","1225.0607","515","30.713984199999995","76.2141002","224.9"
"OHE 1225/02","1225/02","1225.0954","514","30.7141564","76.2137974","218.601"
"OHE 1225/03","1225/03","1225.1441","513","30.7143702","76.213353","218.601"
"OHE 1225/04","1225/04","1225.1856","512","30.7145491","76.2129727","217.5"
"OHE 1225/05","1225/05","1225.2355","511","30.714767300000002","76.212516","218"
"OHE 1225/06","1225/06","1225.2767","510","30.714947","76.2121388","216.101"
"OHE 1225/07","1225/07","1225.3363","509","30.715231099999997","76.2116102","217.7"
"OHE 1225/08","1225/08","1225.3796","508","30.7154422","76.2112292","218.301"
"OHE 1225/09","1225/09","1225.4128","507","30.7155805","76.2109212","217.301"
"OHE 1225/10","1225/10","1225.4590","506","30.7157924","76.2105064","216.5"
"OHE 1225/11","1225/11","1225.4986","505","30.715963400000003","76.21014369999999","218.301"
"OHE 1225/12","1225/12","1225.5534","504","30.716209600000003","76.2096461","221.101"
"OHE 1225/13","1225/13","1225.6114","503","30.716492899999995","76.2091372","219.7"
"OHE 1225/14","1225/14","1225.6600","502","30.7167066","76.2086926","216.7"
"OHE 1225/15","1225/15","1225.7177","501","30.7170011","76.2081963","220.601"
"OHE 1225/16","1225/16","1225.7764","500","30.7172786","76.2076744","219.2"
"OHE 1225/17","1225/17","1225.8360","499","30.7175573","76.2071422","218.801"
"OHE 1225/18","1225/18","1225.8935","498","30.7178245","76.2066267","242.4"
"OHE 1225/19","1225/19","1225.9537","497","30.7181213","76.20610030000002","242.4"
"OHE 1226/01","1226/01","1226.0103","496","30.7183857","76.205594","224.202"
"OHE 1226/02","1226/02","1226.0694","495","30.7186687","76.2050723","223.101"
"OHE 1226/03","1226/03","1226.1263","494","30.7189347","76.2045631","219.7"
"OHE 1226/04","1226/04","1226.1856","493","30.7192086","76.2040321","223.601"
"OHE 1226/05","1226/05","1226.2437","492","30.719489599999996","76.2035188","217.601"
"OHE 1226/06","1226/06","1226.3016","491","30.719771100000003","76.20301050000002","218.2"
"OHE 1226/07","1226/07","1226.3584","490","30.7200487","76.2025106","217.4"
"OHE 1226/08","1226/08","1226.4173","489","30.720306399999995","76.201973","217.9"
"OHE 1226/09","1226/09","1226.4709","488","30.720569099999995","76.2015014","244.7"
"OHE 1226/10","1226/10","1226.5387","487","30.7209125","76.2009148","244.7"
"OHE 1226/11","1226/11","1226.5847","486","30.721112099999996","76.2004935","244.2"
"OHE 1226/12","1226/12","1226.6383","485","30.721384600000004","76.2000308","244.2"
"OHE 1226/13","1226/13","1226.6915","484","30.7215994","76.1995308","244.2"
"OHE 1226/14","1226/14","1226.7491","483","30.721904899999995","76.199042","217.2"
"OHE 1226/15","1226/15","1226.8081","482","30.7221694","76.1985083","213.801"
"OHE 1226/16","1226/16","1226.8556","481","30.722395199999998","76.1980864","217"
"OHE 1226/17","1226/17","1226.9167","480","30.7226911","76.1975478","217.4"
"OHE 1226/18","1226/18","1226.9741","479","30.722971799999996","76.1970428","215.2"
"OHE 1227/01","1227/01","1227.0322","478","30.723228699999996","76.1965145","215.301"
"OHE 1227/02","1227/02","1227.0772","477","30.7234468","76.1961169","216.101"
"OHE 1227/03","1227/03","1227.1253","476","30.723678099999997","76.1956919","217"
"OHE 1227/04","1227/04","1227.1803","475","30.723929399999996","76.1951969","216.2"
"OHE 1227/05","1227/05","1227.2288","474","30.7241305","76.1947448","219.301"
"OHE 1227/06","1227/06","1227.2808","473","30.724369799999998","76.1942782","221.4"
"OHE 1227/07","1227/07","1227.3185","472","30.724548400000003","76.1939428","220.702"
"OHE 1227/08","1227/08","1227.3718","471","30.724821","76.1934827","217"
"OHE 1227/09","1227/09","1227.4238","470","30.725048099999995","76.1930083","215.5"
"OHE 1227/10","1227/10","1227.4830","469","30.725324300000004","76.1924796","215"
"OHE 1227/11","1227/11","1227.5410","468","30.7255978","76.1919622","216"
"OHE 1227/12","1227/12","1227.5873","467","30.7258228","76.1915546","218.301"
"OHE 1227/13","1227/13","1227.6359","466","30.726001800000002","76.1910877","219.9"
"OHE 1227/14","1227/14","1227.6888","465","30.726281000000004","76.1906368","219"
"OHE 1227/15","1227/15","1227.7502","464","30.7265657","76.1900868","217.101"
"OHE 1227/16","1227/16","1227.7995","463","30.7267939","76.1896444","218"
"OHE 1227/17","1227/17","1227.8482","462","30.727016600000002","76.189207","219.5"
"OHE 1227/18","1227/18","1227.8896","461","30.7272283","76.1888481","217.601"
"OHE 1227/19","1227/19","1227.9268","460","30.7274087","76.1885216","215.601"
"OHE 1227/20","1227/20","1227.9869","459","30.727697200000005","76.1879905","213.2"
"OHE 1228/01","1228/01","1228.0438","458","30.727962499999997","76.1874817","214.601"
"OHE 1228/02","1228/02","1228.1071","457","30.728244299999997","76.1869053","216.101"
"OHE 1228/03","1228/03","1228.1630","456","30.7285131","76.1864112","215.7"
"OHE 1228/04","1228/04","1228.2166","455","30.7287621","76.1859322","215.301"
"OHE 1228/05","1228/05","1228.2742","454","30.7290459","76.185428","215.2"
"OHE 1228/06","1228/06","1228.3344","453","30.7293217","76.1848863","213.7"
"OHE 1228/07","1228/07","1228.3919","452","30.729600100000003","76.1843787","216.301"
"OHE 1228/08","1228/08","1228.4471","451","30.729860799999997","76.1838882","217.601"
"OHE 1228/09","1228/09","1228.5060","450","30.730172200000002","76.1833886","216"
"OHE 1228/10","1228/10","1228.5501","449","30.730360800000003","76.1829817","217.5"
"OHE 1228/11","1228/11","1228.5994","448","30.7305832","76.1825356","214.601"
"OHE 1228/12","1228/12","1228.6470","447","30.730814699999996","76.1821168","212.101"
"OHE 1228/13","1228/13","1228.6777","446","30.730943899999996","76.181832","217.2"
"OHE 1228/14","1228/14","1228.7181","445","30.731119599999996","76.1814619","222.101"
"OHE 1228/15","1228/15","1228.7631","444","30.731361","76.1810816","224.5"
"OHE 1228/16","1228/16","1228.8007","443","30.7315091","76.180727","223.301"
"OHE 1228/17","1228/17","1228.8503","442","30.731778000000002","76.180311","221.801"
"OHE 1228/18","1228/18","1228.8908","441","30.7319575","76.1799422","218"
"OHE 1228/19","1228/19","1228.9407","440","30.7321804","76.1794883","220.801"
"OHE 1228/20","1228/20","1228.9718","439","30.732306400000002","76.1791972","218"
"OHE 1229/01","1229/01","1229.0180","438","30.732527899999997","76.178788","218.801"
"OHE 1229/02","1229/02","1229.0757","437","30.7328275","76.1782934","216.801"
"OHE 1229/03","1229/03","1229.1184","436","30.733037599999996","76.1779183","220.801"
"OHE 1229/04","1229/04","1229.1725","435","30.733295800000004","76.1774411","216.7"
"OHE 1229/05","1229/05","1229.2219","434","30.733498699999995","76.1769784","216.801"
"OHE 1229/06","1229/06","1229.2845","433","30.733820600000005","76.176441","221.101"
"OHE 1229/07","1229/07","1229.3447","432","30.734085199999996","76.1758906","220.4"
"OHE 1229/08","1229/08","1229.4004","431","30.734372399999998","76.1754119","221.601"
"OHE 1229/09","1229/09","1229.4545","430","30.7346486","76.1749467","221.601"
"OHE 1229/10","1229/10","1229.5141","429","30.7349482","76.1744271","223.101"
"OHE 1229/11","1229/11","1229.5729","428","30.7351881","76.1738781","223.702"
"OHE 1229/12","1229/12","1229.6254","427","30.7354361","76.1734108","218.4"
"OHE 1229/13","1229/13","1229.6790","426","30.735701899999995","76.1729419","219.801"
"OHE 1229/14","1229/14","1229.7307","425","30.7359253","76.1724678","218.5"
"OHE 1229/15","1229/15","1229.7885","424","30.736214000000004","76.1719646","219.4"
"OHE 1229/16","1229/16","1229.8476","423","30.7364569","76.1714132","219.601"
"OHE 1229/17","1229/17","1229.8880","422","30.736667000000004","76.1710671","217.101"
"OHE 1229/18","1229/18","1229.9286","421","30.736847199999996","76.1706975","216.801"
"OHE 1229/19","1229/19","1229.9687","420","30.7370247","76.1703315","216.801"
"OHE 1230/01","1230/01","1230.0188","419","30.7372999","76.169915","217.7"
"OHE 1230/02","1230/02","1230.0739","418","30.737554100000004","76.1694196","219"
"OHE 1230/03","1230/03","1230.1283","417","30.737808400000002","76.1689342","220.2"
"OHE 1230/04","1230/04","1230.1838","416","30.738051400000003","76.1684253","216.7"
"OHE 1230/05","1230/05","1230.2352","415","30.738303400000003","76.1679744","219.601"
"OHE 1230/06","1230/06","1230.2822","414","30.7385187","76.1675515","218.101"
"OHE 1230/07","1230/07","1230.3306","413","30.7387439","76.1671185","218.7"
"OHE 1230/08","1230/08","1230.3727","412","30.7389507","76.1667509","215.5"
"OHE 1230/09","1230/09","1230.4290","411","30.7392054","76.1662408","220.9"
"OHE 1230/10","1230/10","1230.4635","410","30.739383799999995","76.165944","218.7"
"OHE 1230/11","1230/11","1230.5044","409","30.739573099999998","76.1655783","215.4"
"OHE 1230/12","1230/12","1230.5585","408","30.739827199999997","76.1650959","217.301"
"OHE 1230/13","1230/13","1230.5890","407","30.7399929","76.1648409","218.301"
"OHE 1230/14","1230/14","1230.6261","406","30.7401337","76.1644859","219.801"
"OHE 1230/15","1230/15","1230.6694","405","30.7403576","76.1641141","217"
"OHE 1230/16","1230/16","1230.7266","404","30.7406333","76.1636082","215.801"
"OHE 1230/17","1230/17","1230.7755","403","30.7409338","76.1632239","208.5"
"OHE 1230/18","1230/18","1230.8206","402","30.741124199999998","76.1628054","210.4"
"OHE 1230/19","1230/19","1230.8728","401","30.741381100000005","76.1623483","208.301"
"OHE 1230/20","1230/20","1230.9255","400","30.741636099999997","76.1618855","212.5"
"OHE 1230/21","1230/21","1230.9718","399","30.7418543","76.1614728","212.301"
"OHE 1231/01","1231/01","1231.0254","398","30.742098899999995","76.160987","216.2"
"OHE 1231/02","1231/02","1231.0775","397","30.7423733","76.1605439","216.101"
"OHE 1231/03","1231/03","1231.1321","396","30.7425933","76.1600317","217.9"
"OHE 1231/04","1231/04","1231.1857","395","30.7428263","76.1595407","213.5"
"OHE 1231/05","1231/05","1231.2385","394","30.7431022","76.1590889","215.4"
"OHE 1231/06","1231/06","1231.2948","393","30.7433621","76.1585842","216.801"
"OHE 1231/07","1231/07","1231.3512","392","30.743636100000003","76.1580867","216.7"
"OHE 1231/08","1231/08","1231.4069","391","30.7438934","76.1575882","214.9"
"OHE 1231/09","1231/09","1231.4505","390","30.744097699999998","76.1571981","217"
"OHE 1231/10","1231/10","1231.4980","389","30.744342599999996","76.1567898","218.301"
"OHE 1231/11","1231/11","1231.5374","388","30.7444946","76.1564147","214.4"
"OHE 1231/12","1231/12","1231.5837","387","30.7447149","76.1560042","214.4"
"OHE 1231/13","1231/13","1231.6412","386","30.745002399999997","76.1555044","215.2"
"OHE 1231/14","1231/14","1231.6957","385","30.745239599999998","76.15500390000001","215.5"
"OHE 1231/15","1231/15","1231.7415","384","30.7454638","76.1546017","215.5"
"OHE 1231/16","1231/16","1231.7885","383","30.745709900000005","76.1542009","217.301"
"OHE 1231/17","1231/17","1231.8366","382","30.745926900000004","76.1537661","213.801"
"OHE 1231/18","1231/18","1231.8856","381","30.746130300000004","76.1533104","217.301"
"OHE 1231/19","1231/19","1231.9376","380","30.746381400000004","76.1528514","214.9"
"OHE 1231/20","1231/20","1231.9931","379","30.746650799999998","76.1523624","215.4"
"OHE 1232/01","1232/01","1232.0286","378","30.7468218","76.1520482","215.301"
"OHE 1232/02","1232/02","1232.0761","377","30.747027000000003","76.1516125","216.301"
"OHE 1232/03","1232/03","1232.1341","376","30.747318199999995","76.1511092","215.5"
"OHE 1232/04","1232/04","1232.1813","375","30.747550900000004","76.1506949","217.4"
"OHE 1232/05","1232/05","1232.2398","374","30.747823499999996","76.1501729","215.801"
"OHE 1232/06","1232/06","1232.2999","373","30.748110800000003","76.1496393","215.5"
"OHE 1232/07","1232/07","1232.3541","372","30.7483796","76.1491662","215.4"
"OHE 1232/08","1232/08","1232.4169","371","30.7486736","76.1486052","216.101"
"OHE 1232/09","1232/09","1232.4743","370","30.748934899999995","76.1480865","216.301"
"OHE 1232/10","1232/10","1232.5245","369","30.7491813","76.1476469","215.101"
"OHE 1232/11","1232/11","1232.5704","368","30.7493721","76.1472202","214.5"
"OHE 1232/12","1232/12","1232.6280","367","30.749658399999998","76.1467182","216.301"
"OHE 1232/13","1232/13","1232.6900","366","30.749953399999995","76.1461676","215.101"
"OHE 1232/14","1232/14","1232.7465","365","30.750215000000004","76.1456601","216.5"
"OHE 1232/15","1232/15","1232.8064","364","30.7505098","76.1451364","217.2"
"OHE 1232/16","1232/16","1232.8651","363","30.750762","76.14459659999999","215.601"
"OHE 1232/17","1232/17","1232.9243","362","30.751056600000002","76.1440803","215.5"
"OHE 1232/18","1232/18","1232.9755","361","30.7512908","76.1436184","216.301"
"OHE 1233/01","1233/01","1233.0303","360","30.751549599999997","76.1431302","216.2"
"OHE 1233/02","1233/02","1233.0889","359","30.751836200000003","76.142616","216.801"
"OHE 1233/03","1233/03","1233.1496","358","30.752147600000004","76.1420942","217"
"OHE 1233/04","1233/04","1233.2063","357","30.752409600000004","76.1415853","219.301"
"OHE 1233/05","1233/05","1233.2646","356","30.752678300000003","76.1410604","218.5"
"OHE 1233/06","1233/06","1233.3247","355","30.7529405","76.1405113","219.9"
"OHE 1233/07","1233/07","1233.3797","354","30.7531933","76.1400166","216.4"
"OHE 1233/08","1233/08","1233.4323","353","30.7534322","76.1395411","219.7"
"OHE 1233/09","1233/09","1233.4897","352","30.753700400000003","76.1390286","222"
"OHE 1233/10","1233/10","1233.5489","351","30.753999","76.1385155","217.4"
"OHE 1233/11","1233/11","1233.6059","350","30.754260100000003","76.1380025","215.601"
"OHE 1233/12","1233/12","1233.6613","349","30.754541099999997","76.137522","219.7"
"OHE 1233/13","1233/13","1233.7069","348","30.754736400000002","76.1371027","218.4"
"OHE 1233/14","1233/14","1233.7523","347","30.7549866","76.13672419999999","220.4"
"OHE 1233/15","1233/15","1233.8099","346","30.755235000000003","76.136195","222"
"OHE 1233/16","1233/16","1233.8529","345","30.755481999999997","76.1358428","228.4"
"OHE 1233/17","1233/17","1233.8967","344","30.7556897","76.1354526","226.301"
"OHE 1233/18","1233/18","1233.9507","343","30.755942600000004","76.1349716","227.5"
"OHE 1234/01","1234/01","1234.0080","342","30.756202500000004","76.1344509","230.101"
"OHE 1234/02","1234/02","1234.0685","341","30.7565056","76.1339249","229.9"
"OHE 1234/03","1234/03","1234.1264","340","30.756729199999995","76.1333749","228.101"
"OHE 1234/04","1234/04","1234.1803","339","30.7570225","76.1329217","229"
"OHE 1234/05","1234/05","1234.2338","338","30.757251899999996","76.1324298","231.301"
"OHE 1234/06","1234/06","1234.2888","337","30.7575136","76.1319415","230.7"
"OHE 1234/07","1234/07","1234.3387","336","30.7577373","76.1314896","231.7"
"OHE 1234/08","1234/08","1234.3869","335","30.757951400000003","76.1310505","231.5"
"OHE 1234/09","1234/09","1234.4305","334","30.758127399999996","76.1306428","228.4"
"OHE 1234/10","1234/10","1234.4823","333","30.758343399999998","76.1301622","230"
"OHE 1234/11","1234/11","1234.5325","332","30.7585477","76.1296932","229.2"
"OHE 1234/12","1234/12","1234.5800","331","30.758786","76.1292771","233.101"
"OHE 1234/13","1234/13","1234.6366","330","30.759042099999995","76.12876609999999","231.801"
"OHE 1234/14","1234/14","1234.6833","329","30.7592164","76.12832039999999","230.801"
"OHE 1234/15","1234/15","1234.7404","328","30.759461400000003","76.1277961","235.5"
"OHE 1234/16","1234/16","1234.7886","327","30.7596463","76.127338","237.301"
"OHE 1234/17","1234/17","1234.8396","326","30.759914600000002","76.126901","236.7"
"OHE 1234/18","1234/18","1234.9009","325","30.760147599999996","76.1263181","232"
"OHE 1234/19","1234/19","1234.9579","324","30.760427199999995","76.1258177","229.5"
"OHE 1235/01","1235/01","1235.0150","323","30.7607082","76.1253212","228.801"
"OHE 1235/02","1235/02","1235.0734","322","30.760964399999995","76.1247873","230.601"
"OHE 1235/03","1235/03","1235.1272","321","30.7612111","76.12430250000001","232.301"
"OHE 1235/04","1235/04","1235.1796","320","30.7614691","76.123844","227.9"
"OHE 1235/05","1235/05","1235.2346","319","30.761732999999996","76.1233582","228.5"
"OHE 1235/06","1235/06","1235.2836","318","30.7619511","76.12291179999998","228"
"OHE 1235/07","1235/07","1235.3333","317","30.762190299999997","76.1224737","229.2"
"OHE 1235/08","1235/08","1235.3843","316","30.762448099999997","76.1220321","227.2"
"OHE 1235/09","1235/09","1235.4290","315","30.762685","76.12165209999999","232.101"
"OHE 1235/10","1235/10","1235.4760","314","30.7629054","76.1212329","230.7"
"OHE 1235/11","1235/11","1235.5267","313","30.763154100000005","76.1207887","228.801"
"OHE 1235/12","1235/12","1235.5766","312","30.7634182","76.120365","229.601"
"OHE 1235/13","1235/13","1235.6345","311","30.7636927","76.119851","231.9"
"OHE 1235/14","1235/14","1235.6863","310","30.763975599999995","76.1194189","229.801"
"OHE 1235/15","1235/15","1235.7243","309","30.7641609","76.1190849","231.2"
"OHE 1235/16","1235/16","1235.7627","308","30.764346900000003","76.1187466","231.301"
"OHE 1235/17","1235/17","1235.8123","307","30.7645776","76.1183033","231.2"
"OHE 1235/18","1235/18","1235.8592","306","30.7648192","76.1179006","230.601"
"OHE 1235/19","1235/19","1235.9029","305","30.765027499999995","76.1175122","231.801"
"OHE 1235/20","1235/20","1235.9566","304","30.765276200000002","76.1170311","231.7"
"OHE 1236/01","1236/01","1236.0108","303","30.765515100000002","76.1165354","228.4"
"OHE 1236/02","1236/02","1236.0720","302","30.765819899999997","76.1160009","231.9"
"OHE 1236/03","1236/03","1236.1272","301","30.766079199999997","76.1155092","233.801"
"OHE 1236/04","1236/04","1236.1832","300","30.766346300000002","76.1150118","234.2"
"OHE 1236/05","1236/05","1236.2193","299","30.7665098","76.1146858","237.601"
"OHE 1236/06","1236/06","1236.2562","298","30.766678899999995","76.11435379999999","239.301"
"OHE 1236/07","1236/07","1236.3132","297","30.7669413","76.1138419","242.5"
"OHE 1236/08","1236/08","1236.3477","296","30.767106800000004","76.1135355","241.101"
"OHE 1236/09","1236/09","1236.3862","295","30.767284299999996","76.1131892","241.5"
"OHE 1236/10","1236/10","1236.4406","294","30.7675415","76.1127057","244.2"
"OHE 1236/11","1236/11","1236.4979","293","30.767811999999996","76.1121954","247.101"
"OHE 1236/12","1236/12","1236.5512","292","30.768067599999995","76.1117245","246.5"
"OHE 1236/13","1236/13","1236.6083","291","30.768349000000004","76.1112245","245.301"
"OHE 1236/14","1236/14","1236.6680","290","30.7686259","76.1106885","245.601"
"OHE 1236/15","1236/15","1236.7186","289","30.768851","76.1102298","244.101"
"OHE 1236/16","1236/16","1236.7626","288","30.769066199999997","76.1098427","245.5"
"OHE 1236/17","1236/17","1236.8073","287","30.769254299999997","76.1094283","247.4"
"OHE 1236/18","1236/18","1236.8489","286","30.7694892","76.1090851","245.801"
"OHE 1236/19","1236/19","1236.9055","285","30.7697449","76.1085731","244.5"
"OHE 1236/20","1236/20","1236.9615","284","30.7699988","76.1080669","242"
"OHE 1237/01","1237/01","1237.0174","283","30.7702765","76.1075794","242.7"
"OHE 1237/02","1237/02","1237.0698","282","30.770499900000004","76.1070945","242.601"
"OHE 1237/03","1237/03","1237.1243","281","30.7707681","76.1066179","239.2"
"OHE 1237/04","1237/04","1237.1767","280","30.7710153","76.1061507","243.801"
"OHE 1237/05","1237/05","1237.2331","279","30.7712834","76.10565","246.2"
"OHE 1237/06","1237/06","1237.2792","278","30.771459800000002","76.1052107","242.801"
"OHE 1237/07","1237/07","1237.3207","277","30.7716778","76.1048561","240.2"
"OHE 1237/08","1237/08","1237.3603","276","30.7718598","76.1045006","240.601"
"OHE 1237/09","1237/09","1237.4143","275","30.772125599999995","76.1040264","242"
"OHE 1237/10","1237/10","1237.4724","274","30.7724132","76.1035187","233.7"
"OHE 1237/11","1237/11","1237.5094","273","30.7725613","76.1031708","229"
"OHE 1237/12","1237/12","1237.5576","272","30.7727777","76.1027334","226.5"
"OHE 1237/13","1237/13","1237.6126","271","30.773062199999995","76.1022608","229.101"
"OHE 1237/14","1237/14","1237.6446","270","30.773220999999996","76.101983","217.601"
"OHE 1237/15","1237/15","1237.6878","269","30.7734266","76.1015995","219.101"
"OHE 1237/16","1237/16","1237.7430","268","30.773697099999996","76.1011133","219.9"
"OHE 1237/17","1237/17","1237.7822","267","30.7738755","76.1007609","220.2"
"OHE 1237/18","1237/18","1237.8199","266","30.7740567","76.1004273","219.101"
"OHE 1237/19","1237/19","1237.8713","265","30.7742935","76.0999647","218"
"OHE 1237/20","1237/20","1237.9225","264","30.7745315","76.0995062","219.301"
"OHE 1237/21","1237/21","1237.9787","263","30.7747868","76.0989992","247.101"
"OHE 1238/01","1238/01","1238.0351","262","30.7750491","76.0984933","247.101"
"OHE 1238/02","1238/02","1238.0849","261","30.775302000000003","76.09806240000002","218.601"
"OHE 1238/03","1238/03","1238.1393","260","30.775553300000002","76.0975741","219.9"
"OHE 1238/04","1238/04","1238.1902","259","30.7757779","76.0971104","219.2"
"OHE 1238/05","1238/05","1238.2413","258","30.776036599999998","76.0966684","221.801"
"OHE 1238/06","1238/06","1238.2962","257","30.776297300000003","76.0961811","221.4"
"OHE 1238/07","1238/07","1238.3522","256","30.776554400000002","76.0956769","220.801"
"OHE 1238/08","1238/08","1238.3990","255","30.776769800000004","76.0952559","221.7"
"OHE 1238/09","1238/09","1238.4498","254","30.7769982","76.0947953","219.7"
"OHE 1238/10","1238/10","1238.4939","253","30.777231599999997","76.09442","221.801"
"OHE 1238/11","1238/11","1238.5537","252","30.7774889","76.0938707","218.9"
"OHE 1238/12","1238/12","1238.5971","251","30.777678999999996","76.0934738","221.101"
"OHE 1238/13","1238/13","1238.6311","250","30.777841400000003","76.0931725","220.5"
"OHE 1238/14","1238/14","1238.6695","249","30.778023500000003","76.0928312","219.101"
"OHE 1238/15","1238/15","1238.7128","248","30.778230500000003","76.0924469","222.101"
"OHE 1238/16","1238/16","1238.7762","247","30.7785349","76.09188680000001","221.5"
"OHE 1238/17","1238/17","1238.8272","246","30.778782","76.09143680000001","220.5"
"OHE 1238/18","1238/18","1238.8879","245","30.7790578","76.0908887","221.5"
"OHE 1238/19","1238/19","1238.9430","244","30.7793196","76.0903985","220.7"
"OHE 1238/20","1238/20","1238.9815","243","30.779502499999996","76.0900569","221"
"OHE 1239/01","1239/01","1239.0310","242","30.779743","76.0896218","217.301"
"OHE 1239/02","1239/02","1239.0822","241","30.779991600000002","76.0891701","219.101"
"OHE 1239/03","1239/03","1239.1286","240","30.7802292","76.0887708","221"
"OHE 1239/04","1239/04","1239.1723","239","30.780453200000004","76.0883931","221.101"
"OHE 1239/05","1239/05","1239.2130","238","30.780635500000002","76.0880258","218.601"
"OHE 1239/06","1239/06","1239.2491","237","30.7808129","76.0877085","221.601"
"OHE 1239/07","1239/07","1239.3089","236","30.781098400000005","76.08717929999999","221.4"
"OHE 1239/08","1239/08","1239.3728","235","30.781394","76.0866052","220.5"
"OHE 1239/09","1239/09","1239.4141","234","30.7816095","76.0862518","221.5"
"OHE 1239/10","1239/10","1239.4641","233","30.781813199999995","76.0857831","218.7"
"OHE 1239/11","1239/11","1239.5038","232","30.7820239","76.0854465","221.2"
"OHE 1239/12","1239/12","1239.5431","231","30.782186900000003","76.085081","219.2"
"OHE 1239/13","1239/13","1239.5809","230","30.7823614","76.0847408","218.301"
"OHE 1239/14","1239/14","1239.6170","229","30.7825329","76.0844199","217.2"
"OHE 1239/15","1239/15","1239.6690","228","30.7827802","76.083958","219.2"
"OHE 1239/16","1239/16","1239.7080","227","30.7829972","76.0836357","221.801"
"OHE 1239/17","1239/17","1239.7656","226","30.783237499999995","76.0830997","221.101"
"OHE 1239/18","1239/18","1239.8094","225","30.7834515","76.0827144","219.4"
"OHE 1239/19","1239/19","1239.8676","224","30.7837196","76.0821919","221.7"
"OHE 1239/20","1239/20","1239.9274","223","30.784018","76.0816696","218.801"
"OHE 1239/21","1239/21","1239.9849","222","30.7842807","76.0811511","221.5"
"OHE 1240/01","1240/01","1240.0446","221","30.7845682","76.0806241","220.101"
"OHE 1240/02","1240/02","1240.1030","220","30.784847800000005","76.0801074","220.101"
"OHE 1240/03","1240/03","1240.1608","219","30.785096199999998","76.079575","218.9"
"OHE 1240/04","1240/04","1240.2173","218","30.7853819","76.0790852","219.5"
"OHE 1240/05","1240/05","1240.2742","217","30.785643800000003","76.0785744","219.601"
"OHE 1240/06","1240/06","1240.3321","216","30.785938699999996","76.07807470000002","221.601"
"OHE 1240/07","1240/07","1240.3844","215","30.786154099999997","76.0775851","222.9"
"OHE 1240/08","1240/08","1240.4324","214","30.786376899999997","76.0771546","219.601"
"OHE 1240/09","1240/09","1240.4833","213","30.7866438","76.0767205","216.301"
"OHE 1240/10","1240/10","1240.5295","212","30.786831599999996","76.0762878","218.702"
"OHE 1240/11","1240/11","1240.5741","211","30.787050599999997","76.0758959","219.4"
"OHE 1240/12","1240/12","1240.6210","210","30.787261800000003","76.0754714","216.4"
"OHE 1240/13","1240/13","1240.6846","209","30.787552000000005","76.0748985","218.5"
"OHE 1240/14","1240/14","1240.7316","208","30.7878079","76.0745041","221.601"
"OHE 1240/15","1240/15","1240.7857","207","30.7880496","76.074013","220.202"
"OHE 1240/16","1240/16","1240.8404","206","30.7883091","76.0735261","221.9"
"OHE 1240/17","1240/17","1240.8985","205","30.788569900000002","76.072999","218.202"
"OHE 1240/18","1240/18","1240.9595","204","30.788863100000004","76.0724594","219.9"
"OHE 1241/01","1241/01","1241.0150","203","30.7891285","76.071967","217.801"
"OHE 1241/02","1241/02","1241.0681","202","30.789394300000005","76.0715048","221.702"
"OHE 1241/03","1241/03","1241.1264","201","30.789660299999998","76.07097989999998","219.101"
"OHE 1241/04","1241/04","1241.1816","200","30.789897199999995","76.0704706","219"
"OHE 1241/05","1241/05","1241.2402","199","30.7902044","76.0699706","219.9"
"OHE 1241/06","1241/06","1241.3004","198","30.7904716","76.0694229","221.101"
"OHE 1241/07","1241/07","1241.3581","197","30.7907502","76.0689121","218.202"
"OHE 1241/08","1241/08","1241.4150","196","30.7910109","76.0684008","219.301"
"OHE 1241/09","1241/09","1241.4718","195","30.791283799999995","76.0678978","220"
"OHE 1241/10","1241/10","1241.5285","194","30.791550999999995","76.0673933","219.202"
"OHE 1241/11","1241/11","1241.5823","193","30.7918035","76.0669128","218.202"
"OHE 1241/12","1241/12","1241.6418","192","30.792081300000003","76.0663805","219.4"
"OHE 1241/13","1241/13","1241.6969","191","30.7923501","76.0658966","218.101"
"OHE 1241/14","1241/14","1241.7539","190","30.7926013","76.0653758","218.5"
"OHE 1241/15","1241/15","1241.8160","189","30.792899499999997","76.0648262","219.601"
"OHE 1241/16","1241/16","1241.8647","188","30.793111500000002","76.0643796","216.601"
"OHE 1241/17","1241/17","1241.9082","187","30.7933383","76.0640071","220.4"
"OHE 1241/18","1241/18","1241.9621","186","30.793596200000003","76.0635301","218.9"
"OHE 1242/01","1242/01","1242.0132","185","30.7938398","76.063077","219.4"
"OHE 1242/02","1242/02","1242.0757","184","30.794105999999996","76.0624993","217.702"
"OHE 1242/03","1242/03","1242.1304","183","30.7943712","76.062017","219.4"
"OHE 1242/04","1242/04","1242.1804","182","30.794615599999997","76.0615777","217.702"
"OHE 1242/05","1242/05","1242.2287","181","30.794848300000005","76.0611505","216.601"
"OHE 1242/06","1242/06","1242.2810","180","30.7951031","76.0606902","218.9"
"OHE 1242/07","1242/07","1242.3363","179","30.795353999999996","76.0601906","217.601"
"OHE 1242/08","1242/08","1242.3766","178","30.795558599999996","76.0598412","217.4"
"OHE 1242/09","1242/09","1242.4385","177","30.795830299999995","76.0592764","217.601"
"OHE 1242/10","1242/10","1242.4939","176","30.7961006","76.058789","217.202"
"OHE 1242/11","1242/11","1242.5523","175","30.796383999999996","76.0582743","217.301"
"OHE 1242/12","1242/12","1242.6131","174","30.796662099999995","76.0577264","217.702"
"OHE 1242/13","1242/13","1242.6706","173","30.7969273","76.0572091","217.202"
"OHE 1242/14","1242/14","1242.7168","172","30.797145500000003","76.05679720000002","217"
"OHE 1242/15","1242/15","1242.7792","171","30.7974435","76.05624430000002","219.5"
"OHE 1242/16","1242/16","1242.8349","170","30.797699899999998","76.0557436","217.9"
"OHE 1242/17","1242/17","1242.8942","169","30.7980075","76.055235","217.601"
"OHE 1242/18","1242/18","1242.9522","168","30.7982579","76.054702","217.4"
"OHE 1243/01","1243/01","1243.0117","167","30.7985187","76.0541578","216.4"
"OHE 1243/02","1243/02","1243.0657","166","30.7987799","76.0536815","215.9"
"OHE 1243/03","1243/03","1243.1264","165","30.7990527","76.0531315","219.301"
"OHE 1243/04","1243/04","1243.1724","164","30.799310100000003","76.05275","250.7"
"OHE 1243/05","1243/05","1243.2286","163","30.799579400000002","76.052252","250.7"
"OHE 1243/06","1243/06","1243.2770","162","30.799826900000003","76.0518351","250.7"
"OHE 1243/07","1243/07","1243.3260","161","30.800034400000005","76.0513819","250.7"
"OHE 1243/08","1243/08","1243.3763","160","30.8002809","76.0509407","246.4"
"OHE 1243/09","1243/09","1243.4364","159","30.8005663","76.0504058","246.4"
"OHE 1243/10","1243/10","1243.4973","158","30.80087","76.0498744","250.7"
"OHE 1243/11","1243/11","1243.5498","157","30.801125099999997","76.0494054","246.4"
"OHE 1243/12","1243/12","1243.5999","156","30.801328200000004","76.04893740000001","249.7"
"OHE 1243/13","1243/13","1243.6424","155","30.801506800000002","76.0485439","247.301"
"OHE 1243/14","1243/14","1243.6861","154","30.801730399999997","76.04816610000002","249.7"
"OHE 1243/15","1243/15","1243.7314","153","30.801906999999996","76.04773730000001","249.7"
"OHE 1243/16","1243/16","1243.7812","152","30.8021327","76.0472878","249.7"
"OHE 1243/17","1243/17","1243.8306","151","30.802361899999998","76.0468445","247.5"
"OHE 1243/18","1243/18","1243.8795","150","30.8024845","76.0463381","246.301"
"OHE 1243/19","1243/19","1243.9306","149","30.8027862","76.0459211","250.4"
"OHE 1243/20","1243/20","1243.9824","148","30.803000999999995","76.0454411","246.301"
"OHE 1244/01","1244/01","1244.0358","147","30.803225999999995","76.04494989999999","249.301"
"OHE 1244/02","1244/02","1244.0865","146","30.8034355","76.0444793","249.301"
"OHE 1244/03","1244/03","1244.1378","145","30.8036324","76.0439898","249.301"
"OHE 1244/04","1244/04","1244.1866","144","30.8038546","76.0435487","249.301"
"OHE 1244/05","1244/05","1244.2437","143","30.804146199999998","76.0430553","249.301"
"OHE 1244/06","1244/06","1244.3047","142","30.8044113","76.0424963","250.2"
"OHE 1244/07","1244/07","1244.3570","141","30.8046834","76.0420483","249.301"
"OHE 1244/08","1244/08","1244.4108","140","30.804949200000003","76.0415775","249.301"
"OHE 1244/09","1244/09","1244.4641","139","30.805145","76.0410632","249.301"
"OHE 1244/10","1244/10","1244.5204","138","30.805442799999998","76.0405847","249.301"
"OHE 1244/11","1244/11","1244.5737","137","30.8056811","76.040101","244.5"
"OHE 1244/12","1244/12","1244.6315","136","30.805958999999998","76.0395896","247.301"
"OHE 1244/13","1244/13","1244.6795","135","30.806220100000004","76.0391861","247.101"
"OHE 1244/14","1244/14","1244.7311","134","30.8064266","76.0387003","244.5"
"OHE 1244/15","1244/15","1244.7811","133","30.8066593","76.0382523","244.5"
"OHE 1244/16","1244/16","1244.8213","132","30.8068761","76.0379135","244.5"
"OHE 1244/17","1244/17","1244.8594","131","30.8070237","76.037551","219.5"
"OHE 1244/18","1244/18","1244.9013","130","30.807250500000002","76.0371998","217.4"
"OHE 1244/19","1244/19","1244.9569","129","30.8074694","76.0366721","219.4"
"OHE 1244/20","1244/20","1245.0002","128","30.807706499999995","76.0363111","217.101"
"OHE 1245/01","1245/01","1245.0534","127","30.807950000000005","76.03583240000002","220.101"
"OHE 1245/02","1245/02","1245.1115","126","30.808246300000004","76.0353311","217.101"
"OHE 1245/03","1245/03","1245.1623","125","30.8084811","76.0348748","221.101"
"OHE 1245/04","1245/04","1245.2110","124","30.808724199999997","76.03445029999999","218.301"
"OHE 1245/05","1245/05","1245.2580","123","30.8089437","76.0340295","218"
"OHE 1245/06","1245/06","1245.3105","122","30.8091927","76.03356319999999","218.702"
"OHE 1245/07","1245/07","1245.3627","121","30.809474799999997","76.0331243","216.4"
"OHE 1245/08","1245/08","1245.4172","120","30.8097521","76.0326547","216.601"
"OHE 1245/09","1245/09","1245.4719","119","30.8100236","76.0321767","248.101"
"OHE 1245/10","1245/10","1245.5258","118","30.810288500000002","76.031704","248.101"
"OHE 1245/11","1245/11","1245.5807","117","30.810568699999997","76.0312311","215.4"
"OHE 1245/12","1245/12","1245.6303","116","30.810814400000005","76.030798","213.4"
"OHE 1245/13","1245/13","1245.6770","115","30.811033599999995","76.0303805","215.801"
"OHE 1245/14","1245/14","1245.7262","114","30.8112652","76.0299422","209.301"
"OHE 1245/15","1245/15","1245.7731","113","30.811500299999995","76.0295354","212.702"
"OHE 1245/16","1245/16","1245.8312","112","30.811766200000005","76.02901","215.101"
"OHE 1245/17","1245/17","1245.8779","111","30.811987900000002","76.0285965","214.702"
"OHE 1245/18","1245/18","1245.9316","110","30.812226699999997","76.0281067","213.601"
"OHE 1245/19","1245/19","1245.9836","109","30.812486400000004","76.0276542","216.9"
"OHE 1246/01","1246/01","1246.0420","108","30.812763000000004","76.0271326","215.101"
"OHE 1246/02","1246/02","1246.0992","107","30.813039699999997","76.0266282","214.5"
"OHE 1246/03","1246/03","1246.1564","106","30.813291400000004","76.026106","211.702"
"OHE 1246/04","1246/04","1246.2162","105","30.813575","76.0255751","213.5"
"OHE 1246/05","1246/05","1246.2762","104","30.813866799999996","76.0250457","213.9"
"OHE 1246/06","1246/06","1246.3314","103","30.814117899999996","76.0245468","214.5"
"OHE 1246/07","1246/07","1246.3787","102","30.814326100000002","76.024115","212.4"
"OHE 1246/08","1246/08","1246.4393","101","30.814628700000004","76.0235872","213.801"
"OHE 1246/09","1246/09","1246.4929","100","30.8148839","76.02311059999998","215.4"
"OHE 1246/10","1246/10","1246.5572","99","30.815152199999996","76.022514","213.5"
"OHE 1246/11","1246/11","1246.6157","98","30.8154602","76.0220148","209.301"
"OHE 1246/12","1246/12","1246.6763","97","30.815747900000005","76.0214761","208.801"
"OHE 1246/13","1246/13","1246.7273","96","30.815969699999997","76.0210081","212.9"
"OHE 1246/14","1246/14","1246.7809","95","30.816259100000003","76.0205567","260.8"
"OHE 1246/15","1246/15","1246.8384","94","30.816487199999997","76.0200132","245.9"
"OHE 1246/16","1246/16","1246.9007","93","30.816795899999995","76.0194691","245.9"
"OHE 1246/17","1246/17","1246.9594","92","30.817079799999995","76.0189512","211.301"
"OHE 1247/01","1247/01","1247.0147","91","30.817334200000005","76.0184529","207.101"
"OHE 1247/02","1247/02","1247.0684","90","30.817597099999997","76.0179821","208.801"
"OHE 1247/03","1247/03","1247.1284","89","30.817867999999997","76.0174387","209.601"
"OHE 1247/04","1247/04","1247.1826","88","30.8181324","76.0169614","209.101"
"OHE 1247/05","1247/05","1247.2410","87","30.818408100000003","76.0164415","210.301"
"OHE 1247/06","1247/06","1247.2978","86","30.818666100000005","76.01592839999999","209.101"
"OHE 1247/07","1247/07","1247.3587","85","30.818952599999996","76.0153847","211.9"
"OHE 1247/08","1247/08","1247.4163","84","30.819226099999998","76.0148736","213.301"
"OHE 1247/09","1247/09","1247.4728","83","30.819470700000004","76.0143528","213.801"
"OHE 1247/10","1247/10","1247.5263","82","30.8197284","76.0138814","214.4"
"OHE 1247/11","1247/11","1247.5782","81","30.819974899999995","76.0134195","244.801"
"OHE 1247/12","1247/12","1247.6367","80","30.8202458","76.01289389999998","245.9"
"OHE 1247/13","1247/13","1247.6958","79","30.820505000000004","76.0123547","245.9"
"OHE 1247/14","1247/14","1247.7528","78","30.8207678","76.0118413","245.9"
"OHE 1247/15","1247/15","1247.8124","77","30.821046000000003","76.0113079","244.801"
"OHE 1247/16","1247/16","1247.8714","76","30.821332999999996","76.0107896","245.9"
"OHE 1247/17","1247/17","1247.9291","75","30.8215923","76.0102656","245.9"
"OHE 1247/18","1247/18","1247.9840","74","30.8218499","76.0097748","245.9"
"OHE 1248/01","1248/01","1248.0424","73","30.8221433","76.0092683","247.2"
"OHE 1248/02","1248/02","1248.1015","72","30.822408600000003","76.0087313","245.9"
"OHE 1248/03","1248/03","1248.1595","71","30.8226936","76.0082225","244.801"
"OHE 1248/04","1248/04","1248.2158","70","30.8229479","76.0077135","244.801"
"OHE 1248/05","1248/05","1248.2734","69","30.823234899999996","76.0072102","241.4"
"OHE 1248/06","1248/06","1248.3281","68","30.823485199999997","76.006718","244.801"
"OHE 1248/07","1248/07","1248.3787","67","30.8237127","76.0062588","244.801"
"OHE 1248/08","1248/08","1248.4308","66","30.823965600000005","76.0057989","241.4"
"OHE 1248/09","1248/09","1248.4793","65","30.824209199999995","76.0053779","241.4"
"OHE 1248/10","1248/10","1248.5348","64","30.824482699999997","76.0048914","241.4"
"OHE 1248/11","1248/11","1248.5851","63","30.824700399999998","76.0044299","241.4"
"OHE 1248/12","1248/12","1248.6278","62","30.824907900000003","76.0040539","211.301"
"OHE 1248/13","1248/13","1248.6879","61","30.8251813","76.0035102","208.9"
"OHE 1248/14","1248/14","1248.7350","60","30.825408999999997","76.0030943","210.702"
"OHE 1248/15","1248/15","1248.7834","59","30.8256257","76.00265599999999","212.4"
"OHE 1248/16","1248/16","1248.8436","58","30.8259186","76.0021249","212"
"OHE 1248/17","1248/17","1248.9012","57","30.826200200000002","76.0016182","213.9"
"OHE 1248/18","1248/18","1248.9608","56","30.826480999999998","76.0010874","215.101"
"OHE 1249/01","1249/01","1249.0203","55","30.826731600000002","76.0005355","212.702"
"OHE 1249/02","1249/02","1249.0659","54","30.8269833","76.0001554","211.4"
"OHE 1249/03","1249/03","1249.1220","53","30.8272277","75.9996401","212.101"
"OHE 1249/04","1249/04","1249.1791","52","30.827511399999995","75.9991413","208.301"
"OHE 1249/05","1249/05","1249.2423","51","30.827786300000003","75.9985618","211"
"OHE 1249/06","1249/06","1249.3042","50","30.828078399999995","75.9980107","212.101"
"OHE 1249/07","1249/07","1249.3522","49","30.828300399999996","75.99757960000001","206.9"
"OHE 1249/08","1249/08","1249.4146","48","30.8285851","75.9970171","206.101"
"OHE 1249/09","1249/09","1249.4708","47","30.828860899999995","75.9965241","210.9"
"OHE 1249/10","1249/10","1249.5269","46","30.8291167","75.99601749999998","208"
"OHE 1249/11","1249/11","1249.5867","45","30.8294164","75.9954963","209.101"
"OHE 1249/12","1249/12","1249.6357","44","30.829632399999998","75.9950492","208.301"
"OHE 1249/13","1249/13","1249.6861","43","30.829874299999997","75.9946034","208.2"